timestamp,session_id,user_id,country,platform,content_title,views,watch_time_minutes,revenue,buffering_ratio,startup_time_ms,bitrate_kbps,error_code
2026-01-01 00:00:00,s0,u1429,Tunisia,Web,Series B,1,72,0.74,0.48,8656,5439,
2026-01-01 00:01:00,s1,u2197,Morocco,Smart TV,Movie C,1,55,1.35,0.17,5647,3323,STARTUP_TIMEOUT
2026-01-01 00:02:00,s2,u1004,Morocco,iOS,Kids Show,1,42,0.15,0.17,9016,563,CDN_ERROR
2026-01-01 00:03:00,s3,u1383,Senegal,Android TV,Sport Live,1,25,1.06,0.46,5194,2255,
2026-01-01 00:04:00,s4,u460,Morocco,iOS,Documentary D,1,64,0.74,0.24,6858,2841,
2026-01-01 00:05:00,s5,u2238,Senegal,Smart TV,Documentary D,1,82,0.16,0.52,1001,721,AUTH_ERROR
2026-01-01 00:06:00,s6,u1021,Morocco,iOS,Sport Live,1,34,0.55,0.48,9639,1557,
2026-01-01 00:07:00,s7,u2413,Tunisia,Smart TV,Kids Show,1,56,0.33,0.25,2884,961,STARTUP_TIMEOUT
2026-01-01 00:08:00,s8,u461,Tunisia,STB,Movie C,1,85,0.68,0.54,3002,937,
2026-01-01 00:09:00,s9,u1567,Morocco,STB,Documentary D,1,88,1.49,0.15,2061,4440,CDN_ERROR
2026-01-01 00:10:00,s10,u530,Tunisia,STB,Movie C,1,65,1.34,0.16,11985,794,CDN_ERROR
2026-01-01 00:11:00,s11,u1024,Cameroon,Android TV,Series B,1,10,0.07,0.2,6977,1335,
2026-01-01 00:12:00,s12,u743,Senegal,iOS,Series A,1,87,0.77,0.39,2484,3201,BUFFERING_ERROR
2026-01-01 00:13:00,s13,u273,Morocco,Web,Movie C,1,68,0.25,0.14,11669,2166,
2026-01-01 00:14:00,s14,u770,Cameroon,Android TV,Sport Live,1,7,0.27,0.03,7371,3268,CDN_ERROR
2026-01-01 00:15:00,s15,u2363,Ivory Coast,Web,Documentary D,1,63,0.29,0.24,7354,5353,AUTH_ERROR
2026-01-01 00:16:00,s16,u1229,Morocco,Web,Movie C,1,69,1.13,0.05,8648,678,
2026-01-01 00:17:00,s17,u2049,Senegal,Web,Sport Live,1,36,0.09,0.04,9984,1912,
2026-01-01 00:18:00,s18,u1172,Senegal,Smart TV,Documentary D,1,36,0.38,0.33,6196,1896,
2026-01-01 00:19:00,s19,u1324,Senegal,Mobile,Series A,1,59,0.91,0.43,2338,4651,
2026-01-01 00:20:00,s20,u178,France,Smart TV,Movie C,1,66,0.88,0.37,9857,1644,BUFFERING_ERROR
2026-01-01 00:21:00,s21,u293,Tunisia,Smart TV,Movie C,1,23,1.33,0.01,4011,5443,AUTH_ERROR
2026-01-01 00:22:00,s22,u88,Senegal,Mobile,Series B,1,39,0.29,0.14,5811,4827,CDN_ERROR
2026-01-01 00:23:00,s23,u1299,Senegal,STB,Sport Live,1,2,1.07,0.53,9599,3362,LOW_BITRATE
2026-01-01 00:24:00,s24,u1231,Senegal,Smart TV,Series A,1,85,0.76,0.45,4946,1999,AUTH_ERROR
2026-01-01 00:25:00,s25,u617,Ivory Coast,Web,Series B,1,69,0.11,0.13,2316,4920,
2026-01-01 00:26:00,s26,u1289,Morocco,iOS,Sport Live,1,14,0.35,0.37,641,2506,LOW_BITRATE
2026-01-01 00:27:00,s27,u847,Morocco,Smart TV,Series B,1,15,1.29,0.44,1407,481,AUTH_ERROR
2026-01-01 00:28:00,s28,u2088,France,Android TV,Documentary D,1,62,1.25,0.25,1092,5095,AUTH_ERROR
2026-01-01 00:29:00,s29,u1404,Ivory Coast,iOS,Series B,1,41,0.17,0.16,6213,5641,BUFFERING_ERROR
2026-01-01 00:30:00,s30,u2168,France,Web,Documentary D,1,48,0.97,0.04,7718,4308,AUTH_ERROR
2026-01-01 00:31:00,s31,u1557,Tunisia,iOS,Movie C,1,49,0.15,0.41,7831,4972,
2026-01-01 00:32:00,s32,u2247,France,Android TV,Series A,1,13,1.1,0.19,11464,2099,
2026-01-01 00:33:00,s33,u1892,Senegal,Android TV,Documentary D,1,3,1.35,0.49,11444,2588,BUFFERING_ERROR
2026-01-01 00:34:00,s34,u1648,Cameroon,iOS,Series B,1,63,0.88,0.27,6091,2268,
2026-01-01 00:35:00,s35,u552,Tunisia,iOS,Sport Live,1,35,0.1,0.38,6291,4535,CDN_ERROR
2026-01-01 00:36:00,s36,u1061,Cameroon,Mobile,Movie C,1,46,0.76,0.44,3317,4786,AUTH_ERROR
2026-01-01 00:37:00,s37,u605,Tunisia,Android TV,Movie C,1,15,0.6,0.24,5338,1856,AUTH_ERROR
2026-01-01 00:38:00,s38,u795,Tunisia,Mobile,Movie C,1,38,0.62,0.37,3107,2381,
2026-01-01 00:39:00,s39,u184,Senegal,Web,Series A,1,81,0.47,0.44,5504,3505,BUFFERING_ERROR
2026-01-01 00:40:00,s40,u1359,Tunisia,iOS,Kids Show,1,38,1.28,0.29,7533,5091,BUFFERING_ERROR
2026-01-01 00:41:00,s41,u1488,Cameroon,Mobile,Movie C,1,85,0.57,0.23,2996,2708,
2026-01-01 00:42:00,s42,u1991,Cameroon,iOS,Series A,1,10,1.35,0.3,1534,5428,BUFFERING_ERROR
2026-01-01 00:43:00,s43,u776,Senegal,Web,Series B,1,86,0.12,0.51,2587,4912,
2026-01-01 00:44:00,s44,u457,Cameroon,Android TV,Series A,1,1,0.44,0.04,9160,3172,
2026-01-01 00:45:00,s45,u1089,Morocco,Smart TV,Movie C,1,4,0.72,0.3,4687,671,
2026-01-01 00:46:00,s46,u2479,Tunisia,Mobile,Series A,1,88,1.19,0.27,4414,2627,STARTUP_TIMEOUT
2026-01-01 00:47:00,s47,u2289,Morocco,Android TV,Series A,1,12,1.44,0.33,5894,2507,
2026-01-01 00:48:00,s48,u2149,Morocco,iOS,Sport Live,1,14,1.4,0.41,8160,2760,
2026-01-01 00:49:00,s49,u2211,Ivory Coast,STB,Series B,1,8,1.13,0.23,3015,3954,
2026-01-01 00:50:00,s50,u874,Ivory Coast,iOS,Series B,1,77,1.03,0.04,11873,1895,AUTH_ERROR
2026-01-01 00:51:00,s51,u785,Cameroon,iOS,Documentary D,1,47,0.7,0.12,4405,5071,
2026-01-01 00:52:00,s52,u2250,Tunisia,STB,Sport Live,1,90,0.9,0.14,6415,3543,LOW_BITRATE
2026-01-01 00:53:00,s53,u2169,Tunisia,Mobile,Movie C,1,17,0.28,0.48,7687,579,CDN_ERROR
2026-01-01 00:54:00,s54,u1213,Cameroon,Web,Series A,1,42,0.79,0.26,1964,3210,AUTH_ERROR
2026-01-01 00:55:00,s55,u1505,Ivory Coast,iOS,Series B,1,69,0.19,0.28,7248,3114,
2026-01-01 00:56:00,s56,u2290,France,Smart TV,Series B,1,26,0.99,0.07,2833,4114,STARTUP_TIMEOUT
2026-01-01 00:57:00,s57,u158,Cameroon,Android TV,Documentary D,1,86,0.05,0.01,8628,1226,
2026-01-01 00:58:00,s58,u428,Tunisia,iOS,Documentary D,1,90,0.43,0.25,3340,4523,STARTUP_TIMEOUT
2026-01-01 00:59:00,s59,u2120,Senegal,STB,Series A,1,33,0.26,0.17,11490,3080,BUFFERING_ERROR
2026-01-01 01:00:00,s60,u1676,Senegal,Web,Series B,1,5,1.44,0.45,11162,2082,BUFFERING_ERROR
2026-01-01 01:01:00,s61,u129,Morocco,iOS,Series A,1,68,1.0,0.21,10509,3862,LOW_BITRATE
2026-01-01 01:02:00,s62,u1725,Senegal,Android TV,Movie C,1,3,0.66,0.02,10746,3189,AUTH_ERROR
2026-01-01 01:03:00,s63,u116,Ivory Coast,iOS,Kids Show,1,58,0.13,0.48,4493,3149,STARTUP_TIMEOUT
2026-01-01 01:04:00,s64,u724,Senegal,Mobile,Sport Live,1,19,0.42,0.02,11637,418,BUFFERING_ERROR
2026-01-01 01:05:00,s65,u1376,Ivory Coast,Smart TV,Sport Live,1,88,0.59,0.25,10297,716,LOW_BITRATE
2026-01-01 01:06:00,s66,u1654,Tunisia,Web,Series A,1,75,1.12,0.04,7828,2048,LOW_BITRATE
2026-01-01 01:07:00,s67,u1721,Morocco,Android TV,Series B,1,16,1.45,0.44,3169,5788,BUFFERING_ERROR
2026-01-01 01:08:00,s68,u1429,Cameroon,iOS,Kids Show,1,11,1.04,0.05,10077,2263,LOW_BITRATE
2026-01-01 01:09:00,s69,u716,Ivory Coast,Mobile,Series B,1,9,0.88,0.04,7663,5875,
2026-01-01 01:10:00,s70,u565,France,Mobile,Series A,1,89,0.92,0.36,4536,3997,BUFFERING_ERROR
2026-01-01 01:11:00,s71,u2349,Ivory Coast,Web,Documentary D,1,64,0.12,0.49,10866,3151,BUFFERING_ERROR
2026-01-01 01:12:00,s72,u1930,Senegal,Smart TV,Documentary D,1,74,1.12,0.42,6696,3375,AUTH_ERROR
2026-01-01 01:13:00,s73,u1312,Cameroon,Android TV,Series B,1,81,0.36,0.49,7493,2842,LOW_BITRATE
2026-01-01 01:14:00,s74,u2420,Morocco,Mobile,Series A,1,52,0.16,0.12,6138,4491,
2026-01-01 01:15:00,s75,u1052,Cameroon,Android TV,Series A,1,86,0.26,0.14,10359,3985,LOW_BITRATE
2026-01-01 01:16:00,s76,u2280,Ivory Coast,Smart TV,Sport Live,1,4,0.64,0.43,10250,3931,LOW_BITRATE
2026-01-01 01:17:00,s77,u585,Cameroon,Android TV,Series A,1,45,0.25,0.29,4487,4731,CDN_ERROR
2026-01-01 01:18:00,s78,u1343,Cameroon,STB,Series B,1,9,0.74,0.52,9838,4831,AUTH_ERROR
2026-01-01 01:19:00,s79,u1044,Ivory Coast,Android TV,Kids Show,1,85,0.44,0.5,8112,3438,
2026-01-01 01:20:00,s80,u2260,Morocco,Web,Series A,1,69,1.37,0.16,3879,2886,
2026-01-01 01:21:00,s81,u1750,France,Smart TV,Kids Show,1,77,0.99,0.29,7590,1111,CDN_ERROR
2026-01-01 01:22:00,s82,u1119,Ivory Coast,Mobile,Kids Show,1,89,1.37,0.21,4357,5119,BUFFERING_ERROR
2026-01-01 01:23:00,s83,u2192,Tunisia,Web,Series A,1,50,0.57,0.43,3872,1328,
2026-01-01 01:24:00,s84,u212,Morocco,iOS,Kids Show,1,1,0.67,0.25,6743,5943,LOW_BITRATE
2026-01-01 01:25:00,s85,u920,Cameroon,iOS,Sport Live,1,8,1.31,0.52,2698,3953,CDN_ERROR
2026-01-01 01:26:00,s86,u300,Senegal,STB,Kids Show,1,35,0.64,0.03,1727,3167,
2026-01-01 01:27:00,s87,u18,Morocco,Mobile,Series A,1,21,0.87,0.48,6214,2477,
2026-01-01 01:28:00,s88,u1886,Tunisia,Web,Series A,1,42,1.07,0.44,11640,2307,
2026-01-01 01:29:00,s89,u27,France,Smart TV,Series A,1,28,0.03,0.22,11115,2621,
2026-01-01 01:30:00,s90,u724,Cameroon,Android TV,Documentary D,1,34,1.35,0.53,11345,5179,
2026-01-01 01:31:00,s91,u1238,Morocco,Mobile,Movie C,1,16,1.29,0.29,906,4346,CDN_ERROR
2026-01-01 01:32:00,s92,u1252,Cameroon,STB,Series A,1,40,0.59,0.31,8337,2928,STARTUP_TIMEOUT
2026-01-01 01:33:00,s93,u897,Ivory Coast,STB,Series B,1,29,0.34,0.53,10305,3181,
2026-01-01 01:34:00,s94,u1223,Senegal,STB,Series A,1,38,0.18,0.23,10616,5507,LOW_BITRATE
2026-01-01 01:35:00,s95,u1682,Cameroon,Mobile,Series B,1,46,0.03,0.13,3930,1443,STARTUP_TIMEOUT
2026-01-01 01:36:00,s96,u264,Cameroon,Mobile,Series A,1,18,0.46,0.45,3025,5632,
2026-01-01 01:37:00,s97,u2113,France,Android TV,Series B,1,3,0.95,0.44,10877,4692,CDN_ERROR
2026-01-01 01:38:00,s98,u1635,Ivory Coast,Web,Kids Show,1,74,0.56,0.3,10164,4997,
2026-01-01 01:39:00,s99,u450,Morocco,Smart TV,Kids Show,1,14,0.91,0.24,4345,1390,AUTH_ERROR
2026-01-01 01:40:00,s100,u472,Tunisia,Android TV,Series A,1,82,1.08,0.36,1694,2083,AUTH_ERROR
2026-01-01 01:41:00,s101,u629,Cameroon,Mobile,Series A,1,25,0.51,0.47,3051,5913,
2026-01-01 01:42:00,s102,u857,Senegal,STB,Documentary D,1,41,0.41,0.16,7208,1323,
2026-01-01 01:43:00,s103,u570,Morocco,Smart TV,Kids Show,1,33,0.11,0.38,4109,5654,
2026-01-01 01:44:00,s104,u2201,Cameroon,STB,Series B,1,19,0.91,0.2,6059,3205,
2026-01-01 01:45:00,s105,u186,France,Web,Sport Live,1,62,1.23,0.45,5531,2340,
2026-01-01 01:46:00,s106,u1683,Morocco,iOS,Series A,1,52,1.38,0.16,2487,4725,CDN_ERROR
2026-01-01 01:47:00,s107,u1041,Cameroon,Web,Movie C,1,74,0.04,0.41,2689,4520,
2026-01-01 01:48:00,s108,u2196,Cameroon,Android TV,Series B,1,9,0.38,0.36,5924,5819,AUTH_ERROR
2026-01-01 01:49:00,s109,u2342,Morocco,iOS,Sport Live,1,56,1.31,0.03,4926,2727,STARTUP_TIMEOUT
2026-01-01 01:50:00,s110,u1995,Tunisia,Smart TV,Documentary D,1,27,0.24,0.08,2684,2708,LOW_BITRATE
2026-01-01 01:51:00,s111,u2315,Ivory Coast,iOS,Sport Live,1,26,0.58,0.31,6632,3703,AUTH_ERROR
2026-01-01 01:52:00,s112,u460,Ivory Coast,Smart TV,Documentary D,1,48,0.92,0.06,4164,1555,CDN_ERROR
2026-01-01 01:53:00,s113,u1367,Tunisia,iOS,Kids Show,1,16,0.35,0.46,4686,849,AUTH_ERROR
2026-01-01 01:54:00,s114,u2243,Ivory Coast,Web,Sport Live,1,22,0.11,0.25,5863,4785,
2026-01-01 01:55:00,s115,u1203,Morocco,Smart TV,Series B,1,76,0.21,0.48,2431,2354,STARTUP_TIMEOUT
2026-01-01 01:56:00,s116,u509,Tunisia,Android TV,Sport Live,1,80,1.25,0.29,530,752,BUFFERING_ERROR
2026-01-01 01:57:00,s117,u2422,France,iOS,Sport Live,1,65,1.3,0.13,10164,4856,BUFFERING_ERROR
2026-01-01 01:58:00,s118,u2148,Tunisia,Android TV,Movie C,1,2,0.7,0.4,1378,780,STARTUP_TIMEOUT
2026-01-01 01:59:00,s119,u1452,Senegal,STB,Documentary D,1,18,1.08,0.12,5703,3670,STARTUP_TIMEOUT
2026-01-01 02:00:00,s120,u1200,Morocco,STB,Kids Show,1,3,1.38,0.4,1341,664,AUTH_ERROR
2026-01-01 02:01:00,s121,u1101,Morocco,STB,Documentary D,1,47,1.15,0.42,4729,4530,CDN_ERROR
2026-01-01 02:02:00,s122,u77,France,Smart TV,Series A,1,4,0.08,0.26,11714,5987,AUTH_ERROR
2026-01-01 02:03:00,s123,u2061,Tunisia,Smart TV,Sport Live,1,3,1.37,0.4,3143,1740,CDN_ERROR
2026-01-01 02:04:00,s124,u2044,Ivory Coast,Web,Movie C,1,48,1.49,0.14,4071,5478,AUTH_ERROR
2026-01-01 02:05:00,s125,u2450,Morocco,Android TV,Movie C,1,52,1.12,0.46,1255,4884,BUFFERING_ERROR
2026-01-01 02:06:00,s126,u1883,Senegal,STB,Kids Show,1,28,0.41,0.13,5185,3752,LOW_BITRATE
2026-01-01 02:07:00,s127,u387,Tunisia,iOS,Documentary D,1,44,0.56,0.29,4612,4555,
2026-01-01 02:08:00,s128,u275,Tunisia,Smart TV,Documentary D,1,15,0.44,0.47,3814,2999,
2026-01-01 02:09:00,s129,u399,Cameroon,Smart TV,Kids Show,1,53,0.18,0.12,3783,2278,
2026-01-01 02:10:00,s130,u2201,France,Android TV,Series B,1,41,1.16,0.16,8753,1913,BUFFERING_ERROR
2026-01-01 02:11:00,s131,u369,Senegal,Mobile,Movie C,1,35,1.21,0.09,8532,3235,CDN_ERROR
2026-01-01 02:12:00,s132,u2047,Morocco,Web,Kids Show,1,54,0.42,0.17,3476,4168,
2026-01-01 02:13:00,s133,u880,Senegal,Mobile,Series A,1,52,1.18,0.18,4467,2422,STARTUP_TIMEOUT
2026-01-01 02:14:00,s134,u1123,Cameroon,iOS,Sport Live,1,76,1.36,0.4,3941,3710,LOW_BITRATE
2026-01-01 02:15:00,s135,u420,Senegal,Web,Sport Live,1,52,1.26,0.43,6844,2877,
2026-01-01 02:16:00,s136,u1868,Morocco,iOS,Documentary D,1,4,0.84,0.36,1539,5235,BUFFERING_ERROR
2026-01-01 02:17:00,s137,u30,Morocco,Web,Series A,1,51,1.0,0.38,8180,3133,
2026-01-01 02:18:00,s138,u1259,Tunisia,Mobile,Sport Live,1,21,0.63,0.34,1932,1058,LOW_BITRATE
2026-01-01 02:19:00,s139,u774,Ivory Coast,Smart TV,Documentary D,1,90,1.23,0.33,3322,4037,LOW_BITRATE
2026-01-01 02:20:00,s140,u2215,France,Mobile,Series B,1,90,0.91,0.24,3027,987,
2026-01-01 02:21:00,s141,u2466,Tunisia,Web,Kids Show,1,10,0.74,0.1,6750,1342,BUFFERING_ERROR
2026-01-01 02:22:00,s142,u285,Tunisia,Web,Series B,1,76,1.31,0.13,4564,5569,AUTH_ERROR
2026-01-01 02:23:00,s143,u2238,Senegal,Mobile,Documentary D,1,63,0.4,0.45,4300,3724,
2026-01-01 02:24:00,s144,u2441,Tunisia,Android TV,Documentary D,1,24,0.61,0.51,3292,850,
2026-01-01 02:25:00,s145,u1652,Cameroon,iOS,Series A,1,49,1.15,0.27,4657,2705,CDN_ERROR
2026-01-01 02:26:00,s146,u853,France,Web,Series A,1,28,0.2,0.44,7697,3799,
2026-01-01 02:27:00,s147,u2169,Morocco,Mobile,Series A,1,76,0.81,0.26,1084,4576,
2026-01-01 02:28:00,s148,u236,Ivory Coast,STB,Kids Show,1,68,0.47,0.17,9445,1863,LOW_BITRATE
2026-01-01 02:29:00,s149,u1258,Ivory Coast,Mobile,Movie C,1,77,0.86,0.54,3903,3292,
2026-01-01 02:30:00,s150,u157,Ivory Coast,Mobile,Sport Live,1,75,0.9,0.22,11483,915,BUFFERING_ERROR
2026-01-01 02:31:00,s151,u2222,Senegal,STB,Kids Show,1,60,0.58,0.32,11810,4809,AUTH_ERROR
2026-01-01 02:32:00,s152,u1753,France,Mobile,Documentary D,1,44,1.05,0.2,9727,4732,
2026-01-01 02:33:00,s153,u573,Cameroon,STB,Documentary D,1,46,0.33,0.51,8783,1135,BUFFERING_ERROR
2026-01-01 02:34:00,s154,u1120,Tunisia,Web,Series B,1,53,1.0,0.11,6971,2481,CDN_ERROR
2026-01-01 02:35:00,s155,u910,Ivory Coast,Android TV,Kids Show,1,25,1.21,0.32,10628,5124,AUTH_ERROR
2026-01-01 02:36:00,s156,u125,France,Web,Sport Live,1,17,0.39,0.06,6148,2617,AUTH_ERROR
2026-01-01 02:37:00,s157,u545,Senegal,iOS,Movie C,1,59,0.02,0.41,10613,5614,AUTH_ERROR
2026-01-01 02:38:00,s158,u465,Tunisia,Smart TV,Sport Live,1,76,1.45,0.26,4312,2369,
2026-01-01 02:39:00,s159,u1616,Cameroon,Mobile,Series B,1,61,0.88,0.2,11154,632,BUFFERING_ERROR
2026-01-01 02:40:00,s160,u2088,Ivory Coast,Web,Documentary D,1,83,0.04,0.53,832,1381,
2026-01-01 02:41:00,s161,u1379,Senegal,Mobile,Series B,1,24,1.5,0.52,11866,5483,STARTUP_TIMEOUT
2026-01-01 02:42:00,s162,u2494,France,Android TV,Kids Show,1,52,0.78,0.04,9504,2282,AUTH_ERROR
2026-01-01 02:43:00,s163,u1531,France,Mobile,Movie C,1,25,0.42,0.09,10349,1711,
2026-01-01 02:44:00,s164,u121,France,Web,Series A,1,64,0.8,0.2,3855,3229,BUFFERING_ERROR
2026-01-01 02:45:00,s165,u1450,Tunisia,Web,Documentary D,1,85,1.09,0.41,6543,2105,
2026-01-01 02:46:00,s166,u1574,Senegal,iOS,Sport Live,1,46,0.46,0.18,8090,406,CDN_ERROR
2026-01-01 02:47:00,s167,u519,Senegal,Mobile,Series A,1,89,0.21,0.53,2818,1621,AUTH_ERROR
2026-01-01 02:48:00,s168,u2387,Cameroon,Android TV,Movie C,1,59,0.11,0.3,11603,4131,
2026-01-01 02:49:00,s169,u225,France,Web,Movie C,1,82,0.79,0.54,5724,3154,
2026-01-01 02:50:00,s170,u866,Tunisia,Web,Series B,1,68,0.78,0.05,3241,4830,
2026-01-01 02:51:00,s171,u734,Ivory Coast,Smart TV,Kids Show,1,80,0.17,0.05,5676,2148,CDN_ERROR
2026-01-01 02:52:00,s172,u672,Morocco,STB,Documentary D,1,23,1.32,0.49,6317,1478,
2026-01-01 02:53:00,s173,u906,Senegal,Mobile,Sport Live,1,28,0.31,0.31,11828,430,
2026-01-01 02:54:00,s174,u844,Senegal,iOS,Movie C,1,39,0.52,0.08,2829,3216,BUFFERING_ERROR
2026-01-01 02:55:00,s175,u150,Senegal,Smart TV,Documentary D,1,56,1.2,0.22,11144,1525,BUFFERING_ERROR
2026-01-01 02:56:00,s176,u1662,Morocco,Smart TV,Sport Live,1,44,1.29,0.04,7768,2912,
2026-01-01 02:57:00,s177,u2197,France,Android TV,Sport Live,1,79,0.94,0.27,6790,1114,CDN_ERROR
2026-01-01 02:58:00,s178,u2349,France,Mobile,Movie C,1,36,1.19,0.49,11001,2151,LOW_BITRATE
2026-01-01 02:59:00,s179,u412,Tunisia,Smart TV,Documentary D,1,47,0.78,0.01,3470,1691,LOW_BITRATE
2026-01-01 03:00:00,s180,u1979,Ivory Coast,Mobile,Documentary D,1,53,0.52,0.22,1803,2202,LOW_BITRATE
2026-01-01 03:01:00,s181,u498,France,STB,Movie C,1,48,0.83,0.17,10823,5010,STARTUP_TIMEOUT
2026-01-01 03:02:00,s182,u477,France,iOS,Documentary D,1,1,0.09,0.18,5924,2327,
2026-01-01 03:03:00,s183,u1802,Tunisia,Web,Sport Live,1,14,1.03,0.43,3879,5850,
2026-01-01 03:04:00,s184,u1299,Tunisia,Web,Series A,1,2,0.99,0.27,7399,5205,
2026-01-01 03:05:00,s185,u893,Morocco,STB,Sport Live,1,30,0.87,0.35,1689,4206,BUFFERING_ERROR
2026-01-01 03:06:00,s186,u1294,Morocco,Android TV,Series A,1,60,0.19,0.39,8783,5276,
2026-01-01 03:07:00,s187,u2152,Morocco,Mobile,Movie C,1,43,0.32,0.55,5711,5203,
2026-01-01 03:08:00,s188,u784,Morocco,Mobile,Sport Live,1,46,0.47,0.49,9415,5294,LOW_BITRATE
2026-01-01 03:09:00,s189,u2130,France,iOS,Sport Live,1,62,1.45,0.22,3752,902,
2026-01-01 03:10:00,s190,u227,Ivory Coast,STB,Kids Show,1,82,0.66,0.09,11781,5112,LOW_BITRATE
2026-01-01 03:11:00,s191,u1071,Ivory Coast,Android TV,Sport Live,1,17,0.57,0.03,7302,4671,
2026-01-01 03:12:00,s192,u593,Tunisia,iOS,Series B,1,86,0.92,0.44,5996,5289,AUTH_ERROR
2026-01-01 03:13:00,s193,u1335,France,Smart TV,Sport Live,1,41,1.19,0.16,5921,5251,CDN_ERROR
2026-01-01 03:14:00,s194,u430,Senegal,Smart TV,Series A,1,11,0.61,0.44,10481,2411,AUTH_ERROR
2026-01-01 03:15:00,s195,u1033,Cameroon,Smart TV,Series B,1,71,1.2,0.09,10687,4718,LOW_BITRATE
2026-01-01 03:16:00,s196,u1180,France,Mobile,Sport Live,1,19,0.73,0.18,6203,5280,AUTH_ERROR
2026-01-01 03:17:00,s197,u1208,Tunisia,Web,Movie C,1,42,0.86,0.23,10282,3273,STARTUP_TIMEOUT
2026-01-01 03:18:00,s198,u2115,Senegal,Android TV,Sport Live,1,48,1.31,0.31,5409,3264,LOW_BITRATE
2026-01-01 03:19:00,s199,u806,Senegal,Android TV,Series A,1,39,0.83,0.23,1556,3509,CDN_ERROR
2026-01-01 03:20:00,s200,u1934,Senegal,Web,Series B,1,71,1.31,0.22,8148,2998,BUFFERING_ERROR
2026-01-01 03:21:00,s201,u2003,Morocco,iOS,Series B,1,67,0.84,0.02,10057,4396,AUTH_ERROR
2026-01-01 03:22:00,s202,u85,Morocco,STB,Movie C,1,26,0.21,0.26,4524,3096,STARTUP_TIMEOUT
2026-01-01 03:23:00,s203,u1762,Tunisia,Mobile,Documentary D,1,72,0.47,0.07,11424,3542,CDN_ERROR
2026-01-01 03:24:00,s204,u1482,Tunisia,Android TV,Sport Live,1,84,1.17,0.32,11904,5234,BUFFERING_ERROR
2026-01-01 03:25:00,s205,u462,Ivory Coast,Mobile,Series A,1,23,1.07,0.22,11719,704,
2026-01-01 03:26:00,s206,u934,Ivory Coast,Web,Movie C,1,41,0.17,0.34,7267,2207,
2026-01-01 03:27:00,s207,u1334,Morocco,Smart TV,Kids Show,1,34,0.62,0.51,11366,5239,
2026-01-01 03:28:00,s208,u448,Tunisia,iOS,Sport Live,1,15,0.15,0.55,5360,531,LOW_BITRATE
2026-01-01 03:29:00,s209,u1561,Morocco,iOS,Documentary D,1,13,1.19,0.28,5573,4449,CDN_ERROR
2026-01-01 03:30:00,s210,u894,Cameroon,STB,Series B,1,40,0.42,0.17,7944,2432,LOW_BITRATE
2026-01-01 03:31:00,s211,u560,Morocco,iOS,Series A,1,66,0.53,0.31,1591,1723,
2026-01-01 03:32:00,s212,u705,Senegal,iOS,Series A,1,72,0.89,0.39,11280,1122,BUFFERING_ERROR
2026-01-01 03:33:00,s213,u2331,Cameroon,Web,Series A,1,71,0.53,0.39,11595,4974,AUTH_ERROR
2026-01-01 03:34:00,s214,u1236,Senegal,STB,Series A,1,33,0.73,0.01,9886,1706,BUFFERING_ERROR
2026-01-01 03:35:00,s215,u2126,France,Mobile,Documentary D,1,68,0.75,0.42,10482,4495,CDN_ERROR
2026-01-01 03:36:00,s216,u26,Cameroon,Smart TV,Sport Live,1,48,1.05,0.54,8736,1252,
2026-01-01 03:37:00,s217,u303,Senegal,Mobile,Movie C,1,87,0.32,0.35,11280,3749,AUTH_ERROR
2026-01-01 03:38:00,s218,u996,France,Mobile,Series B,1,45,0.31,0.06,1421,3621,
2026-01-01 03:39:00,s219,u249,Cameroon,Android TV,Series A,1,65,0.91,0.17,5519,3328,
2026-01-01 03:40:00,s220,u74,France,Mobile,Series B,1,70,0.51,0.39,3043,3059,LOW_BITRATE
2026-01-01 03:41:00,s221,u1665,Tunisia,iOS,Kids Show,1,7,0.16,0.36,2021,2115,BUFFERING_ERROR
2026-01-01 03:42:00,s222,u870,Cameroon,Web,Sport Live,1,21,0.06,0.19,6038,5424,BUFFERING_ERROR
2026-01-01 03:43:00,s223,u580,Morocco,Mobile,Series A,1,20,0.67,0.5,11217,5147,
2026-01-01 03:44:00,s224,u1215,Morocco,Web,Kids Show,1,69,1.16,0.35,11617,1910,BUFFERING_ERROR
2026-01-01 03:45:00,s225,u874,Senegal,Web,Kids Show,1,86,0.56,0.36,3232,1703,BUFFERING_ERROR
2026-01-01 03:46:00,s226,u2209,Senegal,STB,Kids Show,1,66,1.39,0.03,7873,3560,
2026-01-01 03:47:00,s227,u98,Senegal,Web,Sport Live,1,18,0.96,0.29,4684,5714,
2026-01-01 03:48:00,s228,u584,Tunisia,STB,Kids Show,1,85,0.29,0.23,8011,3041,STARTUP_TIMEOUT
2026-01-01 03:49:00,s229,u1480,France,Smart TV,Series A,1,20,0.67,0.28,10743,601,STARTUP_TIMEOUT
2026-01-01 03:50:00,s230,u635,France,STB,Series A,1,60,0.47,0.36,11666,474,
2026-01-01 03:51:00,s231,u1745,Cameroon,Android TV,Movie C,1,88,1.13,0.3,3119,4599,AUTH_ERROR
2026-01-01 03:52:00,s232,u1403,Senegal,Web,Series B,1,4,1.11,0.31,1685,4494,STARTUP_TIMEOUT
2026-01-01 03:53:00,s233,u2228,Tunisia,Smart TV,Series B,1,24,0.76,0.26,5240,5812,
2026-01-01 03:54:00,s234,u44,Senegal,Android TV,Sport Live,1,83,0.83,0.18,6366,5154,
2026-01-01 03:55:00,s235,u1946,France,Smart TV,Series A,1,12,1.07,0.47,7009,4145,LOW_BITRATE
2026-01-01 03:56:00,s236,u1787,Morocco,STB,Sport Live,1,27,0.02,0.04,7782,2979,STARTUP_TIMEOUT
2026-01-01 03:57:00,s237,u2388,Senegal,Mobile,Sport Live,1,88,1.2,0.06,4066,4952,
2026-01-01 03:58:00,s238,u653,France,STB,Documentary D,1,68,0.61,0.49,1468,515,
2026-01-01 03:59:00,s239,u159,Tunisia,Mobile,Documentary D,1,47,0.31,0.25,11070,1493,CDN_ERROR
2026-01-01 04:00:00,s240,u1660,France,iOS,Kids Show,1,14,0.09,0.1,5041,5054,
2026-01-01 04:01:00,s241,u417,Ivory Coast,Android TV,Documentary D,1,67,0.96,0.09,4356,5144,AUTH_ERROR
2026-01-01 04:02:00,s242,u2477,Ivory Coast,Android TV,Movie C,1,37,0.9,0.35,3458,4742,CDN_ERROR
2026-01-01 04:03:00,s243,u2232,Senegal,iOS,Series B,1,60,0.25,0.33,910,4343,
2026-01-01 04:04:00,s244,u689,Ivory Coast,Mobile,Series A,1,24,1.46,0.16,3933,3338,STARTUP_TIMEOUT
2026-01-01 04:05:00,s245,u558,Senegal,iOS,Movie C,1,15,0.61,0.03,9819,3777,
2026-01-01 04:06:00,s246,u1638,Cameroon,Mobile,Movie C,1,65,0.96,0.2,8974,1502,AUTH_ERROR
2026-01-01 04:07:00,s247,u1516,France,iOS,Kids Show,1,11,1.29,0.45,11708,3976,AUTH_ERROR
2026-01-01 04:08:00,s248,u352,Morocco,STB,Kids Show,1,28,0.95,0.47,7806,748,
2026-01-01 04:09:00,s249,u54,Ivory Coast,Mobile,Series B,1,37,0.44,0.39,3010,1012,AUTH_ERROR
2026-01-01 04:10:00,s250,u592,Tunisia,Web,Movie C,1,69,1.01,0.39,3086,2828,
2026-01-01 04:11:00,s251,u6,Tunisia,Web,Movie C,1,61,0.72,0.07,1169,3218,
2026-01-01 04:12:00,s252,u779,Morocco,Android TV,Movie C,1,73,0.33,0.31,10749,2905,
2026-01-01 04:13:00,s253,u2413,Ivory Coast,Android TV,Kids Show,1,49,0.42,0.2,2468,1623,
2026-01-01 04:14:00,s254,u1202,France,Smart TV,Kids Show,1,4,1.26,0.02,8976,2732,STARTUP_TIMEOUT
2026-01-01 04:15:00,s255,u520,Senegal,Android TV,Series A,1,69,0.12,0.05,5315,1245,CDN_ERROR
2026-01-01 04:16:00,s256,u428,Senegal,Android TV,Movie C,1,81,0.49,0.26,2020,2687,CDN_ERROR
2026-01-01 04:17:00,s257,u645,France,Smart TV,Movie C,1,73,0.65,0.25,8179,1128,CDN_ERROR
2026-01-01 04:18:00,s258,u593,France,Smart TV,Movie C,1,5,1.2,0.42,5473,3059,STARTUP_TIMEOUT
2026-01-01 04:19:00,s259,u321,Morocco,iOS,Series B,1,64,0.14,0.52,811,988,AUTH_ERROR
2026-01-01 04:20:00,s260,u1455,Tunisia,Mobile,Sport Live,1,84,0.92,0.45,6303,2055,
2026-01-01 04:21:00,s261,u1408,Tunisia,Android TV,Sport Live,1,24,0.9,0.36,7033,4495,BUFFERING_ERROR
2026-01-01 04:22:00,s262,u2374,Cameroon,Mobile,Series A,1,60,1.18,0.25,11998,4622,
2026-01-01 04:23:00,s263,u1407,Tunisia,Mobile,Movie C,1,90,1.04,0.29,10823,5107,AUTH_ERROR
2026-01-01 04:24:00,s264,u1082,Ivory Coast,iOS,Sport Live,1,66,0.04,0.32,9946,2660,BUFFERING_ERROR
2026-01-01 04:25:00,s265,u1778,Morocco,Android TV,Series B,1,20,0.65,0.29,10899,2234,
2026-01-01 04:26:00,s266,u1775,Ivory Coast,iOS,Kids Show,1,7,0.18,0.49,9621,4110,
2026-01-01 04:27:00,s267,u1114,France,Android TV,Movie C,1,27,1.28,0.47,6017,3726,
2026-01-01 04:28:00,s268,u1897,France,Web,Movie C,1,59,1.43,0.37,521,1534,
2026-01-01 04:29:00,s269,u1806,Senegal,STB,Series B,1,52,0.37,0.43,955,4083,
2026-01-01 04:30:00,s270,u2342,Senegal,Smart TV,Movie C,1,21,0.1,0.48,4857,5189,STARTUP_TIMEOUT
2026-01-01 04:31:00,s271,u2006,Cameroon,STB,Series B,1,28,0.1,0.51,10465,2596,
2026-01-01 04:32:00,s272,u2118,Ivory Coast,STB,Sport Live,1,45,0.95,0.13,2357,4613,
2026-01-01 04:33:00,s273,u1803,Cameroon,Mobile,Series A,1,70,0.19,0.01,6246,4241,AUTH_ERROR
2026-01-01 04:34:00,s274,u83,Morocco,Web,Sport Live,1,16,1.22,0.2,10825,2347,AUTH_ERROR
2026-01-01 04:35:00,s275,u792,Senegal,Web,Documentary D,1,85,0.79,0.37,6346,2953,BUFFERING_ERROR
2026-01-01 04:36:00,s276,u1765,Cameroon,Android TV,Sport Live,1,30,0.04,0.5,7820,2071,
2026-01-01 04:37:00,s277,u2105,Senegal,STB,Series B,1,42,1.39,0.07,2123,5757,AUTH_ERROR
2026-01-01 04:38:00,s278,u278,Senegal,Mobile,Series B,1,85,0.83,0.07,1275,608,STARTUP_TIMEOUT
2026-01-01 04:39:00,s279,u296,Ivory Coast,iOS,Movie C,1,24,1.25,0.28,8831,885,
2026-01-01 04:40:00,s280,u1022,Tunisia,Web,Series A,1,53,0.04,0.22,11298,4784,CDN_ERROR
2026-01-01 04:41:00,s281,u60,Tunisia,Smart TV,Kids Show,1,69,0.88,0.24,2134,3703,LOW_BITRATE
2026-01-01 04:42:00,s282,u2258,Morocco,Mobile,Documentary D,1,27,0.86,0.48,5274,1316,BUFFERING_ERROR
2026-01-01 04:43:00,s283,u1251,Cameroon,Mobile,Series B,1,35,0.08,0.14,4524,4885,LOW_BITRATE
2026-01-01 04:44:00,s284,u2050,France,iOS,Sport Live,1,37,1.03,0.36,5894,2554,AUTH_ERROR
2026-01-01 04:45:00,s285,u1069,Ivory Coast,Web,Series B,1,71,1.22,0.21,6299,884,
2026-01-01 04:46:00,s286,u573,France,Smart TV,Movie C,1,14,1.28,0.37,9153,2501,CDN_ERROR
2026-01-01 04:47:00,s287,u759,Tunisia,Web,Series B,1,8,1.5,0.44,11055,4904,
2026-01-01 04:48:00,s288,u1284,Senegal,Smart TV,Series B,1,62,1.12,0.37,2114,2164,CDN_ERROR
2026-01-01 04:49:00,s289,u277,Senegal,Web,Documentary D,1,65,1.24,0.06,11343,3866,LOW_BITRATE
2026-01-01 04:50:00,s290,u382,Morocco,Smart TV,Documentary D,1,69,0.47,0.23,4725,579,CDN_ERROR
2026-01-01 04:51:00,s291,u1430,Cameroon,iOS,Series A,1,72,1.07,0.46,2128,5040,LOW_BITRATE
2026-01-01 04:52:00,s292,u2144,Senegal,Android TV,Sport Live,1,90,1.44,0.05,5985,3087,AUTH_ERROR
2026-01-01 04:53:00,s293,u1785,Ivory Coast,Android TV,Series B,1,82,0.61,0.15,5760,786,BUFFERING_ERROR
2026-01-01 04:54:00,s294,u378,France,Smart TV,Series A,1,41,0.27,0.17,1282,4373,
2026-01-01 04:55:00,s295,u1362,France,Mobile,Movie C,1,33,0.83,0.45,1445,2877,BUFFERING_ERROR
2026-01-01 04:56:00,s296,u691,Cameroon,Smart TV,Series A,1,15,0.61,0.27,7697,5865,STARTUP_TIMEOUT
2026-01-01 04:57:00,s297,u1759,Senegal,Mobile,Movie C,1,50,1.49,0.45,711,837,AUTH_ERROR
2026-01-01 04:58:00,s298,u1949,Ivory Coast,STB,Documentary D,1,12,0.83,0.33,4140,2205,
2026-01-01 04:59:00,s299,u112,Tunisia,Mobile,Sport Live,1,23,0.78,0.2,11895,5644,LOW_BITRATE
2026-01-01 05:00:00,s300,u1948,France,Android TV,Documentary D,1,40,0.89,0.36,11858,1539,CDN_ERROR
2026-01-01 05:01:00,s301,u716,Ivory Coast,Mobile,Movie C,1,43,0.96,0.13,9527,3714,AUTH_ERROR
2026-01-01 05:02:00,s302,u1881,France,Mobile,Series B,1,33,0.76,0.31,1579,5028,CDN_ERROR
2026-01-01 05:03:00,s303,u2080,Tunisia,STB,Kids Show,1,42,0.59,0.21,11576,5244,BUFFERING_ERROR
2026-01-01 05:04:00,s304,u921,Senegal,STB,Sport Live,1,12,0.7,0.02,9506,5024,LOW_BITRATE
2026-01-01 05:05:00,s305,u1198,France,Smart TV,Documentary D,1,90,0.32,0.36,7228,1891,
2026-01-01 05:06:00,s306,u1720,Morocco,iOS,Kids Show,1,23,0.97,0.19,8322,4789,LOW_BITRATE
2026-01-01 05:07:00,s307,u2185,Morocco,Web,Movie C,1,63,1.24,0.19,2214,3460,
2026-01-01 05:08:00,s308,u533,France,STB,Sport Live,1,49,0.72,0.41,3898,2003,
2026-01-01 05:09:00,s309,u1656,Cameroon,Android TV,Movie C,1,74,1.03,0.1,4593,2842,CDN_ERROR
2026-01-01 05:10:00,s310,u2240,France,STB,Movie C,1,69,0.17,0.4,10970,1948,STARTUP_TIMEOUT
2026-01-01 05:11:00,s311,u15,Ivory Coast,iOS,Documentary D,1,32,1.04,0.49,10529,5083,BUFFERING_ERROR
2026-01-01 05:12:00,s312,u1651,Ivory Coast,STB,Kids Show,1,82,1.21,0.45,8926,2732,AUTH_ERROR
2026-01-01 05:13:00,s313,u1789,France,Android TV,Series A,1,90,0.15,0.41,4044,3871,STARTUP_TIMEOUT
2026-01-01 05:14:00,s314,u16,Tunisia,Web,Series B,1,12,0.37,0.15,3884,5164,CDN_ERROR
2026-01-01 05:15:00,s315,u1072,France,iOS,Documentary D,1,21,0.39,0.43,3119,2016,CDN_ERROR
2026-01-01 05:16:00,s316,u2469,Cameroon,Web,Sport Live,1,87,1.38,0.34,7166,3229,BUFFERING_ERROR
2026-01-01 05:17:00,s317,u997,Senegal,Smart TV,Documentary D,1,89,1.15,0.02,8260,2909,AUTH_ERROR
2026-01-01 05:18:00,s318,u756,Senegal,Android TV,Sport Live,1,7,1.2,0.27,2261,5389,
2026-01-01 05:19:00,s319,u1091,Ivory Coast,Web,Series B,1,36,0.4,0.41,4083,722,AUTH_ERROR
2026-01-01 05:20:00,s320,u1998,France,iOS,Kids Show,1,1,1.22,0.3,4725,1347,CDN_ERROR
2026-01-01 05:21:00,s321,u1710,Senegal,Android TV,Kids Show,1,29,0.59,0.08,4204,1613,
2026-01-01 05:22:00,s322,u1412,France,iOS,Movie C,1,34,1.36,0.03,9821,705,STARTUP_TIMEOUT
2026-01-01 05:23:00,s323,u1282,Cameroon,iOS,Sport Live,1,63,1.28,0.39,3595,2299,
2026-01-01 05:24:00,s324,u824,Cameroon,iOS,Series A,1,9,1.33,0.41,3340,2005,BUFFERING_ERROR
2026-01-01 05:25:00,s325,u973,Cameroon,iOS,Movie C,1,58,0.11,0.23,5919,906,STARTUP_TIMEOUT
2026-01-01 05:26:00,s326,u2324,Tunisia,Android TV,Sport Live,1,40,1.09,0.28,3416,3494,LOW_BITRATE
2026-01-01 05:27:00,s327,u1955,Morocco,iOS,Kids Show,1,81,1.21,0.34,10223,1072,AUTH_ERROR
2026-01-01 05:28:00,s328,u2487,France,STB,Documentary D,1,47,0.64,0.2,11350,4346,
2026-01-01 05:29:00,s329,u1634,Tunisia,Web,Sport Live,1,61,0.77,0.54,11074,814,
2026-01-01 05:30:00,s330,u842,Cameroon,iOS,Kids Show,1,20,0.13,0.51,2760,5378,CDN_ERROR
2026-01-01 05:31:00,s331,u2385,Tunisia,Smart TV,Movie C,1,1,0.22,0.37,3031,3698,LOW_BITRATE
2026-01-01 05:32:00,s332,u620,Morocco,Smart TV,Kids Show,1,80,1.45,0.13,874,5629,LOW_BITRATE
2026-01-01 05:33:00,s333,u2010,Cameroon,Mobile,Series B,1,75,0.31,0.08,3328,901,
2026-01-01 05:34:00,s334,u1065,Tunisia,iOS,Movie C,1,74,1.36,0.13,1876,5399,CDN_ERROR
2026-01-01 05:35:00,s335,u2484,Cameroon,STB,Sport Live,1,28,0.63,0.07,3006,4445,
2026-01-01 05:36:00,s336,u492,Tunisia,iOS,Series A,1,65,0.16,0.39,6661,4903,
2026-01-01 05:37:00,s337,u2291,Morocco,STB,Kids Show,1,73,0.07,0.24,2822,3616,CDN_ERROR
2026-01-01 05:38:00,s338,u1253,Morocco,STB,Kids Show,1,47,1.31,0.33,5476,5321,
2026-01-01 05:39:00,s339,u1153,Senegal,Mobile,Movie C,1,28,0.68,0.38,4804,2228,BUFFERING_ERROR
2026-01-01 05:40:00,s340,u673,France,Android TV,Documentary D,1,78,0.49,0.36,4763,5195,
2026-01-01 05:41:00,s341,u1813,Ivory Coast,iOS,Kids Show,1,79,0.96,0.1,7276,5592,
2026-01-01 05:42:00,s342,u1231,France,Web,Movie C,1,49,0.61,0.27,7068,622,
2026-01-01 05:43:00,s343,u2472,Morocco,iOS,Movie C,1,14,1.1,0.39,2417,3286,CDN_ERROR
2026-01-01 05:44:00,s344,u1422,Morocco,Android TV,Series B,1,13,0.89,0.46,584,3847,
2026-01-01 05:45:00,s345,u970,Tunisia,iOS,Movie C,1,21,0.51,0.33,2433,2839,CDN_ERROR
2026-01-01 05:46:00,s346,u2247,Senegal,Android TV,Sport Live,1,60,0.57,0.25,5278,4373,BUFFERING_ERROR
2026-01-01 05:47:00,s347,u1967,Senegal,Mobile,Movie C,1,54,0.37,0.35,2549,4817,LOW_BITRATE
2026-01-01 05:48:00,s348,u1319,Ivory Coast,Android TV,Kids Show,1,80,1.29,0.15,8711,4591,AUTH_ERROR
2026-01-01 05:49:00,s349,u1098,Ivory Coast,iOS,Series B,1,29,0.92,0.1,3142,451,
2026-01-01 05:50:00,s350,u1084,Senegal,Smart TV,Series B,1,35,0.43,0.48,5741,1813,LOW_BITRATE
2026-01-01 05:51:00,s351,u231,Tunisia,iOS,Documentary D,1,80,1.34,0.21,4653,4433,AUTH_ERROR
2026-01-01 05:52:00,s352,u195,Senegal,Web,Sport Live,1,17,0.88,0.35,8118,2053,STARTUP_TIMEOUT
2026-01-01 05:53:00,s353,u927,France,Web,Series B,1,2,1.47,0.31,7927,4280,BUFFERING_ERROR
2026-01-01 05:54:00,s354,u2332,Tunisia,Android TV,Movie C,1,62,0.69,0.45,5524,5515,
2026-01-01 05:55:00,s355,u770,Senegal,Mobile,Kids Show,1,17,1.4,0.52,4681,5258,LOW_BITRATE
2026-01-01 05:56:00,s356,u1527,Cameroon,iOS,Documentary D,1,9,0.46,0.46,11006,4038,STARTUP_TIMEOUT
2026-01-01 05:57:00,s357,u1138,Morocco,Web,Sport Live,1,42,1.32,0.45,4447,1243,LOW_BITRATE
2026-01-01 05:58:00,s358,u2304,Cameroon,Smart TV,Movie C,1,47,0.55,0.52,7462,5961,AUTH_ERROR
2026-01-01 05:59:00,s359,u1182,Ivory Coast,STB,Sport Live,1,29,0.68,0.48,3312,4450,
2026-01-01 06:00:00,s360,u247,France,Android TV,Sport Live,1,45,0.41,0.19,2251,4438,
2026-01-01 06:01:00,s361,u714,Ivory Coast,STB,Series A,1,78,0.62,0.15,3584,1590,BUFFERING_ERROR
2026-01-01 06:02:00,s362,u1795,Ivory Coast,STB,Movie C,1,64,0.72,0.12,8321,4079,CDN_ERROR
2026-01-01 06:03:00,s363,u825,Senegal,STB,Series A,1,64,1.33,0.27,5023,2965,
2026-01-01 06:04:00,s364,u2018,Senegal,iOS,Documentary D,1,13,0.45,0.52,8446,2198,
2026-01-01 06:05:00,s365,u1706,Senegal,STB,Kids Show,1,42,1.46,0.28,9702,2623,
2026-01-01 06:06:00,s366,u1474,Ivory Coast,Mobile,Movie C,1,64,1.46,0.35,11230,4183,
2026-01-01 06:07:00,s367,u2430,Senegal,Mobile,Documentary D,1,63,1.13,0.1,8366,2747,AUTH_ERROR
2026-01-01 06:08:00,s368,u131,Senegal,Mobile,Series A,1,28,0.53,0.36,5074,937,
2026-01-01 06:09:00,s369,u131,Ivory Coast,Web,Documentary D,1,54,0.4,0.35,9064,439,BUFFERING_ERROR
2026-01-01 06:10:00,s370,u1894,Tunisia,iOS,Documentary D,1,24,0.96,0.26,7189,3249,
2026-01-01 06:11:00,s371,u839,Morocco,iOS,Sport Live,1,85,0.04,0.38,513,4263,STARTUP_TIMEOUT
2026-01-01 06:12:00,s372,u1968,Morocco,iOS,Documentary D,1,23,0.86,0.24,9942,3863,STARTUP_TIMEOUT
2026-01-01 06:13:00,s373,u1518,Senegal,Mobile,Series B,1,65,0.2,0.42,8424,1604,STARTUP_TIMEOUT
2026-01-01 06:14:00,s374,u245,Morocco,Smart TV,Documentary D,1,70,0.91,0.3,2428,1719,CDN_ERROR
2026-01-01 06:15:00,s375,u1368,Ivory Coast,Web,Series A,1,85,0.37,0.23,644,2914,
2026-01-01 06:16:00,s376,u2043,Ivory Coast,STB,Kids Show,1,47,1.19,0.29,4469,4582,BUFFERING_ERROR
2026-01-01 06:17:00,s377,u2438,Tunisia,Smart TV,Series A,1,70,0.01,0.34,697,3439,STARTUP_TIMEOUT
2026-01-01 06:18:00,s378,u1697,Ivory Coast,Smart TV,Documentary D,1,63,1.23,0.14,4676,2904,CDN_ERROR
2026-01-01 06:19:00,s379,u833,Tunisia,iOS,Sport Live,1,38,0.83,0.09,5507,1439,
2026-01-01 06:20:00,s380,u1063,Ivory Coast,STB,Sport Live,1,46,0.36,0.52,6975,2228,
2026-01-01 06:21:00,s381,u542,Cameroon,Mobile,Documentary D,1,4,0.4,0.24,11151,5787,STARTUP_TIMEOUT
2026-01-01 06:22:00,s382,u1118,Morocco,Android TV,Series B,1,77,1.45,0.43,11212,5976,
2026-01-01 06:23:00,s383,u349,Morocco,iOS,Sport Live,1,25,1.13,0.39,2082,1895,
2026-01-01 06:24:00,s384,u1785,Cameroon,Web,Sport Live,1,11,0.72,0.5,5168,2722,CDN_ERROR
2026-01-01 06:25:00,s385,u1899,Senegal,Mobile,Documentary D,1,59,0.54,0.44,10700,5009,STARTUP_TIMEOUT
2026-01-01 06:26:00,s386,u846,Tunisia,Mobile,Movie C,1,27,0.84,0.43,4645,4582,BUFFERING_ERROR
2026-01-01 06:27:00,s387,u15,France,Web,Movie C,1,65,0.21,0.5,8944,3849,STARTUP_TIMEOUT
2026-01-01 06:28:00,s388,u716,Morocco,iOS,Movie C,1,87,0.19,0.21,8157,1592,AUTH_ERROR
2026-01-01 06:29:00,s389,u100,Cameroon,Mobile,Kids Show,1,29,0.66,0.47,1486,4815,BUFFERING_ERROR
2026-01-01 06:30:00,s390,u7,Cameroon,iOS,Kids Show,1,9,0.17,0.08,1224,528,
2026-01-01 06:31:00,s391,u219,Cameroon,iOS,Series A,1,63,0.88,0.42,9953,1431,AUTH_ERROR
2026-01-01 06:32:00,s392,u824,France,Android TV,Sport Live,1,19,0.35,0.55,9429,1079,STARTUP_TIMEOUT
2026-01-01 06:33:00,s393,u828,Ivory Coast,STB,Sport Live,1,18,1.46,0.05,7437,4998,BUFFERING_ERROR
2026-01-01 06:34:00,s394,u235,France,Smart TV,Series A,1,79,1.0,0.4,4423,3978,LOW_BITRATE
2026-01-01 06:35:00,s395,u1063,Ivory Coast,Smart TV,Series B,1,69,1.19,0.36,10515,5658,
2026-01-01 06:36:00,s396,u1902,Senegal,STB,Movie C,1,35,0.86,0.48,6480,5880,
2026-01-01 06:37:00,s397,u2189,Tunisia,iOS,Series B,1,20,0.52,0.24,3884,4423,BUFFERING_ERROR
2026-01-01 06:38:00,s398,u200,Senegal,Smart TV,Movie C,1,38,1.02,0.49,4555,5750,CDN_ERROR
2026-01-01 06:39:00,s399,u2447,Cameroon,Smart TV,Documentary D,1,16,0.19,0.22,714,1468,
2026-01-01 06:40:00,s400,u132,Senegal,iOS,Kids Show,1,53,0.54,0.1,6275,5175,AUTH_ERROR
2026-01-01 06:41:00,s401,u2051,Morocco,Smart TV,Movie C,1,40,0.96,0.33,4251,3447,BUFFERING_ERROR
2026-01-01 06:42:00,s402,u2314,Tunisia,STB,Documentary D,1,38,0.32,0.31,4473,4232,AUTH_ERROR
2026-01-01 06:43:00,s403,u1105,Senegal,iOS,Movie C,1,65,1.38,0.26,9406,3938,STARTUP_TIMEOUT
2026-01-01 06:44:00,s404,u354,Morocco,Smart TV,Movie C,1,58,0.16,0.28,688,1135,BUFFERING_ERROR
2026-01-01 06:45:00,s405,u462,Ivory Coast,iOS,Sport Live,1,70,1.25,0.32,4364,3948,AUTH_ERROR
2026-01-01 06:46:00,s406,u1594,Morocco,Web,Sport Live,1,35,1.15,0.32,10975,842,
2026-01-01 06:47:00,s407,u654,Cameroon,Web,Movie C,1,66,0.48,0.38,9240,1249,CDN_ERROR
2026-01-01 06:48:00,s408,u1105,Senegal,Android TV,Series B,1,24,0.38,0.46,7941,5246,STARTUP_TIMEOUT
2026-01-01 06:49:00,s409,u1066,France,Android TV,Movie C,1,38,0.72,0.17,3776,788,
2026-01-01 06:50:00,s410,u2373,France,Smart TV,Kids Show,1,81,1.2,0.4,1819,4749,STARTUP_TIMEOUT
2026-01-01 06:51:00,s411,u2095,Tunisia,Mobile,Documentary D,1,15,0.17,0.31,2675,4725,
2026-01-01 06:52:00,s412,u554,Cameroon,Mobile,Sport Live,1,86,0.77,0.5,11889,5545,
2026-01-01 06:53:00,s413,u1440,Cameroon,Web,Kids Show,1,62,0.86,0.5,7891,1395,
2026-01-01 06:54:00,s414,u1367,Tunisia,Mobile,Movie C,1,49,0.27,0.49,10652,4046,CDN_ERROR
2026-01-01 06:55:00,s415,u1077,Tunisia,STB,Documentary D,1,4,1.47,0.26,6434,5112,STARTUP_TIMEOUT
2026-01-01 06:56:00,s416,u636,Morocco,iOS,Documentary D,1,31,1.02,0.2,2391,2359,BUFFERING_ERROR
2026-01-01 06:57:00,s417,u1010,Senegal,Mobile,Documentary D,1,14,0.27,0.37,9090,5647,
2026-01-01 06:58:00,s418,u380,France,Android TV,Movie C,1,12,0.08,0.2,1516,5592,CDN_ERROR
2026-01-01 06:59:00,s419,u1720,Senegal,STB,Series A,1,20,0.84,0.36,9595,1956,BUFFERING_ERROR
2026-01-01 07:00:00,s420,u1451,Cameroon,iOS,Documentary D,1,71,1.19,0.49,7991,2053,
2026-01-01 07:01:00,s421,u800,Ivory Coast,STB,Documentary D,1,75,1.46,0.02,3268,1705,LOW_BITRATE
2026-01-01 07:02:00,s422,u2396,Tunisia,Web,Movie C,1,23,1.47,0.19,8871,3150,
2026-01-01 07:03:00,s423,u113,Ivory Coast,Mobile,Series A,1,63,1.2,0.23,8832,4303,CDN_ERROR
2026-01-01 07:04:00,s424,u1716,Ivory Coast,iOS,Sport Live,1,26,0.23,0.15,2791,1200,STARTUP_TIMEOUT
2026-01-01 07:05:00,s425,u411,Ivory Coast,Web,Movie C,1,9,0.28,0.04,1114,3711,LOW_BITRATE
2026-01-01 07:06:00,s426,u920,Ivory Coast,Mobile,Movie C,1,80,1.18,0.23,5330,5287,
2026-01-01 07:07:00,s427,u1821,Tunisia,STB,Movie C,1,35,1.25,0.13,7102,856,CDN_ERROR
2026-01-01 07:08:00,s428,u627,Morocco,STB,Sport Live,1,66,0.1,0.07,4879,5435,CDN_ERROR
2026-01-01 07:09:00,s429,u1267,Morocco,Web,Documentary D,1,41,0.34,0.3,7451,5115,CDN_ERROR
2026-01-01 07:10:00,s430,u2065,Ivory Coast,Android TV,Series A,1,80,0.22,0.52,10386,4730,LOW_BITRATE
2026-01-01 07:11:00,s431,u532,Senegal,Android TV,Series A,1,77,1.13,0.08,3456,4409,
2026-01-01 07:12:00,s432,u457,Tunisia,Mobile,Sport Live,1,3,1.38,0.32,4487,2822,STARTUP_TIMEOUT
2026-01-01 07:13:00,s433,u611,Tunisia,Web,Sport Live,1,46,1.04,0.29,5393,4541,STARTUP_TIMEOUT
2026-01-01 07:14:00,s434,u1134,Cameroon,Android TV,Sport Live,1,55,1.02,0.21,7609,3525,
2026-01-01 07:15:00,s435,u2284,France,Mobile,Kids Show,1,71,0.94,0.26,7141,4840,
2026-01-01 07:16:00,s436,u1910,France,STB,Series A,1,20,0.11,0.5,4161,5844,
2026-01-01 07:17:00,s437,u888,Ivory Coast,Web,Documentary D,1,7,1.25,0.16,4403,3160,
2026-01-01 07:18:00,s438,u1573,Senegal,Mobile,Series A,1,78,0.59,0.23,9157,5279,CDN_ERROR
2026-01-01 07:19:00,s439,u757,Senegal,Smart TV,Movie C,1,9,1.19,0.42,4960,5653,LOW_BITRATE
2026-01-01 07:20:00,s440,u1036,Cameroon,Mobile,Movie C,1,56,0.91,0.49,11757,4408,LOW_BITRATE
2026-01-01 07:21:00,s441,u1565,Tunisia,iOS,Series A,1,44,1.06,0.25,1641,2223,AUTH_ERROR
2026-01-01 07:22:00,s442,u1965,Cameroon,STB,Sport Live,1,6,0.29,0.42,8092,3715,
2026-01-01 07:23:00,s443,u1580,Cameroon,STB,Series B,1,44,1.48,0.23,3780,5157,CDN_ERROR
2026-01-01 07:24:00,s444,u1087,Tunisia,Mobile,Kids Show,1,8,0.91,0.14,2708,2291,BUFFERING_ERROR
2026-01-01 07:25:00,s445,u1734,Senegal,Web,Kids Show,1,31,0.57,0.28,3018,4536,CDN_ERROR
2026-01-01 07:26:00,s446,u1759,Tunisia,Android TV,Documentary D,1,66,0.25,0.21,8259,4623,AUTH_ERROR
2026-01-01 07:27:00,s447,u381,Cameroon,Web,Series A,1,6,0.53,0.09,2840,5908,
2026-01-01 07:28:00,s448,u1369,Morocco,Android TV,Kids Show,1,13,1.26,0.29,7322,2771,AUTH_ERROR
2026-01-01 07:29:00,s449,u2185,France,Mobile,Series B,1,62,0.13,0.51,5937,5768,LOW_BITRATE
2026-01-01 07:30:00,s450,u470,France,Android TV,Movie C,1,6,0.02,0.36,8629,4866,AUTH_ERROR
2026-01-01 07:31:00,s451,u1315,France,Android TV,Series B,1,65,0.86,0.31,4079,2329,STARTUP_TIMEOUT
2026-01-01 07:32:00,s452,u1948,Cameroon,STB,Series B,1,41,1.44,0.06,2873,2623,
2026-01-01 07:33:00,s453,u105,Tunisia,STB,Series A,1,24,0.57,0.17,11181,1586,
2026-01-01 07:34:00,s454,u703,Morocco,STB,Sport Live,1,88,1.19,0.38,7801,4057,LOW_BITRATE
2026-01-01 07:35:00,s455,u216,France,Android TV,Kids Show,1,84,0.63,0.11,6070,4270,
2026-01-01 07:36:00,s456,u1180,Ivory Coast,Mobile,Series B,1,10,0.41,0.12,8802,4591,CDN_ERROR
2026-01-01 07:37:00,s457,u1803,Morocco,Mobile,Series B,1,44,0.49,0.09,8474,1541,STARTUP_TIMEOUT
2026-01-01 07:38:00,s458,u853,France,Mobile,Series B,1,40,0.96,0.03,1937,1621,BUFFERING_ERROR
2026-01-01 07:39:00,s459,u1334,Senegal,Web,Series A,1,69,0.9,0.07,3252,2604,LOW_BITRATE
2026-01-01 07:40:00,s460,u2223,France,Mobile,Movie C,1,18,0.39,0.32,6720,2628,LOW_BITRATE
2026-01-01 07:41:00,s461,u1670,Senegal,Smart TV,Documentary D,1,26,1.35,0.25,4175,1322,
2026-01-01 07:42:00,s462,u329,France,iOS,Sport Live,1,10,0.44,0.02,8910,3309,
2026-01-01 07:43:00,s463,u77,Tunisia,Smart TV,Sport Live,1,41,0.4,0.44,8250,3609,AUTH_ERROR
2026-01-01 07:44:00,s464,u1296,Senegal,iOS,Documentary D,1,62,1.07,0.34,3222,3286,
2026-01-01 07:45:00,s465,u1605,Ivory Coast,Smart TV,Kids Show,1,38,0.58,0.33,11213,5277,CDN_ERROR
2026-01-01 07:46:00,s466,u96,France,Smart TV,Series A,1,74,1.05,0.46,11141,805,CDN_ERROR
2026-01-01 07:47:00,s467,u1355,Morocco,Android TV,Sport Live,1,86,0.76,0.1,1115,2807,
2026-01-01 07:48:00,s468,u246,Cameroon,Mobile,Kids Show,1,59,0.53,0.47,6637,4823,STARTUP_TIMEOUT
2026-01-01 07:49:00,s469,u188,France,Web,Kids Show,1,24,1.13,0.07,4806,3114,
2026-01-01 07:50:00,s470,u74,Ivory Coast,Android TV,Series A,1,84,1.3,0.16,3654,5927,
2026-01-01 07:51:00,s471,u431,Senegal,Android TV,Movie C,1,63,1.26,0.3,4038,3786,AUTH_ERROR
2026-01-01 07:52:00,s472,u2181,Morocco,Web,Sport Live,1,69,0.6,0.27,3296,4096,STARTUP_TIMEOUT
2026-01-01 07:53:00,s473,u1177,Cameroon,Android TV,Movie C,1,32,0.69,0.33,11529,1883,LOW_BITRATE
2026-01-01 07:54:00,s474,u1154,France,Mobile,Series A,1,31,0.36,0.54,1661,5001,AUTH_ERROR
2026-01-01 07:55:00,s475,u949,Tunisia,Mobile,Series B,1,5,0.36,0.41,7518,1209,LOW_BITRATE
2026-01-01 07:56:00,s476,u2036,Senegal,iOS,Kids Show,1,42,1.18,0.04,11036,3513,
2026-01-01 07:57:00,s477,u1374,France,Smart TV,Series A,1,77,1.38,0.01,778,2100,CDN_ERROR
2026-01-01 07:58:00,s478,u925,Morocco,Web,Kids Show,1,85,0.71,0.4,6846,917,LOW_BITRATE
2026-01-01 07:59:00,s479,u858,Tunisia,Web,Sport Live,1,89,1.43,0.34,1695,1691,
2026-01-01 08:00:00,s480,u2155,Senegal,Web,Series A,1,72,1.38,0.42,10390,455,
2026-01-01 08:01:00,s481,u1892,France,Web,Series A,1,32,0.44,0.02,1228,2217,BUFFERING_ERROR
2026-01-01 08:02:00,s482,u197,France,Mobile,Movie C,1,39,1.03,0.42,1880,974,CDN_ERROR
2026-01-01 08:03:00,s483,u1774,Senegal,Smart TV,Movie C,1,45,0.54,0.22,592,1756,
2026-01-01 08:04:00,s484,u2469,Ivory Coast,Web,Series B,1,67,0.66,0.4,9868,414,
2026-01-01 08:05:00,s485,u1271,France,Smart TV,Documentary D,1,43,0.56,0.38,8781,2137,AUTH_ERROR
2026-01-01 08:06:00,s486,u219,Cameroon,Web,Series A,1,81,1.27,0.23,4674,1960,STARTUP_TIMEOUT
2026-01-01 08:07:00,s487,u1165,Ivory Coast,Web,Series A,1,25,1.24,0.52,1554,4307,
2026-01-01 08:08:00,s488,u845,Cameroon,Mobile,Series B,1,51,0.28,0.16,11388,5588,AUTH_ERROR
2026-01-01 08:09:00,s489,u499,Tunisia,Android TV,Sport Live,1,58,0.23,0.19,1934,573,AUTH_ERROR
2026-01-01 08:10:00,s490,u1604,Tunisia,Android TV,Movie C,1,59,1.29,0.37,2464,5353,
2026-01-01 08:11:00,s491,u436,Morocco,STB,Documentary D,1,23,0.53,0.11,7499,2680,STARTUP_TIMEOUT
2026-01-01 08:12:00,s492,u121,Cameroon,iOS,Series B,1,83,0.17,0.29,8328,2796,STARTUP_TIMEOUT
2026-01-01 08:13:00,s493,u457,France,Web,Sport Live,1,19,0.1,0.31,5145,2213,LOW_BITRATE
2026-01-01 08:14:00,s494,u19,France,Android TV,Series B,1,51,0.65,0.02,7533,2897,STARTUP_TIMEOUT
2026-01-01 08:15:00,s495,u1715,Tunisia,Mobile,Sport Live,1,37,0.01,0.03,6923,4527,
2026-01-01 08:16:00,s496,u512,Cameroon,Mobile,Kids Show,1,41,1.44,0.38,1123,5656,
2026-01-01 08:17:00,s497,u2449,Morocco,STB,Sport Live,1,54,1.15,0.02,9999,4330,
2026-01-01 08:18:00,s498,u1414,France,STB,Series B,1,63,0.89,0.45,3612,4088,
2026-01-01 08:19:00,s499,u1835,Cameroon,iOS,Series B,1,40,0.37,0.46,2910,4888,AUTH_ERROR
2026-01-01 08:20:00,s500,u458,Ivory Coast,Android TV,Movie C,1,30,1.05,0.1,2170,5741,AUTH_ERROR
2026-01-01 08:21:00,s501,u2387,Ivory Coast,iOS,Series B,1,59,0.88,0.29,1018,1614,
2026-01-01 08:22:00,s502,u1828,Ivory Coast,Smart TV,Kids Show,1,10,1.02,0.1,5858,2632,
2026-01-01 08:23:00,s503,u1707,Morocco,iOS,Series A,1,41,0.35,0.19,7509,5521,STARTUP_TIMEOUT
2026-01-01 08:24:00,s504,u800,Cameroon,Android TV,Documentary D,1,53,0.23,0.35,5684,5351,
2026-01-01 08:25:00,s505,u2029,Morocco,iOS,Series A,1,49,0.89,0.06,8673,5427,STARTUP_TIMEOUT
2026-01-01 08:26:00,s506,u154,Cameroon,STB,Kids Show,1,66,1.08,0.49,2692,4256,
2026-01-01 08:27:00,s507,u1138,Morocco,STB,Movie C,1,49,0.97,0.24,1274,5565,
2026-01-01 08:28:00,s508,u2015,Senegal,Smart TV,Series A,1,76,0.57,0.49,11112,1617,
2026-01-01 08:29:00,s509,u732,Morocco,Android TV,Sport Live,1,33,0.36,0.39,11565,3230,AUTH_ERROR
2026-01-01 08:30:00,s510,u820,Senegal,Web,Documentary D,1,33,0.46,0.49,11985,4124,BUFFERING_ERROR
2026-01-01 08:31:00,s511,u378,Morocco,Smart TV,Documentary D,1,85,0.76,0.29,7812,1175,
2026-01-01 08:32:00,s512,u296,Ivory Coast,Mobile,Movie C,1,27,0.55,0.11,10497,4995,CDN_ERROR
2026-01-01 08:33:00,s513,u652,France,Smart TV,Documentary D,1,28,0.32,0.07,11347,3631,
2026-01-01 08:34:00,s514,u1000,France,Mobile,Documentary D,1,22,0.47,0.04,11151,3311,CDN_ERROR
2026-01-01 08:35:00,s515,u1870,Ivory Coast,iOS,Kids Show,1,61,0.14,0.22,10430,1280,STARTUP_TIMEOUT
2026-01-01 08:36:00,s516,u2187,France,STB,Series A,1,37,1.18,0.1,11431,5381,STARTUP_TIMEOUT
2026-01-01 08:37:00,s517,u1995,Tunisia,STB,Documentary D,1,39,0.19,0.23,9734,895,
2026-01-01 08:38:00,s518,u690,Ivory Coast,Smart TV,Series B,1,27,1.4,0.12,1797,3794,CDN_ERROR
2026-01-01 08:39:00,s519,u2353,Morocco,iOS,Documentary D,1,76,0.97,0.44,874,5861,STARTUP_TIMEOUT
2026-01-01 08:40:00,s520,u1014,Ivory Coast,Smart TV,Kids Show,1,2,1.0,0.3,6358,4321,
2026-01-01 08:41:00,s521,u492,Tunisia,STB,Series B,1,24,0.92,0.19,1055,3124,AUTH_ERROR
2026-01-01 08:42:00,s522,u1994,Cameroon,Smart TV,Kids Show,1,18,1.05,0.52,11674,1411,CDN_ERROR
2026-01-01 08:43:00,s523,u2104,Ivory Coast,iOS,Movie C,1,59,0.74,0.13,4149,1653,AUTH_ERROR
2026-01-01 08:44:00,s524,u939,Ivory Coast,Mobile,Series A,1,81,1.02,0.04,1413,2061,BUFFERING_ERROR
2026-01-01 08:45:00,s525,u531,Tunisia,Android TV,Series A,1,49,1.3,0.39,10367,624,STARTUP_TIMEOUT
2026-01-01 08:46:00,s526,u1119,Ivory Coast,iOS,Series B,1,39,0.57,0.55,734,2149,
2026-01-01 08:47:00,s527,u2273,France,Web,Series A,1,30,0.63,0.19,2036,2106,
2026-01-01 08:48:00,s528,u235,Ivory Coast,Web,Sport Live,1,43,0.45,0.35,5701,4184,LOW_BITRATE
2026-01-01 08:49:00,s529,u919,Morocco,Android TV,Series A,1,22,0.58,0.11,11995,4881,CDN_ERROR
2026-01-01 08:50:00,s530,u1102,France,Smart TV,Movie C,1,28,0.32,0.4,9073,3261,LOW_BITRATE
2026-01-01 08:51:00,s531,u671,Cameroon,Mobile,Series B,1,51,0.08,0.12,3197,1484,
2026-01-01 08:52:00,s532,u1579,Cameroon,Android TV,Documentary D,1,49,0.26,0.48,7226,3382,LOW_BITRATE
2026-01-01 08:53:00,s533,u909,Senegal,Web,Kids Show,1,36,0.57,0.29,5217,4272,
2026-01-01 08:54:00,s534,u2099,Cameroon,Web,Movie C,1,65,0.77,0.1,5106,4657,CDN_ERROR
2026-01-01 08:55:00,s535,u2330,Cameroon,Mobile,Kids Show,1,90,1.41,0.23,6441,1216,CDN_ERROR
2026-01-01 08:56:00,s536,u2077,Cameroon,Web,Kids Show,1,68,1.4,0.5,7375,4427,
2026-01-01 08:57:00,s537,u265,Cameroon,Mobile,Sport Live,1,43,1.16,0.04,10844,4674,BUFFERING_ERROR
2026-01-01 08:58:00,s538,u2373,Tunisia,Android TV,Kids Show,1,7,0.79,0.31,10051,1255,BUFFERING_ERROR
2026-01-01 08:59:00,s539,u283,Morocco,Web,Documentary D,1,25,0.08,0.06,7147,518,STARTUP_TIMEOUT
2026-01-01 09:00:00,s540,u1849,Morocco,Smart TV,Series B,1,29,0.68,0.12,11181,5624,AUTH_ERROR
2026-01-01 09:01:00,s541,u349,Tunisia,iOS,Kids Show,1,36,1.32,0.16,9430,2606,CDN_ERROR
2026-01-01 09:02:00,s542,u771,Ivory Coast,iOS,Movie C,1,26,1.48,0.46,7267,826,
2026-01-01 09:03:00,s543,u1752,France,Smart TV,Series B,1,38,0.18,0.18,3152,5688,STARTUP_TIMEOUT
2026-01-01 09:04:00,s544,u1817,Tunisia,Mobile,Kids Show,1,68,0.92,0.38,2507,642,BUFFERING_ERROR
2026-01-01 09:05:00,s545,u465,Senegal,iOS,Series A,1,77,0.86,0.44,9537,3072,CDN_ERROR
2026-01-01 09:06:00,s546,u783,Ivory Coast,STB,Kids Show,1,75,0.3,0.24,10312,5661,
2026-01-01 09:07:00,s547,u1341,Morocco,STB,Documentary D,1,37,1.14,0.34,4819,5174,
2026-01-01 09:08:00,s548,u1838,Cameroon,Mobile,Kids Show,1,47,0.86,0.27,10594,3774,STARTUP_TIMEOUT
2026-01-01 09:09:00,s549,u1104,Morocco,Web,Movie C,1,23,0.27,0.22,11576,2969,BUFFERING_ERROR
2026-01-01 09:10:00,s550,u1452,France,Android TV,Kids Show,1,41,0.42,0.34,4197,1998,
2026-01-01 09:11:00,s551,u2071,Tunisia,STB,Movie C,1,67,1.01,0.35,3039,5349,
2026-01-01 09:12:00,s552,u430,Senegal,Smart TV,Series B,1,7,0.6,0.44,2379,5744,STARTUP_TIMEOUT
2026-01-01 09:13:00,s553,u2219,France,Mobile,Kids Show,1,13,1.29,0.11,9225,3406,BUFFERING_ERROR
2026-01-01 09:14:00,s554,u591,Ivory Coast,iOS,Kids Show,1,48,0.29,0.08,5563,2160,
2026-01-01 09:15:00,s555,u511,Cameroon,Web,Sport Live,1,17,0.29,0.1,11422,5918,CDN_ERROR
2026-01-01 09:16:00,s556,u1906,Senegal,STB,Documentary D,1,8,0.33,0.48,1825,4749,LOW_BITRATE
2026-01-01 09:17:00,s557,u32,Morocco,Android TV,Kids Show,1,2,0.98,0.54,5529,2995,STARTUP_TIMEOUT
2026-01-01 09:18:00,s558,u1882,Ivory Coast,Android TV,Sport Live,1,79,0.88,0.15,5301,5689,STARTUP_TIMEOUT
2026-01-01 09:19:00,s559,u314,Ivory Coast,Mobile,Movie C,1,74,0.47,0.48,5283,1317,
2026-01-01 09:20:00,s560,u906,Senegal,Android TV,Sport Live,1,54,0.26,0.45,7135,4384,
2026-01-01 09:21:00,s561,u707,France,Mobile,Documentary D,1,27,0.32,0.07,10395,872,LOW_BITRATE
2026-01-01 09:22:00,s562,u2091,Senegal,STB,Series A,1,84,1.23,0.22,5582,1166,LOW_BITRATE
2026-01-01 09:23:00,s563,u1624,Ivory Coast,iOS,Movie C,1,50,0.7,0.43,8690,1375,BUFFERING_ERROR
2026-01-01 09:24:00,s564,u1847,Tunisia,Web,Series B,1,47,0.62,0.34,9333,1567,
2026-01-01 09:25:00,s565,u2204,Senegal,STB,Series A,1,62,1.37,0.26,3029,1566,STARTUP_TIMEOUT
2026-01-01 09:26:00,s566,u169,Cameroon,Web,Kids Show,1,35,0.44,0.12,11467,4988,
2026-01-01 09:27:00,s567,u971,Cameroon,STB,Documentary D,1,8,0.9,0.44,4720,4139,AUTH_ERROR
2026-01-01 09:28:00,s568,u943,France,Smart TV,Sport Live,1,69,0.32,0.47,5924,5470,
2026-01-01 09:29:00,s569,u1254,Ivory Coast,iOS,Series A,1,43,0.19,0.5,3003,3617,
2026-01-01 09:30:00,s570,u1751,Tunisia,Android TV,Kids Show,1,9,0.94,0.5,6503,2702,AUTH_ERROR
2026-01-01 09:31:00,s571,u1227,France,Android TV,Documentary D,1,68,1.0,0.31,10074,3290,
2026-01-01 09:32:00,s572,u1243,France,Web,Kids Show,1,58,0.78,0.06,1980,1065,CDN_ERROR
2026-01-01 09:33:00,s573,u917,Morocco,Android TV,Movie C,1,69,0.48,0.27,3920,761,BUFFERING_ERROR
2026-01-01 09:34:00,s574,u417,Tunisia,Web,Movie C,1,88,0.55,0.36,6597,3420,LOW_BITRATE
2026-01-01 09:35:00,s575,u2119,Tunisia,Smart TV,Documentary D,1,41,0.8,0.35,6270,1807,STARTUP_TIMEOUT
2026-01-01 09:36:00,s576,u79,Senegal,Mobile,Sport Live,1,77,0.31,0.1,1029,4220,BUFFERING_ERROR
2026-01-01 09:37:00,s577,u323,Morocco,Mobile,Series A,1,74,1.04,0.37,7529,2532,AUTH_ERROR
2026-01-01 09:38:00,s578,u533,Senegal,Web,Series A,1,60,1.31,0.04,10105,5901,STARTUP_TIMEOUT
2026-01-01 09:39:00,s579,u1528,Cameroon,Web,Kids Show,1,81,0.04,0.08,7239,1361,CDN_ERROR
2026-01-01 09:40:00,s580,u2054,Senegal,STB,Documentary D,1,77,1.31,0.49,9277,5425,
2026-01-01 09:41:00,s581,u1434,Senegal,Mobile,Kids Show,1,78,0.43,0.43,3485,5674,STARTUP_TIMEOUT
2026-01-01 09:42:00,s582,u2075,France,STB,Sport Live,1,53,0.21,0.37,652,2177,CDN_ERROR
2026-01-01 09:43:00,s583,u865,Senegal,Web,Documentary D,1,55,0.05,0.09,11524,5524,
2026-01-01 09:44:00,s584,u1823,Cameroon,Web,Series A,1,90,0.53,0.07,8875,3408,
2026-01-01 09:45:00,s585,u2275,France,Mobile,Movie C,1,65,1.48,0.14,7684,938,STARTUP_TIMEOUT
2026-01-01 09:46:00,s586,u509,Cameroon,Web,Sport Live,1,29,0.67,0.22,3127,2075,AUTH_ERROR
2026-01-01 09:47:00,s587,u1952,Tunisia,Smart TV,Series A,1,85,0.19,0.54,2630,1279,CDN_ERROR
2026-01-01 09:48:00,s588,u660,France,iOS,Series A,1,38,1.36,0.32,11454,4565,BUFFERING_ERROR
2026-01-01 09:49:00,s589,u1044,Senegal,iOS,Series A,1,62,1.04,0.38,2799,4972,STARTUP_TIMEOUT
2026-01-01 09:50:00,s590,u1047,Tunisia,Smart TV,Sport Live,1,70,1.06,0.34,6482,4680,
2026-01-01 09:51:00,s591,u2140,France,Mobile,Documentary D,1,20,0.44,0.03,10595,972,BUFFERING_ERROR
2026-01-01 09:52:00,s592,u2427,Tunisia,Mobile,Movie C,1,85,0.77,0.3,10316,5025,STARTUP_TIMEOUT
2026-01-01 09:53:00,s593,u1827,France,Android TV,Movie C,1,70,0.4,0.45,1669,4391,
2026-01-01 09:54:00,s594,u1693,France,Smart TV,Sport Live,1,43,0.52,0.16,5785,4895,BUFFERING_ERROR
2026-01-01 09:55:00,s595,u619,France,Smart TV,Movie C,1,57,0.03,0.32,11885,2546,
2026-01-01 09:56:00,s596,u344,Cameroon,Android TV,Series A,1,28,1.22,0.18,9587,2538,BUFFERING_ERROR
2026-01-01 09:57:00,s597,u672,Tunisia,Android TV,Series B,1,25,0.26,0.26,6462,2281,
2026-01-01 09:58:00,s598,u733,Tunisia,Mobile,Series A,1,90,0.1,0.03,11312,5115,
2026-01-01 09:59:00,s599,u1630,Ivory Coast,Android TV,Kids Show,1,43,0.7,0.05,10986,3478,
2026-01-01 10:00:00,s600,u2016,Morocco,iOS,Sport Live,1,65,0.89,0.35,7624,4222,
2026-01-01 10:01:00,s601,u1800,Morocco,Android TV,Documentary D,1,33,1.39,0.52,2096,4759,LOW_BITRATE
2026-01-01 10:02:00,s602,u2480,Cameroon,Android TV,Series B,1,81,1.41,0.34,6365,2103,BUFFERING_ERROR
2026-01-01 10:03:00,s603,u782,Senegal,iOS,Series A,1,52,0.74,0.27,8671,2184,
2026-01-01 10:04:00,s604,u260,Morocco,Smart TV,Kids Show,1,34,0.44,0.45,10702,2707,CDN_ERROR
2026-01-01 10:05:00,s605,u376,Cameroon,iOS,Kids Show,1,23,0.33,0.52,5339,3754,BUFFERING_ERROR
2026-01-01 10:06:00,s606,u1088,France,iOS,Series B,1,87,1.05,0.23,8789,1858,
2026-01-01 10:07:00,s607,u2421,Ivory Coast,Android TV,Kids Show,1,12,0.58,0.25,5696,504,CDN_ERROR
2026-01-01 10:08:00,s608,u2300,Tunisia,Web,Documentary D,1,83,0.16,0.54,11666,1636,CDN_ERROR
2026-01-01 10:09:00,s609,u1788,Morocco,Web,Sport Live,1,15,0.87,0.09,7949,2840,LOW_BITRATE
2026-01-01 10:10:00,s610,u2381,Tunisia,STB,Documentary D,1,10,0.93,0.25,5104,2263,
2026-01-01 10:11:00,s611,u774,Morocco,STB,Series A,1,4,1.08,0.4,2249,2641,
2026-01-01 10:12:00,s612,u2251,Senegal,Android TV,Kids Show,1,11,0.83,0.35,601,635,LOW_BITRATE
2026-01-01 10:13:00,s613,u779,Tunisia,Android TV,Sport Live,1,39,0.91,0.33,7718,1850,
2026-01-01 10:14:00,s614,u310,France,Android TV,Series B,1,35,0.93,0.25,7245,1005,STARTUP_TIMEOUT
2026-01-01 10:15:00,s615,u1140,France,STB,Movie C,1,14,0.83,0.38,7762,5775,
2026-01-01 10:16:00,s616,u1733,Senegal,Smart TV,Series B,1,9,0.23,0.37,2068,2147,AUTH_ERROR
2026-01-01 10:17:00,s617,u1102,Tunisia,STB,Series A,1,56,0.58,0.15,1439,5141,BUFFERING_ERROR
2026-01-01 10:18:00,s618,u2106,France,Web,Kids Show,1,78,1.14,0.27,7759,2481,CDN_ERROR
2026-01-01 10:19:00,s619,u182,Cameroon,STB,Documentary D,1,37,1.15,0.49,7711,1840,
2026-01-01 10:20:00,s620,u1311,Cameroon,Smart TV,Documentary D,1,36,0.4,0.08,3192,2542,LOW_BITRATE
2026-01-01 10:21:00,s621,u107,France,Android TV,Series B,1,62,0.26,0.54,6378,777,LOW_BITRATE
2026-01-01 10:22:00,s622,u301,Cameroon,Android TV,Kids Show,1,64,1.42,0.13,1135,473,AUTH_ERROR
2026-01-01 10:23:00,s623,u966,Cameroon,Smart TV,Kids Show,1,82,0.04,0.34,10385,2258,BUFFERING_ERROR
2026-01-01 10:24:00,s624,u1955,Ivory Coast,STB,Movie C,1,60,1.24,0.23,10882,2276,
2026-01-01 10:25:00,s625,u2167,Morocco,Mobile,Documentary D,1,33,0.19,0.17,6060,537,
2026-01-01 10:26:00,s626,u1061,Senegal,iOS,Series B,1,25,0.78,0.46,2425,2769,BUFFERING_ERROR
2026-01-01 10:27:00,s627,u35,Cameroon,STB,Sport Live,1,84,0.47,0.21,4597,5524,CDN_ERROR
2026-01-01 10:28:00,s628,u1397,Ivory Coast,Web,Movie C,1,52,0.39,0.11,2713,3169,BUFFERING_ERROR
2026-01-01 10:29:00,s629,u342,Cameroon,iOS,Series A,1,5,0.96,0.24,4703,4331,STARTUP_TIMEOUT
2026-01-01 10:30:00,s630,u189,Tunisia,Web,Series B,1,13,0.97,0.18,8877,2332,BUFFERING_ERROR
2026-01-01 10:31:00,s631,u1193,Cameroon,Web,Movie C,1,72,0.19,0.53,5153,1533,STARTUP_TIMEOUT
2026-01-01 10:32:00,s632,u1012,France,Web,Movie C,1,27,0.45,0.31,6599,1346,CDN_ERROR
2026-01-01 10:33:00,s633,u520,Cameroon,STB,Series A,1,15,0.88,0.32,6482,4466,BUFFERING_ERROR
2026-01-01 10:34:00,s634,u2334,Senegal,STB,Series A,1,59,0.37,0.42,10769,3870,
2026-01-01 10:35:00,s635,u1503,Ivory Coast,Android TV,Series A,1,61,0.03,0.04,8404,4556,STARTUP_TIMEOUT
2026-01-01 10:36:00,s636,u1498,Cameroon,STB,Movie C,1,35,1.39,0.24,940,5492,
2026-01-01 10:37:00,s637,u2313,Senegal,Android TV,Series A,1,55,0.44,0.34,1799,3783,
2026-01-01 10:38:00,s638,u2328,Ivory Coast,Android TV,Documentary D,1,63,0.35,0.3,5559,3990,BUFFERING_ERROR
2026-01-01 10:39:00,s639,u701,Senegal,iOS,Documentary D,1,55,0.39,0.44,3015,4672,AUTH_ERROR
2026-01-01 10:40:00,s640,u170,Ivory Coast,Mobile,Series A,1,17,0.05,0.22,4089,3012,AUTH_ERROR
2026-01-01 10:41:00,s641,u1245,Tunisia,Web,Documentary D,1,67,0.83,0.47,4460,2850,STARTUP_TIMEOUT
2026-01-01 10:42:00,s642,u628,Ivory Coast,Mobile,Documentary D,1,43,0.69,0.32,3085,1835,
2026-01-01 10:43:00,s643,u2218,Ivory Coast,STB,Sport Live,1,40,0.32,0.02,2686,2198,
2026-01-01 10:44:00,s644,u2307,Ivory Coast,Web,Documentary D,1,49,1.06,0.32,6074,5955,AUTH_ERROR
2026-01-01 10:45:00,s645,u2230,Senegal,STB,Series A,1,67,0.85,0.04,3999,4698,CDN_ERROR
2026-01-01 10:46:00,s646,u2210,Cameroon,Android TV,Kids Show,1,56,0.65,0.28,5113,1116,BUFFERING_ERROR
2026-01-01 10:47:00,s647,u225,Ivory Coast,Smart TV,Series B,1,69,0.18,0.5,11679,3599,BUFFERING_ERROR
2026-01-01 10:48:00,s648,u2285,Cameroon,Smart TV,Kids Show,1,44,0.44,0.51,8333,940,
2026-01-01 10:49:00,s649,u1481,Morocco,Android TV,Series A,1,39,0.75,0.12,6553,4160,BUFFERING_ERROR
2026-01-01 10:50:00,s650,u1652,Tunisia,Web,Series B,1,41,0.53,0.45,9963,3596,AUTH_ERROR
2026-01-01 10:51:00,s651,u2148,Ivory Coast,Mobile,Series B,1,12,0.29,0.12,10445,1466,
2026-01-01 10:52:00,s652,u1811,France,Web,Series A,1,14,0.77,0.41,3341,4288,
2026-01-01 10:53:00,s653,u2261,Ivory Coast,Mobile,Series B,1,57,0.24,0.15,1671,1560,
2026-01-01 10:54:00,s654,u577,Cameroon,Web,Series A,1,61,0.41,0.22,907,4662,
2026-01-01 10:55:00,s655,u482,Cameroon,STB,Movie C,1,4,0.15,0.53,11515,3262,AUTH_ERROR
2026-01-01 10:56:00,s656,u1428,Tunisia,Android TV,Kids Show,1,24,0.35,0.21,8683,563,
2026-01-01 10:57:00,s657,u954,Morocco,Smart TV,Series B,1,68,0.98,0.4,2466,4054,CDN_ERROR
2026-01-01 10:58:00,s658,u2260,Tunisia,Web,Documentary D,1,48,1.38,0.25,1643,3022,AUTH_ERROR
2026-01-01 10:59:00,s659,u1541,Cameroon,Smart TV,Series A,1,53,0.52,0.04,2426,516,LOW_BITRATE
2026-01-01 11:00:00,s660,u2281,France,Android TV,Sport Live,1,58,0.76,0.46,3983,3967,
2026-01-01 11:01:00,s661,u1168,Tunisia,Android TV,Movie C,1,52,1.42,0.35,2237,2926,STARTUP_TIMEOUT
2026-01-01 11:02:00,s662,u1527,Morocco,Android TV,Documentary D,1,75,1.5,0.25,5346,4937,
2026-01-01 11:03:00,s663,u550,Morocco,Mobile,Sport Live,1,80,0.84,0.52,3678,1992,
2026-01-01 11:04:00,s664,u739,Cameroon,Mobile,Sport Live,1,20,1.07,0.31,1608,2490,STARTUP_TIMEOUT
2026-01-01 11:05:00,s665,u1797,Morocco,STB,Sport Live,1,23,1.27,0.31,9678,3960,AUTH_ERROR
2026-01-01 11:06:00,s666,u1751,Ivory Coast,Mobile,Series A,1,69,0.46,0.26,6518,2286,
2026-01-01 11:07:00,s667,u136,Morocco,STB,Documentary D,1,52,0.25,0.16,11763,4076,
2026-01-01 11:08:00,s668,u1746,Tunisia,STB,Documentary D,1,28,1.46,0.32,3666,1983,STARTUP_TIMEOUT
2026-01-01 11:09:00,s669,u2313,Morocco,Web,Documentary D,1,74,0.87,0.38,1830,2191,LOW_BITRATE
2026-01-01 11:10:00,s670,u455,Tunisia,Web,Kids Show,1,70,1.44,0.4,9755,4954,BUFFERING_ERROR
2026-01-01 11:11:00,s671,u1524,Tunisia,Web,Kids Show,1,24,1.31,0.53,11666,3621,
2026-01-01 11:12:00,s672,u543,Tunisia,Mobile,Documentary D,1,90,0.3,0.43,11296,5749,
2026-01-01 11:13:00,s673,u659,France,iOS,Series A,1,66,0.74,0.52,11116,4446,
2026-01-01 11:14:00,s674,u808,Tunisia,STB,Kids Show,1,10,1.37,0.3,10443,2207,AUTH_ERROR
2026-01-01 11:15:00,s675,u1922,Tunisia,Mobile,Documentary D,1,66,0.93,0.01,9305,4859,
2026-01-01 11:16:00,s676,u1128,Cameroon,Smart TV,Sport Live,1,35,1.05,0.27,7449,1848,STARTUP_TIMEOUT
2026-01-01 11:17:00,s677,u1031,Cameroon,Android TV,Documentary D,1,69,0.92,0.27,9281,3238,STARTUP_TIMEOUT
2026-01-01 11:18:00,s678,u2006,Senegal,iOS,Sport Live,1,80,1.44,0.48,9764,1251,STARTUP_TIMEOUT
2026-01-01 11:19:00,s679,u1746,Morocco,Web,Kids Show,1,45,0.51,0.34,6921,2130,CDN_ERROR
2026-01-01 11:20:00,s680,u223,Morocco,iOS,Kids Show,1,63,0.56,0.32,3261,3750,
2026-01-01 11:21:00,s681,u351,Tunisia,STB,Movie C,1,35,0.91,0.21,6790,4387,STARTUP_TIMEOUT
2026-01-01 11:22:00,s682,u2179,Ivory Coast,Android TV,Sport Live,1,34,0.38,0.19,5016,1337,
2026-01-01 11:23:00,s683,u1317,Senegal,STB,Sport Live,1,42,1.09,0.05,2912,3668,CDN_ERROR
2026-01-01 11:24:00,s684,u1237,France,Android TV,Sport Live,1,20,0.11,0.1,4950,1295,STARTUP_TIMEOUT
2026-01-01 11:25:00,s685,u939,France,Android TV,Sport Live,1,80,1.42,0.38,9317,553,LOW_BITRATE
2026-01-01 11:26:00,s686,u1554,France,Mobile,Movie C,1,15,1.28,0.32,6392,2091,
2026-01-01 11:27:00,s687,u181,Ivory Coast,Smart TV,Documentary D,1,90,0.91,0.51,3159,860,AUTH_ERROR
2026-01-01 11:28:00,s688,u1128,Senegal,iOS,Documentary D,1,46,0.13,0.28,11850,739,
2026-01-01 11:29:00,s689,u1726,Morocco,iOS,Series B,1,14,1.11,0.33,5669,2023,CDN_ERROR
2026-01-01 11:30:00,s690,u398,Tunisia,STB,Documentary D,1,88,0.44,0.32,1716,1920,CDN_ERROR
2026-01-01 11:31:00,s691,u863,Morocco,iOS,Kids Show,1,19,0.6,0.33,2064,1212,
2026-01-01 11:32:00,s692,u47,France,iOS,Series B,1,53,0.14,0.04,10981,1909,
2026-01-01 11:33:00,s693,u1835,Morocco,Web,Sport Live,1,45,0.86,0.18,1080,2315,AUTH_ERROR
2026-01-01 11:34:00,s694,u1902,Senegal,Web,Series A,1,5,1.44,0.41,11367,4455,AUTH_ERROR
2026-01-01 11:35:00,s695,u646,France,Web,Documentary D,1,1,1.11,0.26,7517,5287,LOW_BITRATE
2026-01-01 11:36:00,s696,u1097,Senegal,iOS,Kids Show,1,32,0.64,0.5,1117,1214,BUFFERING_ERROR
2026-01-01 11:37:00,s697,u1355,Morocco,Web,Series B,1,85,1.21,0.06,10916,1787,
2026-01-01 11:38:00,s698,u429,Cameroon,Web,Documentary D,1,83,0.7,0.36,11299,2651,
2026-01-01 11:39:00,s699,u1063,Cameroon,Android TV,Sport Live,1,26,0.78,0.51,2685,4940,AUTH_ERROR
2026-01-01 11:40:00,s700,u538,France,STB,Movie C,1,86,0.75,0.5,6018,5219,BUFFERING_ERROR
2026-01-01 11:41:00,s701,u663,Tunisia,Android TV,Series B,1,68,1.05,0.22,11798,840,STARTUP_TIMEOUT
2026-01-01 11:42:00,s702,u1486,Ivory Coast,Smart TV,Documentary D,1,30,1.47,0.22,1287,2369,
2026-01-01 11:43:00,s703,u849,Tunisia,Smart TV,Sport Live,1,55,0.39,0.36,985,2471,STARTUP_TIMEOUT
2026-01-01 11:44:00,s704,u2163,France,Mobile,Movie C,1,55,1.49,0.2,9799,833,BUFFERING_ERROR
2026-01-01 11:45:00,s705,u450,Tunisia,Smart TV,Documentary D,1,50,0.03,0.11,1383,3776,
2026-01-01 11:46:00,s706,u665,Tunisia,STB,Documentary D,1,32,0.32,0.19,4605,1710,CDN_ERROR
2026-01-01 11:47:00,s707,u2161,Ivory Coast,STB,Series A,1,34,0.17,0.26,4995,5216,
2026-01-01 11:48:00,s708,u913,Cameroon,Android TV,Sport Live,1,32,0.38,0.47,1959,5403,AUTH_ERROR
2026-01-01 11:49:00,s709,u1194,Senegal,Smart TV,Sport Live,1,38,0.23,0.41,5524,1776,LOW_BITRATE
2026-01-01 11:50:00,s710,u927,Ivory Coast,Web,Movie C,1,67,0.22,0.49,6298,1446,CDN_ERROR
2026-01-01 11:51:00,s711,u2207,Cameroon,iOS,Series B,1,90,0.9,0.18,3608,3867,
2026-01-01 11:52:00,s712,u48,Senegal,Mobile,Sport Live,1,9,0.64,0.26,7175,5329,STARTUP_TIMEOUT
2026-01-01 11:53:00,s713,u1107,Tunisia,Mobile,Kids Show,1,19,0.05,0.23,9485,722,LOW_BITRATE
2026-01-01 11:54:00,s714,u973,Ivory Coast,Android TV,Series A,1,40,0.45,0.46,11099,4014,
2026-01-01 11:55:00,s715,u789,Cameroon,Web,Kids Show,1,16,0.57,0.26,6425,4500,
2026-01-01 11:56:00,s716,u104,Tunisia,Web,Movie C,1,32,0.77,0.45,9871,3799,AUTH_ERROR
2026-01-01 11:57:00,s717,u2133,Morocco,Mobile,Movie C,1,30,0.69,0.52,9274,3090,CDN_ERROR
2026-01-01 11:58:00,s718,u451,Tunisia,Smart TV,Series B,1,14,1.02,0.24,5270,3079,
2026-01-01 11:59:00,s719,u242,Ivory Coast,Web,Series A,1,27,0.91,0.16,1768,1998,
2026-01-01 12:00:00,s720,u1262,Ivory Coast,iOS,Series A,1,5,0.84,0.44,11685,1559,AUTH_ERROR
2026-01-01 12:01:00,s721,u514,Tunisia,Web,Movie C,1,29,0.26,0.37,11984,565,
2026-01-01 12:02:00,s722,u1772,Ivory Coast,STB,Series A,1,79,0.48,0.31,5994,5555,CDN_ERROR
2026-01-01 12:03:00,s723,u934,Cameroon,STB,Kids Show,1,40,1.32,0.16,9824,4266,
2026-01-01 12:04:00,s724,u911,Morocco,iOS,Series A,1,49,0.91,0.54,3232,1475,AUTH_ERROR
2026-01-01 12:05:00,s725,u298,Ivory Coast,Web,Kids Show,1,34,1.23,0.18,8422,4631,
2026-01-01 12:06:00,s726,u179,Ivory Coast,Web,Sport Live,1,11,1.34,0.29,5930,5011,
2026-01-01 12:07:00,s727,u1240,Morocco,STB,Sport Live,1,69,0.03,0.27,3444,3751,BUFFERING_ERROR
2026-01-01 12:08:00,s728,u2162,Tunisia,Smart TV,Kids Show,1,60,1.05,0.06,3420,4478,
2026-01-01 12:09:00,s729,u1092,Tunisia,iOS,Series B,1,1,1.0,0.42,2530,4020,LOW_BITRATE
2026-01-01 12:10:00,s730,u2406,Ivory Coast,Mobile,Kids Show,1,31,1.05,0.34,2393,2584,STARTUP_TIMEOUT
2026-01-01 12:11:00,s731,u853,Tunisia,STB,Kids Show,1,38,1.38,0.09,897,2414,AUTH_ERROR
2026-01-01 12:12:00,s732,u1415,Ivory Coast,Mobile,Sport Live,1,30,0.18,0.02,10733,1534,STARTUP_TIMEOUT
2026-01-01 12:13:00,s733,u952,Morocco,iOS,Movie C,1,82,0.18,0.02,1346,612,LOW_BITRATE
2026-01-01 12:14:00,s734,u1075,Cameroon,iOS,Sport Live,1,52,0.77,0.04,4241,920,
2026-01-01 12:15:00,s735,u1808,Senegal,Android TV,Sport Live,1,45,1.27,0.32,5946,5018,
2026-01-01 12:16:00,s736,u2029,Ivory Coast,Smart TV,Movie C,1,14,1.13,0.14,6220,4924,
2026-01-01 12:17:00,s737,u569,Morocco,Android TV,Documentary D,1,32,0.26,0.11,10408,5696,CDN_ERROR
2026-01-01 12:18:00,s738,u1640,Cameroon,iOS,Kids Show,1,30,1.25,0.37,11679,1285,BUFFERING_ERROR
2026-01-01 12:19:00,s739,u82,Morocco,Android TV,Sport Live,1,23,0.51,0.21,10526,5137,
2026-01-01 12:20:00,s740,u14,Senegal,Android TV,Series A,1,75,1.44,0.04,947,3648,
2026-01-01 12:21:00,s741,u1667,Cameroon,Web,Sport Live,1,12,0.06,0.27,11284,2236,CDN_ERROR
2026-01-01 12:22:00,s742,u1823,Cameroon,iOS,Series B,1,45,1.41,0.04,8538,932,
2026-01-01 12:23:00,s743,u457,Tunisia,iOS,Series A,1,62,0.9,0.4,9970,2841,LOW_BITRATE
2026-01-01 12:24:00,s744,u1497,Ivory Coast,STB,Series B,1,87,0.93,0.24,8714,2448,STARTUP_TIMEOUT
2026-01-01 12:25:00,s745,u668,France,Mobile,Movie C,1,42,0.19,0.43,5776,1692,
2026-01-01 12:26:00,s746,u825,Senegal,Smart TV,Series A,1,62,1.19,0.1,762,1693,
2026-01-01 12:27:00,s747,u1953,Ivory Coast,STB,Kids Show,1,51,0.68,0.03,2137,3925,
2026-01-01 12:28:00,s748,u1460,Senegal,Android TV,Documentary D,1,21,1.36,0.4,6268,3926,AUTH_ERROR
2026-01-01 12:29:00,s749,u1748,Morocco,Android TV,Series A,1,5,0.41,0.29,4154,3763,CDN_ERROR
2026-01-01 12:30:00,s750,u348,Ivory Coast,Smart TV,Movie C,1,82,0.14,0.41,4261,1961,
2026-01-01 12:31:00,s751,u2245,Morocco,Smart TV,Documentary D,1,12,0.72,0.48,3940,5295,AUTH_ERROR
2026-01-01 12:32:00,s752,u590,Senegal,Smart TV,Series B,1,16,0.73,0.07,1049,1306,CDN_ERROR
2026-01-01 12:33:00,s753,u2099,Ivory Coast,Mobile,Kids Show,1,44,0.87,0.04,10600,4995,AUTH_ERROR
2026-01-01 12:34:00,s754,u1971,Morocco,Android TV,Series B,1,36,0.94,0.15,3647,2814,BUFFERING_ERROR
2026-01-01 12:35:00,s755,u1886,Ivory Coast,Mobile,Documentary D,1,9,0.12,0.33,11472,3178,
2026-01-01 12:36:00,s756,u847,Ivory Coast,Smart TV,Documentary D,1,68,1.41,0.12,11126,1669,
2026-01-01 12:37:00,s757,u61,Cameroon,Mobile,Documentary D,1,61,1.04,0.54,10088,2047,LOW_BITRATE
2026-01-01 12:38:00,s758,u1984,Ivory Coast,Mobile,Kids Show,1,71,0.67,0.17,947,4051,AUTH_ERROR
2026-01-01 12:39:00,s759,u1932,Morocco,Smart TV,Movie C,1,22,1.13,0.31,9157,5347,BUFFERING_ERROR
2026-01-01 12:40:00,s760,u197,Tunisia,Android TV,Series B,1,73,0.56,0.53,5262,3673,AUTH_ERROR
2026-01-01 12:41:00,s761,u46,Senegal,iOS,Series B,1,70,1.14,0.07,6351,2808,LOW_BITRATE
2026-01-01 12:42:00,s762,u764,Tunisia,STB,Movie C,1,2,0.34,0.26,3525,1512,BUFFERING_ERROR
2026-01-01 12:43:00,s763,u439,Senegal,iOS,Documentary D,1,40,1.27,0.43,11486,5360,CDN_ERROR
2026-01-01 12:44:00,s764,u345,Senegal,STB,Kids Show,1,69,0.94,0.15,2026,5503,STARTUP_TIMEOUT
2026-01-01 12:45:00,s765,u2375,Tunisia,Web,Series A,1,39,0.9,0.51,6079,4491,BUFFERING_ERROR
2026-01-01 12:46:00,s766,u2010,Senegal,iOS,Series B,1,59,1.06,0.38,1163,2876,
2026-01-01 12:47:00,s767,u1054,France,iOS,Sport Live,1,48,0.92,0.38,10370,5648,
2026-01-01 12:48:00,s768,u1708,Senegal,Android TV,Series B,1,30,0.73,0.47,3239,5326,
2026-01-01 12:49:00,s769,u12,France,Smart TV,Kids Show,1,55,0.24,0.53,9591,4624,
2026-01-01 12:50:00,s770,u993,Cameroon,STB,Kids Show,1,66,1.03,0.01,8839,3332,BUFFERING_ERROR
2026-01-01 12:51:00,s771,u2224,Tunisia,Smart TV,Kids Show,1,8,1.24,0.55,4414,3316,CDN_ERROR
2026-01-01 12:52:00,s772,u1766,Tunisia,Web,Kids Show,1,50,1.19,0.2,4566,1388,
2026-01-01 12:53:00,s773,u2009,Cameroon,iOS,Documentary D,1,2,0.24,0.29,10040,4135,BUFFERING_ERROR
2026-01-01 12:54:00,s774,u849,Morocco,STB,Kids Show,1,61,1.22,0.01,8383,1376,AUTH_ERROR
2026-01-01 12:55:00,s775,u1429,Tunisia,Mobile,Documentary D,1,44,0.9,0.22,4089,1855,CDN_ERROR
2026-01-01 12:56:00,s776,u87,Morocco,STB,Series B,1,88,0.09,0.48,3719,700,
2026-01-01 12:57:00,s777,u1980,Tunisia,iOS,Kids Show,1,7,0.99,0.38,1212,492,CDN_ERROR
2026-01-01 12:58:00,s778,u1120,France,Mobile,Kids Show,1,45,1.07,0.17,660,4337,
2026-01-01 12:59:00,s779,u514,Senegal,Mobile,Kids Show,1,35,0.88,0.3,2229,3292,
2026-01-01 13:00:00,s780,u774,Morocco,Android TV,Sport Live,1,27,0.09,0.46,1952,4322,STARTUP_TIMEOUT
2026-01-01 13:01:00,s781,u449,Cameroon,Mobile,Sport Live,1,44,0.82,0.02,908,2563,STARTUP_TIMEOUT
2026-01-01 13:02:00,s782,u451,Tunisia,Smart TV,Sport Live,1,16,1.18,0.38,4730,5486,
2026-01-01 13:03:00,s783,u8,Morocco,Mobile,Sport Live,1,69,0.32,0.37,1782,1020,STARTUP_TIMEOUT
2026-01-01 13:04:00,s784,u413,Ivory Coast,Web,Documentary D,1,84,0.15,0.29,5835,1675,
2026-01-01 13:05:00,s785,u1430,Tunisia,Web,Kids Show,1,6,1.12,0.54,3869,2877,LOW_BITRATE
2026-01-01 13:06:00,s786,u2023,Morocco,STB,Movie C,1,55,0.75,0.2,10966,1274,LOW_BITRATE
2026-01-01 13:07:00,s787,u1704,Ivory Coast,Android TV,Sport Live,1,59,1.04,0.18,8652,4725,STARTUP_TIMEOUT
2026-01-01 13:08:00,s788,u1742,Ivory Coast,Android TV,Sport Live,1,33,0.81,0.02,11073,5492,
2026-01-01 13:09:00,s789,u1041,Tunisia,Mobile,Kids Show,1,29,0.83,0.49,11543,3436,
2026-01-01 13:10:00,s790,u1588,Tunisia,Mobile,Series A,1,51,0.7,0.15,9922,5839,
2026-01-01 13:11:00,s791,u40,Ivory Coast,Android TV,Sport Live,1,74,0.23,0.04,4811,2057,STARTUP_TIMEOUT
2026-01-01 13:12:00,s792,u1037,Ivory Coast,STB,Series B,1,59,0.37,0.06,3035,3766,
2026-01-01 13:13:00,s793,u2323,Tunisia,iOS,Kids Show,1,74,0.06,0.28,2406,607,LOW_BITRATE
2026-01-01 13:14:00,s794,u2265,Senegal,STB,Series B,1,30,1.32,0.34,9263,1750,
2026-01-01 13:15:00,s795,u439,Senegal,Mobile,Sport Live,1,19,1.35,0.16,8883,3599,AUTH_ERROR
2026-01-01 13:16:00,s796,u2032,Senegal,Web,Series B,1,53,0.13,0.42,11152,4571,
2026-01-01 13:17:00,s797,u687,Morocco,STB,Documentary D,1,67,0.15,0.04,2518,3824,BUFFERING_ERROR
2026-01-01 13:18:00,s798,u1298,France,Smart TV,Series A,1,4,0.45,0.48,3212,5387,AUTH_ERROR
2026-01-01 13:19:00,s799,u798,Senegal,Web,Series B,1,33,1.02,0.29,4416,902,AUTH_ERROR
2026-01-01 13:20:00,s800,u1977,Cameroon,Android TV,Sport Live,1,34,0.35,0.23,9522,1605,
2026-01-01 13:21:00,s801,u1790,Tunisia,Smart TV,Series A,1,28,0.66,0.27,9928,5896,
2026-01-01 13:22:00,s802,u1506,Tunisia,Android TV,Series B,1,55,1.39,0.09,7688,3824,
2026-01-01 13:23:00,s803,u569,Cameroon,Web,Documentary D,1,10,0.34,0.37,11924,4421,BUFFERING_ERROR
2026-01-01 13:24:00,s804,u2438,France,Web,Kids Show,1,50,0.26,0.52,10075,5209,LOW_BITRATE
2026-01-01 13:25:00,s805,u1307,Tunisia,Mobile,Series A,1,26,0.84,0.44,11495,4218,
2026-01-01 13:26:00,s806,u1736,Senegal,Smart TV,Kids Show,1,85,0.3,0.34,4207,3916,
2026-01-01 13:27:00,s807,u180,France,STB,Movie C,1,20,0.96,0.26,5511,4094,BUFFERING_ERROR
2026-01-01 13:28:00,s808,u951,Ivory Coast,Smart TV,Sport Live,1,55,1.47,0.5,9402,5711,LOW_BITRATE
2026-01-01 13:29:00,s809,u179,Senegal,STB,Documentary D,1,85,0.93,0.07,7927,5363,AUTH_ERROR
2026-01-01 13:30:00,s810,u2393,Cameroon,Mobile,Movie C,1,41,0.93,0.14,3924,5111,
2026-01-01 13:31:00,s811,u553,Ivory Coast,STB,Documentary D,1,20,0.6,0.27,3123,2509,
2026-01-01 13:32:00,s812,u1066,France,STB,Series B,1,86,0.14,0.42,4481,2084,
2026-01-01 13:33:00,s813,u1023,France,STB,Movie C,1,80,0.58,0.09,3656,2250,AUTH_ERROR
2026-01-01 13:34:00,s814,u2170,France,STB,Kids Show,1,16,1.39,0.14,10268,1678,CDN_ERROR
2026-01-01 13:35:00,s815,u2420,Ivory Coast,Web,Sport Live,1,12,1.04,0.39,8356,1879,AUTH_ERROR
2026-01-01 13:36:00,s816,u2113,Ivory Coast,Mobile,Movie C,1,73,0.93,0.39,8160,5696,BUFFERING_ERROR
2026-01-01 13:37:00,s817,u506,Cameroon,iOS,Series B,1,9,0.51,0.35,10027,1095,
2026-01-01 13:38:00,s818,u444,Tunisia,STB,Sport Live,1,82,1.24,0.32,7600,2647,BUFFERING_ERROR
2026-01-01 13:39:00,s819,u411,Tunisia,Smart TV,Series B,1,35,1.01,0.43,6433,5297,
2026-01-01 13:40:00,s820,u1111,Cameroon,STB,Kids Show,1,66,1.48,0.35,10145,5249,
2026-01-01 13:41:00,s821,u114,Morocco,iOS,Sport Live,1,25,1.23,0.48,3374,646,
2026-01-01 13:42:00,s822,u1341,France,STB,Series B,1,15,0.4,0.33,5800,805,AUTH_ERROR
2026-01-01 13:43:00,s823,u1789,France,Mobile,Series B,1,84,0.27,0.02,9219,4216,BUFFERING_ERROR
2026-01-01 13:44:00,s824,u204,Tunisia,Android TV,Documentary D,1,76,1.16,0.2,947,2849,BUFFERING_ERROR
2026-01-01 13:45:00,s825,u772,Senegal,Android TV,Series B,1,20,1.11,0.41,4166,626,AUTH_ERROR
2026-01-01 13:46:00,s826,u1724,Senegal,STB,Kids Show,1,12,0.46,0.34,9651,4269,BUFFERING_ERROR
2026-01-01 13:47:00,s827,u2081,Senegal,Web,Documentary D,1,42,1.2,0.33,4409,866,AUTH_ERROR
2026-01-01 13:48:00,s828,u2359,Morocco,Web,Series B,1,30,0.39,0.21,11838,2261,BUFFERING_ERROR
2026-01-01 13:49:00,s829,u2408,Senegal,iOS,Series A,1,53,0.5,0.33,2321,1465,LOW_BITRATE
2026-01-01 13:50:00,s830,u1617,Senegal,Android TV,Kids Show,1,57,0.2,0.28,11632,1553,
2026-01-01 13:51:00,s831,u257,Cameroon,Mobile,Series B,1,87,1.1,0.24,10790,3165,
2026-01-01 13:52:00,s832,u1756,France,Mobile,Movie C,1,55,0.06,0.1,6870,3805,STARTUP_TIMEOUT
2026-01-01 13:53:00,s833,u961,Senegal,Mobile,Movie C,1,81,0.82,0.08,3958,4235,LOW_BITRATE
2026-01-01 13:54:00,s834,u1370,Morocco,iOS,Movie C,1,74,0.64,0.42,8267,4464,AUTH_ERROR
2026-01-01 13:55:00,s835,u2271,France,iOS,Series A,1,73,0.22,0.02,10837,2202,STARTUP_TIMEOUT
2026-01-01 13:56:00,s836,u1974,Senegal,Mobile,Series A,1,7,0.67,0.45,3627,2564,
2026-01-01 13:57:00,s837,u2287,Tunisia,Mobile,Kids Show,1,79,0.17,0.4,6400,3093,CDN_ERROR
2026-01-01 13:58:00,s838,u2268,Cameroon,Web,Documentary D,1,70,1.34,0.35,8956,2497,
2026-01-01 13:59:00,s839,u1578,Morocco,STB,Series A,1,59,0.18,0.5,6949,3751,
2026-01-01 14:00:00,s840,u239,France,iOS,Series B,1,39,1.39,0.18,2444,5724,BUFFERING_ERROR
2026-01-01 14:01:00,s841,u220,Cameroon,Smart TV,Documentary D,1,4,1.19,0.39,4322,5177,
2026-01-01 14:02:00,s842,u1036,Morocco,Smart TV,Series A,1,80,0.89,0.5,2747,734,LOW_BITRATE
2026-01-01 14:03:00,s843,u607,Morocco,Web,Series B,1,43,0.57,0.28,11261,3169,
2026-01-01 14:04:00,s844,u1916,Tunisia,Smart TV,Movie C,1,57,0.42,0.49,11402,4886,CDN_ERROR
2026-01-01 14:05:00,s845,u1135,Tunisia,STB,Series A,1,56,0.76,0.51,7082,5144,
2026-01-01 14:06:00,s846,u609,France,Web,Sport Live,1,8,1.16,0.51,10123,2944,BUFFERING_ERROR
2026-01-01 14:07:00,s847,u1841,France,Smart TV,Movie C,1,85,0.71,0.43,3916,3506,
2026-01-01 14:08:00,s848,u2330,Ivory Coast,iOS,Series B,1,50,1.34,0.35,2429,3116,CDN_ERROR
2026-01-01 14:09:00,s849,u439,Senegal,STB,Series B,1,19,1.39,0.41,7932,5837,AUTH_ERROR
2026-01-01 14:10:00,s850,u467,Senegal,Smart TV,Movie C,1,18,0.41,0.52,10986,2416,
2026-01-01 14:11:00,s851,u2281,Ivory Coast,Web,Series A,1,55,1.01,0.24,624,4589,
2026-01-01 14:12:00,s852,u1280,Cameroon,Android TV,Sport Live,1,13,0.43,0.27,10375,2331,STARTUP_TIMEOUT
2026-01-01 14:13:00,s853,u613,Cameroon,Smart TV,Series A,1,43,0.38,0.46,1012,5102,AUTH_ERROR
2026-01-01 14:14:00,s854,u2013,Ivory Coast,Web,Movie C,1,31,1.15,0.15,7344,1038,AUTH_ERROR
2026-01-01 14:15:00,s855,u711,France,Web,Movie C,1,3,1.01,0.26,2737,4956,BUFFERING_ERROR
2026-01-01 14:16:00,s856,u847,Cameroon,Mobile,Series A,1,10,0.33,0.4,2477,5236,
2026-01-01 14:17:00,s857,u1015,France,iOS,Series A,1,77,1.41,0.46,10312,5602,
2026-01-01 14:18:00,s858,u696,Ivory Coast,Smart TV,Movie C,1,2,1.02,0.3,8813,2347,
2026-01-01 14:19:00,s859,u1740,Tunisia,iOS,Sport Live,1,23,0.35,0.08,2567,2541,AUTH_ERROR
2026-01-01 14:20:00,s860,u164,Ivory Coast,Smart TV,Kids Show,1,14,0.38,0.35,3477,4301,CDN_ERROR
2026-01-01 14:21:00,s861,u693,Cameroon,Smart TV,Sport Live,1,31,1.18,0.21,3402,3540,
2026-01-01 14:22:00,s862,u1805,Cameroon,STB,Sport Live,1,29,0.57,0.12,5100,4818,
2026-01-01 14:23:00,s863,u1981,Tunisia,Android TV,Documentary D,1,83,1.14,0.37,8372,2394,BUFFERING_ERROR
2026-01-01 14:24:00,s864,u1241,Tunisia,STB,Kids Show,1,51,0.9,0.17,5040,3598,BUFFERING_ERROR
2026-01-01 14:25:00,s865,u164,Tunisia,iOS,Kids Show,1,31,0.61,0.19,5804,2695,CDN_ERROR
2026-01-01 14:26:00,s866,u2067,Ivory Coast,Mobile,Series A,1,43,1.16,0.12,10769,3415,
2026-01-01 14:27:00,s867,u677,Cameroon,Android TV,Sport Live,1,32,0.61,0.51,6873,4211,
2026-01-01 14:28:00,s868,u355,Senegal,Web,Movie C,1,80,0.58,0.5,1888,5601,
2026-01-01 14:29:00,s869,u376,Senegal,Web,Series B,1,45,1.29,0.47,3890,407,
2026-01-01 14:30:00,s870,u1577,Tunisia,Mobile,Series A,1,34,0.61,0.33,5659,1269,
2026-01-01 14:31:00,s871,u2064,Senegal,Web,Documentary D,1,65,0.76,0.1,6149,1103,
2026-01-01 14:32:00,s872,u2146,Cameroon,Android TV,Kids Show,1,24,1.19,0.49,3953,3725,BUFFERING_ERROR
2026-01-01 14:33:00,s873,u612,France,iOS,Movie C,1,88,0.49,0.43,5989,3428,BUFFERING_ERROR
2026-01-01 14:34:00,s874,u551,France,Web,Series B,1,23,0.46,0.33,6379,5710,AUTH_ERROR
2026-01-01 14:35:00,s875,u406,Morocco,Android TV,Documentary D,1,52,0.57,0.06,9666,4449,BUFFERING_ERROR
2026-01-01 14:36:00,s876,u523,Tunisia,Web,Series B,1,59,1.13,0.03,5316,5953,BUFFERING_ERROR
2026-01-01 14:37:00,s877,u145,France,STB,Series A,1,38,1.46,0.04,6714,1283,BUFFERING_ERROR
2026-01-01 14:38:00,s878,u985,Morocco,Mobile,Sport Live,1,89,0.23,0.15,8958,3020,LOW_BITRATE
2026-01-01 14:39:00,s879,u1278,France,Smart TV,Documentary D,1,72,1.39,0.03,5956,1972,LOW_BITRATE
2026-01-01 14:40:00,s880,u400,Tunisia,STB,Kids Show,1,35,0.65,0.42,6440,1508,
2026-01-01 14:41:00,s881,u880,France,Web,Movie C,1,75,0.05,0.13,5820,1941,LOW_BITRATE
2026-01-01 14:42:00,s882,u2056,Ivory Coast,Smart TV,Kids Show,1,13,1.28,0.05,2503,518,CDN_ERROR
2026-01-01 14:43:00,s883,u151,Ivory Coast,Web,Movie C,1,82,0.99,0.51,3201,4291,LOW_BITRATE
2026-01-01 14:44:00,s884,u2194,Morocco,STB,Movie C,1,25,0.73,0.1,849,4814,
2026-01-01 14:45:00,s885,u2238,Tunisia,Mobile,Sport Live,1,51,0.82,0.21,1060,1573,BUFFERING_ERROR
2026-01-01 14:46:00,s886,u342,Tunisia,Web,Documentary D,1,44,1.43,0.18,2049,2314,CDN_ERROR
2026-01-01 14:47:00,s887,u1876,France,Smart TV,Sport Live,1,42,0.14,0.25,8611,2485,
2026-01-01 14:48:00,s888,u1648,Tunisia,Mobile,Series B,1,12,0.53,0.4,695,4606,
2026-01-01 14:49:00,s889,u2369,Morocco,iOS,Series B,1,38,1.01,0.17,2541,1097,
2026-01-01 14:50:00,s890,u689,Morocco,Smart TV,Movie C,1,1,0.09,0.12,1698,4789,
2026-01-01 14:51:00,s891,u1085,Cameroon,iOS,Movie C,1,42,0.82,0.29,4839,5022,
2026-01-01 14:52:00,s892,u2184,Ivory Coast,Mobile,Kids Show,1,53,1.47,0.19,6889,777,LOW_BITRATE
2026-01-01 14:53:00,s893,u1312,France,Android TV,Series B,1,18,1.44,0.13,8089,1557,CDN_ERROR
2026-01-01 14:54:00,s894,u2254,Ivory Coast,Android TV,Series B,1,65,1.5,0.11,9197,964,CDN_ERROR
2026-01-01 14:55:00,s895,u973,Cameroon,Web,Movie C,1,64,1.35,0.12,8819,5983,
2026-01-01 14:56:00,s896,u1939,Tunisia,iOS,Series B,1,2,0.46,0.31,9861,4886,
2026-01-01 14:57:00,s897,u2321,France,Web,Series B,1,29,0.95,0.47,3613,1107,
2026-01-01 14:58:00,s898,u190,Morocco,iOS,Kids Show,1,76,0.14,0.54,10442,2222,
2026-01-01 14:59:00,s899,u578,France,iOS,Sport Live,1,87,0.28,0.27,11320,1474,
2026-01-01 15:00:00,s900,u720,Cameroon,STB,Kids Show,1,23,0.18,0.24,1471,3897,AUTH_ERROR
2026-01-01 15:01:00,s901,u1196,Tunisia,Smart TV,Movie C,1,64,0.35,0.23,9801,4295,
2026-01-01 15:02:00,s902,u1416,Morocco,Smart TV,Movie C,1,64,0.23,0.44,2720,3797,CDN_ERROR
2026-01-01 15:03:00,s903,u1831,Tunisia,iOS,Series A,1,3,1.32,0.37,11587,537,
2026-01-01 15:04:00,s904,u1593,Morocco,Web,Series B,1,72,0.37,0.21,5813,4937,STARTUP_TIMEOUT
2026-01-01 15:05:00,s905,u2117,Cameroon,Smart TV,Series A,1,37,0.03,0.22,11245,438,CDN_ERROR
2026-01-01 15:06:00,s906,u60,Ivory Coast,STB,Movie C,1,84,1.01,0.19,9630,4078,STARTUP_TIMEOUT
2026-01-01 15:07:00,s907,u1402,France,Smart TV,Documentary D,1,22,1.02,0.47,8829,3778,STARTUP_TIMEOUT
2026-01-01 15:08:00,s908,u2432,Tunisia,iOS,Kids Show,1,82,1.44,0.35,4043,3675,
2026-01-01 15:09:00,s909,u744,Morocco,iOS,Movie C,1,77,0.48,0.37,6881,4236,
2026-01-01 15:10:00,s910,u2041,Cameroon,Smart TV,Movie C,1,71,0.92,0.14,5101,2718,
2026-01-01 15:11:00,s911,u1783,Senegal,iOS,Documentary D,1,37,1.45,0.23,2908,4200,
2026-01-01 15:12:00,s912,u1961,Morocco,Web,Sport Live,1,21,0.38,0.54,9504,5194,AUTH_ERROR
2026-01-01 15:13:00,s913,u1863,Ivory Coast,Mobile,Movie C,1,55,1.06,0.45,9360,2724,
2026-01-01 15:14:00,s914,u2027,Ivory Coast,Web,Series A,1,9,0.85,0.5,2699,5045,CDN_ERROR
2026-01-01 15:15:00,s915,u1001,France,STB,Sport Live,1,58,0.05,0.22,8590,5304,
2026-01-01 15:16:00,s916,u414,France,Android TV,Sport Live,1,26,0.11,0.38,720,4583,
2026-01-01 15:17:00,s917,u1279,Tunisia,Android TV,Documentary D,1,78,1.43,0.22,8875,893,STARTUP_TIMEOUT
2026-01-01 15:18:00,s918,u357,Tunisia,Android TV,Documentary D,1,4,0.08,0.18,2852,3370,CDN_ERROR
2026-01-01 15:19:00,s919,u1544,Tunisia,Mobile,Movie C,1,62,0.15,0.44,5396,886,BUFFERING_ERROR
2026-01-01 15:20:00,s920,u597,Senegal,STB,Kids Show,1,60,1.35,0.16,11595,1613,LOW_BITRATE
2026-01-01 15:21:00,s921,u2071,France,STB,Sport Live,1,20,0.75,0.29,6347,5698,
2026-01-01 15:22:00,s922,u1745,Cameroon,Android TV,Movie C,1,15,0.81,0.39,10129,444,STARTUP_TIMEOUT
2026-01-01 15:23:00,s923,u1074,Senegal,iOS,Documentary D,1,54,0.45,0.42,3412,2468,STARTUP_TIMEOUT
2026-01-01 15:24:00,s924,u1378,Tunisia,Android TV,Documentary D,1,71,0.59,0.04,11148,3332,STARTUP_TIMEOUT
2026-01-01 15:25:00,s925,u578,Senegal,iOS,Series B,1,10,1.35,0.08,5299,1418,
2026-01-01 15:26:00,s926,u116,France,iOS,Series B,1,30,0.89,0.09,7404,5844,
2026-01-01 15:27:00,s927,u772,Tunisia,STB,Kids Show,1,52,0.85,0.39,4601,3693,CDN_ERROR
2026-01-01 15:28:00,s928,u1590,Morocco,Mobile,Series B,1,1,1.41,0.48,10761,2826,
2026-01-01 15:29:00,s929,u2200,France,Mobile,Sport Live,1,53,0.53,0.49,3357,3564,BUFFERING_ERROR
2026-01-01 15:30:00,s930,u1950,Morocco,Smart TV,Series B,1,24,1.26,0.31,4606,2192,
2026-01-01 15:31:00,s931,u1185,Ivory Coast,Smart TV,Movie C,1,74,0.12,0.4,6199,3348,AUTH_ERROR
2026-01-01 15:32:00,s932,u97,Morocco,Web,Sport Live,1,87,1.33,0.47,2030,5027,AUTH_ERROR
2026-01-01 15:33:00,s933,u1621,Tunisia,Web,Kids Show,1,35,0.98,0.16,4730,3576,LOW_BITRATE
2026-01-01 15:34:00,s934,u462,Morocco,Smart TV,Series A,1,5,0.2,0.51,2668,2353,BUFFERING_ERROR
2026-01-01 15:35:00,s935,u2006,France,Android TV,Sport Live,1,31,0.49,0.54,7612,5023,STARTUP_TIMEOUT
2026-01-01 15:36:00,s936,u1611,France,Web,Kids Show,1,46,0.89,0.53,2797,423,AUTH_ERROR
2026-01-01 15:37:00,s937,u870,France,Smart TV,Series B,1,54,0.99,0.25,4469,4439,STARTUP_TIMEOUT
2026-01-01 15:38:00,s938,u1075,Morocco,iOS,Sport Live,1,31,0.65,0.19,686,1804,STARTUP_TIMEOUT
2026-01-01 15:39:00,s939,u1819,Senegal,Web,Sport Live,1,77,0.27,0.03,2961,5686,STARTUP_TIMEOUT
2026-01-01 15:40:00,s940,u408,Morocco,STB,Series B,1,81,0.73,0.23,10941,4899,BUFFERING_ERROR
2026-01-01 15:41:00,s941,u1704,Ivory Coast,STB,Kids Show,1,39,1.3,0.03,2751,5944,
2026-01-01 15:42:00,s942,u1599,Tunisia,Web,Series A,1,79,0.94,0.33,4518,4141,STARTUP_TIMEOUT
2026-01-01 15:43:00,s943,u928,Senegal,STB,Movie C,1,80,0.82,0.28,11399,4119,STARTUP_TIMEOUT
2026-01-01 15:44:00,s944,u467,Tunisia,Smart TV,Series B,1,22,1.26,0.46,11144,5421,AUTH_ERROR
2026-01-01 15:45:00,s945,u1818,Morocco,Android TV,Documentary D,1,82,0.94,0.02,10350,3705,
2026-01-01 15:46:00,s946,u93,Senegal,iOS,Series A,1,50,0.96,0.14,3916,2683,
2026-01-01 15:47:00,s947,u184,Cameroon,Web,Sport Live,1,40,0.92,0.52,8754,1209,
2026-01-01 15:48:00,s948,u969,Morocco,Android TV,Movie C,1,77,1.47,0.3,10190,5466,AUTH_ERROR
2026-01-01 15:49:00,s949,u440,Ivory Coast,Web,Series A,1,28,0.32,0.28,2761,3636,
2026-01-01 15:50:00,s950,u2461,France,iOS,Kids Show,1,77,0.44,0.23,5463,1101,LOW_BITRATE
2026-01-01 15:51:00,s951,u661,France,STB,Movie C,1,68,0.43,0.16,7060,900,BUFFERING_ERROR
2026-01-01 15:52:00,s952,u2096,France,Web,Series B,1,45,0.94,0.17,6178,1308,
2026-01-01 15:53:00,s953,u386,Morocco,iOS,Documentary D,1,22,0.33,0.09,3500,947,CDN_ERROR
2026-01-01 15:54:00,s954,u29,Morocco,Mobile,Series B,1,15,0.5,0.09,4558,4523,STARTUP_TIMEOUT
2026-01-01 15:55:00,s955,u2021,Cameroon,Android TV,Series B,1,62,1.15,0.03,2913,1059,STARTUP_TIMEOUT
2026-01-01 15:56:00,s956,u1519,Morocco,Smart TV,Series A,1,23,1.43,0.06,9448,4786,AUTH_ERROR
2026-01-01 15:57:00,s957,u655,Morocco,Web,Documentary D,1,57,0.89,0.14,2904,2275,
2026-01-01 15:58:00,s958,u2342,France,Mobile,Sport Live,1,32,0.85,0.34,7012,5462,
2026-01-01 15:59:00,s959,u1673,Cameroon,STB,Documentary D,1,21,1.18,0.52,6143,1275,
2026-01-01 16:00:00,s960,u1421,Ivory Coast,iOS,Series A,1,65,1.47,0.29,9651,5605,
2026-01-01 16:01:00,s961,u246,Cameroon,iOS,Sport Live,1,24,0.28,0.48,3144,1391,BUFFERING_ERROR
2026-01-01 16:02:00,s962,u470,Cameroon,iOS,Kids Show,1,27,0.93,0.14,3666,1248,CDN_ERROR
2026-01-01 16:03:00,s963,u1180,Senegal,Mobile,Series B,1,73,0.43,0.46,10839,5743,LOW_BITRATE
2026-01-01 16:04:00,s964,u1885,France,Smart TV,Kids Show,1,68,0.38,0.01,4454,2228,CDN_ERROR
2026-01-01 16:05:00,s965,u64,Senegal,Mobile,Kids Show,1,55,0.33,0.43,2035,3688,BUFFERING_ERROR
2026-01-01 16:06:00,s966,u1456,Ivory Coast,Web,Documentary D,1,22,0.65,0.37,5035,2877,CDN_ERROR
2026-01-01 16:07:00,s967,u2322,France,Android TV,Documentary D,1,9,0.07,0.38,3251,5633,LOW_BITRATE
2026-01-01 16:08:00,s968,u793,Tunisia,Web,Series B,1,41,0.44,0.05,4387,2238,
2026-01-01 16:09:00,s969,u1669,Tunisia,Android TV,Documentary D,1,76,0.37,0.47,9057,1240,
2026-01-01 16:10:00,s970,u2446,Ivory Coast,Smart TV,Kids Show,1,80,0.82,0.12,710,1503,BUFFERING_ERROR
2026-01-01 16:11:00,s971,u1253,Cameroon,iOS,Documentary D,1,90,0.47,0.26,2255,1550,
2026-01-01 16:12:00,s972,u435,Senegal,STB,Series A,1,13,0.38,0.02,2738,2441,STARTUP_TIMEOUT
2026-01-01 16:13:00,s973,u1988,Morocco,Android TV,Movie C,1,7,0.6,0.08,3669,3013,STARTUP_TIMEOUT
2026-01-01 16:14:00,s974,u1556,Ivory Coast,Smart TV,Series B,1,46,0.08,0.16,4948,717,
2026-01-01 16:15:00,s975,u1225,France,Android TV,Kids Show,1,63,1.49,0.31,9564,1498,
2026-01-01 16:16:00,s976,u1500,Morocco,Mobile,Series A,1,42,0.87,0.35,6052,921,
2026-01-01 16:17:00,s977,u1197,Senegal,Mobile,Series B,1,14,0.95,0.4,6221,6000,AUTH_ERROR
2026-01-01 16:18:00,s978,u1034,France,Android TV,Kids Show,1,44,0.86,0.36,9193,2527,CDN_ERROR
2026-01-01 16:19:00,s979,u1810,Tunisia,Mobile,Kids Show,1,18,0.61,0.2,4544,1665,AUTH_ERROR
2026-01-01 16:20:00,s980,u1400,Morocco,Smart TV,Series A,1,71,1.02,0.07,1039,5773,
2026-01-01 16:21:00,s981,u329,Ivory Coast,Smart TV,Series B,1,20,1.29,0.33,2999,1663,BUFFERING_ERROR
2026-01-01 16:22:00,s982,u1619,Senegal,Smart TV,Series B,1,84,1.04,0.13,1505,3134,BUFFERING_ERROR
2026-01-01 16:23:00,s983,u2061,France,Smart TV,Series B,1,11,0.44,0.12,6337,4117,
2026-01-01 16:24:00,s984,u1830,Tunisia,STB,Movie C,1,88,1.42,0.04,8854,3590,
2026-01-01 16:25:00,s985,u1483,Ivory Coast,Mobile,Series A,1,27,0.02,0.46,3442,2216,
2026-01-01 16:26:00,s986,u1515,France,Smart TV,Series A,1,42,1.15,0.25,11330,2150,LOW_BITRATE
2026-01-01 16:27:00,s987,u2253,Tunisia,Android TV,Series B,1,25,0.94,0.35,8664,4930,
2026-01-01 16:28:00,s988,u424,Cameroon,Web,Kids Show,1,66,1.39,0.3,607,3634,
2026-01-01 16:29:00,s989,u1932,Senegal,Android TV,Kids Show,1,9,0.79,0.41,2728,408,CDN_ERROR
2026-01-01 16:30:00,s990,u2129,Ivory Coast,STB,Kids Show,1,39,0.11,0.16,3390,5038,
2026-01-01 16:31:00,s991,u555,Senegal,iOS,Series B,1,64,0.62,0.13,1678,4772,LOW_BITRATE
2026-01-01 16:32:00,s992,u873,Senegal,STB,Series B,1,27,1.5,0.16,9849,2593,LOW_BITRATE
2026-01-01 16:33:00,s993,u1366,France,Mobile,Sport Live,1,52,0.95,0.38,4738,3157,LOW_BITRATE
2026-01-01 16:34:00,s994,u836,Morocco,iOS,Movie C,1,77,0.4,0.05,5931,2732,STARTUP_TIMEOUT
2026-01-01 16:35:00,s995,u2497,Cameroon,Mobile,Series A,1,77,1.32,0.42,8634,3134,CDN_ERROR
2026-01-01 16:36:00,s996,u539,Senegal,iOS,Movie C,1,27,0.75,0.07,4924,1602,LOW_BITRATE
2026-01-01 16:37:00,s997,u1932,Cameroon,Android TV,Kids Show,1,87,1.17,0.1,3767,3238,AUTH_ERROR
2026-01-01 16:38:00,s998,u1167,Morocco,Android TV,Series A,1,67,0.44,0.2,10220,3789,BUFFERING_ERROR
2026-01-01 16:39:00,s999,u2365,Cameroon,Web,Series B,1,36,0.86,0.3,4033,3025,CDN_ERROR
2026-01-01 16:40:00,s1000,u1144,Tunisia,iOS,Movie C,1,36,1.39,0.54,10543,1077,
2026-01-01 16:41:00,s1001,u1580,France,Android TV,Sport Live,1,16,1.21,0.04,2006,4750,LOW_BITRATE
2026-01-01 16:42:00,s1002,u83,Senegal,iOS,Sport Live,1,20,1.26,0.51,10733,599,
2026-01-01 16:43:00,s1003,u1046,Senegal,Android TV,Series A,1,11,1.05,0.43,7799,3158,CDN_ERROR
2026-01-01 16:44:00,s1004,u2121,Ivory Coast,STB,Documentary D,1,23,0.37,0.43,4356,5630,
2026-01-01 16:45:00,s1005,u230,Senegal,Mobile,Documentary D,1,35,1.09,0.32,10940,1894,LOW_BITRATE
2026-01-01 16:46:00,s1006,u1900,Ivory Coast,STB,Series A,1,26,0.49,0.18,2020,4368,BUFFERING_ERROR
2026-01-01 16:47:00,s1007,u1734,Senegal,iOS,Series A,1,68,0.48,0.37,8997,785,
2026-01-01 16:48:00,s1008,u2485,Morocco,Smart TV,Sport Live,1,80,1.16,0.27,11835,1198,BUFFERING_ERROR
2026-01-01 16:49:00,s1009,u1593,Tunisia,Web,Sport Live,1,17,0.95,0.14,512,1569,CDN_ERROR
2026-01-01 16:50:00,s1010,u129,Cameroon,Mobile,Series B,1,47,0.03,0.41,3490,1127,
2026-01-01 16:51:00,s1011,u66,Ivory Coast,Android TV,Series A,1,54,1.41,0.03,8301,1211,AUTH_ERROR
2026-01-01 16:52:00,s1012,u685,Ivory Coast,Smart TV,Sport Live,1,70,1.31,0.28,6786,1605,CDN_ERROR
2026-01-01 16:53:00,s1013,u2038,France,Mobile,Series A,1,54,0.74,0.19,4672,5955,STARTUP_TIMEOUT
2026-01-01 16:54:00,s1014,u2392,Cameroon,STB,Sport Live,1,53,0.96,0.54,2179,1457,CDN_ERROR
2026-01-01 16:55:00,s1015,u984,France,Smart TV,Series A,1,57,0.44,0.27,6788,4297,
2026-01-01 16:56:00,s1016,u91,France,iOS,Documentary D,1,45,0.84,0.49,11184,1696,
2026-01-01 16:57:00,s1017,u956,Ivory Coast,Mobile,Sport Live,1,50,0.44,0.04,11536,4602,CDN_ERROR
2026-01-01 16:58:00,s1018,u128,Senegal,STB,Sport Live,1,9,1.4,0.23,9345,4123,
2026-01-01 16:59:00,s1019,u1732,Ivory Coast,Mobile,Documentary D,1,43,0.2,0.22,967,1199,CDN_ERROR
2026-01-01 17:00:00,s1020,u90,Tunisia,Mobile,Series A,1,8,0.58,0.52,4020,477,BUFFERING_ERROR
2026-01-01 17:01:00,s1021,u680,Ivory Coast,Mobile,Documentary D,1,41,0.8,0.22,9820,4806,STARTUP_TIMEOUT
2026-01-01 17:02:00,s1022,u1519,Morocco,Web,Sport Live,1,27,0.57,0.42,5478,3258,CDN_ERROR
2026-01-01 17:03:00,s1023,u1484,Cameroon,iOS,Documentary D,1,55,1.01,0.14,8976,453,AUTH_ERROR
2026-01-01 17:04:00,s1024,u2385,France,iOS,Documentary D,1,40,0.33,0.44,8550,5350,LOW_BITRATE
2026-01-01 17:05:00,s1025,u273,Senegal,Smart TV,Movie C,1,90,0.37,0.29,1857,1970,CDN_ERROR
2026-01-01 17:06:00,s1026,u845,Cameroon,Smart TV,Documentary D,1,58,0.19,0.14,3584,2837,STARTUP_TIMEOUT
2026-01-01 17:07:00,s1027,u1154,Cameroon,Mobile,Series A,1,71,0.95,0.03,10895,862,LOW_BITRATE
2026-01-01 17:08:00,s1028,u2486,Cameroon,iOS,Movie C,1,33,0.67,0.53,7536,3855,STARTUP_TIMEOUT
2026-01-01 17:09:00,s1029,u980,Senegal,iOS,Documentary D,1,3,1.03,0.01,4001,1088,LOW_BITRATE
2026-01-01 17:10:00,s1030,u1221,Ivory Coast,STB,Series A,1,50,1.35,0.44,4056,1679,
2026-01-01 17:11:00,s1031,u2057,Ivory Coast,STB,Documentary D,1,77,1.04,0.33,4464,5226,
2026-01-01 17:12:00,s1032,u222,Tunisia,Mobile,Documentary D,1,20,0.64,0.28,7685,2402,STARTUP_TIMEOUT
2026-01-01 17:13:00,s1033,u1554,Senegal,Web,Series A,1,73,0.73,0.47,1168,1864,
2026-01-01 17:14:00,s1034,u205,Tunisia,Smart TV,Kids Show,1,42,0.05,0.33,7979,2605,CDN_ERROR
2026-01-01 17:15:00,s1035,u970,Ivory Coast,iOS,Series B,1,29,1.13,0.15,3020,3356,
2026-01-01 17:16:00,s1036,u800,Senegal,Web,Sport Live,1,12,0.51,0.28,8829,475,
2026-01-01 17:17:00,s1037,u2126,Tunisia,iOS,Sport Live,1,15,0.99,0.04,9106,1805,AUTH_ERROR
2026-01-01 17:18:00,s1038,u1294,Ivory Coast,Smart TV,Series A,1,17,0.1,0.07,6815,417,STARTUP_TIMEOUT
2026-01-01 17:19:00,s1039,u636,Morocco,Mobile,Kids Show,1,23,0.04,0.41,10218,1591,STARTUP_TIMEOUT
2026-01-01 17:20:00,s1040,u1321,Cameroon,Mobile,Sport Live,1,52,0.53,0.47,6949,5515,
2026-01-01 17:21:00,s1041,u405,Tunisia,STB,Kids Show,1,66,1.43,0.01,11552,4915,
2026-01-01 17:22:00,s1042,u2276,Tunisia,Web,Series A,1,41,0.2,0.34,6945,2984,CDN_ERROR
2026-01-01 17:23:00,s1043,u415,Senegal,Mobile,Documentary D,1,20,1.3,0.03,4084,1936,
2026-01-01 17:24:00,s1044,u583,Morocco,Android TV,Kids Show,1,82,0.7,0.29,10976,3321,
2026-01-01 17:25:00,s1045,u1244,Ivory Coast,STB,Documentary D,1,1,1.08,0.07,1440,4862,
2026-01-01 17:26:00,s1046,u1423,Senegal,Smart TV,Kids Show,1,10,0.67,0.41,883,719,STARTUP_TIMEOUT
2026-01-01 17:27:00,s1047,u2164,Senegal,iOS,Kids Show,1,15,0.66,0.15,9918,4136,
2026-01-01 17:28:00,s1048,u1667,Tunisia,STB,Movie C,1,19,0.7,0.33,11572,4904,LOW_BITRATE
2026-01-01 17:29:00,s1049,u795,Tunisia,Smart TV,Documentary D,1,11,0.04,0.17,9087,5947,STARTUP_TIMEOUT
2026-01-01 17:30:00,s1050,u1927,Tunisia,Android TV,Documentary D,1,89,0.51,0.35,2478,1066,AUTH_ERROR
2026-01-01 17:31:00,s1051,u328,Tunisia,Mobile,Kids Show,1,8,0.63,0.42,10646,1316,LOW_BITRATE
2026-01-01 17:32:00,s1052,u1945,Cameroon,Web,Series B,1,18,0.22,0.43,4525,3194,LOW_BITRATE
2026-01-01 17:33:00,s1053,u165,Tunisia,STB,Series A,1,35,0.62,0.22,3703,2894,AUTH_ERROR
2026-01-01 17:34:00,s1054,u118,Senegal,STB,Movie C,1,78,0.71,0.44,1037,595,AUTH_ERROR
2026-01-01 17:35:00,s1055,u918,Ivory Coast,iOS,Documentary D,1,51,1.39,0.51,4766,4559,
2026-01-01 17:36:00,s1056,u1765,France,Web,Series A,1,34,1.08,0.4,7549,1624,
2026-01-01 17:37:00,s1057,u1612,Cameroon,Android TV,Documentary D,1,20,1.45,0.32,1531,1587,CDN_ERROR
2026-01-01 17:38:00,s1058,u2016,Morocco,iOS,Series B,1,60,1.17,0.13,10091,3256,CDN_ERROR
2026-01-01 17:39:00,s1059,u1617,Cameroon,Web,Documentary D,1,76,1.48,0.44,10350,3798,AUTH_ERROR
2026-01-01 17:40:00,s1060,u1648,Ivory Coast,iOS,Sport Live,1,68,0.36,0.21,7110,3581,
2026-01-01 17:41:00,s1061,u934,Senegal,STB,Movie C,1,74,0.02,0.15,7740,3260,LOW_BITRATE
2026-01-01 17:42:00,s1062,u1891,Cameroon,Smart TV,Kids Show,1,7,1.05,0.02,5201,450,BUFFERING_ERROR
2026-01-01 17:43:00,s1063,u492,Ivory Coast,iOS,Kids Show,1,32,1.06,0.38,7978,2272,STARTUP_TIMEOUT
2026-01-01 17:44:00,s1064,u1554,Cameroon,Mobile,Movie C,1,10,0.12,0.35,7013,5429,AUTH_ERROR
2026-01-01 17:45:00,s1065,u1871,Senegal,iOS,Kids Show,1,35,1.39,0.04,2645,3519,BUFFERING_ERROR
2026-01-01 17:46:00,s1066,u1504,Tunisia,iOS,Documentary D,1,51,0.47,0.28,8120,1301,LOW_BITRATE
2026-01-01 17:47:00,s1067,u510,Morocco,Web,Series A,1,12,0.92,0.11,3132,1405,BUFFERING_ERROR
2026-01-01 17:48:00,s1068,u1171,Morocco,Web,Series B,1,15,0.73,0.4,6885,643,AUTH_ERROR
2026-01-01 17:49:00,s1069,u1318,Ivory Coast,Android TV,Series A,1,11,0.06,0.11,10146,5140,LOW_BITRATE
2026-01-01 17:50:00,s1070,u173,Tunisia,Web,Kids Show,1,77,0.49,0.36,4107,1463,AUTH_ERROR
2026-01-01 17:51:00,s1071,u1840,Tunisia,Android TV,Sport Live,1,15,0.51,0.18,9211,5932,
2026-01-01 17:52:00,s1072,u160,Tunisia,Web,Sport Live,1,40,1.11,0.12,10609,2445,CDN_ERROR
2026-01-01 17:53:00,s1073,u576,Morocco,Android TV,Series B,1,57,0.42,0.45,1192,3719,AUTH_ERROR
2026-01-01 17:54:00,s1074,u1235,Tunisia,iOS,Documentary D,1,59,0.88,0.32,5852,1718,
2026-01-01 17:55:00,s1075,u2336,Cameroon,Smart TV,Movie C,1,8,1.31,0.31,5503,4499,LOW_BITRATE
2026-01-01 17:56:00,s1076,u162,Cameroon,Mobile,Series A,1,89,1.27,0.38,2438,1678,
2026-01-01 17:57:00,s1077,u699,Tunisia,STB,Kids Show,1,68,1.28,0.53,5373,4489,LOW_BITRATE
2026-01-01 17:58:00,s1078,u1131,Tunisia,Android TV,Series B,1,81,0.57,0.47,11231,5439,BUFFERING_ERROR
2026-01-01 17:59:00,s1079,u982,Tunisia,Web,Series B,1,66,0.63,0.21,6489,1469,BUFFERING_ERROR
2026-01-01 18:00:00,s1080,u1598,Tunisia,Mobile,Documentary D,1,19,1.46,0.38,2457,4949,LOW_BITRATE
2026-01-01 18:01:00,s1081,u1558,Ivory Coast,Web,Kids Show,1,37,0.57,0.09,4386,1116,
2026-01-01 18:02:00,s1082,u1157,France,STB,Series B,1,6,1.11,0.36,4029,2300,
2026-01-01 18:03:00,s1083,u1702,Cameroon,STB,Documentary D,1,77,0.03,0.34,4425,2970,AUTH_ERROR
2026-01-01 18:04:00,s1084,u1258,Cameroon,Mobile,Series A,1,75,1.26,0.48,4653,2581,
2026-01-01 18:05:00,s1085,u235,Ivory Coast,Mobile,Sport Live,1,68,0.97,0.34,602,1352,
2026-01-01 18:06:00,s1086,u2092,France,iOS,Series A,1,76,1.0,0.21,2860,2539,STARTUP_TIMEOUT
2026-01-01 18:07:00,s1087,u2107,France,STB,Kids Show,1,59,0.74,0.05,9749,5932,AUTH_ERROR
2026-01-01 18:08:00,s1088,u1410,France,Smart TV,Movie C,1,87,0.95,0.13,11532,3689,
2026-01-01 18:09:00,s1089,u2354,Tunisia,STB,Kids Show,1,73,1.11,0.34,3987,5390,AUTH_ERROR
2026-01-01 18:10:00,s1090,u269,France,Web,Sport Live,1,16,0.1,0.52,1105,5196,
2026-01-01 18:11:00,s1091,u76,Senegal,Web,Kids Show,1,63,0.69,0.53,1131,3256,
2026-01-01 18:12:00,s1092,u1030,Senegal,Android TV,Documentary D,1,56,1.13,0.54,8249,5258,
2026-01-01 18:13:00,s1093,u2421,Ivory Coast,iOS,Series A,1,41,1.08,0.27,11805,879,CDN_ERROR
2026-01-01 18:14:00,s1094,u1421,Senegal,iOS,Kids Show,1,29,0.15,0.06,7712,428,BUFFERING_ERROR
2026-01-01 18:15:00,s1095,u2115,Tunisia,STB,Series A,1,63,1.32,0.47,10055,4457,
2026-01-01 18:16:00,s1096,u444,Ivory Coast,iOS,Documentary D,1,3,0.05,0.08,4971,3957,
2026-01-01 18:17:00,s1097,u1568,Tunisia,STB,Kids Show,1,75,0.17,0.44,5052,5347,CDN_ERROR
2026-01-01 18:18:00,s1098,u1460,France,Android TV,Documentary D,1,67,1.45,0.23,6917,1085,BUFFERING_ERROR
2026-01-01 18:19:00,s1099,u1733,Ivory Coast,iOS,Documentary D,1,76,1.31,0.34,10160,1170,
2026-01-01 18:20:00,s1100,u1949,Cameroon,Mobile,Kids Show,1,49,0.35,0.23,3291,3433,LOW_BITRATE
2026-01-01 18:21:00,s1101,u356,Cameroon,iOS,Movie C,1,90,0.15,0.52,5812,3211,
2026-01-01 18:22:00,s1102,u2286,France,Mobile,Sport Live,1,34,0.23,0.54,7492,2489,BUFFERING_ERROR
2026-01-01 18:23:00,s1103,u2204,Tunisia,Smart TV,Documentary D,1,51,1.48,0.16,4417,5369,BUFFERING_ERROR
2026-01-01 18:24:00,s1104,u1868,Tunisia,Android TV,Series B,1,11,0.25,0.15,8127,921,
2026-01-01 18:25:00,s1105,u2052,France,Mobile,Movie C,1,41,0.59,0.39,11268,561,AUTH_ERROR
2026-01-01 18:26:00,s1106,u2395,Cameroon,Mobile,Kids Show,1,6,0.99,0.17,8892,2420,AUTH_ERROR
2026-01-01 18:27:00,s1107,u1434,Cameroon,STB,Series A,1,9,0.04,0.18,11377,716,LOW_BITRATE
2026-01-01 18:28:00,s1108,u487,Morocco,iOS,Documentary D,1,65,0.7,0.06,1094,3302,STARTUP_TIMEOUT
2026-01-01 18:29:00,s1109,u1279,Cameroon,Smart TV,Movie C,1,87,0.03,0.06,10193,1128,
2026-01-01 18:30:00,s1110,u493,France,Smart TV,Kids Show,1,42,1.2,0.47,6434,2426,AUTH_ERROR
2026-01-01 18:31:00,s1111,u2485,Tunisia,Web,Documentary D,1,67,0.33,0.09,5611,1220,
2026-01-01 18:32:00,s1112,u2378,Morocco,iOS,Kids Show,1,78,0.87,0.23,10851,5230,LOW_BITRATE
2026-01-01 18:33:00,s1113,u337,Tunisia,Android TV,Series A,1,53,0.74,0.02,821,1556,LOW_BITRATE
2026-01-01 18:34:00,s1114,u2055,Cameroon,STB,Documentary D,1,59,0.99,0.25,546,4407,
2026-01-01 18:35:00,s1115,u838,Tunisia,STB,Series B,1,27,1.03,0.44,3757,1947,
2026-01-01 18:36:00,s1116,u1345,Cameroon,iOS,Series B,1,87,1.41,0.19,8208,2941,CDN_ERROR
2026-01-01 18:37:00,s1117,u2040,France,Smart TV,Documentary D,1,12,0.58,0.09,7487,5033,STARTUP_TIMEOUT
2026-01-01 18:38:00,s1118,u1864,Ivory Coast,Mobile,Movie C,1,21,0.4,0.16,10527,482,
2026-01-01 18:39:00,s1119,u1090,Ivory Coast,Smart TV,Kids Show,1,61,0.69,0.15,1031,3903,AUTH_ERROR
2026-01-01 18:40:00,s1120,u601,France,Smart TV,Sport Live,1,33,0.13,0.04,1252,4907,
2026-01-01 18:41:00,s1121,u2321,Cameroon,Android TV,Movie C,1,78,0.95,0.29,5867,4100,
2026-01-01 18:42:00,s1122,u1191,Morocco,STB,Sport Live,1,73,0.65,0.45,858,5935,BUFFERING_ERROR
2026-01-01 18:43:00,s1123,u678,Tunisia,Smart TV,Sport Live,1,39,1.23,0.46,3938,4096,CDN_ERROR
2026-01-01 18:44:00,s1124,u1948,Senegal,Web,Documentary D,1,2,0.41,0.03,10213,4057,STARTUP_TIMEOUT
2026-01-01 18:45:00,s1125,u782,Cameroon,iOS,Documentary D,1,36,0.18,0.3,10981,5554,
2026-01-01 18:46:00,s1126,u899,Ivory Coast,Web,Movie C,1,23,1.41,0.38,6343,1746,
2026-01-01 18:47:00,s1127,u1519,France,Smart TV,Kids Show,1,25,0.54,0.35,5205,4412,
2026-01-01 18:48:00,s1128,u1004,France,Web,Documentary D,1,90,0.91,0.16,9988,5890,BUFFERING_ERROR
2026-01-01 18:49:00,s1129,u262,Ivory Coast,STB,Series A,1,75,1.46,0.09,774,1516,
2026-01-01 18:50:00,s1130,u388,Senegal,STB,Series B,1,12,1.17,0.02,6851,4400,BUFFERING_ERROR
2026-01-01 18:51:00,s1131,u2106,Cameroon,iOS,Movie C,1,13,0.79,0.27,6431,709,
2026-01-01 18:52:00,s1132,u223,Cameroon,Mobile,Movie C,1,70,0.22,0.51,2732,5216,CDN_ERROR
2026-01-01 18:53:00,s1133,u2202,Tunisia,Android TV,Sport Live,1,28,0.51,0.01,3067,1457,STARTUP_TIMEOUT
2026-01-01 18:54:00,s1134,u191,Senegal,Android TV,Movie C,1,28,1.48,0.33,4759,1064,AUTH_ERROR
2026-01-01 18:55:00,s1135,u2161,Morocco,Mobile,Series B,1,22,0.81,0.54,11726,2490,
2026-01-01 18:56:00,s1136,u159,Morocco,STB,Series B,1,44,0.95,0.16,7991,4145,
2026-01-01 18:57:00,s1137,u1867,Cameroon,STB,Documentary D,1,39,0.63,0.12,2930,1638,
2026-01-01 18:58:00,s1138,u1921,Senegal,Mobile,Documentary D,1,19,0.45,0.13,8554,4346,
2026-01-01 18:59:00,s1139,u1675,Tunisia,Web,Sport Live,1,17,0.94,0.06,1988,5083,STARTUP_TIMEOUT
2026-01-01 19:00:00,s1140,u484,Cameroon,Mobile,Kids Show,1,19,0.77,0.52,1647,3236,
2026-01-01 19:01:00,s1141,u65,France,iOS,Sport Live,1,18,0.05,0.12,2063,5997,BUFFERING_ERROR
2026-01-01 19:02:00,s1142,u1178,Ivory Coast,iOS,Kids Show,1,23,0.49,0.49,10918,1463,
2026-01-01 19:03:00,s1143,u1476,Tunisia,iOS,Series B,1,15,0.29,0.44,8537,5098,STARTUP_TIMEOUT
2026-01-01 19:04:00,s1144,u154,Senegal,Android TV,Kids Show,1,39,0.47,0.39,5002,1693,
2026-01-01 19:05:00,s1145,u490,Senegal,Android TV,Series A,1,40,1.08,0.13,3519,1191,
2026-01-01 19:06:00,s1146,u1971,Tunisia,Mobile,Kids Show,1,19,1.25,0.07,7511,4342,STARTUP_TIMEOUT
2026-01-01 19:07:00,s1147,u2055,Morocco,iOS,Series A,1,40,0.85,0.19,11573,5544,AUTH_ERROR
2026-01-01 19:08:00,s1148,u512,Tunisia,iOS,Documentary D,1,82,1.06,0.53,5956,1571,AUTH_ERROR
2026-01-01 19:09:00,s1149,u2325,Morocco,Android TV,Series B,1,85,0.01,0.45,7938,1357,BUFFERING_ERROR
2026-01-01 19:10:00,s1150,u805,Senegal,Mobile,Series A,1,18,0.14,0.29,7532,5078,
2026-01-01 19:11:00,s1151,u1434,France,STB,Movie C,1,14,0.26,0.36,8465,5450,BUFFERING_ERROR
2026-01-01 19:12:00,s1152,u1566,Senegal,Web,Kids Show,1,40,1.08,0.44,6324,1505,STARTUP_TIMEOUT
2026-01-01 19:13:00,s1153,u2013,Senegal,Android TV,Series B,1,27,1.24,0.11,4937,5858,LOW_BITRATE
2026-01-01 19:14:00,s1154,u1329,France,Mobile,Series B,1,29,0.58,0.23,3744,3902,STARTUP_TIMEOUT
2026-01-01 19:15:00,s1155,u25,Senegal,Web,Series A,1,49,0.32,0.1,6384,1664,
2026-01-01 19:16:00,s1156,u546,Senegal,Web,Series A,1,44,1.45,0.29,697,2465,LOW_BITRATE
2026-01-01 19:17:00,s1157,u381,Cameroon,STB,Kids Show,1,16,0.72,0.32,5439,2486,AUTH_ERROR
2026-01-01 19:18:00,s1158,u1327,France,Android TV,Series A,1,6,1.43,0.36,7704,1234,STARTUP_TIMEOUT
2026-01-01 19:19:00,s1159,u1927,Ivory Coast,Smart TV,Series B,1,66,0.42,0.54,11563,4947,CDN_ERROR
2026-01-01 19:20:00,s1160,u12,Morocco,Android TV,Movie C,1,28,0.93,0.27,8303,2547,
2026-01-01 19:21:00,s1161,u902,Ivory Coast,Android TV,Movie C,1,34,0.22,0.45,6017,2287,STARTUP_TIMEOUT
2026-01-01 19:22:00,s1162,u937,Cameroon,Mobile,Series A,1,7,0.69,0.05,11510,1252,STARTUP_TIMEOUT
2026-01-01 19:23:00,s1163,u144,Senegal,Mobile,Movie C,1,75,0.45,0.37,4336,1535,
2026-01-01 19:24:00,s1164,u1406,Cameroon,Smart TV,Series A,1,68,1.23,0.09,3678,5502,
2026-01-01 19:25:00,s1165,u631,Morocco,Mobile,Sport Live,1,27,1.16,0.17,7609,1395,CDN_ERROR
2026-01-01 19:26:00,s1166,u1961,Morocco,STB,Sport Live,1,13,0.82,0.12,4392,4909,BUFFERING_ERROR
2026-01-01 19:27:00,s1167,u605,Cameroon,Web,Kids Show,1,31,0.88,0.46,10442,2610,
2026-01-01 19:28:00,s1168,u863,Cameroon,Mobile,Movie C,1,1,0.56,0.37,2089,1089,
2026-01-01 19:29:00,s1169,u2404,Morocco,Smart TV,Series B,1,26,0.68,0.5,2911,4953,LOW_BITRATE
2026-01-01 19:30:00,s1170,u550,France,Mobile,Kids Show,1,8,0.21,0.08,2413,4855,AUTH_ERROR
2026-01-01 19:31:00,s1171,u785,Cameroon,STB,Kids Show,1,68,1.41,0.3,6193,4145,CDN_ERROR
2026-01-01 19:32:00,s1172,u2195,Ivory Coast,Mobile,Documentary D,1,42,0.18,0.24,2854,1539,
2026-01-01 19:33:00,s1173,u888,Ivory Coast,Android TV,Series B,1,70,0.48,0.24,1362,3445,
2026-01-01 19:34:00,s1174,u535,Morocco,Web,Series B,1,8,0.08,0.24,2713,1278,LOW_BITRATE
2026-01-01 19:35:00,s1175,u1662,Senegal,iOS,Kids Show,1,41,0.88,0.51,1983,1616,
2026-01-01 19:36:00,s1176,u2123,Senegal,Android TV,Series A,1,12,0.54,0.35,8336,2325,LOW_BITRATE
2026-01-01 19:37:00,s1177,u473,Senegal,Android TV,Documentary D,1,1,1.05,0.37,4653,4509,STARTUP_TIMEOUT
2026-01-01 19:38:00,s1178,u1896,Tunisia,STB,Series B,1,59,0.77,0.24,11083,1858,LOW_BITRATE
2026-01-01 19:39:00,s1179,u1912,Tunisia,Android TV,Documentary D,1,63,0.23,0.19,9730,1732,
2026-01-01 19:40:00,s1180,u1342,Tunisia,iOS,Series B,1,2,0.17,0.29,836,5173,BUFFERING_ERROR
2026-01-01 19:41:00,s1181,u1799,Morocco,Web,Movie C,1,65,0.62,0.11,9993,5356,STARTUP_TIMEOUT
2026-01-01 19:42:00,s1182,u1866,France,STB,Series B,1,79,1.09,0.23,9761,2380,BUFFERING_ERROR
2026-01-01 19:43:00,s1183,u1731,Ivory Coast,Smart TV,Sport Live,1,87,1.24,0.05,3444,3644,
2026-01-01 19:44:00,s1184,u199,Tunisia,STB,Kids Show,1,54,0.25,0.49,6793,1797,
2026-01-01 19:45:00,s1185,u1776,Senegal,Smart TV,Kids Show,1,48,0.45,0.42,740,4688,
2026-01-01 19:46:00,s1186,u1475,France,Web,Kids Show,1,47,1.35,0.3,10169,5773,AUTH_ERROR
2026-01-01 19:47:00,s1187,u319,Tunisia,Mobile,Series A,1,69,0.64,0.15,9614,1660,LOW_BITRATE
2026-01-01 19:48:00,s1188,u2107,Tunisia,STB,Documentary D,1,14,0.35,0.17,10096,5960,AUTH_ERROR
2026-01-01 19:49:00,s1189,u1770,Cameroon,iOS,Documentary D,1,65,0.24,0.1,5080,1276,STARTUP_TIMEOUT
2026-01-01 19:50:00,s1190,u1254,Morocco,iOS,Sport Live,1,23,0.17,0.1,586,552,STARTUP_TIMEOUT
2026-01-01 19:51:00,s1191,u1813,France,Android TV,Documentary D,1,53,0.3,0.16,6010,707,LOW_BITRATE
2026-01-01 19:52:00,s1192,u1235,Ivory Coast,Mobile,Kids Show,1,75,0.32,0.21,7778,1141,AUTH_ERROR
2026-01-01 19:53:00,s1193,u996,Morocco,Mobile,Series A,1,28,0.13,0.21,1198,5108,STARTUP_TIMEOUT
2026-01-01 19:54:00,s1194,u2491,Ivory Coast,Mobile,Series A,1,85,0.23,0.45,9617,4557,BUFFERING_ERROR
2026-01-01 19:55:00,s1195,u956,France,STB,Movie C,1,48,1.13,0.21,786,1525,CDN_ERROR
2026-01-01 19:56:00,s1196,u777,France,STB,Series B,1,19,1.21,0.48,11641,5231,
2026-01-01 19:57:00,s1197,u1845,Tunisia,Android TV,Movie C,1,60,0.3,0.44,6461,1759,
2026-01-01 19:58:00,s1198,u282,Senegal,Mobile,Documentary D,1,50,0.42,0.51,7319,3277,
2026-01-01 19:59:00,s1199,u2076,France,Mobile,Series B,1,60,0.1,0.04,3985,1307,LOW_BITRATE
2026-01-01 20:00:00,s1200,u1365,Cameroon,STB,Documentary D,1,31,1.31,0.35,2359,3022,CDN_ERROR
2026-01-01 20:01:00,s1201,u2490,Tunisia,STB,Sport Live,1,83,1.32,0.2,1635,3949,
2026-01-01 20:02:00,s1202,u1285,Senegal,iOS,Series B,1,79,1.15,0.05,8834,5042,STARTUP_TIMEOUT
2026-01-01 20:03:00,s1203,u1602,Cameroon,Smart TV,Sport Live,1,83,0.9,0.44,2094,2910,
2026-01-01 20:04:00,s1204,u577,Morocco,Web,Series B,1,1,1.13,0.29,8557,1062,
2026-01-01 20:05:00,s1205,u1871,France,iOS,Sport Live,1,37,0.48,0.53,3030,5746,
2026-01-01 20:06:00,s1206,u1230,France,Smart TV,Kids Show,1,21,0.99,0.06,7959,4768,STARTUP_TIMEOUT
2026-01-01 20:07:00,s1207,u1374,Ivory Coast,STB,Series A,1,39,0.29,0.13,3251,4595,CDN_ERROR
2026-01-01 20:08:00,s1208,u1535,Cameroon,iOS,Series B,1,11,0.08,0.09,2977,5639,CDN_ERROR
2026-01-01 20:09:00,s1209,u801,Tunisia,Android TV,Series B,1,2,0.29,0.27,2646,3260,AUTH_ERROR
2026-01-01 20:10:00,s1210,u1825,Cameroon,Android TV,Documentary D,1,12,0.35,0.1,4643,4232,BUFFERING_ERROR
2026-01-01 20:11:00,s1211,u230,Ivory Coast,Web,Series B,1,37,1.23,0.41,6668,554,
2026-01-01 20:12:00,s1212,u2414,Cameroon,Android TV,Kids Show,1,27,1.12,0.09,8711,5279,
2026-01-01 20:13:00,s1213,u636,Tunisia,iOS,Movie C,1,14,0.86,0.34,5842,1645,
2026-01-01 20:14:00,s1214,u2316,Morocco,Web,Series B,1,10,0.74,0.32,3608,731,
2026-01-01 20:15:00,s1215,u197,Senegal,Web,Series B,1,87,1.25,0.02,6630,1257,STARTUP_TIMEOUT
2026-01-01 20:16:00,s1216,u671,Senegal,Web,Kids Show,1,30,0.82,0.5,7249,4087,
2026-01-01 20:17:00,s1217,u140,Senegal,Web,Series A,1,7,0.37,0.28,2420,3087,
2026-01-01 20:18:00,s1218,u1317,Morocco,iOS,Kids Show,1,67,0.32,0.48,2666,1671,BUFFERING_ERROR
2026-01-01 20:19:00,s1219,u413,Ivory Coast,Web,Sport Live,1,79,1.16,0.42,9212,2302,
2026-01-01 20:20:00,s1220,u773,Senegal,iOS,Series B,1,41,0.63,0.05,8153,4257,
2026-01-01 20:21:00,s1221,u253,France,STB,Sport Live,1,30,1.21,0.43,11360,1783,BUFFERING_ERROR
2026-01-01 20:22:00,s1222,u2022,France,Smart TV,Movie C,1,83,0.03,0.35,8990,3828,BUFFERING_ERROR
2026-01-01 20:23:00,s1223,u493,Tunisia,Android TV,Series A,1,18,1.18,0.07,2359,5769,
2026-01-01 20:24:00,s1224,u912,Ivory Coast,Smart TV,Sport Live,1,77,0.05,0.23,10544,5105,
2026-01-01 20:25:00,s1225,u1510,France,STB,Series B,1,22,0.1,0.22,9188,843,STARTUP_TIMEOUT
2026-01-01 20:26:00,s1226,u14,Ivory Coast,iOS,Movie C,1,9,0.58,0.07,4974,3284,BUFFERING_ERROR
2026-01-01 20:27:00,s1227,u3,Morocco,iOS,Documentary D,1,69,1.15,0.07,6204,4024,
2026-01-01 20:28:00,s1228,u314,France,Mobile,Kids Show,1,89,1.0,0.3,7460,3915,LOW_BITRATE
2026-01-01 20:29:00,s1229,u1772,Senegal,Web,Series A,1,26,1.4,0.23,3362,3047,LOW_BITRATE
2026-01-01 20:30:00,s1230,u1417,Tunisia,Web,Series B,1,17,1.15,0.3,7760,1515,AUTH_ERROR
2026-01-01 20:31:00,s1231,u528,Morocco,STB,Sport Live,1,81,0.09,0.16,6146,670,
2026-01-01 20:32:00,s1232,u624,Cameroon,iOS,Series A,1,61,0.05,0.49,529,2241,STARTUP_TIMEOUT
2026-01-01 20:33:00,s1233,u2370,Ivory Coast,iOS,Documentary D,1,66,1.1,0.35,8031,1519,
2026-01-01 20:34:00,s1234,u412,Ivory Coast,Android TV,Series B,1,35,0.52,0.15,11222,4752,CDN_ERROR
2026-01-01 20:35:00,s1235,u1427,Cameroon,STB,Series B,1,33,0.63,0.21,3515,1207,BUFFERING_ERROR
2026-01-01 20:36:00,s1236,u344,Morocco,STB,Series B,1,61,1.34,0.45,847,4185,
2026-01-01 20:37:00,s1237,u321,France,STB,Movie C,1,80,0.51,0.23,4098,3887,AUTH_ERROR
2026-01-01 20:38:00,s1238,u388,Cameroon,STB,Series A,1,27,0.79,0.39,2052,834,
2026-01-01 20:39:00,s1239,u1022,Cameroon,Android TV,Movie C,1,14,0.71,0.15,3559,4371,AUTH_ERROR
2026-01-01 20:40:00,s1240,u279,Morocco,Android TV,Series A,1,59,1.17,0.1,3271,4381,STARTUP_TIMEOUT
2026-01-01 20:41:00,s1241,u1143,Ivory Coast,Web,Movie C,1,2,0.95,0.1,10211,5883,
2026-01-01 20:42:00,s1242,u1633,France,Web,Kids Show,1,76,0.23,0.42,8879,2588,
2026-01-01 20:43:00,s1243,u2481,Ivory Coast,Smart TV,Series B,1,8,1.44,0.15,5158,4880,STARTUP_TIMEOUT
2026-01-01 20:44:00,s1244,u164,Morocco,STB,Documentary D,1,75,0.43,0.17,4309,4335,AUTH_ERROR
2026-01-01 20:45:00,s1245,u1833,Cameroon,Mobile,Documentary D,1,41,0.52,0.02,4131,877,
2026-01-01 20:46:00,s1246,u349,Ivory Coast,Smart TV,Documentary D,1,60,0.8,0.18,3696,4647,BUFFERING_ERROR
2026-01-01 20:47:00,s1247,u2487,Ivory Coast,STB,Series A,1,67,0.3,0.21,6906,4434,AUTH_ERROR
2026-01-01 20:48:00,s1248,u187,Senegal,Mobile,Series A,1,2,0.52,0.33,4486,3345,STARTUP_TIMEOUT
2026-01-01 20:49:00,s1249,u63,France,iOS,Documentary D,1,53,0.17,0.46,9096,2570,
2026-01-01 20:50:00,s1250,u882,Senegal,Smart TV,Sport Live,1,68,0.75,0.2,4001,3666,
2026-01-01 20:51:00,s1251,u1750,Ivory Coast,Smart TV,Kids Show,1,74,1.44,0.53,10986,3383,AUTH_ERROR
2026-01-01 20:52:00,s1252,u1199,Morocco,Android TV,Movie C,1,87,0.62,0.16,2069,2217,BUFFERING_ERROR
2026-01-01 20:53:00,s1253,u1428,Morocco,iOS,Series A,1,39,0.14,0.13,1839,3818,LOW_BITRATE
2026-01-01 20:54:00,s1254,u108,Ivory Coast,iOS,Documentary D,1,81,0.81,0.45,4125,1409,LOW_BITRATE
2026-01-01 20:55:00,s1255,u752,Tunisia,Smart TV,Documentary D,1,6,0.06,0.16,1211,2984,BUFFERING_ERROR
2026-01-01 20:56:00,s1256,u1997,Ivory Coast,iOS,Series B,1,2,1.22,0.08,11189,2316,
2026-01-01 20:57:00,s1257,u1331,Tunisia,Android TV,Documentary D,1,86,0.97,0.36,1471,4355,
2026-01-01 20:58:00,s1258,u984,Morocco,iOS,Series A,1,6,0.51,0.26,10618,790,AUTH_ERROR
2026-01-01 20:59:00,s1259,u1486,France,iOS,Documentary D,1,29,1.13,0.02,11614,1256,BUFFERING_ERROR
2026-01-01 21:00:00,s1260,u2365,Ivory Coast,Web,Movie C,1,11,0.96,0.5,5765,4657,CDN_ERROR
2026-01-01 21:01:00,s1261,u201,Cameroon,STB,Series B,1,29,1.44,0.18,1379,544,STARTUP_TIMEOUT
2026-01-01 21:02:00,s1262,u1029,Cameroon,iOS,Series A,1,37,1.33,0.03,6352,1440,LOW_BITRATE
2026-01-01 21:03:00,s1263,u570,Cameroon,Android TV,Series A,1,47,0.04,0.3,11041,1025,LOW_BITRATE
2026-01-01 21:04:00,s1264,u992,Senegal,iOS,Series A,1,46,0.46,0.17,4262,1631,
2026-01-01 21:05:00,s1265,u338,France,Android TV,Kids Show,1,51,1.38,0.19,8219,5126,
2026-01-01 21:06:00,s1266,u2105,Morocco,Mobile,Series A,1,89,1.04,0.21,10789,646,BUFFERING_ERROR
2026-01-01 21:07:00,s1267,u1247,Senegal,STB,Kids Show,1,8,1.19,0.11,9742,2711,CDN_ERROR
2026-01-01 21:08:00,s1268,u1782,France,STB,Series A,1,4,0.17,0.47,2604,2993,AUTH_ERROR
2026-01-01 21:09:00,s1269,u114,Senegal,Android TV,Movie C,1,51,1.19,0.01,10446,5297,STARTUP_TIMEOUT
2026-01-01 21:10:00,s1270,u221,Ivory Coast,STB,Documentary D,1,17,0.35,0.18,9605,1637,
2026-01-01 21:11:00,s1271,u832,Senegal,Smart TV,Series A,1,6,1.49,0.28,5958,1486,BUFFERING_ERROR
2026-01-01 21:12:00,s1272,u1474,Ivory Coast,Smart TV,Sport Live,1,82,1.29,0.35,4698,5326,
2026-01-01 21:13:00,s1273,u301,Ivory Coast,STB,Movie C,1,6,1.33,0.37,3923,5389,LOW_BITRATE
2026-01-01 21:14:00,s1274,u2427,France,Mobile,Series A,1,25,0.54,0.5,6695,1539,CDN_ERROR
2026-01-01 21:15:00,s1275,u2498,Morocco,Mobile,Series B,1,19,0.54,0.25,9427,5120,
2026-01-01 21:16:00,s1276,u2015,Cameroon,STB,Series A,1,79,0.98,0.54,5768,988,
2026-01-01 21:17:00,s1277,u2161,Ivory Coast,iOS,Kids Show,1,42,0.1,0.17,602,1411,
2026-01-01 21:18:00,s1278,u93,Ivory Coast,STB,Kids Show,1,3,0.84,0.26,5346,5643,
2026-01-01 21:19:00,s1279,u1442,France,Mobile,Sport Live,1,27,0.26,0.21,1973,2031,
2026-01-01 21:20:00,s1280,u1989,Cameroon,Smart TV,Kids Show,1,20,0.01,0.53,8165,5918,
2026-01-01 21:21:00,s1281,u587,Cameroon,iOS,Sport Live,1,49,1.08,0.13,8589,5605,STARTUP_TIMEOUT
2026-01-01 21:22:00,s1282,u1319,Cameroon,iOS,Series B,1,44,0.64,0.46,3504,964,AUTH_ERROR
2026-01-01 21:23:00,s1283,u2323,Tunisia,iOS,Sport Live,1,24,0.21,0.15,2564,4799,
2026-01-01 21:24:00,s1284,u901,Tunisia,Web,Sport Live,1,49,0.93,0.19,1212,975,CDN_ERROR
2026-01-01 21:25:00,s1285,u2227,Cameroon,Smart TV,Documentary D,1,51,1.16,0.08,9104,4777,
2026-01-01 21:26:00,s1286,u97,Senegal,iOS,Documentary D,1,36,0.24,0.43,577,2345,AUTH_ERROR
2026-01-01 21:27:00,s1287,u1966,Tunisia,STB,Movie C,1,27,0.75,0.19,2712,4061,
2026-01-01 21:28:00,s1288,u1109,France,Smart TV,Series B,1,43,0.15,0.2,6572,612,STARTUP_TIMEOUT
2026-01-01 21:29:00,s1289,u932,Senegal,Web,Series B,1,90,1.33,0.07,4181,4532,CDN_ERROR
2026-01-01 21:30:00,s1290,u1876,Tunisia,Web,Series B,1,37,1.26,0.04,3550,5850,
2026-01-01 21:31:00,s1291,u1791,Ivory Coast,Mobile,Sport Live,1,74,0.89,0.52,4109,1211,BUFFERING_ERROR
2026-01-01 21:32:00,s1292,u2115,Cameroon,Mobile,Series A,1,43,0.1,0.52,5828,3121,AUTH_ERROR
2026-01-01 21:33:00,s1293,u426,Ivory Coast,Smart TV,Movie C,1,42,0.97,0.14,939,4873,
2026-01-01 21:34:00,s1294,u1025,Cameroon,STB,Series B,1,13,0.18,0.12,1095,4743,BUFFERING_ERROR
2026-01-01 21:35:00,s1295,u596,Tunisia,Mobile,Documentary D,1,33,0.85,0.28,8706,1092,
2026-01-01 21:36:00,s1296,u705,Cameroon,Mobile,Sport Live,1,41,0.35,0.39,11060,3429,
2026-01-01 21:37:00,s1297,u11,Morocco,iOS,Series A,1,3,0.47,0.28,9966,4014,LOW_BITRATE
2026-01-01 21:38:00,s1298,u437,Ivory Coast,Android TV,Movie C,1,30,0.83,0.33,6237,2252,
2026-01-01 21:39:00,s1299,u665,Cameroon,Smart TV,Kids Show,1,20,0.64,0.08,5625,4160,LOW_BITRATE
2026-01-01 21:40:00,s1300,u2464,Senegal,Android TV,Movie C,1,80,0.36,0.07,3796,1574,CDN_ERROR
2026-01-01 21:41:00,s1301,u1439,Morocco,Smart TV,Sport Live,1,54,0.82,0.07,4675,4040,STARTUP_TIMEOUT
2026-01-01 21:42:00,s1302,u2244,Tunisia,iOS,Sport Live,1,64,1.27,0.38,7386,4470,AUTH_ERROR
2026-01-01 21:43:00,s1303,u638,Tunisia,STB,Series A,1,34,1.39,0.44,7674,3326,
2026-01-01 21:44:00,s1304,u889,France,Android TV,Movie C,1,2,0.88,0.11,5016,4293,
2026-01-01 21:45:00,s1305,u2374,Senegal,Android TV,Kids Show,1,63,0.08,0.22,10037,4361,
2026-01-01 21:46:00,s1306,u1108,Tunisia,Mobile,Kids Show,1,73,0.66,0.27,7238,4588,
2026-01-01 21:47:00,s1307,u1443,Cameroon,Web,Documentary D,1,48,0.07,0.54,7278,3028,CDN_ERROR
2026-01-01 21:48:00,s1308,u303,Tunisia,Mobile,Series A,1,57,0.42,0.17,1165,2084,
2026-01-01 21:49:00,s1309,u566,Ivory Coast,iOS,Documentary D,1,75,0.67,0.34,4389,1364,LOW_BITRATE
2026-01-01 21:50:00,s1310,u2453,Morocco,STB,Series A,1,70,0.38,0.11,513,4951,
2026-01-01 21:51:00,s1311,u956,Tunisia,Mobile,Series A,1,29,1.26,0.13,8899,2102,
2026-01-01 21:52:00,s1312,u2365,France,iOS,Kids Show,1,59,0.2,0.33,830,4471,CDN_ERROR
2026-01-01 21:53:00,s1313,u339,France,Smart TV,Series A,1,32,1.28,0.33,3055,1012,LOW_BITRATE
2026-01-01 21:54:00,s1314,u1119,Ivory Coast,Smart TV,Series A,1,90,1.29,0.52,10295,425,LOW_BITRATE
2026-01-01 21:55:00,s1315,u157,Tunisia,Android TV,Series A,1,5,1.11,0.15,5420,2787,
2026-01-01 21:56:00,s1316,u896,Morocco,Mobile,Series A,1,52,1.33,0.5,4280,1819,
2026-01-01 21:57:00,s1317,u545,Ivory Coast,Mobile,Sport Live,1,16,0.76,0.45,9080,3522,
2026-01-01 21:58:00,s1318,u230,Ivory Coast,Mobile,Series A,1,3,1.3,0.17,5145,1786,LOW_BITRATE
2026-01-01 21:59:00,s1319,u636,Morocco,STB,Series A,1,86,1.33,0.48,6678,1468,
2026-01-01 22:00:00,s1320,u251,Cameroon,STB,Kids Show,1,76,0.15,0.46,3682,4074,AUTH_ERROR
2026-01-01 22:01:00,s1321,u1212,Senegal,Mobile,Sport Live,1,15,0.39,0.4,9591,3199,
2026-01-01 22:02:00,s1322,u2265,Ivory Coast,Web,Movie C,1,1,1.5,0.13,1043,5799,
2026-01-01 22:03:00,s1323,u1447,Tunisia,iOS,Kids Show,1,88,0.92,0.5,4004,3864,
2026-01-01 22:04:00,s1324,u121,Ivory Coast,iOS,Series A,1,73,1.26,0.22,5017,4266,
2026-01-01 22:05:00,s1325,u1876,Morocco,STB,Series A,1,46,1.13,0.04,6302,3386,
2026-01-01 22:06:00,s1326,u2422,Cameroon,STB,Sport Live,1,9,1.16,0.26,1886,4030,
2026-01-01 22:07:00,s1327,u526,France,Web,Kids Show,1,39,1.07,0.1,11651,2608,CDN_ERROR
2026-01-01 22:08:00,s1328,u1421,Cameroon,Mobile,Series A,1,86,0.94,0.46,1015,1433,LOW_BITRATE
2026-01-01 22:09:00,s1329,u633,Tunisia,Mobile,Series B,1,53,1.02,0.06,6436,939,
2026-01-01 22:10:00,s1330,u1201,Senegal,Android TV,Movie C,1,32,0.14,0.34,6766,5619,CDN_ERROR
2026-01-01 22:11:00,s1331,u1518,Tunisia,STB,Documentary D,1,56,1.34,0.47,9429,577,STARTUP_TIMEOUT
2026-01-01 22:12:00,s1332,u1541,Cameroon,STB,Series A,1,38,1.42,0.1,6975,1441,
2026-01-01 22:13:00,s1333,u1550,Tunisia,Web,Series B,1,17,1.02,0.25,2655,1784,LOW_BITRATE
2026-01-01 22:14:00,s1334,u1943,Tunisia,STB,Documentary D,1,11,0.93,0.15,5829,1984,AUTH_ERROR
2026-01-01 22:15:00,s1335,u2378,Cameroon,Mobile,Series A,1,4,1.48,0.52,5585,2665,
2026-01-01 22:16:00,s1336,u2256,Cameroon,Mobile,Documentary D,1,1,1.46,0.1,11446,2925,CDN_ERROR
2026-01-01 22:17:00,s1337,u975,Morocco,STB,Series A,1,48,0.32,0.15,3277,445,STARTUP_TIMEOUT
2026-01-01 22:18:00,s1338,u1404,Morocco,Android TV,Documentary D,1,51,1.17,0.48,1285,2585,
2026-01-01 22:19:00,s1339,u840,Senegal,Smart TV,Movie C,1,70,0.41,0.02,3612,708,LOW_BITRATE
2026-01-01 22:20:00,s1340,u712,Tunisia,Android TV,Sport Live,1,25,0.3,0.21,7825,3885,BUFFERING_ERROR
2026-01-01 22:21:00,s1341,u344,Senegal,Smart TV,Series A,1,30,0.57,0.15,5906,5613,BUFFERING_ERROR
2026-01-01 22:22:00,s1342,u566,Tunisia,STB,Series A,1,86,1.08,0.51,11177,4608,
2026-01-01 22:23:00,s1343,u1586,Senegal,Smart TV,Series B,1,49,1.07,0.03,3269,1493,STARTUP_TIMEOUT
2026-01-01 22:24:00,s1344,u2170,France,Mobile,Documentary D,1,2,0.05,0.55,5540,1683,CDN_ERROR
2026-01-01 22:25:00,s1345,u259,Ivory Coast,Smart TV,Movie C,1,85,0.29,0.19,7212,613,STARTUP_TIMEOUT
2026-01-01 22:26:00,s1346,u1288,Morocco,Mobile,Sport Live,1,66,1.19,0.07,823,5712,LOW_BITRATE
2026-01-01 22:27:00,s1347,u2499,Ivory Coast,Mobile,Series B,1,77,0.86,0.08,9597,5016,
2026-01-01 22:28:00,s1348,u450,Tunisia,Smart TV,Sport Live,1,90,1.38,0.26,5006,1401,STARTUP_TIMEOUT
2026-01-01 22:29:00,s1349,u1779,Senegal,Android TV,Series A,1,14,1.47,0.13,9195,5195,
2026-01-01 22:30:00,s1350,u922,Senegal,Web,Documentary D,1,22,0.94,0.35,11942,5520,
2026-01-01 22:31:00,s1351,u745,Senegal,iOS,Kids Show,1,72,1.47,0.44,10092,2806,CDN_ERROR
2026-01-01 22:32:00,s1352,u1348,Cameroon,Android TV,Documentary D,1,40,0.51,0.24,6301,2327,
2026-01-01 22:33:00,s1353,u1588,Ivory Coast,Smart TV,Documentary D,1,59,0.94,0.24,7405,2809,AUTH_ERROR
2026-01-01 22:34:00,s1354,u750,France,Android TV,Sport Live,1,78,0.97,0.13,7716,1762,BUFFERING_ERROR
2026-01-01 22:35:00,s1355,u77,Morocco,Mobile,Kids Show,1,58,1.04,0.3,1362,2310,LOW_BITRATE
2026-01-01 22:36:00,s1356,u643,Ivory Coast,iOS,Documentary D,1,30,0.9,0.07,8572,3370,AUTH_ERROR
2026-01-01 22:37:00,s1357,u817,Senegal,STB,Kids Show,1,16,1.0,0.21,7424,5858,
2026-01-01 22:38:00,s1358,u793,Ivory Coast,Android TV,Movie C,1,44,0.29,0.25,6740,3658,
2026-01-01 22:39:00,s1359,u610,Ivory Coast,Smart TV,Sport Live,1,48,0.8,0.22,1545,5118,AUTH_ERROR
2026-01-01 22:40:00,s1360,u982,Tunisia,Web,Movie C,1,66,1.02,0.31,9619,4884,CDN_ERROR
2026-01-01 22:41:00,s1361,u1634,Morocco,STB,Documentary D,1,89,0.8,0.08,2180,2229,CDN_ERROR
2026-01-01 22:42:00,s1362,u2385,Tunisia,Smart TV,Series B,1,65,0.48,0.14,5415,3874,
2026-01-01 22:43:00,s1363,u582,Senegal,STB,Series B,1,73,1.1,0.27,3598,2407,AUTH_ERROR
2026-01-01 22:44:00,s1364,u1378,Senegal,Android TV,Movie C,1,65,1.11,0.53,7434,439,
2026-01-01 22:45:00,s1365,u1119,Ivory Coast,Web,Documentary D,1,78,1.07,0.43,11229,5247,LOW_BITRATE
2026-01-01 22:46:00,s1366,u1492,Senegal,Smart TV,Sport Live,1,77,0.54,0.38,10708,2079,STARTUP_TIMEOUT
2026-01-01 22:47:00,s1367,u1454,Ivory Coast,Web,Sport Live,1,57,0.38,0.3,9105,5758,BUFFERING_ERROR
2026-01-01 22:48:00,s1368,u2481,Morocco,iOS,Kids Show,1,69,1.03,0.09,10586,3219,
2026-01-01 22:49:00,s1369,u535,Senegal,Smart TV,Documentary D,1,36,0.59,0.08,8338,3540,
2026-01-01 22:50:00,s1370,u2255,Cameroon,Android TV,Kids Show,1,61,1.38,0.29,1112,1097,AUTH_ERROR
2026-01-01 22:51:00,s1371,u869,France,STB,Documentary D,1,44,1.36,0.54,2068,1062,
2026-01-01 22:52:00,s1372,u2031,France,Web,Movie C,1,50,0.65,0.46,4695,2297,AUTH_ERROR
2026-01-01 22:53:00,s1373,u71,Ivory Coast,iOS,Series B,1,56,0.53,0.47,1355,1759,LOW_BITRATE
2026-01-01 22:54:00,s1374,u1674,Senegal,STB,Kids Show,1,84,1.07,0.08,6615,5811,AUTH_ERROR
2026-01-01 22:55:00,s1375,u2117,France,Android TV,Sport Live,1,67,0.56,0.38,2969,4786,LOW_BITRATE
2026-01-01 22:56:00,s1376,u1863,France,iOS,Sport Live,1,81,0.77,0.26,1847,3097,
2026-01-01 22:57:00,s1377,u152,Ivory Coast,Web,Series B,1,64,1.03,0.28,9622,434,STARTUP_TIMEOUT
2026-01-01 22:58:00,s1378,u1539,Cameroon,Android TV,Movie C,1,71,0.26,0.54,4817,2430,
2026-01-01 22:59:00,s1379,u2134,Morocco,STB,Documentary D,1,56,1.16,0.39,5892,5778,
2026-01-01 23:00:00,s1380,u186,France,Web,Series A,1,13,1.16,0.41,2553,448,
2026-01-01 23:01:00,s1381,u2153,Tunisia,Web,Sport Live,1,63,0.5,0.26,7956,2239,
2026-01-01 23:02:00,s1382,u2175,Cameroon,Smart TV,Series B,1,64,1.08,0.2,7547,889,STARTUP_TIMEOUT
2026-01-01 23:03:00,s1383,u1127,Senegal,Web,Movie C,1,33,0.81,0.06,11452,2583,LOW_BITRATE
2026-01-01 23:04:00,s1384,u355,France,Android TV,Series B,1,87,0.69,0.43,11448,2942,
2026-01-01 23:05:00,s1385,u929,Morocco,Android TV,Series A,1,1,0.32,0.09,5103,4700,
2026-01-01 23:06:00,s1386,u1199,Morocco,Android TV,Documentary D,1,87,1.21,0.07,5456,3932,
2026-01-01 23:07:00,s1387,u1101,Cameroon,Mobile,Series B,1,25,0.16,0.16,8842,4878,AUTH_ERROR
2026-01-01 23:08:00,s1388,u2424,France,Mobile,Sport Live,1,34,0.76,0.18,10887,1801,
2026-01-01 23:09:00,s1389,u1169,Ivory Coast,Smart TV,Kids Show,1,51,1.26,0.31,1132,1562,
2026-01-01 23:10:00,s1390,u1957,Senegal,Web,Series B,1,19,1.42,0.26,2952,2852,
2026-01-01 23:11:00,s1391,u484,Ivory Coast,iOS,Documentary D,1,15,0.17,0.22,9540,4754,CDN_ERROR
2026-01-01 23:12:00,s1392,u2440,Cameroon,Smart TV,Movie C,1,69,1.05,0.37,2090,5190,CDN_ERROR
2026-01-01 23:13:00,s1393,u18,Senegal,Mobile,Kids Show,1,44,1.43,0.3,899,4802,LOW_BITRATE
2026-01-01 23:14:00,s1394,u769,Tunisia,Mobile,Documentary D,1,17,0.55,0.15,3312,650,
2026-01-01 23:15:00,s1395,u229,Senegal,STB,Kids Show,1,8,0.28,0.12,2911,2233,AUTH_ERROR
2026-01-01 23:16:00,s1396,u2019,Cameroon,iOS,Movie C,1,61,0.49,0.41,2247,4269,AUTH_ERROR
2026-01-01 23:17:00,s1397,u2,Ivory Coast,Smart TV,Movie C,1,8,1.48,0.45,9888,5333,
2026-01-01 23:18:00,s1398,u1333,Cameroon,STB,Sport Live,1,78,0.41,0.17,7250,3522,
2026-01-01 23:19:00,s1399,u720,Cameroon,Smart TV,Series A,1,73,0.1,0.37,10481,5258,LOW_BITRATE
2026-01-01 23:20:00,s1400,u1001,Tunisia,STB,Kids Show,1,53,0.92,0.29,10376,1057,AUTH_ERROR
2026-01-01 23:21:00,s1401,u158,Morocco,STB,Kids Show,1,1,0.51,0.48,5868,1950,
2026-01-01 23:22:00,s1402,u1216,Tunisia,Smart TV,Series A,1,4,0.76,0.26,2087,5554,AUTH_ERROR
2026-01-01 23:23:00,s1403,u624,Cameroon,Smart TV,Series B,1,62,0.22,0.53,8804,2336,
2026-01-01 23:24:00,s1404,u2173,Morocco,Mobile,Sport Live,1,37,0.27,0.04,1225,4558,STARTUP_TIMEOUT
2026-01-01 23:25:00,s1405,u1857,Cameroon,Android TV,Kids Show,1,72,0.02,0.21,8687,2279,LOW_BITRATE
2026-01-01 23:26:00,s1406,u1714,Ivory Coast,Mobile,Kids Show,1,27,0.24,0.4,3632,1937,LOW_BITRATE
2026-01-01 23:27:00,s1407,u445,Cameroon,Android TV,Documentary D,1,30,0.66,0.48,1889,5329,
2026-01-01 23:28:00,s1408,u1483,Morocco,Smart TV,Series A,1,21,1.25,0.27,9018,2204,STARTUP_TIMEOUT
2026-01-01 23:29:00,s1409,u1216,Tunisia,Web,Sport Live,1,35,0.47,0.41,10384,4866,LOW_BITRATE
2026-01-01 23:30:00,s1410,u24,Morocco,Mobile,Series B,1,59,1.0,0.54,6338,2281,CDN_ERROR
2026-01-01 23:31:00,s1411,u700,France,Smart TV,Series B,1,32,1.37,0.41,3719,2624,BUFFERING_ERROR
2026-01-01 23:32:00,s1412,u1471,Morocco,Web,Kids Show,1,69,0.33,0.53,7437,5061,
2026-01-01 23:33:00,s1413,u2183,Ivory Coast,iOS,Documentary D,1,44,1.41,0.42,3214,2638,BUFFERING_ERROR
2026-01-01 23:34:00,s1414,u2381,France,iOS,Documentary D,1,25,1.07,0.09,11016,2626,
2026-01-01 23:35:00,s1415,u1789,Ivory Coast,Web,Movie C,1,22,1.4,0.31,3406,5120,LOW_BITRATE
2026-01-01 23:36:00,s1416,u1897,Tunisia,Smart TV,Series B,1,58,0.68,0.17,2690,2081,
2026-01-01 23:37:00,s1417,u1678,Tunisia,iOS,Documentary D,1,10,1.1,0.18,11625,2466,LOW_BITRATE
2026-01-01 23:38:00,s1418,u1522,France,Smart TV,Sport Live,1,80,1.48,0.53,9658,2170,STARTUP_TIMEOUT
2026-01-01 23:39:00,s1419,u1418,Tunisia,STB,Documentary D,1,65,0.07,0.54,10307,5099,
2026-01-01 23:40:00,s1420,u1104,Tunisia,Android TV,Movie C,1,16,0.97,0.43,6064,3107,LOW_BITRATE
2026-01-01 23:41:00,s1421,u126,Cameroon,iOS,Sport Live,1,38,1.12,0.01,9350,5412,BUFFERING_ERROR
2026-01-01 23:42:00,s1422,u170,Cameroon,Android TV,Movie C,1,59,0.52,0.24,869,5053,
2026-01-01 23:43:00,s1423,u1329,Senegal,Android TV,Kids Show,1,54,1.01,0.42,7067,1027,LOW_BITRATE
2026-01-01 23:44:00,s1424,u2183,France,Android TV,Series B,1,29,1.21,0.17,8781,2671,
2026-01-01 23:45:00,s1425,u1774,France,Web,Sport Live,1,29,0.32,0.23,2261,4119,BUFFERING_ERROR
2026-01-01 23:46:00,s1426,u1401,Morocco,Android TV,Movie C,1,26,1.47,0.02,11800,5083,LOW_BITRATE
2026-01-01 23:47:00,s1427,u554,Senegal,Smart TV,Series B,1,65,1.14,0.35,9053,3303,CDN_ERROR
2026-01-01 23:48:00,s1428,u1889,Cameroon,STB,Documentary D,1,76,0.94,0.24,2248,2062,BUFFERING_ERROR
2026-01-01 23:49:00,s1429,u1215,France,Android TV,Sport Live,1,76,0.54,0.39,8791,3747,LOW_BITRATE
2026-01-01 23:50:00,s1430,u1141,Ivory Coast,iOS,Series A,1,17,1.41,0.54,571,5203,LOW_BITRATE
2026-01-01 23:51:00,s1431,u468,Ivory Coast,Web,Series B,1,18,1.23,0.3,7243,1266,BUFFERING_ERROR
2026-01-01 23:52:00,s1432,u542,Tunisia,iOS,Kids Show,1,63,1.28,0.53,5198,4480,AUTH_ERROR
2026-01-01 23:53:00,s1433,u1948,Morocco,Web,Movie C,1,9,0.59,0.44,4969,4758,
2026-01-01 23:54:00,s1434,u1084,Tunisia,iOS,Kids Show,1,90,1.03,0.04,592,3211,LOW_BITRATE
2026-01-01 23:55:00,s1435,u302,Senegal,Android TV,Documentary D,1,2,1.15,0.51,2379,4824,CDN_ERROR
2026-01-01 23:56:00,s1436,u934,Tunisia,Android TV,Series B,1,4,0.19,0.18,3379,5024,STARTUP_TIMEOUT
2026-01-01 23:57:00,s1437,u2100,Senegal,iOS,Series B,1,57,1.32,0.5,2026,4439,
2026-01-01 23:58:00,s1438,u2038,Ivory Coast,iOS,Sport Live,1,36,0.46,0.17,10350,5294,BUFFERING_ERROR
2026-01-01 23:59:00,s1439,u411,Ivory Coast,Web,Series A,1,53,0.89,0.19,10679,1829,
2026-01-02 00:00:00,s1440,u1530,Morocco,Smart TV,Series B,1,26,0.26,0.45,7815,2042,BUFFERING_ERROR
2026-01-02 00:01:00,s1441,u397,France,STB,Sport Live,1,44,0.63,0.5,9207,1630,
2026-01-02 00:02:00,s1442,u988,Ivory Coast,Mobile,Movie C,1,4,0.59,0.48,11300,2128,AUTH_ERROR
2026-01-02 00:03:00,s1443,u2033,Ivory Coast,STB,Sport Live,1,64,0.95,0.41,7735,2536,BUFFERING_ERROR
2026-01-02 00:04:00,s1444,u485,France,Web,Sport Live,1,3,0.69,0.52,6445,4142,LOW_BITRATE
2026-01-02 00:05:00,s1445,u1111,France,Mobile,Kids Show,1,34,0.62,0.15,6289,4343,STARTUP_TIMEOUT
2026-01-02 00:06:00,s1446,u1529,Morocco,STB,Kids Show,1,18,0.24,0.29,11548,5144,
2026-01-02 00:07:00,s1447,u2338,Tunisia,Android TV,Series A,1,5,0.44,0.54,4939,3819,BUFFERING_ERROR
2026-01-02 00:08:00,s1448,u944,Tunisia,Smart TV,Series B,1,68,0.33,0.36,9059,3798,
2026-01-02 00:09:00,s1449,u1922,Cameroon,Smart TV,Sport Live,1,3,1.34,0.4,5071,3370,LOW_BITRATE
2026-01-02 00:10:00,s1450,u1597,Cameroon,Android TV,Sport Live,1,25,0.59,0.47,3914,4599,CDN_ERROR
2026-01-02 00:11:00,s1451,u1686,Tunisia,Web,Sport Live,1,26,0.82,0.26,3478,1760,CDN_ERROR
2026-01-02 00:12:00,s1452,u486,Ivory Coast,Smart TV,Kids Show,1,89,1.49,0.49,6832,4412,STARTUP_TIMEOUT
2026-01-02 00:13:00,s1453,u2466,Cameroon,iOS,Series B,1,17,0.62,0.5,9588,3008,STARTUP_TIMEOUT
2026-01-02 00:14:00,s1454,u1328,France,Android TV,Kids Show,1,36,0.7,0.24,918,2634,CDN_ERROR
2026-01-02 00:15:00,s1455,u2365,Ivory Coast,Mobile,Series A,1,2,0.23,0.14,1101,3770,CDN_ERROR
2026-01-02 00:16:00,s1456,u1028,France,STB,Kids Show,1,9,0.83,0.3,10738,4554,LOW_BITRATE
2026-01-02 00:17:00,s1457,u804,France,Mobile,Kids Show,1,48,0.43,0.41,9665,2861,
2026-01-02 00:18:00,s1458,u1727,France,Mobile,Documentary D,1,13,0.07,0.12,9847,1999,STARTUP_TIMEOUT
2026-01-02 00:19:00,s1459,u2332,Tunisia,Web,Series B,1,64,0.99,0.06,2455,4483,AUTH_ERROR
2026-01-02 00:20:00,s1460,u689,France,STB,Movie C,1,29,0.53,0.22,8940,5645,STARTUP_TIMEOUT
2026-01-02 00:21:00,s1461,u880,Ivory Coast,Web,Documentary D,1,36,1.04,0.03,4285,578,STARTUP_TIMEOUT
2026-01-02 00:22:00,s1462,u973,Tunisia,Mobile,Series B,1,1,0.63,0.05,4690,5277,BUFFERING_ERROR
2026-01-02 00:23:00,s1463,u938,Cameroon,Web,Documentary D,1,12,0.89,0.11,3569,5306,CDN_ERROR
2026-01-02 00:24:00,s1464,u2040,Senegal,Web,Kids Show,1,45,0.18,0.48,9408,3375,STARTUP_TIMEOUT
2026-01-02 00:25:00,s1465,u978,Tunisia,iOS,Documentary D,1,86,0.42,0.44,8332,4937,LOW_BITRATE
2026-01-02 00:26:00,s1466,u915,Tunisia,Android TV,Documentary D,1,16,1.3,0.16,9948,4148,BUFFERING_ERROR
2026-01-02 00:27:00,s1467,u1628,Cameroon,Android TV,Documentary D,1,56,0.12,0.03,6620,5270,STARTUP_TIMEOUT
2026-01-02 00:28:00,s1468,u2012,Cameroon,Web,Series A,1,1,0.76,0.51,745,1107,BUFFERING_ERROR
2026-01-02 00:29:00,s1469,u184,Senegal,iOS,Kids Show,1,48,1.29,0.03,941,2702,STARTUP_TIMEOUT
2026-01-02 00:30:00,s1470,u259,Senegal,iOS,Movie C,1,78,0.54,0.1,9535,1590,BUFFERING_ERROR
2026-01-02 00:31:00,s1471,u1937,Tunisia,Smart TV,Kids Show,1,89,1.15,0.39,7769,5940,
2026-01-02 00:32:00,s1472,u844,Morocco,Smart TV,Series B,1,50,1.32,0.5,1495,4432,
2026-01-02 00:33:00,s1473,u1979,Ivory Coast,Android TV,Kids Show,1,66,1.13,0.07,2106,1138,
2026-01-02 00:34:00,s1474,u977,Tunisia,iOS,Movie C,1,7,1.09,0.35,2684,5593,CDN_ERROR
2026-01-02 00:35:00,s1475,u2422,Morocco,Android TV,Kids Show,1,7,0.79,0.04,10467,2362,
2026-01-02 00:36:00,s1476,u1109,Tunisia,iOS,Series B,1,10,1.41,0.28,10924,4795,
2026-01-02 00:37:00,s1477,u453,Morocco,iOS,Kids Show,1,36,0.38,0.02,549,2816,
2026-01-02 00:38:00,s1478,u2081,Cameroon,iOS,Movie C,1,79,1.45,0.17,1139,3476,BUFFERING_ERROR
2026-01-02 00:39:00,s1479,u51,Ivory Coast,Mobile,Kids Show,1,46,1.3,0.24,5850,3132,BUFFERING_ERROR
2026-01-02 00:40:00,s1480,u2260,Cameroon,STB,Kids Show,1,23,0.42,0.09,7375,3436,AUTH_ERROR
2026-01-02 00:41:00,s1481,u2419,Morocco,STB,Sport Live,1,54,0.65,0.23,8857,2160,
2026-01-02 00:42:00,s1482,u1390,Ivory Coast,Mobile,Documentary D,1,51,0.19,0.3,11472,5510,
2026-01-02 00:43:00,s1483,u2002,France,Web,Movie C,1,54,0.23,0.4,10434,3680,BUFFERING_ERROR
2026-01-02 00:44:00,s1484,u2163,Senegal,Mobile,Series B,1,14,0.83,0.33,3589,3030,BUFFERING_ERROR
2026-01-02 00:45:00,s1485,u2334,Ivory Coast,Mobile,Kids Show,1,61,0.61,0.2,3523,3452,
2026-01-02 00:46:00,s1486,u1297,Ivory Coast,Android TV,Sport Live,1,27,0.44,0.37,1672,3520,
2026-01-02 00:47:00,s1487,u226,France,Android TV,Movie C,1,65,1.43,0.11,2735,5763,CDN_ERROR
2026-01-02 00:48:00,s1488,u249,Ivory Coast,Smart TV,Kids Show,1,35,0.52,0.14,3733,5761,
2026-01-02 00:49:00,s1489,u807,Ivory Coast,Mobile,Kids Show,1,65,0.45,0.27,1993,5264,
2026-01-02 00:50:00,s1490,u882,France,Web,Kids Show,1,17,0.24,0.51,1385,3922,AUTH_ERROR
2026-01-02 00:51:00,s1491,u22,France,iOS,Series A,1,65,1.44,0.13,7677,5226,STARTUP_TIMEOUT
2026-01-02 00:52:00,s1492,u2376,Morocco,Mobile,Movie C,1,29,0.49,0.06,6558,4894,BUFFERING_ERROR
2026-01-02 00:53:00,s1493,u258,Morocco,iOS,Movie C,1,48,1.12,0.27,699,2312,STARTUP_TIMEOUT
2026-01-02 00:54:00,s1494,u1158,Morocco,Web,Documentary D,1,15,0.77,0.49,5293,4010,BUFFERING_ERROR
2026-01-02 00:55:00,s1495,u1296,Ivory Coast,Android TV,Documentary D,1,20,0.04,0.44,4466,5025,
2026-01-02 00:56:00,s1496,u2018,Tunisia,Mobile,Kids Show,1,3,1.42,0.31,9524,414,
2026-01-02 00:57:00,s1497,u1187,Tunisia,Mobile,Documentary D,1,35,0.04,0.18,2778,5125,
2026-01-02 00:58:00,s1498,u958,Cameroon,Android TV,Movie C,1,62,0.89,0.54,3481,5715,BUFFERING_ERROR
2026-01-02 00:59:00,s1499,u2075,France,Mobile,Documentary D,1,80,1.46,0.14,7126,3928,BUFFERING_ERROR
2026-01-02 01:00:00,s1500,u621,France,STB,Series B,1,59,1.48,0.06,10386,5842,
2026-01-02 01:01:00,s1501,u403,Morocco,Mobile,Series A,1,26,0.7,0.35,7646,4289,CDN_ERROR
2026-01-02 01:02:00,s1502,u1725,Cameroon,Android TV,Series B,1,22,1.25,0.27,10851,5895,
2026-01-02 01:03:00,s1503,u1112,Tunisia,Web,Series A,1,18,0.19,0.25,4385,1977,LOW_BITRATE
2026-01-02 01:04:00,s1504,u735,Tunisia,Smart TV,Movie C,1,54,0.81,0.23,10968,1760,
2026-01-02 01:05:00,s1505,u1612,Morocco,iOS,Series B,1,11,0.24,0.38,4293,1788,LOW_BITRATE
2026-01-02 01:06:00,s1506,u739,France,Mobile,Documentary D,1,44,0.9,0.42,9066,3321,CDN_ERROR
2026-01-02 01:07:00,s1507,u22,Morocco,Mobile,Documentary D,1,84,0.67,0.11,9457,5043,STARTUP_TIMEOUT
2026-01-02 01:08:00,s1508,u1788,Cameroon,Smart TV,Series B,1,63,0.82,0.19,10871,4033,LOW_BITRATE
2026-01-02 01:09:00,s1509,u1386,Tunisia,Web,Kids Show,1,64,0.51,0.44,10830,4340,
2026-01-02 01:10:00,s1510,u940,Morocco,Smart TV,Series B,1,69,0.52,0.27,10138,4419,
2026-01-02 01:11:00,s1511,u229,Ivory Coast,STB,Documentary D,1,72,0.49,0.04,8702,4244,STARTUP_TIMEOUT
2026-01-02 01:12:00,s1512,u385,Senegal,Smart TV,Documentary D,1,63,0.65,0.01,7196,1514,AUTH_ERROR
2026-01-02 01:13:00,s1513,u765,Tunisia,Web,Documentary D,1,22,0.45,0.19,10969,3711,STARTUP_TIMEOUT
2026-01-02 01:14:00,s1514,u1722,Tunisia,STB,Kids Show,1,83,0.53,0.38,11868,5722,
2026-01-02 01:15:00,s1515,u396,Senegal,Smart TV,Series B,1,8,0.22,0.34,717,2467,CDN_ERROR
2026-01-02 01:16:00,s1516,u23,Cameroon,Web,Series B,1,87,0.72,0.38,6879,4561,STARTUP_TIMEOUT
2026-01-02 01:17:00,s1517,u125,France,Mobile,Series A,1,8,1.4,0.44,3073,1062,
2026-01-02 01:18:00,s1518,u2311,France,Mobile,Series A,1,54,0.91,0.19,9298,617,
2026-01-02 01:19:00,s1519,u1689,Morocco,Android TV,Series B,1,31,0.28,0.06,1267,2219,
2026-01-02 01:20:00,s1520,u1545,Tunisia,Web,Kids Show,1,22,1.08,0.36,7646,3144,STARTUP_TIMEOUT
2026-01-02 01:21:00,s1521,u740,Tunisia,Android TV,Series B,1,75,0.05,0.46,5708,4342,
2026-01-02 01:22:00,s1522,u97,Tunisia,Mobile,Sport Live,1,57,1.37,0.35,3795,1431,
2026-01-02 01:23:00,s1523,u1410,Senegal,iOS,Series A,1,19,0.28,0.34,3841,3944,LOW_BITRATE
2026-01-02 01:24:00,s1524,u1542,Senegal,iOS,Kids Show,1,26,0.87,0.28,9092,3888,
2026-01-02 01:25:00,s1525,u373,France,Web,Sport Live,1,50,0.19,0.16,9932,4052,AUTH_ERROR
2026-01-02 01:26:00,s1526,u1753,Ivory Coast,Mobile,Movie C,1,21,0.11,0.36,1627,2303,
2026-01-02 01:27:00,s1527,u1453,Ivory Coast,Web,Series B,1,63,1.21,0.26,3186,1584,STARTUP_TIMEOUT
2026-01-02 01:28:00,s1528,u2257,Ivory Coast,Android TV,Movie C,1,27,1.2,0.31,10667,2023,STARTUP_TIMEOUT
2026-01-02 01:29:00,s1529,u925,Ivory Coast,Mobile,Sport Live,1,51,0.65,0.46,9200,1762,AUTH_ERROR
2026-01-02 01:30:00,s1530,u621,Ivory Coast,iOS,Sport Live,1,3,0.44,0.46,3179,3898,BUFFERING_ERROR
2026-01-02 01:31:00,s1531,u1584,Cameroon,iOS,Movie C,1,11,0.04,0.06,7362,4900,CDN_ERROR
2026-01-02 01:32:00,s1532,u500,Senegal,STB,Series A,1,45,1.5,0.01,775,4994,LOW_BITRATE
2026-01-02 01:33:00,s1533,u759,Senegal,Mobile,Sport Live,1,77,0.71,0.12,1698,5692,
2026-01-02 01:34:00,s1534,u1234,Cameroon,iOS,Movie C,1,44,0.69,0.26,7042,3661,BUFFERING_ERROR
2026-01-02 01:35:00,s1535,u378,Tunisia,Web,Documentary D,1,34,1.08,0.15,8958,1813,BUFFERING_ERROR
2026-01-02 01:36:00,s1536,u2330,Ivory Coast,Web,Documentary D,1,68,0.66,0.18,10930,687,BUFFERING_ERROR
2026-01-02 01:37:00,s1537,u814,Ivory Coast,Web,Series A,1,22,0.41,0.19,5019,4410,
2026-01-02 01:38:00,s1538,u635,Tunisia,Android TV,Sport Live,1,67,0.4,0.44,1589,824,LOW_BITRATE
2026-01-02 01:39:00,s1539,u2022,Ivory Coast,Mobile,Kids Show,1,21,1.18,0.53,11212,4343,BUFFERING_ERROR
2026-01-02 01:40:00,s1540,u2477,Cameroon,STB,Kids Show,1,36,0.6,0.54,3774,547,
2026-01-02 01:41:00,s1541,u1650,Senegal,Mobile,Sport Live,1,66,0.85,0.13,6635,1392,
2026-01-02 01:42:00,s1542,u262,Tunisia,Smart TV,Movie C,1,16,0.04,0.48,10456,3953,
2026-01-02 01:43:00,s1543,u860,Cameroon,iOS,Movie C,1,31,1.09,0.45,1062,2101,AUTH_ERROR
2026-01-02 01:44:00,s1544,u2021,France,iOS,Sport Live,1,87,1.34,0.2,6054,2239,STARTUP_TIMEOUT
2026-01-02 01:45:00,s1545,u1140,Cameroon,STB,Sport Live,1,18,0.54,0.21,5271,5348,
2026-01-02 01:46:00,s1546,u564,Morocco,Smart TV,Kids Show,1,86,1.36,0.02,5222,1150,
2026-01-02 01:47:00,s1547,u1586,France,Android TV,Series A,1,58,1.19,0.05,9530,2791,STARTUP_TIMEOUT
2026-01-02 01:48:00,s1548,u2181,Morocco,Web,Series B,1,51,0.73,0.54,10179,1045,BUFFERING_ERROR
2026-01-02 01:49:00,s1549,u2060,Senegal,Android TV,Series A,1,88,0.25,0.37,11454,2881,
2026-01-02 01:50:00,s1550,u1225,Cameroon,Smart TV,Sport Live,1,3,1.44,0.39,5386,1216,BUFFERING_ERROR
2026-01-02 01:51:00,s1551,u1873,Tunisia,Smart TV,Movie C,1,29,0.05,0.07,2108,1448,LOW_BITRATE
2026-01-02 01:52:00,s1552,u2035,Morocco,STB,Documentary D,1,71,1.28,0.21,3472,4000,
2026-01-02 01:53:00,s1553,u724,Ivory Coast,Web,Series B,1,21,0.04,0.05,10169,2508,AUTH_ERROR
2026-01-02 01:54:00,s1554,u262,Cameroon,iOS,Sport Live,1,16,0.41,0.45,4850,5360,
2026-01-02 01:55:00,s1555,u1765,Ivory Coast,Mobile,Documentary D,1,29,0.58,0.31,10799,5344,AUTH_ERROR
2026-01-02 01:56:00,s1556,u1719,Morocco,Android TV,Series B,1,62,0.23,0.14,10844,2709,BUFFERING_ERROR
2026-01-02 01:57:00,s1557,u569,Senegal,STB,Series B,1,28,1.26,0.44,3002,5940,LOW_BITRATE
2026-01-02 01:58:00,s1558,u2224,Cameroon,Mobile,Movie C,1,53,0.76,0.42,6222,4342,LOW_BITRATE
2026-01-02 01:59:00,s1559,u111,Morocco,Android TV,Sport Live,1,73,1.2,0.13,1513,1007,
2026-01-02 02:00:00,s1560,u387,France,Smart TV,Series A,1,86,1.16,0.11,2481,1089,
2026-01-02 02:01:00,s1561,u2389,Cameroon,Mobile,Kids Show,1,42,1.47,0.07,585,5852,
2026-01-02 02:02:00,s1562,u543,Tunisia,STB,Series A,1,34,0.73,0.26,1516,996,LOW_BITRATE
2026-01-02 02:03:00,s1563,u1450,France,Android TV,Series A,1,1,0.51,0.22,11486,4474,
2026-01-02 02:04:00,s1564,u1446,France,iOS,Kids Show,1,19,1.0,0.42,9335,4907,
2026-01-02 02:05:00,s1565,u1745,Cameroon,Smart TV,Movie C,1,90,0.07,0.32,7209,1538,
2026-01-02 02:06:00,s1566,u292,Morocco,Mobile,Series A,1,49,0.63,0.32,8524,1913,
2026-01-02 02:07:00,s1567,u1498,Ivory Coast,Smart TV,Movie C,1,14,1.36,0.12,5182,2754,AUTH_ERROR
2026-01-02 02:08:00,s1568,u1617,Cameroon,iOS,Series A,1,87,0.17,0.08,6013,2913,LOW_BITRATE
2026-01-02 02:09:00,s1569,u2123,Morocco,Mobile,Series B,1,90,1.45,0.55,2811,1284,STARTUP_TIMEOUT
2026-01-02 02:10:00,s1570,u910,Cameroon,Web,Movie C,1,33,0.77,0.37,3599,2811,
2026-01-02 02:11:00,s1571,u922,Morocco,iOS,Series A,1,29,0.13,0.04,6817,1597,CDN_ERROR
2026-01-02 02:12:00,s1572,u1283,Ivory Coast,iOS,Documentary D,1,27,0.67,0.12,7369,5376,
2026-01-02 02:13:00,s1573,u752,France,Android TV,Sport Live,1,34,0.02,0.38,7843,5345,AUTH_ERROR
2026-01-02 02:14:00,s1574,u1718,Morocco,STB,Series B,1,76,1.06,0.17,11884,4326,CDN_ERROR
2026-01-02 02:15:00,s1575,u1549,France,iOS,Kids Show,1,62,0.31,0.08,4248,3839,LOW_BITRATE
2026-01-02 02:16:00,s1576,u2323,Morocco,Smart TV,Sport Live,1,1,1.4,0.08,3468,5336,
2026-01-02 02:17:00,s1577,u1057,Tunisia,STB,Movie C,1,44,0.14,0.37,6627,4608,LOW_BITRATE
2026-01-02 02:18:00,s1578,u1513,Ivory Coast,Mobile,Series B,1,23,0.86,0.19,11274,5926,
2026-01-02 02:19:00,s1579,u1510,France,iOS,Series B,1,25,0.17,0.05,1432,1641,BUFFERING_ERROR
2026-01-02 02:20:00,s1580,u1515,Ivory Coast,Mobile,Series B,1,62,1.09,0.12,4113,4229,AUTH_ERROR
2026-01-02 02:21:00,s1581,u608,Ivory Coast,Web,Sport Live,1,71,0.31,0.3,3243,4728,CDN_ERROR
2026-01-02 02:22:00,s1582,u1473,Morocco,iOS,Sport Live,1,11,1.14,0.25,8125,5575,
2026-01-02 02:23:00,s1583,u176,Morocco,Smart TV,Kids Show,1,25,1.06,0.42,629,3321,STARTUP_TIMEOUT
2026-01-02 02:24:00,s1584,u2195,Morocco,STB,Kids Show,1,80,1.19,0.37,6785,4272,
2026-01-02 02:25:00,s1585,u1453,Cameroon,Android TV,Series A,1,20,1.37,0.35,8302,3893,STARTUP_TIMEOUT
2026-01-02 02:26:00,s1586,u839,Morocco,STB,Series B,1,63,1.34,0.26,10322,1736,CDN_ERROR
2026-01-02 02:27:00,s1587,u1725,Tunisia,Web,Documentary D,1,1,1.11,0.39,1632,3210,BUFFERING_ERROR
2026-01-02 02:28:00,s1588,u740,Morocco,Smart TV,Series B,1,90,1.08,0.41,10686,557,
2026-01-02 02:29:00,s1589,u443,Tunisia,Android TV,Series A,1,29,1.38,0.3,11210,1888,
2026-01-02 02:30:00,s1590,u1788,Cameroon,STB,Kids Show,1,10,1.21,0.05,2488,2339,BUFFERING_ERROR
2026-01-02 02:31:00,s1591,u308,Cameroon,Smart TV,Sport Live,1,90,0.65,0.47,3506,475,AUTH_ERROR
2026-01-02 02:32:00,s1592,u2380,Tunisia,Android TV,Movie C,1,89,1.36,0.35,11620,2486,
2026-01-02 02:33:00,s1593,u366,Tunisia,iOS,Movie C,1,49,0.5,0.25,2536,5209,STARTUP_TIMEOUT
2026-01-02 02:34:00,s1594,u2117,Senegal,STB,Movie C,1,57,0.77,0.11,5409,3098,
2026-01-02 02:35:00,s1595,u2462,Ivory Coast,STB,Kids Show,1,69,0.48,0.16,1572,4141,
2026-01-02 02:36:00,s1596,u217,France,Smart TV,Documentary D,1,35,0.64,0.31,11868,973,LOW_BITRATE
2026-01-02 02:37:00,s1597,u660,Morocco,STB,Kids Show,1,41,0.34,0.35,6648,5782,AUTH_ERROR
2026-01-02 02:38:00,s1598,u2224,France,Mobile,Series B,1,85,0.47,0.19,6460,5283,
2026-01-02 02:39:00,s1599,u1261,France,iOS,Kids Show,1,62,1.39,0.42,2217,757,BUFFERING_ERROR
2026-01-02 02:40:00,s1600,u254,Tunisia,Smart TV,Series A,1,33,0.33,0.2,7253,5708,STARTUP_TIMEOUT
2026-01-02 02:41:00,s1601,u1472,Morocco,Smart TV,Kids Show,1,81,1.18,0.47,5303,1418,LOW_BITRATE
2026-01-02 02:42:00,s1602,u580,Morocco,STB,Sport Live,1,7,0.36,0.45,11389,1934,AUTH_ERROR
2026-01-02 02:43:00,s1603,u155,Morocco,Android TV,Series A,1,31,0.45,0.5,5860,5211,
2026-01-02 02:44:00,s1604,u2107,Tunisia,STB,Movie C,1,63,0.56,0.38,10207,5937,AUTH_ERROR
2026-01-02 02:45:00,s1605,u2073,Cameroon,iOS,Kids Show,1,86,1.21,0.16,11537,4387,
2026-01-02 02:46:00,s1606,u1925,Cameroon,iOS,Sport Live,1,19,1.39,0.12,6696,2426,STARTUP_TIMEOUT
2026-01-02 02:47:00,s1607,u1145,Senegal,Mobile,Movie C,1,73,0.61,0.14,11699,2424,BUFFERING_ERROR
2026-01-02 02:48:00,s1608,u951,France,STB,Documentary D,1,51,1.24,0.29,2201,5011,
2026-01-02 02:49:00,s1609,u348,France,STB,Kids Show,1,85,1.03,0.14,10407,1249,STARTUP_TIMEOUT
2026-01-02 02:50:00,s1610,u701,Cameroon,Web,Series A,1,83,0.39,0.39,9325,3248,AUTH_ERROR
2026-01-02 02:51:00,s1611,u616,Senegal,Mobile,Series A,1,90,0.3,0.32,7947,1963,LOW_BITRATE
2026-01-02 02:52:00,s1612,u1696,Senegal,Web,Documentary D,1,36,0.24,0.37,10186,699,
2026-01-02 02:53:00,s1613,u2414,Senegal,iOS,Sport Live,1,83,0.8,0.1,10894,4611,
2026-01-02 02:54:00,s1614,u550,Morocco,STB,Documentary D,1,50,1.06,0.43,4545,1963,
2026-01-02 02:55:00,s1615,u1748,Tunisia,Smart TV,Kids Show,1,84,0.18,0.47,6503,5414,
2026-01-02 02:56:00,s1616,u166,France,Smart TV,Movie C,1,10,0.59,0.35,1993,4831,
2026-01-02 02:57:00,s1617,u350,Morocco,Mobile,Movie C,1,13,0.1,0.49,7471,1637,LOW_BITRATE
2026-01-02 02:58:00,s1618,u1960,Morocco,Web,Sport Live,1,26,0.23,0.21,4784,1615,AUTH_ERROR
2026-01-02 02:59:00,s1619,u618,Morocco,Web,Kids Show,1,8,0.31,0.33,5172,710,BUFFERING_ERROR
2026-01-02 03:00:00,s1620,u642,France,iOS,Movie C,1,1,1.04,0.26,3755,966,CDN_ERROR
2026-01-02 03:01:00,s1621,u610,France,iOS,Movie C,1,19,0.62,0.25,9323,4922,STARTUP_TIMEOUT
2026-01-02 03:02:00,s1622,u2056,Cameroon,iOS,Sport Live,1,77,1.13,0.53,2305,2732,AUTH_ERROR
2026-01-02 03:03:00,s1623,u1676,Morocco,STB,Movie C,1,88,0.5,0.11,6486,5927,BUFFERING_ERROR
2026-01-02 03:04:00,s1624,u1817,France,iOS,Movie C,1,23,1.46,0.44,8281,1191,LOW_BITRATE
2026-01-02 03:05:00,s1625,u568,France,Mobile,Series B,1,49,1.36,0.13,830,1051,BUFFERING_ERROR
2026-01-02 03:06:00,s1626,u2360,Morocco,STB,Series A,1,49,1.13,0.53,10030,5076,
2026-01-02 03:07:00,s1627,u1866,Morocco,Smart TV,Movie C,1,17,1.46,0.25,8274,2092,AUTH_ERROR
2026-01-02 03:08:00,s1628,u1839,Ivory Coast,STB,Movie C,1,55,1.05,0.22,4175,3235,BUFFERING_ERROR
2026-01-02 03:09:00,s1629,u1615,Tunisia,Mobile,Kids Show,1,11,0.94,0.46,11750,2527,
2026-01-02 03:10:00,s1630,u1845,Morocco,Web,Series A,1,57,0.29,0.07,2583,5363,STARTUP_TIMEOUT
2026-01-02 03:11:00,s1631,u564,Morocco,Smart TV,Sport Live,1,55,0.68,0.32,9299,4290,STARTUP_TIMEOUT
2026-01-02 03:12:00,s1632,u1827,Morocco,Web,Series A,1,12,0.5,0.22,5247,2725,AUTH_ERROR
2026-01-02 03:13:00,s1633,u1200,Cameroon,STB,Documentary D,1,71,1.38,0.28,947,4208,AUTH_ERROR
2026-01-02 03:14:00,s1634,u2239,Tunisia,iOS,Series A,1,34,0.76,0.34,6720,4339,
2026-01-02 03:15:00,s1635,u257,France,Smart TV,Kids Show,1,57,0.74,0.44,8983,4852,AUTH_ERROR
2026-01-02 03:16:00,s1636,u68,Ivory Coast,STB,Movie C,1,14,0.19,0.13,11182,4674,BUFFERING_ERROR
2026-01-02 03:17:00,s1637,u1766,Tunisia,Mobile,Sport Live,1,65,0.37,0.3,10339,5282,STARTUP_TIMEOUT
2026-01-02 03:18:00,s1638,u214,France,Smart TV,Sport Live,1,69,0.39,0.26,1110,5586,CDN_ERROR
2026-01-02 03:19:00,s1639,u765,Morocco,Android TV,Documentary D,1,21,0.45,0.14,10175,3037,
2026-01-02 03:20:00,s1640,u137,Tunisia,Android TV,Kids Show,1,34,0.6,0.1,9308,5197,BUFFERING_ERROR
2026-01-02 03:21:00,s1641,u313,Cameroon,Web,Kids Show,1,68,0.89,0.13,1500,3774,BUFFERING_ERROR
2026-01-02 03:22:00,s1642,u1768,France,Mobile,Series B,1,87,1.15,0.05,11455,2173,STARTUP_TIMEOUT
2026-01-02 03:23:00,s1643,u447,Senegal,Android TV,Movie C,1,86,0.02,0.15,9213,1114,
2026-01-02 03:24:00,s1644,u1547,Morocco,Mobile,Kids Show,1,56,1.34,0.18,10879,5216,
2026-01-02 03:25:00,s1645,u40,Ivory Coast,Mobile,Documentary D,1,70,1.28,0.38,7372,567,
2026-01-02 03:26:00,s1646,u878,Morocco,STB,Sport Live,1,49,1.27,0.14,4892,1618,
2026-01-02 03:27:00,s1647,u2129,Morocco,STB,Kids Show,1,33,1.13,0.49,3617,3109,STARTUP_TIMEOUT
2026-01-02 03:28:00,s1648,u520,Senegal,Mobile,Movie C,1,42,1.29,0.1,2547,4918,LOW_BITRATE
2026-01-02 03:29:00,s1649,u1466,Senegal,Web,Series A,1,56,0.21,0.48,7248,5309,
2026-01-02 03:30:00,s1650,u1646,Ivory Coast,iOS,Series A,1,52,0.17,0.07,2016,2272,
2026-01-02 03:31:00,s1651,u471,Cameroon,Android TV,Documentary D,1,11,0.8,0.26,11202,3607,
2026-01-02 03:32:00,s1652,u42,Cameroon,STB,Series B,1,66,0.15,0.34,4881,2245,LOW_BITRATE
2026-01-02 03:33:00,s1653,u2028,Morocco,Android TV,Sport Live,1,35,1.42,0.54,1349,5916,AUTH_ERROR
2026-01-02 03:34:00,s1654,u2001,Cameroon,Smart TV,Kids Show,1,76,1.42,0.49,8191,574,
2026-01-02 03:35:00,s1655,u1190,Cameroon,Android TV,Documentary D,1,75,1.33,0.42,9398,3947,STARTUP_TIMEOUT
2026-01-02 03:36:00,s1656,u782,France,STB,Sport Live,1,62,0.88,0.41,7681,2706,
2026-01-02 03:37:00,s1657,u2097,Tunisia,STB,Kids Show,1,40,0.7,0.03,4037,1150,LOW_BITRATE
2026-01-02 03:38:00,s1658,u1135,Senegal,Mobile,Sport Live,1,6,1.07,0.27,11672,4981,
2026-01-02 03:39:00,s1659,u2204,France,Mobile,Kids Show,1,12,0.28,0.5,11607,5622,LOW_BITRATE
2026-01-02 03:40:00,s1660,u2251,France,iOS,Sport Live,1,46,1.13,0.23,9036,3498,BUFFERING_ERROR
2026-01-02 03:41:00,s1661,u1890,Morocco,Web,Sport Live,1,55,0.16,0.39,5924,704,AUTH_ERROR
2026-01-02 03:42:00,s1662,u1540,Senegal,Web,Kids Show,1,79,0.32,0.09,4488,5821,
2026-01-02 03:43:00,s1663,u411,Senegal,Web,Documentary D,1,72,1.45,0.28,10921,5424,AUTH_ERROR
2026-01-02 03:44:00,s1664,u1406,Tunisia,STB,Series B,1,8,1.22,0.1,9912,5778,
2026-01-02 03:45:00,s1665,u456,Senegal,Android TV,Series A,1,10,0.88,0.08,1980,4417,AUTH_ERROR
2026-01-02 03:46:00,s1666,u1132,Morocco,Android TV,Documentary D,1,20,0.36,0.36,3510,619,AUTH_ERROR
2026-01-02 03:47:00,s1667,u2217,Tunisia,iOS,Kids Show,1,76,0.05,0.3,3023,4869,
2026-01-02 03:48:00,s1668,u46,Morocco,Android TV,Kids Show,1,80,0.29,0.13,3922,4145,AUTH_ERROR
2026-01-02 03:49:00,s1669,u1898,Ivory Coast,Mobile,Sport Live,1,8,0.05,0.42,6128,5502,
2026-01-02 03:50:00,s1670,u1136,Cameroon,Mobile,Movie C,1,20,1.29,0.12,10925,1228,
2026-01-02 03:51:00,s1671,u1362,Senegal,Smart TV,Series A,1,81,1.08,0.2,6297,4366,
2026-01-02 03:52:00,s1672,u1170,Senegal,Mobile,Documentary D,1,79,0.07,0.09,702,4686,AUTH_ERROR
2026-01-02 03:53:00,s1673,u2337,Cameroon,iOS,Series B,1,69,1.04,0.03,10227,759,
2026-01-02 03:54:00,s1674,u2270,Ivory Coast,Web,Series B,1,3,0.98,0.55,2182,4579,LOW_BITRATE
2026-01-02 03:55:00,s1675,u1393,Ivory Coast,iOS,Kids Show,1,65,0.94,0.2,2819,2110,CDN_ERROR
2026-01-02 03:56:00,s1676,u1049,Morocco,Web,Documentary D,1,41,0.33,0.49,1829,1376,
2026-01-02 03:57:00,s1677,u825,Senegal,Mobile,Sport Live,1,37,0.14,0.07,8579,452,AUTH_ERROR
2026-01-02 03:58:00,s1678,u1868,Tunisia,Web,Kids Show,1,13,1.26,0.37,6751,1442,
2026-01-02 03:59:00,s1679,u1570,Morocco,Smart TV,Movie C,1,5,0.32,0.01,8713,602,BUFFERING_ERROR
2026-01-02 04:00:00,s1680,u2471,Tunisia,Android TV,Series A,1,47,0.28,0.51,9207,723,STARTUP_TIMEOUT
2026-01-02 04:01:00,s1681,u1501,Senegal,Mobile,Documentary D,1,33,0.78,0.12,1331,4941,AUTH_ERROR
2026-01-02 04:02:00,s1682,u1795,Senegal,Smart TV,Documentary D,1,26,1.22,0.25,6243,1512,BUFFERING_ERROR
2026-01-02 04:03:00,s1683,u941,Ivory Coast,iOS,Documentary D,1,59,0.24,0.17,8415,4028,BUFFERING_ERROR
2026-01-02 04:04:00,s1684,u77,Tunisia,Web,Series B,1,35,0.21,0.03,6915,2703,STARTUP_TIMEOUT
2026-01-02 04:05:00,s1685,u826,Senegal,Smart TV,Series B,1,37,0.63,0.13,11239,4364,LOW_BITRATE
2026-01-02 04:06:00,s1686,u257,Ivory Coast,Web,Movie C,1,56,0.76,0.16,2909,5777,LOW_BITRATE
2026-01-02 04:07:00,s1687,u833,Cameroon,Smart TV,Series A,1,28,1.21,0.28,8623,4355,CDN_ERROR
2026-01-02 04:08:00,s1688,u2015,Tunisia,Web,Kids Show,1,36,0.98,0.32,1380,3966,STARTUP_TIMEOUT
2026-01-02 04:09:00,s1689,u657,Tunisia,Android TV,Kids Show,1,82,0.13,0.24,4924,5779,
2026-01-02 04:10:00,s1690,u1098,Tunisia,STB,Series B,1,49,0.9,0.49,1059,5100,
2026-01-02 04:11:00,s1691,u2490,Morocco,STB,Series B,1,1,0.72,0.25,877,3673,STARTUP_TIMEOUT
2026-01-02 04:12:00,s1692,u527,Morocco,STB,Sport Live,1,21,0.27,0.26,3549,3369,
2026-01-02 04:13:00,s1693,u475,Senegal,Web,Movie C,1,6,1.35,0.24,1704,3102,AUTH_ERROR
2026-01-02 04:14:00,s1694,u822,France,Android TV,Movie C,1,25,0.36,0.47,3232,2752,
2026-01-02 04:15:00,s1695,u1527,Morocco,Android TV,Documentary D,1,47,1.4,0.26,2498,1287,
2026-01-02 04:16:00,s1696,u303,France,STB,Kids Show,1,19,0.42,0.27,5484,4097,AUTH_ERROR
2026-01-02 04:17:00,s1697,u1724,Senegal,Mobile,Movie C,1,57,0.68,0.53,10962,3671,STARTUP_TIMEOUT
2026-01-02 04:18:00,s1698,u1728,France,STB,Sport Live,1,56,1.41,0.52,565,1650,
2026-01-02 04:19:00,s1699,u2128,Morocco,iOS,Documentary D,1,49,0.61,0.14,8603,449,
2026-01-02 04:20:00,s1700,u2082,Ivory Coast,Mobile,Series A,1,67,0.93,0.24,2681,4344,BUFFERING_ERROR
2026-01-02 04:21:00,s1701,u803,Cameroon,Smart TV,Kids Show,1,59,1.37,0.51,11807,4149,
2026-01-02 04:22:00,s1702,u41,Morocco,Web,Series A,1,71,0.92,0.51,11009,5744,
2026-01-02 04:23:00,s1703,u13,Senegal,Android TV,Documentary D,1,81,1.27,0.42,1352,5573,
2026-01-02 04:24:00,s1704,u307,Morocco,Android TV,Sport Live,1,41,1.3,0.5,1232,2514,STARTUP_TIMEOUT
2026-01-02 04:25:00,s1705,u2445,France,Android TV,Movie C,1,84,0.09,0.05,7607,1746,LOW_BITRATE
2026-01-02 04:26:00,s1706,u2461,Ivory Coast,STB,Movie C,1,37,0.06,0.53,3375,880,STARTUP_TIMEOUT
2026-01-02 04:27:00,s1707,u3,Cameroon,Web,Kids Show,1,46,1.46,0.31,4307,2301,AUTH_ERROR
2026-01-02 04:28:00,s1708,u2481,Senegal,Android TV,Movie C,1,52,1.3,0.12,4998,5064,AUTH_ERROR
2026-01-02 04:29:00,s1709,u2288,Cameroon,STB,Series B,1,36,0.52,0.21,1575,2046,CDN_ERROR
2026-01-02 04:30:00,s1710,u290,Tunisia,Web,Kids Show,1,37,0.84,0.51,10603,1532,
2026-01-02 04:31:00,s1711,u1248,Morocco,Mobile,Series B,1,26,1.14,0.18,3265,4328,
2026-01-02 04:32:00,s1712,u396,Cameroon,Web,Kids Show,1,27,0.36,0.48,2523,2815,LOW_BITRATE
2026-01-02 04:33:00,s1713,u1551,Senegal,Mobile,Sport Live,1,89,0.11,0.21,4499,651,
2026-01-02 04:34:00,s1714,u85,Cameroon,Android TV,Movie C,1,17,0.74,0.18,4745,1421,
2026-01-02 04:35:00,s1715,u1471,Cameroon,iOS,Documentary D,1,27,1.21,0.11,4254,2695,BUFFERING_ERROR
2026-01-02 04:36:00,s1716,u534,Cameroon,Web,Sport Live,1,28,0.4,0.09,9914,898,
2026-01-02 04:37:00,s1717,u803,Cameroon,Android TV,Kids Show,1,19,0.85,0.31,4100,3842,
2026-01-02 04:38:00,s1718,u435,Senegal,Web,Kids Show,1,19,0.03,0.25,6688,3862,AUTH_ERROR
2026-01-02 04:39:00,s1719,u235,Tunisia,STB,Documentary D,1,69,0.61,0.27,7018,688,BUFFERING_ERROR
2026-01-02 04:40:00,s1720,u2365,France,Mobile,Documentary D,1,56,0.99,0.39,5046,2292,STARTUP_TIMEOUT
2026-01-02 04:41:00,s1721,u92,Cameroon,iOS,Movie C,1,1,1.12,0.32,5510,2829,BUFFERING_ERROR
2026-01-02 04:42:00,s1722,u1618,Tunisia,Android TV,Movie C,1,17,0.1,0.4,11422,4224,BUFFERING_ERROR
2026-01-02 04:43:00,s1723,u1869,Cameroon,iOS,Documentary D,1,47,0.99,0.38,8233,5062,AUTH_ERROR
2026-01-02 04:44:00,s1724,u1054,Cameroon,Mobile,Series B,1,67,0.59,0.2,10338,2778,
2026-01-02 04:45:00,s1725,u1308,Morocco,iOS,Kids Show,1,79,0.95,0.05,2419,2974,
2026-01-02 04:46:00,s1726,u1334,Tunisia,Android TV,Series B,1,50,0.83,0.09,8284,2393,CDN_ERROR
2026-01-02 04:47:00,s1727,u1601,Cameroon,Mobile,Movie C,1,84,0.37,0.37,6015,538,BUFFERING_ERROR
2026-01-02 04:48:00,s1728,u1641,Ivory Coast,Web,Kids Show,1,8,0.48,0.16,10662,1601,
2026-01-02 04:49:00,s1729,u1155,France,Smart TV,Series B,1,66,1.45,0.33,4476,3595,STARTUP_TIMEOUT
2026-01-02 04:50:00,s1730,u810,Cameroon,iOS,Series B,1,58,0.58,0.18,3827,5332,STARTUP_TIMEOUT
2026-01-02 04:51:00,s1731,u47,Tunisia,Web,Series A,1,10,1.4,0.4,3905,2814,STARTUP_TIMEOUT
2026-01-02 04:52:00,s1732,u1222,Senegal,Smart TV,Kids Show,1,67,0.23,0.5,6139,2251,STARTUP_TIMEOUT
2026-01-02 04:53:00,s1733,u447,France,Mobile,Documentary D,1,80,0.38,0.55,1348,5882,STARTUP_TIMEOUT
2026-01-02 04:54:00,s1734,u1296,Morocco,Mobile,Documentary D,1,27,1.33,0.24,7827,1609,LOW_BITRATE
2026-01-02 04:55:00,s1735,u565,Cameroon,iOS,Movie C,1,37,0.26,0.29,6315,2062,
2026-01-02 04:56:00,s1736,u2021,Morocco,Mobile,Documentary D,1,31,0.81,0.45,11324,3616,BUFFERING_ERROR
2026-01-02 04:57:00,s1737,u370,France,STB,Series B,1,74,0.73,0.33,753,2914,CDN_ERROR
2026-01-02 04:58:00,s1738,u1432,Morocco,STB,Kids Show,1,64,1.05,0.37,6663,5143,LOW_BITRATE
2026-01-02 04:59:00,s1739,u1386,Cameroon,Web,Series B,1,46,0.74,0.12,10013,3661,BUFFERING_ERROR
2026-01-02 05:00:00,s1740,u1818,Morocco,Web,Documentary D,1,53,0.65,0.06,2771,5132,CDN_ERROR
2026-01-02 05:01:00,s1741,u427,France,Mobile,Kids Show,1,31,0.02,0.43,5258,4173,
2026-01-02 05:02:00,s1742,u1594,Senegal,Web,Series A,1,5,1.48,0.09,6529,4142,BUFFERING_ERROR
2026-01-02 05:03:00,s1743,u2182,France,Mobile,Series B,1,22,0.06,0.21,1055,3174,BUFFERING_ERROR
2026-01-02 05:04:00,s1744,u1303,Cameroon,Web,Series B,1,16,0.35,0.35,2133,3017,
2026-01-02 05:05:00,s1745,u1238,Morocco,Android TV,Series A,1,82,0.18,0.02,7422,3767,STARTUP_TIMEOUT
2026-01-02 05:06:00,s1746,u1588,Tunisia,Web,Documentary D,1,13,1.48,0.46,8631,4006,CDN_ERROR
2026-01-02 05:07:00,s1747,u1532,Senegal,Mobile,Sport Live,1,6,1.19,0.2,6090,737,AUTH_ERROR
2026-01-02 05:08:00,s1748,u190,Morocco,Smart TV,Movie C,1,50,0.62,0.11,8510,3919,STARTUP_TIMEOUT
2026-01-02 05:09:00,s1749,u144,France,Smart TV,Kids Show,1,69,1.46,0.38,11540,4828,
2026-01-02 05:10:00,s1750,u1739,Morocco,iOS,Kids Show,1,52,0.45,0.54,754,4153,
2026-01-02 05:11:00,s1751,u802,Cameroon,iOS,Sport Live,1,22,1.4,0.3,3893,1799,
2026-01-02 05:12:00,s1752,u793,Ivory Coast,Smart TV,Series A,1,10,0.98,0.28,8188,4995,CDN_ERROR
2026-01-02 05:13:00,s1753,u2276,Cameroon,Mobile,Kids Show,1,52,0.49,0.07,9812,1464,BUFFERING_ERROR
2026-01-02 05:14:00,s1754,u1898,Cameroon,Mobile,Kids Show,1,25,1.32,0.26,4583,4945,BUFFERING_ERROR
2026-01-02 05:15:00,s1755,u1735,Tunisia,Smart TV,Series A,1,61,0.15,0.33,5060,3105,CDN_ERROR
2026-01-02 05:16:00,s1756,u380,Tunisia,Mobile,Series B,1,67,0.31,0.05,2258,1101,AUTH_ERROR
2026-01-02 05:17:00,s1757,u1425,Ivory Coast,Android TV,Kids Show,1,74,0.23,0.36,10354,1373,AUTH_ERROR
2026-01-02 05:18:00,s1758,u2350,Tunisia,iOS,Sport Live,1,9,0.16,0.5,9483,4446,STARTUP_TIMEOUT
2026-01-02 05:19:00,s1759,u1275,Ivory Coast,Smart TV,Series A,1,82,0.92,0.54,4613,1785,STARTUP_TIMEOUT
2026-01-02 05:20:00,s1760,u1461,Tunisia,iOS,Sport Live,1,82,0.86,0.33,6040,1201,
2026-01-02 05:21:00,s1761,u1691,Senegal,Android TV,Kids Show,1,53,0.31,0.03,840,789,LOW_BITRATE
2026-01-02 05:22:00,s1762,u1110,Cameroon,STB,Kids Show,1,72,0.27,0.02,2604,2540,
2026-01-02 05:23:00,s1763,u1430,Cameroon,Android TV,Kids Show,1,68,1.35,0.29,10812,1348,STARTUP_TIMEOUT
2026-01-02 05:24:00,s1764,u713,Morocco,Android TV,Movie C,1,19,1.38,0.5,11625,4188,STARTUP_TIMEOUT
2026-01-02 05:25:00,s1765,u2340,Morocco,Smart TV,Kids Show,1,41,0.94,0.46,6533,2514,LOW_BITRATE
2026-01-02 05:26:00,s1766,u634,Senegal,Android TV,Kids Show,1,16,0.6,0.41,11142,1744,
2026-01-02 05:27:00,s1767,u503,France,iOS,Sport Live,1,61,0.37,0.02,622,2598,CDN_ERROR
2026-01-02 05:28:00,s1768,u297,Senegal,iOS,Documentary D,1,25,0.1,0.49,7170,5749,BUFFERING_ERROR
2026-01-02 05:29:00,s1769,u71,Tunisia,Web,Kids Show,1,22,0.54,0.11,3618,3894,
2026-01-02 05:30:00,s1770,u785,Ivory Coast,Smart TV,Movie C,1,81,0.8,0.12,6894,5627,AUTH_ERROR
2026-01-02 05:31:00,s1771,u1196,Morocco,iOS,Kids Show,1,87,0.77,0.32,11480,5501,LOW_BITRATE
2026-01-02 05:32:00,s1772,u1278,Tunisia,STB,Movie C,1,54,0.18,0.54,10712,3693,
2026-01-02 05:33:00,s1773,u221,France,Mobile,Kids Show,1,12,0.55,0.38,3712,3576,AUTH_ERROR
2026-01-02 05:34:00,s1774,u1988,Morocco,STB,Movie C,1,90,1.11,0.39,6184,612,STARTUP_TIMEOUT
2026-01-02 05:35:00,s1775,u2492,Ivory Coast,STB,Movie C,1,66,0.72,0.16,5641,5220,
2026-01-02 05:36:00,s1776,u1678,Tunisia,iOS,Series B,1,50,0.33,0.19,9092,3077,LOW_BITRATE
2026-01-02 05:37:00,s1777,u2491,Ivory Coast,Smart TV,Sport Live,1,48,0.3,0.35,9310,2039,
2026-01-02 05:38:00,s1778,u748,Cameroon,Mobile,Kids Show,1,54,0.62,0.5,5352,1690,AUTH_ERROR
2026-01-02 05:39:00,s1779,u2090,Senegal,Mobile,Series B,1,61,1.45,0.24,10289,5969,
2026-01-02 05:40:00,s1780,u1289,Tunisia,STB,Sport Live,1,35,1.09,0.49,8101,1806,STARTUP_TIMEOUT
2026-01-02 05:41:00,s1781,u782,Senegal,Smart TV,Movie C,1,70,1.35,0.24,4085,3625,CDN_ERROR
2026-01-02 05:42:00,s1782,u890,France,Web,Documentary D,1,7,0.76,0.24,2261,2167,
2026-01-02 05:43:00,s1783,u1824,Morocco,Android TV,Series A,1,40,1.09,0.46,2147,3460,BUFFERING_ERROR
2026-01-02 05:44:00,s1784,u2007,Morocco,iOS,Series A,1,76,0.68,0.01,6334,1628,STARTUP_TIMEOUT
2026-01-02 05:45:00,s1785,u167,France,STB,Movie C,1,9,0.57,0.41,6827,4019,
2026-01-02 05:46:00,s1786,u117,Tunisia,iOS,Kids Show,1,16,0.48,0.11,9145,5707,
2026-01-02 05:47:00,s1787,u443,Morocco,Smart TV,Movie C,1,34,0.45,0.42,3943,4780,CDN_ERROR
2026-01-02 05:48:00,s1788,u437,Ivory Coast,Web,Series B,1,49,1.11,0.13,8687,2274,STARTUP_TIMEOUT
2026-01-02 05:49:00,s1789,u2054,Morocco,Smart TV,Series A,1,16,0.93,0.35,8752,1705,
2026-01-02 05:50:00,s1790,u1423,Cameroon,iOS,Documentary D,1,27,0.03,0.13,916,896,AUTH_ERROR
2026-01-02 05:51:00,s1791,u1145,Morocco,Mobile,Sport Live,1,59,0.31,0.41,2483,1805,CDN_ERROR
2026-01-02 05:52:00,s1792,u48,Senegal,Mobile,Sport Live,1,36,0.61,0.53,10988,5911,AUTH_ERROR
2026-01-02 05:53:00,s1793,u1189,Tunisia,iOS,Movie C,1,6,1.05,0.07,7122,4314,STARTUP_TIMEOUT
2026-01-02 05:54:00,s1794,u1059,Morocco,Android TV,Kids Show,1,57,0.74,0.19,5720,4182,CDN_ERROR
2026-01-02 05:55:00,s1795,u2059,France,Android TV,Movie C,1,43,0.08,0.49,6715,3527,
2026-01-02 05:56:00,s1796,u1574,Senegal,Android TV,Series B,1,21,1.34,0.45,8434,594,STARTUP_TIMEOUT
2026-01-02 05:57:00,s1797,u181,Tunisia,iOS,Series B,1,50,1.06,0.39,1053,1613,BUFFERING_ERROR
2026-01-02 05:58:00,s1798,u1925,France,Web,Kids Show,1,36,1.41,0.36,10699,2994,
2026-01-02 05:59:00,s1799,u2491,Morocco,Mobile,Sport Live,1,76,0.11,0.22,1210,4945,BUFFERING_ERROR
2026-01-02 06:00:00,s1800,u2103,France,iOS,Documentary D,1,36,0.11,0.34,11412,5576,LOW_BITRATE
2026-01-02 06:01:00,s1801,u738,Senegal,Android TV,Kids Show,1,25,1.17,0.49,6763,3142,
2026-01-02 06:02:00,s1802,u2254,Morocco,Smart TV,Series B,1,45,0.03,0.12,10534,1552,LOW_BITRATE
2026-01-02 06:03:00,s1803,u447,Tunisia,iOS,Series A,1,74,0.92,0.13,1082,4027,STARTUP_TIMEOUT
2026-01-02 06:04:00,s1804,u764,Ivory Coast,Web,Kids Show,1,55,0.75,0.04,11655,4974,BUFFERING_ERROR
2026-01-02 06:05:00,s1805,u983,Senegal,iOS,Documentary D,1,11,1.06,0.34,11507,965,
2026-01-02 06:06:00,s1806,u967,Tunisia,Android TV,Series A,1,70,0.63,0.43,2853,2941,STARTUP_TIMEOUT
2026-01-02 06:07:00,s1807,u41,Cameroon,iOS,Sport Live,1,53,1.43,0.34,10857,3259,AUTH_ERROR
2026-01-02 06:08:00,s1808,u1745,Morocco,Mobile,Kids Show,1,57,0.1,0.49,1736,2993,CDN_ERROR
2026-01-02 06:09:00,s1809,u599,Cameroon,Smart TV,Movie C,1,61,1.41,0.45,6307,4768,BUFFERING_ERROR
2026-01-02 06:10:00,s1810,u1122,France,Smart TV,Series B,1,55,0.07,0.36,1629,1061,
2026-01-02 06:11:00,s1811,u1989,France,Mobile,Sport Live,1,36,0.76,0.19,8231,5451,CDN_ERROR
2026-01-02 06:12:00,s1812,u1616,Tunisia,Web,Movie C,1,88,0.13,0.48,5200,3464,CDN_ERROR
2026-01-02 06:13:00,s1813,u2179,France,Android TV,Sport Live,1,25,0.86,0.31,4257,418,CDN_ERROR
2026-01-02 06:14:00,s1814,u2473,Ivory Coast,Android TV,Documentary D,1,3,0.39,0.36,5998,3436,BUFFERING_ERROR
2026-01-02 06:15:00,s1815,u1560,Cameroon,STB,Kids Show,1,10,0.04,0.53,7443,4234,CDN_ERROR
2026-01-02 06:16:00,s1816,u1866,Senegal,Web,Series A,1,33,0.47,0.32,6085,5402,AUTH_ERROR
2026-01-02 06:17:00,s1817,u196,Senegal,Web,Series B,1,9,1.14,0.22,1722,3797,LOW_BITRATE
2026-01-02 06:18:00,s1818,u1187,Tunisia,STB,Kids Show,1,8,0.15,0.37,5793,2075,LOW_BITRATE
2026-01-02 06:19:00,s1819,u418,France,Android TV,Kids Show,1,68,0.07,0.45,11367,1984,
2026-01-02 06:20:00,s1820,u975,Ivory Coast,Mobile,Sport Live,1,33,0.13,0.45,5769,1376,
2026-01-02 06:21:00,s1821,u135,Ivory Coast,Web,Series B,1,70,0.1,0.38,3363,2652,
2026-01-02 06:22:00,s1822,u1202,France,Smart TV,Sport Live,1,22,0.28,0.55,9839,1743,
2026-01-02 06:23:00,s1823,u2141,Morocco,Smart TV,Movie C,1,57,0.59,0.02,6136,850,BUFFERING_ERROR
2026-01-02 06:24:00,s1824,u525,France,Mobile,Movie C,1,77,1.32,0.27,7179,2160,
2026-01-02 06:25:00,s1825,u1473,Cameroon,Smart TV,Movie C,1,12,1.17,0.3,1633,5098,
2026-01-02 06:26:00,s1826,u432,Cameroon,Smart TV,Documentary D,1,53,0.6,0.46,8593,4993,CDN_ERROR
2026-01-02 06:27:00,s1827,u1980,Ivory Coast,Mobile,Kids Show,1,60,0.3,0.54,7569,2937,BUFFERING_ERROR
2026-01-02 06:28:00,s1828,u270,Cameroon,Mobile,Series B,1,68,0.6,0.08,5808,3866,STARTUP_TIMEOUT
2026-01-02 06:29:00,s1829,u2229,France,Android TV,Series A,1,41,0.41,0.45,4829,1174,
2026-01-02 06:30:00,s1830,u1294,Cameroon,Mobile,Documentary D,1,73,0.25,0.08,4053,2350,CDN_ERROR
2026-01-02 06:31:00,s1831,u1971,Ivory Coast,Android TV,Kids Show,1,50,1.12,0.35,10678,5340,
2026-01-02 06:32:00,s1832,u1219,Senegal,Android TV,Series B,1,61,0.35,0.11,6603,5871,
2026-01-02 06:33:00,s1833,u733,Cameroon,Smart TV,Sport Live,1,41,0.46,0.16,6045,4702,BUFFERING_ERROR
2026-01-02 06:34:00,s1834,u2038,Ivory Coast,iOS,Series A,1,47,0.48,0.03,4655,2275,BUFFERING_ERROR
2026-01-02 06:35:00,s1835,u1729,France,STB,Movie C,1,49,0.76,0.49,1282,4901,
2026-01-02 06:36:00,s1836,u378,Tunisia,Mobile,Series A,1,57,1.04,0.35,6866,5301,
2026-01-02 06:37:00,s1837,u1586,Tunisia,Web,Sport Live,1,49,1.25,0.16,2694,5421,LOW_BITRATE
2026-01-02 06:38:00,s1838,u1775,Morocco,STB,Kids Show,1,46,0.29,0.07,4713,2111,AUTH_ERROR
2026-01-02 06:39:00,s1839,u1571,Ivory Coast,Mobile,Movie C,1,71,1.27,0.48,6175,3749,AUTH_ERROR
2026-01-02 06:40:00,s1840,u1113,Morocco,Android TV,Kids Show,1,13,0.12,0.29,5360,3894,
2026-01-02 06:41:00,s1841,u2084,France,Mobile,Kids Show,1,84,0.76,0.15,11407,5707,AUTH_ERROR
2026-01-02 06:42:00,s1842,u413,Ivory Coast,Web,Series B,1,27,1.07,0.32,4318,510,CDN_ERROR
2026-01-02 06:43:00,s1843,u1440,Morocco,Android TV,Movie C,1,30,0.6,0.08,5268,975,CDN_ERROR
2026-01-02 06:44:00,s1844,u2470,Morocco,Smart TV,Movie C,1,25,0.82,0.04,5009,5521,AUTH_ERROR
2026-01-02 06:45:00,s1845,u1245,Senegal,Android TV,Movie C,1,54,0.54,0.25,5930,2684,BUFFERING_ERROR
2026-01-02 06:46:00,s1846,u2171,Cameroon,STB,Movie C,1,45,0.88,0.09,9453,4364,AUTH_ERROR
2026-01-02 06:47:00,s1847,u2202,Tunisia,Smart TV,Series B,1,18,1.17,0.32,2493,1118,CDN_ERROR
2026-01-02 06:48:00,s1848,u599,Ivory Coast,Android TV,Documentary D,1,79,1.03,0.1,3486,5461,
2026-01-02 06:49:00,s1849,u588,France,Android TV,Movie C,1,15,1.5,0.48,11221,1480,LOW_BITRATE
2026-01-02 06:50:00,s1850,u1600,Cameroon,Web,Movie C,1,37,1.04,0.31,1154,1565,
2026-01-02 06:51:00,s1851,u1201,Cameroon,Mobile,Series A,1,71,0.96,0.42,3929,3842,CDN_ERROR
2026-01-02 06:52:00,s1852,u1864,France,Web,Kids Show,1,49,0.66,0.02,8151,3018,
2026-01-02 06:53:00,s1853,u1954,Senegal,iOS,Movie C,1,40,1.15,0.25,3747,3329,AUTH_ERROR
2026-01-02 06:54:00,s1854,u1685,Senegal,Smart TV,Documentary D,1,50,1.09,0.11,4188,3244,
2026-01-02 06:55:00,s1855,u1091,Ivory Coast,Mobile,Series A,1,90,1.34,0.33,5555,3189,
2026-01-02 06:56:00,s1856,u1333,Tunisia,iOS,Documentary D,1,15,0.5,0.28,7832,4408,STARTUP_TIMEOUT
2026-01-02 06:57:00,s1857,u2397,Cameroon,Smart TV,Series B,1,69,0.18,0.22,6817,2994,BUFFERING_ERROR
2026-01-02 06:58:00,s1858,u1861,Morocco,Android TV,Series B,1,13,1.48,0.46,7722,4858,
2026-01-02 06:59:00,s1859,u727,Senegal,STB,Series A,1,42,0.27,0.04,4537,4399,CDN_ERROR
2026-01-02 07:00:00,s1860,u415,Senegal,iOS,Series B,1,90,0.67,0.13,3781,1759,AUTH_ERROR
2026-01-02 07:01:00,s1861,u1691,Senegal,iOS,Documentary D,1,62,0.94,0.45,6742,1923,LOW_BITRATE
2026-01-02 07:02:00,s1862,u2075,Morocco,Mobile,Documentary D,1,36,0.44,0.12,4922,4593,AUTH_ERROR
2026-01-02 07:03:00,s1863,u2456,Ivory Coast,Web,Documentary D,1,80,0.58,0.03,8955,1473,
2026-01-02 07:04:00,s1864,u2413,Morocco,iOS,Series B,1,77,0.73,0.13,9536,4273,STARTUP_TIMEOUT
2026-01-02 07:05:00,s1865,u1743,Morocco,Smart TV,Sport Live,1,30,0.04,0.19,4255,4649,
2026-01-02 07:06:00,s1866,u2068,France,STB,Documentary D,1,58,0.58,0.43,8038,3760,
2026-01-02 07:07:00,s1867,u1210,Morocco,Smart TV,Sport Live,1,4,0.42,0.15,5911,4680,
2026-01-02 07:08:00,s1868,u1171,Ivory Coast,Smart TV,Series A,1,39,0.57,0.35,7455,601,
2026-01-02 07:09:00,s1869,u1072,Cameroon,Android TV,Kids Show,1,87,0.05,0.39,10487,3881,CDN_ERROR
2026-01-02 07:10:00,s1870,u1278,Senegal,iOS,Sport Live,1,71,1.43,0.26,2500,1398,LOW_BITRATE
2026-01-02 07:11:00,s1871,u1731,Tunisia,Web,Documentary D,1,27,0.26,0.25,10325,2224,LOW_BITRATE
2026-01-02 07:12:00,s1872,u1348,Morocco,Smart TV,Series B,1,59,0.27,0.55,8028,3825,
2026-01-02 07:13:00,s1873,u1237,Ivory Coast,Web,Sport Live,1,21,0.99,0.06,2334,3211,CDN_ERROR
2026-01-02 07:14:00,s1874,u592,Senegal,iOS,Series B,1,74,0.68,0.18,2783,417,BUFFERING_ERROR
2026-01-02 07:15:00,s1875,u72,Ivory Coast,Mobile,Sport Live,1,42,0.23,0.06,4905,5954,
2026-01-02 07:16:00,s1876,u274,Senegal,Mobile,Sport Live,1,55,0.21,0.11,1247,3259,AUTH_ERROR
2026-01-02 07:17:00,s1877,u110,Tunisia,Web,Series A,1,33,1.17,0.2,3483,5998,LOW_BITRATE
2026-01-02 07:18:00,s1878,u1749,Cameroon,Mobile,Sport Live,1,89,0.71,0.15,2471,4748,
2026-01-02 07:19:00,s1879,u211,Ivory Coast,Mobile,Sport Live,1,81,0.38,0.5,11114,3557,
2026-01-02 07:20:00,s1880,u1481,Tunisia,Android TV,Movie C,1,42,0.41,0.03,11050,1113,
2026-01-02 07:21:00,s1881,u2371,Ivory Coast,iOS,Kids Show,1,45,1.41,0.41,998,1422,BUFFERING_ERROR
2026-01-02 07:22:00,s1882,u1651,Morocco,STB,Documentary D,1,35,0.5,0.06,5525,405,AUTH_ERROR
2026-01-02 07:23:00,s1883,u1822,Ivory Coast,Web,Documentary D,1,4,1.01,0.37,6685,1299,AUTH_ERROR
2026-01-02 07:24:00,s1884,u1700,Ivory Coast,STB,Movie C,1,59,0.26,0.54,961,4228,STARTUP_TIMEOUT
2026-01-02 07:25:00,s1885,u1385,Morocco,Mobile,Series B,1,36,1.41,0.07,1990,2268,
2026-01-02 07:26:00,s1886,u1240,France,STB,Sport Live,1,81,0.32,0.45,3141,5269,
2026-01-02 07:27:00,s1887,u1386,Ivory Coast,Mobile,Sport Live,1,69,0.86,0.55,2790,3219,CDN_ERROR
2026-01-02 07:28:00,s1888,u1863,Senegal,Mobile,Series B,1,49,1.08,0.14,9914,1022,STARTUP_TIMEOUT
2026-01-02 07:29:00,s1889,u1682,Morocco,Mobile,Series B,1,65,0.3,0.17,11947,2749,
2026-01-02 07:30:00,s1890,u1879,Tunisia,iOS,Sport Live,1,87,0.82,0.46,8962,2026,
2026-01-02 07:31:00,s1891,u424,Senegal,Mobile,Series B,1,14,0.19,0.22,592,739,
2026-01-02 07:32:00,s1892,u600,Senegal,STB,Series B,1,56,0.98,0.44,9128,2049,AUTH_ERROR
2026-01-02 07:33:00,s1893,u68,Cameroon,iOS,Series B,1,90,1.35,0.14,3639,5078,AUTH_ERROR
2026-01-02 07:34:00,s1894,u896,Tunisia,STB,Sport Live,1,38,1.07,0.07,9644,3820,AUTH_ERROR
2026-01-02 07:35:00,s1895,u1694,Ivory Coast,iOS,Kids Show,1,29,0.52,0.37,10112,593,CDN_ERROR
2026-01-02 07:36:00,s1896,u2463,France,Smart TV,Kids Show,1,7,1.03,0.46,2592,1777,LOW_BITRATE
2026-01-02 07:37:00,s1897,u1519,Morocco,Android TV,Series B,1,28,0.21,0.51,2619,3380,STARTUP_TIMEOUT
2026-01-02 07:38:00,s1898,u957,Tunisia,Web,Series A,1,21,1.41,0.2,3223,3346,BUFFERING_ERROR
2026-01-02 07:39:00,s1899,u642,Senegal,Web,Kids Show,1,61,0.57,0.48,1932,4625,CDN_ERROR
2026-01-02 07:40:00,s1900,u1028,Cameroon,iOS,Movie C,1,25,1.04,0.11,9119,3019,BUFFERING_ERROR
2026-01-02 07:41:00,s1901,u858,Cameroon,Mobile,Sport Live,1,16,1.19,0.18,4278,1786,CDN_ERROR
2026-01-02 07:42:00,s1902,u1357,Senegal,STB,Movie C,1,81,0.86,0.15,946,5825,BUFFERING_ERROR
2026-01-02 07:43:00,s1903,u639,Senegal,STB,Sport Live,1,80,0.37,0.34,3619,4887,AUTH_ERROR
2026-01-02 07:44:00,s1904,u2331,Morocco,STB,Kids Show,1,39,1.18,0.34,2255,3485,LOW_BITRATE
2026-01-02 07:45:00,s1905,u780,Morocco,Mobile,Documentary D,1,5,0.46,0.08,9581,1167,LOW_BITRATE
2026-01-02 07:46:00,s1906,u894,France,Mobile,Kids Show,1,20,0.74,0.3,8513,3279,
2026-01-02 07:47:00,s1907,u752,Cameroon,Mobile,Kids Show,1,47,1.38,0.47,6132,1461,CDN_ERROR
2026-01-02 07:48:00,s1908,u1958,Cameroon,Mobile,Series A,1,87,0.58,0.1,8850,4885,LOW_BITRATE
2026-01-02 07:49:00,s1909,u1963,Ivory Coast,STB,Documentary D,1,39,1.22,0.52,3423,3936,
2026-01-02 07:50:00,s1910,u779,Morocco,Web,Documentary D,1,21,0.52,0.07,5818,3366,CDN_ERROR
2026-01-02 07:51:00,s1911,u554,Ivory Coast,Smart TV,Sport Live,1,41,0.76,0.28,1862,3977,LOW_BITRATE
2026-01-02 07:52:00,s1912,u1260,Cameroon,Web,Documentary D,1,78,0.03,0.19,653,1397,
2026-01-02 07:53:00,s1913,u745,Tunisia,STB,Kids Show,1,60,1.33,0.3,1396,3495,CDN_ERROR
2026-01-02 07:54:00,s1914,u680,Cameroon,iOS,Series A,1,15,0.07,0.38,9425,5852,LOW_BITRATE
2026-01-02 07:55:00,s1915,u713,Ivory Coast,iOS,Series B,1,21,0.32,0.16,9120,2681,
2026-01-02 07:56:00,s1916,u964,Morocco,Smart TV,Sport Live,1,26,1.19,0.32,10832,1688,
2026-01-02 07:57:00,s1917,u1914,France,STB,Series B,1,19,0.25,0.19,1769,4979,
2026-01-02 07:58:00,s1918,u885,Tunisia,iOS,Series B,1,17,0.79,0.36,6085,3439,
2026-01-02 07:59:00,s1919,u440,France,STB,Kids Show,1,60,0.45,0.44,1989,2040,LOW_BITRATE
2026-01-02 08:00:00,s1920,u150,France,Smart TV,Series B,1,27,0.2,0.54,614,3490,STARTUP_TIMEOUT
2026-01-02 08:01:00,s1921,u1412,Senegal,STB,Movie C,1,26,0.38,0.39,7611,3375,BUFFERING_ERROR
2026-01-02 08:02:00,s1922,u546,Cameroon,Android TV,Documentary D,1,29,0.11,0.48,4530,4733,
2026-01-02 08:03:00,s1923,u782,Cameroon,Mobile,Documentary D,1,18,0.46,0.08,10128,2947,LOW_BITRATE
2026-01-02 08:04:00,s1924,u908,Ivory Coast,Smart TV,Series B,1,7,1.21,0.08,5286,2048,
2026-01-02 08:05:00,s1925,u2294,Tunisia,STB,Kids Show,1,51,1.19,0.48,4609,1979,
2026-01-02 08:06:00,s1926,u2434,France,Smart TV,Series B,1,69,1.14,0.47,6346,4105,
2026-01-02 08:07:00,s1927,u1222,Ivory Coast,Smart TV,Sport Live,1,9,0.04,0.1,8903,3165,
2026-01-02 08:08:00,s1928,u1379,Morocco,Mobile,Kids Show,1,25,1.03,0.09,11909,3708,CDN_ERROR
2026-01-02 08:09:00,s1929,u2453,France,Mobile,Series A,1,30,1.42,0.17,6096,5166,CDN_ERROR
2026-01-02 08:10:00,s1930,u1930,Ivory Coast,STB,Movie C,1,84,0.18,0.03,2247,4759,AUTH_ERROR
2026-01-02 08:11:00,s1931,u1315,Cameroon,Smart TV,Documentary D,1,70,1.39,0.18,4251,5822,AUTH_ERROR
2026-01-02 08:12:00,s1932,u953,Ivory Coast,Mobile,Series A,1,63,0.19,0.5,10257,1184,LOW_BITRATE
2026-01-02 08:13:00,s1933,u1355,Morocco,Android TV,Sport Live,1,21,0.67,0.09,7835,405,
2026-01-02 08:14:00,s1934,u1662,Morocco,Smart TV,Movie C,1,16,0.54,0.38,3117,5006,BUFFERING_ERROR
2026-01-02 08:15:00,s1935,u913,Tunisia,Android TV,Series A,1,44,0.81,0.02,11143,1275,LOW_BITRATE
2026-01-02 08:16:00,s1936,u1243,Cameroon,iOS,Series A,1,86,1.19,0.12,10412,4846,
2026-01-02 08:17:00,s1937,u957,Morocco,Android TV,Movie C,1,75,1.04,0.13,10425,1593,CDN_ERROR
2026-01-02 08:18:00,s1938,u155,Morocco,Android TV,Series B,1,26,0.63,0.42,3926,2707,
2026-01-02 08:19:00,s1939,u2181,Senegal,Web,Kids Show,1,75,0.79,0.25,6222,5299,
2026-01-02 08:20:00,s1940,u1067,Senegal,Web,Documentary D,1,57,1.15,0.43,9917,3680,
2026-01-02 08:21:00,s1941,u1266,Senegal,Web,Kids Show,1,6,0.23,0.23,2952,5513,
2026-01-02 08:22:00,s1942,u206,France,Mobile,Sport Live,1,12,0.74,0.4,871,5244,STARTUP_TIMEOUT
2026-01-02 08:23:00,s1943,u2371,Ivory Coast,Android TV,Movie C,1,70,1.05,0.07,8991,3310,STARTUP_TIMEOUT
2026-01-02 08:24:00,s1944,u992,France,STB,Kids Show,1,41,0.05,0.45,2188,5610,
2026-01-02 08:25:00,s1945,u655,France,Smart TV,Series B,1,82,0.2,0.44,7388,1916,
2026-01-02 08:26:00,s1946,u558,Tunisia,iOS,Series A,1,81,0.47,0.04,11295,717,CDN_ERROR
2026-01-02 08:27:00,s1947,u385,Cameroon,Android TV,Series B,1,29,0.01,0.23,8750,5997,CDN_ERROR
2026-01-02 08:28:00,s1948,u1824,Senegal,Web,Documentary D,1,53,1.47,0.51,6315,2721,
2026-01-02 08:29:00,s1949,u2438,Ivory Coast,Android TV,Series B,1,33,0.91,0.03,4977,416,LOW_BITRATE
2026-01-02 08:30:00,s1950,u1707,Cameroon,Mobile,Documentary D,1,72,0.84,0.32,11351,1729,STARTUP_TIMEOUT
2026-01-02 08:31:00,s1951,u1158,Ivory Coast,iOS,Documentary D,1,85,0.83,0.1,3681,5552,
2026-01-02 08:32:00,s1952,u201,Senegal,Web,Movie C,1,28,1.22,0.51,5725,3697,
2026-01-02 08:33:00,s1953,u264,France,Smart TV,Documentary D,1,22,1.03,0.38,9346,5463,CDN_ERROR
2026-01-02 08:34:00,s1954,u1368,Cameroon,Smart TV,Series A,1,2,1.39,0.39,11650,3808,
2026-01-02 08:35:00,s1955,u1057,Cameroon,Mobile,Series A,1,74,1.01,0.02,3315,5863,AUTH_ERROR
2026-01-02 08:36:00,s1956,u1831,Senegal,Android TV,Documentary D,1,67,0.63,0.13,3178,2283,STARTUP_TIMEOUT
2026-01-02 08:37:00,s1957,u2324,Morocco,Mobile,Kids Show,1,26,1.26,0.02,3265,655,LOW_BITRATE
2026-01-02 08:38:00,s1958,u1943,Tunisia,Web,Series B,1,2,0.71,0.02,8766,3763,
2026-01-02 08:39:00,s1959,u2375,France,Mobile,Sport Live,1,83,1.16,0.06,5210,2254,CDN_ERROR
2026-01-02 08:40:00,s1960,u631,Cameroon,Android TV,Sport Live,1,90,0.92,0.27,4887,602,STARTUP_TIMEOUT
2026-01-02 08:41:00,s1961,u1549,Morocco,Web,Movie C,1,54,0.85,0.26,11521,1678,LOW_BITRATE
2026-01-02 08:42:00,s1962,u1602,France,Web,Series B,1,60,1.17,0.34,891,5943,
2026-01-02 08:43:00,s1963,u1646,Ivory Coast,STB,Documentary D,1,66,0.9,0.4,9662,5969,
2026-01-02 08:44:00,s1964,u1937,Ivory Coast,Smart TV,Series A,1,70,0.05,0.39,9845,2520,
2026-01-02 08:45:00,s1965,u2311,Morocco,STB,Series B,1,77,0.54,0.03,3542,2748,BUFFERING_ERROR
2026-01-02 08:46:00,s1966,u1736,Cameroon,STB,Documentary D,1,79,0.1,0.15,1828,2540,BUFFERING_ERROR
2026-01-02 08:47:00,s1967,u2168,Ivory Coast,iOS,Kids Show,1,44,1.03,0.19,6054,3822,
2026-01-02 08:48:00,s1968,u1715,Cameroon,iOS,Movie C,1,46,0.87,0.09,8393,2349,
2026-01-02 08:49:00,s1969,u465,Morocco,Mobile,Sport Live,1,18,1.43,0.2,5957,3985,
2026-01-02 08:50:00,s1970,u2095,Tunisia,Web,Series B,1,78,0.53,0.51,10234,4074,CDN_ERROR
2026-01-02 08:51:00,s1971,u1765,Tunisia,Web,Series A,1,58,1.41,0.31,8000,644,AUTH_ERROR
2026-01-02 08:52:00,s1972,u1770,Ivory Coast,Smart TV,Sport Live,1,61,0.23,0.46,4865,3295,AUTH_ERROR
2026-01-02 08:53:00,s1973,u779,Cameroon,iOS,Series B,1,24,1.4,0.47,4555,906,AUTH_ERROR
2026-01-02 08:54:00,s1974,u1463,Morocco,iOS,Documentary D,1,7,1.07,0.44,8149,3953,CDN_ERROR
2026-01-02 08:55:00,s1975,u1840,Morocco,Android TV,Sport Live,1,31,0.6,0.1,10830,4378,
2026-01-02 08:56:00,s1976,u221,France,Mobile,Movie C,1,65,0.57,0.11,3701,4167,AUTH_ERROR
2026-01-02 08:57:00,s1977,u1142,Senegal,Android TV,Kids Show,1,75,0.22,0.45,9118,3941,
2026-01-02 08:58:00,s1978,u1428,Ivory Coast,iOS,Series A,1,8,0.99,0.41,5244,3677,AUTH_ERROR
2026-01-02 08:59:00,s1979,u2322,Senegal,Android TV,Kids Show,1,20,1.1,0.47,11360,634,CDN_ERROR
2026-01-02 09:00:00,s1980,u2051,Senegal,Web,Series B,1,12,0.28,0.36,7272,648,LOW_BITRATE
2026-01-02 09:01:00,s1981,u1580,Senegal,STB,Documentary D,1,62,0.53,0.09,5535,5143,CDN_ERROR
2026-01-02 09:02:00,s1982,u37,France,iOS,Series A,1,11,0.89,0.3,11902,2789,BUFFERING_ERROR
2026-01-02 09:03:00,s1983,u268,Tunisia,STB,Series B,1,75,0.09,0.53,10342,454,STARTUP_TIMEOUT
2026-01-02 09:04:00,s1984,u1692,France,STB,Documentary D,1,42,1.04,0.32,8270,1616,
2026-01-02 09:05:00,s1985,u70,Morocco,Android TV,Series B,1,48,1.43,0.06,8211,2842,STARTUP_TIMEOUT
2026-01-02 09:06:00,s1986,u2032,Cameroon,STB,Documentary D,1,1,0.84,0.46,3772,779,LOW_BITRATE
2026-01-02 09:07:00,s1987,u610,Ivory Coast,Mobile,Kids Show,1,28,1.07,0.46,2742,1487,
2026-01-02 09:08:00,s1988,u1371,Ivory Coast,Web,Sport Live,1,48,0.92,0.45,4010,2326,AUTH_ERROR
2026-01-02 09:09:00,s1989,u2022,Tunisia,Web,Movie C,1,15,0.02,0.11,11483,1685,
2026-01-02 09:10:00,s1990,u848,Ivory Coast,Web,Series A,1,7,0.52,0.23,5704,3752,AUTH_ERROR
2026-01-02 09:11:00,s1991,u2122,Tunisia,STB,Movie C,1,87,0.51,0.51,11704,562,
2026-01-02 09:12:00,s1992,u1918,France,Web,Sport Live,1,58,0.24,0.43,11631,2408,
2026-01-02 09:13:00,s1993,u486,Senegal,iOS,Series A,1,32,0.63,0.24,5195,1497,
2026-01-02 09:14:00,s1994,u2320,Ivory Coast,iOS,Series A,1,56,0.1,0.54,4876,5775,
2026-01-02 09:15:00,s1995,u680,Cameroon,Web,Series B,1,24,0.36,0.11,1983,4272,BUFFERING_ERROR
2026-01-02 09:16:00,s1996,u1609,Ivory Coast,Mobile,Series B,1,38,1.11,0.47,7581,4846,CDN_ERROR
2026-01-02 09:17:00,s1997,u1806,France,STB,Movie C,1,3,1.41,0.52,2697,1473,STARTUP_TIMEOUT
2026-01-02 09:18:00,s1998,u1622,Tunisia,Mobile,Series B,1,82,0.24,0.2,11862,4042,
2026-01-02 09:19:00,s1999,u1737,Morocco,iOS,Sport Live,1,81,0.66,0.07,8702,5912,BUFFERING_ERROR
2026-01-02 09:20:00,s2000,u2488,Morocco,Android TV,Documentary D,1,27,0.89,0.28,5737,4944,LOW_BITRATE
2026-01-02 09:21:00,s2001,u953,Senegal,iOS,Movie C,1,29,0.42,0.02,2413,4176,
2026-01-02 09:22:00,s2002,u2091,Senegal,Smart TV,Series B,1,42,0.88,0.24,8277,4045,
2026-01-02 09:23:00,s2003,u1995,Morocco,STB,Movie C,1,2,0.13,0.19,8564,3830,
2026-01-02 09:24:00,s2004,u2151,Cameroon,Web,Series B,1,31,1.21,0.23,3984,1308,
2026-01-02 09:25:00,s2005,u1055,Ivory Coast,iOS,Documentary D,1,60,1.41,0.54,6833,4299,
2026-01-02 09:26:00,s2006,u1208,Morocco,STB,Series B,1,85,0.27,0.03,10135,932,CDN_ERROR
2026-01-02 09:27:00,s2007,u218,Cameroon,Web,Documentary D,1,33,0.92,0.39,2651,4772,BUFFERING_ERROR
2026-01-02 09:28:00,s2008,u467,Cameroon,STB,Sport Live,1,23,1.49,0.54,968,729,STARTUP_TIMEOUT
2026-01-02 09:29:00,s2009,u306,Tunisia,Mobile,Movie C,1,82,0.85,0.38,9862,5317,CDN_ERROR
2026-01-02 09:30:00,s2010,u552,Morocco,Smart TV,Documentary D,1,60,1.46,0.16,7916,4665,CDN_ERROR
2026-01-02 09:31:00,s2011,u1971,Senegal,STB,Series B,1,75,1.44,0.25,6543,2029,
2026-01-02 09:32:00,s2012,u2254,Tunisia,Web,Documentary D,1,28,1.26,0.41,3485,5223,AUTH_ERROR
2026-01-02 09:33:00,s2013,u1254,Tunisia,Android TV,Kids Show,1,18,0.18,0.45,7907,4062,
2026-01-02 09:34:00,s2014,u645,Morocco,iOS,Sport Live,1,18,0.67,0.53,6293,5014,CDN_ERROR
2026-01-02 09:35:00,s2015,u776,Ivory Coast,iOS,Documentary D,1,23,1.1,0.39,1017,4526,CDN_ERROR
2026-01-02 09:36:00,s2016,u1108,Ivory Coast,Smart TV,Series B,1,82,1.04,0.27,8265,2371,LOW_BITRATE
2026-01-02 09:37:00,s2017,u857,Morocco,Web,Kids Show,1,25,0.67,0.53,4800,5830,STARTUP_TIMEOUT
2026-01-02 09:38:00,s2018,u1904,Cameroon,iOS,Movie C,1,74,0.42,0.09,9047,2199,
2026-01-02 09:39:00,s2019,u1160,France,Mobile,Sport Live,1,21,0.31,0.29,10831,688,LOW_BITRATE
2026-01-02 09:40:00,s2020,u1988,Morocco,Mobile,Kids Show,1,21,1.47,0.14,514,2464,
2026-01-02 09:41:00,s2021,u1121,Ivory Coast,Web,Documentary D,1,35,0.69,0.11,5121,764,AUTH_ERROR
2026-01-02 09:42:00,s2022,u704,Senegal,Mobile,Movie C,1,43,0.22,0.35,2348,4132,
2026-01-02 09:43:00,s2023,u663,Morocco,Mobile,Series B,1,48,0.18,0.18,1026,3514,LOW_BITRATE
2026-01-02 09:44:00,s2024,u491,Morocco,STB,Documentary D,1,82,0.07,0.55,10069,3546,AUTH_ERROR
2026-01-02 09:45:00,s2025,u2225,Ivory Coast,Android TV,Sport Live,1,82,0.92,0.51,7226,3119,
2026-01-02 09:46:00,s2026,u840,Senegal,STB,Sport Live,1,49,0.25,0.28,7155,3423,CDN_ERROR
2026-01-02 09:47:00,s2027,u1937,Senegal,STB,Sport Live,1,56,0.4,0.36,7040,1599,CDN_ERROR
2026-01-02 09:48:00,s2028,u791,Morocco,iOS,Series B,1,62,0.11,0.29,6911,3653,LOW_BITRATE
2026-01-02 09:49:00,s2029,u273,France,Smart TV,Kids Show,1,64,0.08,0.17,3301,5368,LOW_BITRATE
2026-01-02 09:50:00,s2030,u2233,Senegal,Smart TV,Series B,1,79,0.37,0.45,11104,2782,AUTH_ERROR
2026-01-02 09:51:00,s2031,u878,Cameroon,Android TV,Sport Live,1,17,1.33,0.52,9258,1356,STARTUP_TIMEOUT
2026-01-02 09:52:00,s2032,u1073,Morocco,Web,Series A,1,25,1.31,0.12,9463,2149,STARTUP_TIMEOUT
2026-01-02 09:53:00,s2033,u356,Tunisia,iOS,Kids Show,1,24,1.32,0.5,4308,5678,CDN_ERROR
2026-01-02 09:54:00,s2034,u256,Ivory Coast,STB,Series B,1,32,0.43,0.43,9100,1596,BUFFERING_ERROR
2026-01-02 09:55:00,s2035,u1547,France,Android TV,Sport Live,1,78,1.2,0.48,6039,5523,
2026-01-02 09:56:00,s2036,u1761,Ivory Coast,Android TV,Kids Show,1,1,0.77,0.12,6727,4296,
2026-01-02 09:57:00,s2037,u716,France,Smart TV,Movie C,1,87,1.43,0.26,8492,5793,
2026-01-02 09:58:00,s2038,u824,Ivory Coast,Smart TV,Movie C,1,50,0.21,0.22,1953,3293,LOW_BITRATE
2026-01-02 09:59:00,s2039,u178,France,iOS,Documentary D,1,36,1.33,0.22,5030,4114,LOW_BITRATE
2026-01-02 10:00:00,s2040,u342,Senegal,STB,Series A,1,84,0.46,0.54,6071,4821,AUTH_ERROR
2026-01-02 10:01:00,s2041,u458,Tunisia,iOS,Kids Show,1,49,1.36,0.09,9940,2136,
2026-01-02 10:02:00,s2042,u1719,Cameroon,STB,Documentary D,1,7,0.76,0.27,2400,3444,
2026-01-02 10:03:00,s2043,u2257,France,iOS,Movie C,1,29,0.89,0.15,4481,3034,LOW_BITRATE
2026-01-02 10:04:00,s2044,u2145,Tunisia,Smart TV,Series A,1,53,1.48,0.17,7722,4409,
2026-01-02 10:05:00,s2045,u1896,Cameroon,Smart TV,Documentary D,1,53,1.03,0.28,8555,5183,AUTH_ERROR
2026-01-02 10:06:00,s2046,u344,Tunisia,Mobile,Sport Live,1,15,1.01,0.55,3867,886,STARTUP_TIMEOUT
2026-01-02 10:07:00,s2047,u383,France,Web,Series B,1,23,0.54,0.16,7132,2767,
2026-01-02 10:08:00,s2048,u1679,Tunisia,Web,Sport Live,1,44,0.86,0.04,3586,4226,BUFFERING_ERROR
2026-01-02 10:09:00,s2049,u1300,Tunisia,Web,Kids Show,1,74,1.1,0.35,7678,1064,
2026-01-02 10:10:00,s2050,u1249,France,Mobile,Movie C,1,12,0.56,0.41,1482,476,LOW_BITRATE
2026-01-02 10:11:00,s2051,u1087,Cameroon,Smart TV,Movie C,1,47,1.42,0.38,6823,2998,LOW_BITRATE
2026-01-02 10:12:00,s2052,u1538,Morocco,Mobile,Series B,1,19,1.39,0.46,4665,1431,
2026-01-02 10:13:00,s2053,u1520,Cameroon,STB,Series B,1,85,0.46,0.02,9205,3184,
2026-01-02 10:14:00,s2054,u1761,France,STB,Series A,1,58,0.1,0.29,11683,3570,
2026-01-02 10:15:00,s2055,u854,Tunisia,iOS,Documentary D,1,9,0.85,0.17,2244,5980,BUFFERING_ERROR
2026-01-02 10:16:00,s2056,u2406,Senegal,Android TV,Sport Live,1,87,1.44,0.41,9022,5407,CDN_ERROR
2026-01-02 10:17:00,s2057,u1178,Tunisia,Mobile,Series A,1,1,1.14,0.24,7168,4559,
2026-01-02 10:18:00,s2058,u445,France,Android TV,Sport Live,1,45,0.46,0.51,8103,5654,
2026-01-02 10:19:00,s2059,u1186,France,STB,Sport Live,1,58,0.35,0.08,1644,3902,
2026-01-02 10:20:00,s2060,u567,Tunisia,Android TV,Series A,1,28,1.42,0.11,695,4224,BUFFERING_ERROR
2026-01-02 10:21:00,s2061,u621,Ivory Coast,Smart TV,Sport Live,1,53,0.4,0.2,9671,1051,BUFFERING_ERROR
2026-01-02 10:22:00,s2062,u2171,Cameroon,iOS,Kids Show,1,87,0.55,0.25,10358,2942,
2026-01-02 10:23:00,s2063,u368,Morocco,iOS,Movie C,1,46,0.57,0.49,935,1458,AUTH_ERROR
2026-01-02 10:24:00,s2064,u2256,Tunisia,Web,Series A,1,77,1.07,0.19,1654,5210,
2026-01-02 10:25:00,s2065,u54,France,Smart TV,Kids Show,1,39,0.53,0.54,9089,2602,AUTH_ERROR
2026-01-02 10:26:00,s2066,u1490,France,Smart TV,Series A,1,21,0.78,0.19,705,3904,STARTUP_TIMEOUT
2026-01-02 10:27:00,s2067,u378,Morocco,STB,Sport Live,1,58,0.09,0.12,5907,5993,
2026-01-02 10:28:00,s2068,u1963,Tunisia,iOS,Series B,1,29,1.32,0.49,9340,4345,STARTUP_TIMEOUT
2026-01-02 10:29:00,s2069,u1542,Tunisia,iOS,Kids Show,1,86,0.44,0.52,618,5016,
2026-01-02 10:30:00,s2070,u2474,Senegal,Android TV,Movie C,1,54,1.05,0.42,10626,5523,STARTUP_TIMEOUT
2026-01-02 10:31:00,s2071,u94,Ivory Coast,iOS,Series A,1,82,1.13,0.36,8331,4136,
2026-01-02 10:32:00,s2072,u117,Morocco,Mobile,Documentary D,1,21,1.12,0.43,2111,5654,
2026-01-02 10:33:00,s2073,u1890,France,Smart TV,Sport Live,1,9,0.93,0.36,10037,5294,
2026-01-02 10:34:00,s2074,u181,Senegal,Mobile,Movie C,1,52,0.19,0.31,6325,2805,BUFFERING_ERROR
2026-01-02 10:35:00,s2075,u1767,Senegal,Smart TV,Kids Show,1,90,0.04,0.5,6543,5093,STARTUP_TIMEOUT
2026-01-02 10:36:00,s2076,u1708,Ivory Coast,iOS,Series A,1,79,0.48,0.12,7638,459,
2026-01-02 10:37:00,s2077,u905,Cameroon,Smart TV,Series B,1,48,0.13,0.37,6389,4030,
2026-01-02 10:38:00,s2078,u146,Tunisia,STB,Documentary D,1,24,0.71,0.14,2826,1363,STARTUP_TIMEOUT
2026-01-02 10:39:00,s2079,u1075,Tunisia,iOS,Movie C,1,90,1.23,0.23,7696,1321,
2026-01-02 10:40:00,s2080,u2103,Senegal,Android TV,Series B,1,42,0.54,0.09,8035,818,STARTUP_TIMEOUT
2026-01-02 10:41:00,s2081,u1050,Cameroon,Smart TV,Kids Show,1,58,0.97,0.16,8749,2583,
2026-01-02 10:42:00,s2082,u1337,France,Smart TV,Series B,1,27,1.3,0.13,11661,2515,AUTH_ERROR
2026-01-02 10:43:00,s2083,u911,Morocco,STB,Series A,1,28,1.38,0.39,4871,4932,STARTUP_TIMEOUT
2026-01-02 10:44:00,s2084,u1697,Ivory Coast,STB,Kids Show,1,81,1.26,0.39,7130,3637,LOW_BITRATE
2026-01-02 10:45:00,s2085,u765,Morocco,iOS,Movie C,1,10,0.33,0.49,4757,5574,CDN_ERROR
2026-01-02 10:46:00,s2086,u1008,Ivory Coast,Web,Movie C,1,48,1.02,0.2,2712,5695,CDN_ERROR
2026-01-02 10:47:00,s2087,u2490,Senegal,Android TV,Documentary D,1,62,0.78,0.03,4088,5804,STARTUP_TIMEOUT
2026-01-02 10:48:00,s2088,u2362,Senegal,iOS,Movie C,1,49,1.2,0.04,5796,3745,
2026-01-02 10:49:00,s2089,u144,Ivory Coast,Web,Movie C,1,22,0.51,0.36,7260,1183,
2026-01-02 10:50:00,s2090,u313,France,iOS,Documentary D,1,88,0.83,0.12,11938,3998,
2026-01-02 10:51:00,s2091,u645,Tunisia,Mobile,Series B,1,34,0.35,0.11,11143,3675,AUTH_ERROR
2026-01-02 10:52:00,s2092,u1892,Ivory Coast,Mobile,Series B,1,29,0.49,0.42,9097,5790,
2026-01-02 10:53:00,s2093,u1649,Morocco,Mobile,Series A,1,67,1.44,0.25,10436,1719,CDN_ERROR
2026-01-02 10:54:00,s2094,u2130,Cameroon,Android TV,Series A,1,74,1.24,0.52,539,619,
2026-01-02 10:55:00,s2095,u2363,Morocco,Web,Kids Show,1,69,0.89,0.38,7302,5167,BUFFERING_ERROR
2026-01-02 10:56:00,s2096,u1353,Tunisia,iOS,Series A,1,33,0.12,0.16,9121,3482,
2026-01-02 10:57:00,s2097,u2357,France,iOS,Series A,1,75,0.47,0.12,4057,3156,CDN_ERROR
2026-01-02 10:58:00,s2098,u1761,Morocco,Mobile,Series A,1,50,1.45,0.02,11854,4375,BUFFERING_ERROR
2026-01-02 10:59:00,s2099,u2474,Senegal,Web,Documentary D,1,35,0.76,0.35,9495,4496,
2026-01-02 11:00:00,s2100,u1213,Cameroon,Web,Documentary D,1,20,0.07,0.02,1122,5064,
2026-01-02 11:01:00,s2101,u1081,Cameroon,Mobile,Series A,1,22,1.23,0.02,10382,3577,AUTH_ERROR
2026-01-02 11:02:00,s2102,u864,Morocco,Mobile,Movie C,1,2,1.17,0.45,7266,1616,
2026-01-02 11:03:00,s2103,u15,Morocco,Mobile,Movie C,1,82,0.25,0.18,557,1411,
2026-01-02 11:04:00,s2104,u2216,Morocco,iOS,Series A,1,22,1.26,0.49,10198,1755,STARTUP_TIMEOUT
2026-01-02 11:05:00,s2105,u1918,Tunisia,iOS,Sport Live,1,82,0.28,0.06,5092,2723,STARTUP_TIMEOUT
2026-01-02 11:06:00,s2106,u765,Morocco,Smart TV,Kids Show,1,6,0.18,0.38,7551,4345,LOW_BITRATE
2026-01-02 11:07:00,s2107,u2478,Tunisia,Smart TV,Series A,1,80,0.22,0.31,2686,4370,BUFFERING_ERROR
2026-01-02 11:08:00,s2108,u2003,Cameroon,Mobile,Kids Show,1,68,0.05,0.01,7026,5663,BUFFERING_ERROR
2026-01-02 11:09:00,s2109,u115,Tunisia,Web,Series B,1,76,0.65,0.34,1195,5544,LOW_BITRATE
2026-01-02 11:10:00,s2110,u1990,Ivory Coast,Mobile,Sport Live,1,43,1.29,0.06,6492,694,STARTUP_TIMEOUT
2026-01-02 11:11:00,s2111,u2134,Senegal,STB,Series B,1,10,1.14,0.18,1988,2666,
2026-01-02 11:12:00,s2112,u1676,Morocco,Mobile,Series B,1,74,0.86,0.26,8354,5733,
2026-01-02 11:13:00,s2113,u598,Cameroon,Smart TV,Series B,1,3,0.4,0.08,4668,2752,CDN_ERROR
2026-01-02 11:14:00,s2114,u1176,Ivory Coast,Android TV,Documentary D,1,46,1.22,0.18,10025,5433,LOW_BITRATE
2026-01-02 11:15:00,s2115,u246,Cameroon,Android TV,Series A,1,90,0.37,0.49,11565,439,
2026-01-02 11:16:00,s2116,u877,France,iOS,Kids Show,1,79,1.24,0.09,4548,2664,
2026-01-02 11:17:00,s2117,u616,France,Web,Series A,1,6,0.51,0.47,1247,5990,STARTUP_TIMEOUT
2026-01-02 11:18:00,s2118,u147,France,Smart TV,Documentary D,1,11,1.29,0.04,979,2787,LOW_BITRATE
2026-01-02 11:19:00,s2119,u1177,Cameroon,iOS,Series A,1,45,0.17,0.26,3594,3243,
2026-01-02 11:20:00,s2120,u865,Senegal,Mobile,Kids Show,1,19,0.51,0.34,4912,5880,
2026-01-02 11:21:00,s2121,u1724,Cameroon,Mobile,Documentary D,1,63,1.33,0.37,3329,4146,STARTUP_TIMEOUT
2026-01-02 11:22:00,s2122,u742,France,STB,Movie C,1,75,0.76,0.4,11715,1453,STARTUP_TIMEOUT
2026-01-02 11:23:00,s2123,u1056,Ivory Coast,Web,Series A,1,70,0.78,0.25,8874,4248,BUFFERING_ERROR
2026-01-02 11:24:00,s2124,u2369,Cameroon,Web,Documentary D,1,83,1.18,0.49,7445,1000,LOW_BITRATE
2026-01-02 11:25:00,s2125,u1629,Morocco,iOS,Series B,1,57,1.26,0.04,11033,2612,STARTUP_TIMEOUT
2026-01-02 11:26:00,s2126,u199,Morocco,Web,Sport Live,1,52,0.66,0.25,2600,1408,AUTH_ERROR
2026-01-02 11:27:00,s2127,u2372,Cameroon,Android TV,Kids Show,1,85,0.55,0.15,731,5761,STARTUP_TIMEOUT
2026-01-02 11:28:00,s2128,u824,Tunisia,iOS,Kids Show,1,14,0.16,0.27,3862,3237,CDN_ERROR
2026-01-02 11:29:00,s2129,u2019,Cameroon,Web,Sport Live,1,88,0.28,0.04,10288,2344,
2026-01-02 11:30:00,s2130,u1953,Ivory Coast,Web,Documentary D,1,4,0.66,0.03,11145,5575,BUFFERING_ERROR
2026-01-02 11:31:00,s2131,u507,Senegal,STB,Sport Live,1,69,1.28,0.51,10493,978,AUTH_ERROR
2026-01-02 11:32:00,s2132,u2428,Tunisia,Mobile,Movie C,1,62,1.23,0.18,10476,512,STARTUP_TIMEOUT
2026-01-02 11:33:00,s2133,u1908,Senegal,STB,Sport Live,1,4,0.15,0.02,3246,3098,
2026-01-02 11:34:00,s2134,u103,Ivory Coast,Android TV,Series A,1,14,0.73,0.47,1650,2353,BUFFERING_ERROR
2026-01-02 11:35:00,s2135,u501,Senegal,STB,Sport Live,1,89,1.22,0.38,516,4587,BUFFERING_ERROR
2026-01-02 11:36:00,s2136,u596,Cameroon,Mobile,Movie C,1,67,1.4,0.13,11875,1153,STARTUP_TIMEOUT
2026-01-02 11:37:00,s2137,u676,Tunisia,Mobile,Documentary D,1,21,0.15,0.33,4030,2040,LOW_BITRATE
2026-01-02 11:38:00,s2138,u1506,France,iOS,Series B,1,66,0.76,0.06,6552,1867,
2026-01-02 11:39:00,s2139,u703,Ivory Coast,Smart TV,Series A,1,47,1.29,0.42,712,3584,
2026-01-02 11:40:00,s2140,u1543,Ivory Coast,Android TV,Movie C,1,34,0.91,0.18,9050,1655,CDN_ERROR
2026-01-02 11:41:00,s2141,u2144,France,Mobile,Kids Show,1,74,0.31,0.45,8857,4636,AUTH_ERROR
2026-01-02 11:42:00,s2142,u1273,France,STB,Series A,1,80,0.2,0.09,10765,1693,
2026-01-02 11:43:00,s2143,u1365,Morocco,STB,Documentary D,1,24,0.84,0.4,11868,1873,AUTH_ERROR
2026-01-02 11:44:00,s2144,u2078,Ivory Coast,iOS,Sport Live,1,81,0.3,0.34,9705,2051,AUTH_ERROR
2026-01-02 11:45:00,s2145,u1000,Senegal,iOS,Series A,1,22,0.48,0.02,3969,908,
2026-01-02 11:46:00,s2146,u2470,Tunisia,STB,Documentary D,1,60,0.59,0.35,2834,4934,CDN_ERROR
2026-01-02 11:47:00,s2147,u161,Senegal,Mobile,Series B,1,29,0.32,0.47,2640,1870,AUTH_ERROR
2026-01-02 11:48:00,s2148,u596,Senegal,iOS,Movie C,1,23,0.32,0.45,9895,2831,
2026-01-02 11:49:00,s2149,u122,Morocco,Web,Series A,1,67,1.47,0.43,2790,2573,CDN_ERROR
2026-01-02 11:50:00,s2150,u2454,Morocco,STB,Series A,1,27,0.89,0.07,8264,3816,
2026-01-02 11:51:00,s2151,u2398,France,iOS,Sport Live,1,27,1.06,0.1,3510,5584,
2026-01-02 11:52:00,s2152,u1765,Senegal,Web,Kids Show,1,4,0.35,0.16,8338,5544,CDN_ERROR
2026-01-02 11:53:00,s2153,u923,Cameroon,Mobile,Series B,1,19,1.11,0.21,3255,3376,AUTH_ERROR
2026-01-02 11:54:00,s2154,u531,Morocco,STB,Sport Live,1,7,0.72,0.11,10039,3300,BUFFERING_ERROR
2026-01-02 11:55:00,s2155,u24,Cameroon,iOS,Movie C,1,25,0.97,0.51,10864,3867,
2026-01-02 11:56:00,s2156,u391,Tunisia,iOS,Series B,1,1,1.46,0.5,2428,5812,STARTUP_TIMEOUT
2026-01-02 11:57:00,s2157,u787,Tunisia,Android TV,Series B,1,32,0.3,0.29,5450,788,
2026-01-02 11:58:00,s2158,u694,Cameroon,iOS,Series A,1,40,0.25,0.24,4072,3132,STARTUP_TIMEOUT
2026-01-02 11:59:00,s2159,u1627,Ivory Coast,STB,Series B,1,79,0.63,0.49,9045,2674,LOW_BITRATE
2026-01-02 12:00:00,s2160,u603,Senegal,Web,Kids Show,1,83,0.85,0.47,6698,5752,
2026-01-02 12:01:00,s2161,u858,Cameroon,Smart TV,Movie C,1,61,0.95,0.44,1338,4673,BUFFERING_ERROR
2026-01-02 12:02:00,s2162,u2193,France,Smart TV,Series B,1,59,0.56,0.35,1544,1429,AUTH_ERROR
2026-01-02 12:03:00,s2163,u1110,Tunisia,Android TV,Kids Show,1,15,0.47,0.55,6327,3531,
2026-01-02 12:04:00,s2164,u1513,Cameroon,iOS,Series A,1,61,1.13,0.52,8635,2041,LOW_BITRATE
2026-01-02 12:05:00,s2165,u456,Ivory Coast,Web,Movie C,1,66,1.31,0.14,2496,4661,AUTH_ERROR
2026-01-02 12:06:00,s2166,u1766,Senegal,Web,Series A,1,54,0.79,0.3,9231,420,
2026-01-02 12:07:00,s2167,u2228,Ivory Coast,Android TV,Series A,1,3,0.45,0.53,5431,1890,
2026-01-02 12:08:00,s2168,u1010,Senegal,iOS,Kids Show,1,23,0.85,0.42,4999,5418,
2026-01-02 12:09:00,s2169,u1108,Ivory Coast,Web,Kids Show,1,67,0.29,0.1,9492,1991,
2026-01-02 12:10:00,s2170,u972,Cameroon,Android TV,Documentary D,1,28,0.25,0.44,1380,3795,STARTUP_TIMEOUT
2026-01-02 12:11:00,s2171,u504,Morocco,STB,Sport Live,1,53,0.86,0.04,1250,2433,
2026-01-02 12:12:00,s2172,u922,Morocco,iOS,Series A,1,32,0.54,0.31,5045,2260,AUTH_ERROR
2026-01-02 12:13:00,s2173,u450,France,STB,Series B,1,69,0.29,0.26,7802,3575,
2026-01-02 12:14:00,s2174,u2392,Morocco,Smart TV,Kids Show,1,73,0.37,0.51,2497,1193,AUTH_ERROR
2026-01-02 12:15:00,s2175,u806,France,Smart TV,Series A,1,26,0.53,0.44,8833,635,CDN_ERROR
2026-01-02 12:16:00,s2176,u346,Cameroon,STB,Series A,1,67,0.1,0.53,2152,3213,LOW_BITRATE
2026-01-02 12:17:00,s2177,u528,Morocco,Android TV,Series B,1,86,1.2,0.2,771,4181,STARTUP_TIMEOUT
2026-01-02 12:18:00,s2178,u1635,Cameroon,Android TV,Kids Show,1,80,0.74,0.54,1179,3493,LOW_BITRATE
2026-01-02 12:19:00,s2179,u1927,Tunisia,STB,Movie C,1,15,0.79,0.26,7785,1985,
2026-01-02 12:20:00,s2180,u131,Senegal,Android TV,Series A,1,69,0.4,0.18,9616,4265,CDN_ERROR
2026-01-02 12:21:00,s2181,u486,Cameroon,Mobile,Movie C,1,86,0.7,0.53,8555,4213,
2026-01-02 12:22:00,s2182,u498,Morocco,iOS,Sport Live,1,23,1.29,0.35,8372,2393,
2026-01-02 12:23:00,s2183,u2215,Morocco,STB,Sport Live,1,75,0.49,0.46,9177,751,BUFFERING_ERROR
2026-01-02 12:24:00,s2184,u743,France,STB,Movie C,1,38,1.18,0.51,7376,5995,CDN_ERROR
2026-01-02 12:25:00,s2185,u1568,Senegal,Mobile,Series B,1,66,1.25,0.47,6292,942,AUTH_ERROR
2026-01-02 12:26:00,s2186,u1881,Tunisia,Mobile,Series A,1,2,0.65,0.5,2358,1385,CDN_ERROR
2026-01-02 12:27:00,s2187,u636,Ivory Coast,iOS,Movie C,1,37,0.97,0.52,5917,1859,AUTH_ERROR
2026-01-02 12:28:00,s2188,u690,Ivory Coast,STB,Movie C,1,74,1.2,0.11,10242,3815,LOW_BITRATE
2026-01-02 12:29:00,s2189,u1185,France,Mobile,Series B,1,35,0.82,0.14,2148,1127,
2026-01-02 12:30:00,s2190,u999,Tunisia,iOS,Movie C,1,1,0.62,0.15,3892,4198,
2026-01-02 12:31:00,s2191,u295,Senegal,Android TV,Movie C,1,29,0.5,0.07,5246,2209,AUTH_ERROR
2026-01-02 12:32:00,s2192,u226,Senegal,Android TV,Series A,1,84,1.08,0.16,8048,4140,
2026-01-02 12:33:00,s2193,u100,Senegal,Web,Series A,1,80,0.92,0.46,10582,5403,STARTUP_TIMEOUT
2026-01-02 12:34:00,s2194,u2000,France,Web,Movie C,1,40,0.44,0.41,3839,2311,STARTUP_TIMEOUT
2026-01-02 12:35:00,s2195,u483,Cameroon,STB,Series A,1,90,0.29,0.47,10696,5717,
2026-01-02 12:36:00,s2196,u969,Morocco,Smart TV,Sport Live,1,42,1.29,0.23,8951,2056,CDN_ERROR
2026-01-02 12:37:00,s2197,u2486,Ivory Coast,Web,Series A,1,77,1.03,0.51,9305,2386,
2026-01-02 12:38:00,s2198,u1993,Senegal,STB,Sport Live,1,79,0.93,0.37,3649,5714,LOW_BITRATE
2026-01-02 12:39:00,s2199,u1761,Ivory Coast,iOS,Kids Show,1,4,0.97,0.11,9858,3381,LOW_BITRATE
2026-01-02 12:40:00,s2200,u1456,Tunisia,STB,Movie C,1,61,1.11,0.38,11764,1143,
2026-01-02 12:41:00,s2201,u679,Senegal,Smart TV,Series A,1,68,0.66,0.43,4135,1247,
2026-01-02 12:42:00,s2202,u1119,Tunisia,Mobile,Kids Show,1,89,0.73,0.05,1852,5585,AUTH_ERROR
2026-01-02 12:43:00,s2203,u2071,Senegal,Android TV,Series B,1,29,0.19,0.4,3602,4950,AUTH_ERROR
2026-01-02 12:44:00,s2204,u2307,France,iOS,Kids Show,1,77,0.64,0.1,5612,4036,
2026-01-02 12:45:00,s2205,u1376,Morocco,Smart TV,Series B,1,27,1.29,0.14,1011,5624,
2026-01-02 12:46:00,s2206,u251,Morocco,STB,Documentary D,1,4,0.6,0.29,8707,2203,LOW_BITRATE
2026-01-02 12:47:00,s2207,u1078,France,Web,Movie C,1,83,0.87,0.41,9811,3426,
2026-01-02 12:48:00,s2208,u1901,Senegal,Web,Kids Show,1,62,0.9,0.12,3903,4325,STARTUP_TIMEOUT
2026-01-02 12:49:00,s2209,u1565,Senegal,Mobile,Series B,1,13,0.16,0.13,4355,1116,STARTUP_TIMEOUT
2026-01-02 12:50:00,s2210,u2238,France,iOS,Movie C,1,40,0.16,0.53,3218,4295,
2026-01-02 12:51:00,s2211,u1200,Tunisia,Mobile,Documentary D,1,88,0.23,0.44,10432,2990,
2026-01-02 12:52:00,s2212,u1622,Cameroon,iOS,Documentary D,1,56,1.22,0.06,2838,2546,CDN_ERROR
2026-01-02 12:53:00,s2213,u1056,Ivory Coast,Web,Documentary D,1,46,0.15,0.21,1272,3601,
2026-01-02 12:54:00,s2214,u666,Morocco,Mobile,Series B,1,50,0.51,0.35,10569,1784,
2026-01-02 12:55:00,s2215,u1827,Tunisia,Smart TV,Sport Live,1,26,0.67,0.47,4521,3060,
2026-01-02 12:56:00,s2216,u1310,Cameroon,STB,Series B,1,68,0.47,0.32,6138,1642,BUFFERING_ERROR
2026-01-02 12:57:00,s2217,u287,Tunisia,Web,Documentary D,1,19,0.62,0.41,9591,1314,BUFFERING_ERROR
2026-01-02 12:58:00,s2218,u592,Cameroon,Mobile,Series B,1,13,0.09,0.42,2069,1791,
2026-01-02 12:59:00,s2219,u2276,Morocco,Smart TV,Documentary D,1,30,0.8,0.06,9120,3324,AUTH_ERROR
2026-01-02 13:00:00,s2220,u2067,Tunisia,Smart TV,Sport Live,1,47,0.49,0.55,2498,2163,BUFFERING_ERROR
2026-01-02 13:01:00,s2221,u1474,Morocco,Smart TV,Movie C,1,77,0.95,0.26,7855,2516,LOW_BITRATE
2026-01-02 13:02:00,s2222,u760,Cameroon,Android TV,Series A,1,88,0.5,0.51,5392,899,
2026-01-02 13:03:00,s2223,u1205,France,iOS,Sport Live,1,64,1.42,0.51,5727,1061,BUFFERING_ERROR
2026-01-02 13:04:00,s2224,u2130,Senegal,Mobile,Sport Live,1,20,0.31,0.52,5561,4991,STARTUP_TIMEOUT
2026-01-02 13:05:00,s2225,u349,Cameroon,STB,Series A,1,36,0.8,0.03,2039,2384,STARTUP_TIMEOUT
2026-01-02 13:06:00,s2226,u760,Senegal,Android TV,Movie C,1,57,1.13,0.14,7174,611,LOW_BITRATE
2026-01-02 13:07:00,s2227,u806,Cameroon,Mobile,Series A,1,88,0.03,0.22,9475,4040,
2026-01-02 13:08:00,s2228,u1228,Senegal,Web,Sport Live,1,32,1.08,0.05,10108,655,CDN_ERROR
2026-01-02 13:09:00,s2229,u2075,France,Smart TV,Series B,1,44,0.45,0.4,8483,3920,STARTUP_TIMEOUT
2026-01-02 13:10:00,s2230,u1446,Morocco,Smart TV,Kids Show,1,83,0.68,0.53,11412,4805,
2026-01-02 13:11:00,s2231,u680,Cameroon,STB,Movie C,1,52,0.76,0.3,3698,2045,AUTH_ERROR
2026-01-02 13:12:00,s2232,u1492,Ivory Coast,Mobile,Sport Live,1,51,0.82,0.49,4146,4365,BUFFERING_ERROR
2026-01-02 13:13:00,s2233,u2077,Senegal,Android TV,Movie C,1,59,0.72,0.34,7173,4233,BUFFERING_ERROR
2026-01-02 13:14:00,s2234,u2252,France,Web,Series B,1,23,0.47,0.27,2631,1236,BUFFERING_ERROR
2026-01-02 13:15:00,s2235,u1335,Senegal,Android TV,Documentary D,1,29,0.57,0.14,2545,2152,AUTH_ERROR
2026-01-02 13:16:00,s2236,u1898,Senegal,STB,Movie C,1,49,0.27,0.34,4621,918,STARTUP_TIMEOUT
2026-01-02 13:17:00,s2237,u9,Senegal,Android TV,Series A,1,5,0.08,0.03,4665,2179,
2026-01-02 13:18:00,s2238,u1788,Ivory Coast,iOS,Series B,1,15,0.92,0.35,7875,1599,CDN_ERROR
2026-01-02 13:19:00,s2239,u367,Tunisia,STB,Kids Show,1,43,0.28,0.43,9971,5074,CDN_ERROR
2026-01-02 13:20:00,s2240,u2159,Senegal,Smart TV,Documentary D,1,71,0.17,0.45,2266,5327,BUFFERING_ERROR
2026-01-02 13:21:00,s2241,u873,Ivory Coast,STB,Series B,1,41,0.19,0.03,7590,2047,
2026-01-02 13:22:00,s2242,u1608,Cameroon,Mobile,Documentary D,1,89,0.07,0.41,2551,3626,AUTH_ERROR
2026-01-02 13:23:00,s2243,u297,Cameroon,STB,Movie C,1,71,1.18,0.54,2017,4818,CDN_ERROR
2026-01-02 13:24:00,s2244,u760,Senegal,Web,Documentary D,1,69,0.61,0.25,9507,3452,BUFFERING_ERROR
2026-01-02 13:25:00,s2245,u2195,Morocco,iOS,Kids Show,1,16,0.35,0.47,1704,1972,BUFFERING_ERROR
2026-01-02 13:26:00,s2246,u2393,Cameroon,Android TV,Series A,1,9,0.13,0.5,5048,1133,STARTUP_TIMEOUT
2026-01-02 13:27:00,s2247,u612,Morocco,Mobile,Sport Live,1,57,1.06,0.36,603,4132,STARTUP_TIMEOUT
2026-01-02 13:28:00,s2248,u1745,France,Mobile,Series A,1,11,0.22,0.19,8338,763,CDN_ERROR
2026-01-02 13:29:00,s2249,u296,France,Smart TV,Kids Show,1,72,0.74,0.41,11229,3237,
2026-01-02 13:30:00,s2250,u2303,Senegal,iOS,Documentary D,1,83,0.18,0.14,8108,4986,BUFFERING_ERROR
2026-01-02 13:31:00,s2251,u1133,Ivory Coast,Web,Movie C,1,61,0.5,0.19,4195,1358,CDN_ERROR
2026-01-02 13:32:00,s2252,u762,Tunisia,Mobile,Series B,1,71,0.28,0.27,7356,3264,
2026-01-02 13:33:00,s2253,u479,Morocco,iOS,Kids Show,1,30,1.4,0.43,4379,5450,LOW_BITRATE
2026-01-02 13:34:00,s2254,u2406,Morocco,Smart TV,Sport Live,1,63,1.34,0.31,7660,1902,STARTUP_TIMEOUT
2026-01-02 13:35:00,s2255,u2102,Ivory Coast,iOS,Movie C,1,13,1.07,0.44,2147,5923,LOW_BITRATE
2026-01-02 13:36:00,s2256,u1495,France,STB,Series A,1,26,0.04,0.08,6590,1748,LOW_BITRATE
2026-01-02 13:37:00,s2257,u576,France,STB,Series B,1,57,1.0,0.47,9138,5239,AUTH_ERROR
2026-01-02 13:38:00,s2258,u1703,Morocco,Smart TV,Documentary D,1,6,1.5,0.36,769,2078,STARTUP_TIMEOUT
2026-01-02 13:39:00,s2259,u1239,Cameroon,Smart TV,Movie C,1,56,0.47,0.4,9125,1001,AUTH_ERROR
2026-01-02 13:40:00,s2260,u1776,Cameroon,Web,Kids Show,1,71,0.08,0.14,4181,5992,BUFFERING_ERROR
2026-01-02 13:41:00,s2261,u370,Ivory Coast,Web,Sport Live,1,7,1.37,0.4,10646,837,STARTUP_TIMEOUT
2026-01-02 13:42:00,s2262,u1663,Tunisia,Web,Series A,1,65,0.94,0.51,6169,4939,AUTH_ERROR
2026-01-02 13:43:00,s2263,u14,Cameroon,Web,Kids Show,1,40,0.82,0.2,5327,5993,STARTUP_TIMEOUT
2026-01-02 13:44:00,s2264,u2261,Morocco,Web,Series A,1,38,1.07,0.51,8641,805,AUTH_ERROR
2026-01-02 13:45:00,s2265,u2252,Morocco,STB,Documentary D,1,34,0.04,0.48,8978,1190,STARTUP_TIMEOUT
2026-01-02 13:46:00,s2266,u402,Senegal,Android TV,Series A,1,51,0.94,0.07,2445,4472,LOW_BITRATE
2026-01-02 13:47:00,s2267,u2364,Ivory Coast,Android TV,Sport Live,1,47,1.39,0.18,10385,4340,LOW_BITRATE
2026-01-02 13:48:00,s2268,u2417,Ivory Coast,STB,Documentary D,1,12,0.54,0.53,10520,3899,
2026-01-02 13:49:00,s2269,u2,Ivory Coast,Android TV,Movie C,1,41,0.26,0.28,6873,2996,
2026-01-02 13:50:00,s2270,u925,Tunisia,Web,Kids Show,1,89,0.99,0.37,7093,5540,AUTH_ERROR
2026-01-02 13:51:00,s2271,u1829,Tunisia,Mobile,Sport Live,1,63,1.38,0.01,9329,4210,AUTH_ERROR
2026-01-02 13:52:00,s2272,u1512,France,STB,Series B,1,37,0.1,0.15,8832,1405,CDN_ERROR
2026-01-02 13:53:00,s2273,u1205,Cameroon,Android TV,Kids Show,1,36,0.96,0.53,7956,2546,
2026-01-02 13:54:00,s2274,u412,France,Android TV,Sport Live,1,85,0.12,0.26,10057,4454,CDN_ERROR
2026-01-02 13:55:00,s2275,u2279,Senegal,Smart TV,Series B,1,24,1.5,0.54,7095,1940,
2026-01-02 13:56:00,s2276,u1685,Senegal,Web,Sport Live,1,7,1.09,0.3,3851,4900,CDN_ERROR
2026-01-02 13:57:00,s2277,u650,Morocco,STB,Series B,1,74,0.63,0.33,8936,1029,
2026-01-02 13:58:00,s2278,u524,France,STB,Series A,1,53,1.2,0.38,10049,4695,BUFFERING_ERROR
2026-01-02 13:59:00,s2279,u295,France,Web,Documentary D,1,67,0.64,0.47,8176,4092,STARTUP_TIMEOUT
2026-01-02 14:00:00,s2280,u1412,Tunisia,Mobile,Sport Live,1,4,0.47,0.29,11408,1959,BUFFERING_ERROR
2026-01-02 14:01:00,s2281,u1956,Morocco,iOS,Series B,1,39,0.44,0.03,3955,1640,STARTUP_TIMEOUT
2026-01-02 14:02:00,s2282,u1886,Senegal,Web,Series A,1,42,0.71,0.42,8635,4696,AUTH_ERROR
2026-01-02 14:03:00,s2283,u2368,Ivory Coast,Mobile,Kids Show,1,67,0.95,0.54,7469,462,
2026-01-02 14:04:00,s2284,u976,France,Android TV,Movie C,1,87,0.16,0.3,4232,3937,STARTUP_TIMEOUT
2026-01-02 14:05:00,s2285,u1050,Senegal,iOS,Series A,1,60,0.07,0.09,9156,597,CDN_ERROR
2026-01-02 14:06:00,s2286,u1679,Tunisia,Mobile,Sport Live,1,54,0.64,0.37,9054,5728,
2026-01-02 14:07:00,s2287,u1225,France,Smart TV,Documentary D,1,47,1.49,0.37,9335,433,LOW_BITRATE
2026-01-02 14:08:00,s2288,u1425,Morocco,Mobile,Sport Live,1,16,0.73,0.48,8320,3876,AUTH_ERROR
2026-01-02 14:09:00,s2289,u1732,Senegal,Android TV,Sport Live,1,62,0.16,0.2,10721,5689,
2026-01-02 14:10:00,s2290,u403,Senegal,Smart TV,Series A,1,34,0.38,0.18,8200,3703,
2026-01-02 14:11:00,s2291,u289,Cameroon,Smart TV,Movie C,1,81,1.49,0.06,8138,1075,
2026-01-02 14:12:00,s2292,u8,Cameroon,iOS,Series A,1,77,0.86,0.5,5286,4358,LOW_BITRATE
2026-01-02 14:13:00,s2293,u374,France,Smart TV,Series B,1,19,1.43,0.44,11196,5400,
2026-01-02 14:14:00,s2294,u1361,France,Android TV,Sport Live,1,43,0.25,0.01,671,1719,STARTUP_TIMEOUT
2026-01-02 14:15:00,s2295,u2029,Tunisia,Mobile,Kids Show,1,13,0.69,0.11,9445,1828,BUFFERING_ERROR
2026-01-02 14:16:00,s2296,u1633,Morocco,Mobile,Series B,1,48,0.88,0.51,1697,5297,CDN_ERROR
2026-01-02 14:17:00,s2297,u488,Tunisia,Web,Sport Live,1,82,0.88,0.5,1634,3427,LOW_BITRATE
2026-01-02 14:18:00,s2298,u778,Tunisia,Mobile,Kids Show,1,49,0.03,0.1,10006,2534,
2026-01-02 14:19:00,s2299,u700,Tunisia,iOS,Series A,1,61,1.23,0.38,11141,1325,STARTUP_TIMEOUT
2026-01-02 14:20:00,s2300,u1970,Cameroon,Web,Series B,1,62,1.15,0.05,7434,3424,
2026-01-02 14:21:00,s2301,u2432,Morocco,Web,Series A,1,76,0.17,0.29,8126,3139,
2026-01-02 14:22:00,s2302,u1613,Tunisia,iOS,Kids Show,1,75,0.77,0.37,2739,2544,AUTH_ERROR
2026-01-02 14:23:00,s2303,u675,France,Smart TV,Movie C,1,73,0.95,0.21,7017,3860,
2026-01-02 14:24:00,s2304,u1461,Tunisia,Smart TV,Series B,1,42,0.96,0.18,10133,1779,
2026-01-02 14:25:00,s2305,u919,Ivory Coast,Android TV,Sport Live,1,77,1.48,0.01,9243,4277,CDN_ERROR
2026-01-02 14:26:00,s2306,u51,Senegal,Android TV,Series A,1,37,1.28,0.34,6972,4549,
2026-01-02 14:27:00,s2307,u1943,Cameroon,STB,Sport Live,1,82,0.4,0.13,10424,1301,AUTH_ERROR
2026-01-02 14:28:00,s2308,u2139,Cameroon,iOS,Series B,1,63,0.49,0.47,4854,708,
2026-01-02 14:29:00,s2309,u564,France,Android TV,Sport Live,1,44,0.41,0.47,7925,1657,CDN_ERROR
2026-01-02 14:30:00,s2310,u1640,Morocco,Android TV,Sport Live,1,48,0.1,0.14,5025,5105,
2026-01-02 14:31:00,s2311,u1980,Cameroon,Web,Movie C,1,74,0.36,0.01,5832,3436,AUTH_ERROR
2026-01-02 14:32:00,s2312,u129,Ivory Coast,STB,Kids Show,1,88,0.1,0.31,11302,4980,CDN_ERROR
2026-01-02 14:33:00,s2313,u1652,Morocco,Mobile,Kids Show,1,66,0.29,0.2,11872,5339,
2026-01-02 14:34:00,s2314,u546,Ivory Coast,iOS,Documentary D,1,26,1.26,0.51,4899,5447,LOW_BITRATE
2026-01-02 14:35:00,s2315,u1072,France,Mobile,Series A,1,56,1.36,0.17,8465,3840,AUTH_ERROR
2026-01-02 14:36:00,s2316,u1150,Ivory Coast,Web,Documentary D,1,71,0.29,0.21,1368,2255,
2026-01-02 14:37:00,s2317,u416,France,STB,Movie C,1,5,0.12,0.17,2988,5421,
2026-01-02 14:38:00,s2318,u236,Cameroon,Android TV,Kids Show,1,49,1.28,0.39,2585,641,STARTUP_TIMEOUT
2026-01-02 14:39:00,s2319,u1511,Tunisia,Smart TV,Movie C,1,7,0.8,0.16,11559,4727,
2026-01-02 14:40:00,s2320,u759,France,Smart TV,Documentary D,1,72,1.16,0.38,2972,1172,CDN_ERROR
2026-01-02 14:41:00,s2321,u1579,France,STB,Series B,1,43,1.44,0.19,657,2493,
2026-01-02 14:42:00,s2322,u2477,Morocco,iOS,Series B,1,12,0.78,0.49,4824,1667,BUFFERING_ERROR
2026-01-02 14:43:00,s2323,u982,France,Mobile,Kids Show,1,51,0.12,0.18,10237,3188,
2026-01-02 14:44:00,s2324,u1688,Cameroon,Android TV,Series B,1,89,0.64,0.13,1007,3701,
2026-01-02 14:45:00,s2325,u2208,Tunisia,Android TV,Kids Show,1,31,1.26,0.3,11043,5136,
2026-01-02 14:46:00,s2326,u1986,Ivory Coast,Android TV,Documentary D,1,73,1.35,0.24,6769,4144,AUTH_ERROR
2026-01-02 14:47:00,s2327,u281,Ivory Coast,Smart TV,Movie C,1,50,0.26,0.01,10777,4467,
2026-01-02 14:48:00,s2328,u1885,Senegal,Android TV,Sport Live,1,1,0.1,0.34,742,4321,
2026-01-02 14:49:00,s2329,u370,Cameroon,iOS,Series A,1,50,0.57,0.45,2271,4529,STARTUP_TIMEOUT
2026-01-02 14:50:00,s2330,u1679,France,Mobile,Documentary D,1,84,0.84,0.01,2797,807,
2026-01-02 14:51:00,s2331,u1565,Ivory Coast,Smart TV,Documentary D,1,56,0.5,0.35,3024,1116,
2026-01-02 14:52:00,s2332,u1709,Morocco,iOS,Series A,1,7,0.1,0.55,548,4578,
2026-01-02 14:53:00,s2333,u660,Cameroon,Web,Series B,1,29,1.29,0.04,3688,3865,LOW_BITRATE
2026-01-02 14:54:00,s2334,u1448,France,Mobile,Series A,1,15,1.18,0.04,11077,5683,
2026-01-02 14:55:00,s2335,u1854,Senegal,Web,Movie C,1,86,0.75,0.52,11456,474,
2026-01-02 14:56:00,s2336,u1500,Ivory Coast,Mobile,Series A,1,60,0.41,0.19,2671,3349,
2026-01-02 14:57:00,s2337,u1753,Ivory Coast,Web,Sport Live,1,53,1.38,0.1,8289,3652,LOW_BITRATE
2026-01-02 14:58:00,s2338,u528,Ivory Coast,Web,Movie C,1,42,1.18,0.22,10226,2185,
2026-01-02 14:59:00,s2339,u1587,Cameroon,Android TV,Series B,1,68,1.47,0.52,3963,3174,STARTUP_TIMEOUT
2026-01-02 15:00:00,s2340,u2202,Cameroon,Android TV,Series A,1,64,1.32,0.18,1225,4408,
2026-01-02 15:01:00,s2341,u845,Morocco,STB,Documentary D,1,14,0.6,0.3,10572,5882,LOW_BITRATE
2026-01-02 15:02:00,s2342,u468,Morocco,Android TV,Movie C,1,79,0.78,0.15,6160,1129,BUFFERING_ERROR
2026-01-02 15:03:00,s2343,u1979,France,Android TV,Sport Live,1,11,0.79,0.26,7535,2125,
2026-01-02 15:04:00,s2344,u1688,France,STB,Kids Show,1,85,1.11,0.12,8542,2065,LOW_BITRATE
2026-01-02 15:05:00,s2345,u655,Senegal,Smart TV,Documentary D,1,31,0.65,0.44,4364,1535,CDN_ERROR
2026-01-02 15:06:00,s2346,u2304,Tunisia,Mobile,Documentary D,1,29,0.59,0.07,3940,1118,AUTH_ERROR
2026-01-02 15:07:00,s2347,u1290,Morocco,Mobile,Series B,1,36,0.23,0.05,5952,2436,BUFFERING_ERROR
2026-01-02 15:08:00,s2348,u981,Tunisia,Mobile,Movie C,1,70,1.22,0.06,9257,5101,CDN_ERROR
2026-01-02 15:09:00,s2349,u66,Tunisia,Web,Kids Show,1,36,1.3,0.23,11261,2534,
2026-01-02 15:10:00,s2350,u1175,Cameroon,Mobile,Sport Live,1,12,0.86,0.28,1866,3714,
2026-01-02 15:11:00,s2351,u666,Morocco,Mobile,Movie C,1,70,0.09,0.15,5908,4106,LOW_BITRATE
2026-01-02 15:12:00,s2352,u1136,Morocco,Smart TV,Sport Live,1,25,0.36,0.27,5980,3881,BUFFERING_ERROR
2026-01-02 15:13:00,s2353,u1170,Ivory Coast,Web,Sport Live,1,52,0.59,0.25,6474,4826,LOW_BITRATE
2026-01-02 15:14:00,s2354,u1104,Ivory Coast,iOS,Movie C,1,66,0.55,0.44,2042,4049,STARTUP_TIMEOUT
2026-01-02 15:15:00,s2355,u1744,Ivory Coast,STB,Series B,1,48,0.61,0.16,10588,5891,BUFFERING_ERROR
2026-01-02 15:16:00,s2356,u482,Senegal,Mobile,Sport Live,1,74,1.25,0.5,3885,4110,BUFFERING_ERROR
2026-01-02 15:17:00,s2357,u2443,France,STB,Documentary D,1,69,0.2,0.31,699,881,
2026-01-02 15:18:00,s2358,u358,Senegal,STB,Documentary D,1,59,1.27,0.07,821,5079,CDN_ERROR
2026-01-02 15:19:00,s2359,u2316,Tunisia,Android TV,Documentary D,1,72,0.85,0.49,11645,4280,BUFFERING_ERROR
2026-01-02 15:20:00,s2360,u1792,Senegal,iOS,Kids Show,1,61,0.88,0.39,7275,3523,AUTH_ERROR
2026-01-02 15:21:00,s2361,u162,Cameroon,iOS,Movie C,1,78,1.26,0.04,11148,5720,
2026-01-02 15:22:00,s2362,u1077,Morocco,Smart TV,Kids Show,1,62,0.05,0.46,5112,1074,AUTH_ERROR
2026-01-02 15:23:00,s2363,u1941,Cameroon,Smart TV,Documentary D,1,85,0.55,0.52,4305,4066,AUTH_ERROR
2026-01-02 15:24:00,s2364,u298,Tunisia,STB,Sport Live,1,80,1.33,0.42,4605,1305,
2026-01-02 15:25:00,s2365,u1378,France,Mobile,Movie C,1,44,0.61,0.31,11281,2577,STARTUP_TIMEOUT
2026-01-02 15:26:00,s2366,u1072,France,iOS,Documentary D,1,72,0.92,0.31,5752,5967,BUFFERING_ERROR
2026-01-02 15:27:00,s2367,u1252,Morocco,Smart TV,Series B,1,54,1.5,0.49,741,5732,LOW_BITRATE
2026-01-02 15:28:00,s2368,u1859,Morocco,Mobile,Sport Live,1,83,0.06,0.23,8578,3745,BUFFERING_ERROR
2026-01-02 15:29:00,s2369,u636,France,iOS,Series B,1,31,0.58,0.19,8403,4744,CDN_ERROR
2026-01-02 15:30:00,s2370,u1480,Ivory Coast,Mobile,Series B,1,27,0.86,0.17,7181,4092,BUFFERING_ERROR
2026-01-02 15:31:00,s2371,u1813,Cameroon,Web,Movie C,1,17,1.38,0.18,1549,4568,BUFFERING_ERROR
2026-01-02 15:32:00,s2372,u2168,Ivory Coast,Smart TV,Movie C,1,3,1.15,0.35,5139,1484,
2026-01-02 15:33:00,s2373,u1681,Cameroon,STB,Kids Show,1,62,0.62,0.13,3560,935,STARTUP_TIMEOUT
2026-01-02 15:34:00,s2374,u818,Tunisia,Android TV,Kids Show,1,32,0.11,0.36,1751,4867,STARTUP_TIMEOUT
2026-01-02 15:35:00,s2375,u930,Morocco,STB,Series A,1,80,0.96,0.03,8879,4916,LOW_BITRATE
2026-01-02 15:36:00,s2376,u702,Tunisia,Android TV,Series A,1,35,0.68,0.5,5938,3572,LOW_BITRATE
2026-01-02 15:37:00,s2377,u893,France,Smart TV,Sport Live,1,23,0.84,0.2,7124,4827,CDN_ERROR
2026-01-02 15:38:00,s2378,u1195,Morocco,Smart TV,Documentary D,1,53,0.66,0.22,4854,5321,BUFFERING_ERROR
2026-01-02 15:39:00,s2379,u2358,France,Android TV,Documentary D,1,90,1.0,0.28,6610,2967,
2026-01-02 15:40:00,s2380,u174,Morocco,iOS,Documentary D,1,88,0.4,0.16,9170,1920,LOW_BITRATE
2026-01-02 15:41:00,s2381,u1609,Cameroon,Web,Sport Live,1,10,0.05,0.38,8875,1852,
2026-01-02 15:42:00,s2382,u623,Ivory Coast,iOS,Series B,1,82,0.25,0.11,3670,3335,
2026-01-02 15:43:00,s2383,u447,Ivory Coast,Smart TV,Movie C,1,33,0.99,0.02,2119,3939,CDN_ERROR
2026-01-02 15:44:00,s2384,u2236,Morocco,Android TV,Series B,1,7,0.3,0.54,2308,1480,CDN_ERROR
2026-01-02 15:45:00,s2385,u1442,Cameroon,Web,Kids Show,1,46,0.95,0.22,1937,868,AUTH_ERROR
2026-01-02 15:46:00,s2386,u1594,Cameroon,Android TV,Series A,1,79,0.33,0.06,1383,3875,
2026-01-02 15:47:00,s2387,u1079,Morocco,Android TV,Sport Live,1,22,0.35,0.24,10404,4625,STARTUP_TIMEOUT
2026-01-02 15:48:00,s2388,u98,Tunisia,Web,Documentary D,1,1,0.31,0.17,2151,5327,
2026-01-02 15:49:00,s2389,u127,Senegal,Mobile,Documentary D,1,55,0.65,0.29,921,4717,
2026-01-02 15:50:00,s2390,u1158,Morocco,STB,Kids Show,1,36,0.72,0.01,4117,1147,
2026-01-02 15:51:00,s2391,u436,Morocco,Web,Movie C,1,78,1.37,0.34,1993,3955,CDN_ERROR
2026-01-02 15:52:00,s2392,u1807,Senegal,Web,Kids Show,1,50,1.45,0.14,10620,1002,
2026-01-02 15:53:00,s2393,u310,Cameroon,Android TV,Documentary D,1,15,0.73,0.4,8772,1131,AUTH_ERROR
2026-01-02 15:54:00,s2394,u2019,Tunisia,STB,Sport Live,1,28,1.43,0.09,3716,2049,BUFFERING_ERROR
2026-01-02 15:55:00,s2395,u1142,Morocco,iOS,Documentary D,1,61,1.3,0.45,7840,4232,STARTUP_TIMEOUT
2026-01-02 15:56:00,s2396,u277,France,Android TV,Sport Live,1,8,0.52,0.06,1679,833,CDN_ERROR
2026-01-02 15:57:00,s2397,u2246,Ivory Coast,Mobile,Series B,1,48,0.62,0.35,10959,4733,
2026-01-02 15:58:00,s2398,u1417,Senegal,STB,Kids Show,1,14,0.73,0.27,3095,3927,
2026-01-02 15:59:00,s2399,u23,Tunisia,Android TV,Kids Show,1,11,0.2,0.38,7463,3227,
2026-01-02 16:00:00,s2400,u2495,France,Smart TV,Kids Show,1,31,0.21,0.5,11069,5932,STARTUP_TIMEOUT
2026-01-02 16:01:00,s2401,u761,Senegal,Mobile,Documentary D,1,20,0.05,0.04,5112,748,STARTUP_TIMEOUT
2026-01-02 16:02:00,s2402,u2444,Morocco,Mobile,Documentary D,1,10,0.87,0.25,10084,4051,CDN_ERROR
2026-01-02 16:03:00,s2403,u2277,Cameroon,Android TV,Kids Show,1,13,0.09,0.15,7800,2078,AUTH_ERROR
2026-01-02 16:04:00,s2404,u2270,Ivory Coast,iOS,Movie C,1,29,1.3,0.47,5506,3370,
2026-01-02 16:05:00,s2405,u971,Cameroon,STB,Documentary D,1,56,1.46,0.39,3371,4328,AUTH_ERROR
2026-01-02 16:06:00,s2406,u856,Cameroon,Mobile,Series B,1,89,1.46,0.47,1199,2308,
2026-01-02 16:07:00,s2407,u2291,Morocco,STB,Series B,1,60,0.34,0.34,4220,3305,AUTH_ERROR
2026-01-02 16:08:00,s2408,u1443,France,STB,Series A,1,27,1.48,0.11,4250,5956,AUTH_ERROR
2026-01-02 16:09:00,s2409,u1170,France,Smart TV,Series A,1,4,0.02,0.05,1191,4551,BUFFERING_ERROR
2026-01-02 16:10:00,s2410,u1198,Cameroon,STB,Series A,1,21,0.98,0.47,10241,934,
2026-01-02 16:11:00,s2411,u474,France,Android TV,Series A,1,77,0.42,0.15,3768,1289,STARTUP_TIMEOUT
2026-01-02 16:12:00,s2412,u1988,Tunisia,Android TV,Documentary D,1,62,0.43,0.42,11768,4964,AUTH_ERROR
2026-01-02 16:13:00,s2413,u2349,Morocco,Mobile,Series A,1,42,0.17,0.3,11158,4035,STARTUP_TIMEOUT
2026-01-02 16:14:00,s2414,u826,Morocco,Smart TV,Series A,1,79,1.36,0.5,1702,605,
2026-01-02 16:15:00,s2415,u68,Morocco,STB,Kids Show,1,89,1.49,0.04,7842,773,
2026-01-02 16:16:00,s2416,u1791,France,Smart TV,Series A,1,62,1.48,0.34,1053,4825,
2026-01-02 16:17:00,s2417,u788,France,Web,Kids Show,1,41,1.12,0.18,2094,3483,AUTH_ERROR
2026-01-02 16:18:00,s2418,u1159,Cameroon,Mobile,Movie C,1,14,1.31,0.13,3309,2594,
2026-01-02 16:19:00,s2419,u2271,Morocco,iOS,Documentary D,1,41,1.47,0.37,10118,5620,BUFFERING_ERROR
2026-01-02 16:20:00,s2420,u459,Cameroon,Android TV,Sport Live,1,78,0.64,0.17,4449,459,BUFFERING_ERROR
2026-01-02 16:21:00,s2421,u1479,Cameroon,iOS,Sport Live,1,57,0.1,0.53,6031,3935,CDN_ERROR
2026-01-02 16:22:00,s2422,u82,Senegal,Mobile,Movie C,1,12,0.44,0.46,2344,669,STARTUP_TIMEOUT
2026-01-02 16:23:00,s2423,u2477,Tunisia,Android TV,Kids Show,1,75,0.95,0.55,9496,741,
2026-01-02 16:24:00,s2424,u496,France,Smart TV,Kids Show,1,54,0.16,0.15,2070,2711,
2026-01-02 16:25:00,s2425,u1096,France,Android TV,Series A,1,86,0.97,0.02,10761,2338,
2026-01-02 16:26:00,s2426,u239,Ivory Coast,Mobile,Kids Show,1,20,0.8,0.36,1135,4156,BUFFERING_ERROR
2026-01-02 16:27:00,s2427,u2400,Senegal,iOS,Series B,1,21,1.04,0.46,3218,3620,STARTUP_TIMEOUT
2026-01-02 16:28:00,s2428,u2144,Ivory Coast,Mobile,Movie C,1,14,0.75,0.31,4035,1195,CDN_ERROR
2026-01-02 16:29:00,s2429,u1270,Tunisia,Android TV,Series B,1,1,1.46,0.47,508,3401,
2026-01-02 16:30:00,s2430,u2146,France,iOS,Series B,1,10,1.23,0.17,1626,3303,
2026-01-02 16:31:00,s2431,u1630,Senegal,Mobile,Series A,1,36,1.1,0.38,3830,4218,
2026-01-02 16:32:00,s2432,u815,France,Mobile,Movie C,1,79,0.41,0.03,5152,2672,CDN_ERROR
2026-01-02 16:33:00,s2433,u394,Cameroon,Mobile,Sport Live,1,17,0.85,0.12,10110,4631,STARTUP_TIMEOUT
2026-01-02 16:34:00,s2434,u77,Cameroon,Android TV,Movie C,1,12,0.34,0.1,5237,611,
2026-01-02 16:35:00,s2435,u474,Cameroon,iOS,Sport Live,1,12,0.04,0.38,11521,3900,
2026-01-02 16:36:00,s2436,u115,France,Mobile,Kids Show,1,18,1.07,0.48,1255,4709,STARTUP_TIMEOUT
2026-01-02 16:37:00,s2437,u81,Senegal,Mobile,Series B,1,64,0.39,0.18,4388,2489,AUTH_ERROR
2026-01-02 16:38:00,s2438,u844,Tunisia,STB,Sport Live,1,65,0.22,0.36,9236,3648,
2026-01-02 16:39:00,s2439,u1940,France,Mobile,Documentary D,1,79,0.03,0.1,2633,3905,STARTUP_TIMEOUT
2026-01-02 16:40:00,s2440,u1264,France,Web,Series A,1,84,1.45,0.01,3953,1194,STARTUP_TIMEOUT
2026-01-02 16:41:00,s2441,u1709,Ivory Coast,iOS,Sport Live,1,59,0.21,0.35,8910,1877,
2026-01-02 16:42:00,s2442,u2036,Tunisia,Web,Documentary D,1,85,1.19,0.35,1589,3692,CDN_ERROR
2026-01-02 16:43:00,s2443,u118,Tunisia,iOS,Movie C,1,7,1.4,0.35,8610,4611,STARTUP_TIMEOUT
2026-01-02 16:44:00,s2444,u938,Cameroon,Smart TV,Kids Show,1,83,0.86,0.1,2625,5872,
2026-01-02 16:45:00,s2445,u1284,France,iOS,Kids Show,1,11,0.66,0.22,6265,3354,LOW_BITRATE
2026-01-02 16:46:00,s2446,u1567,Morocco,STB,Kids Show,1,70,1.0,0.51,6675,4436,
2026-01-02 16:47:00,s2447,u1579,Cameroon,iOS,Movie C,1,32,1.16,0.39,9702,2192,
2026-01-02 16:48:00,s2448,u2093,Cameroon,Mobile,Sport Live,1,46,1.29,0.36,7212,4674,BUFFERING_ERROR
2026-01-02 16:49:00,s2449,u127,Tunisia,Smart TV,Sport Live,1,79,1.04,0.18,5401,4131,BUFFERING_ERROR
2026-01-02 16:50:00,s2450,u248,Morocco,Smart TV,Sport Live,1,30,1.32,0.42,558,1853,
2026-01-02 16:51:00,s2451,u2104,Tunisia,iOS,Documentary D,1,32,1.08,0.3,7841,827,
2026-01-02 16:52:00,s2452,u1594,France,iOS,Series A,1,53,0.76,0.09,11400,3370,AUTH_ERROR
2026-01-02 16:53:00,s2453,u2408,Ivory Coast,Android TV,Series A,1,90,0.79,0.17,5534,1174,
2026-01-02 16:54:00,s2454,u1327,Ivory Coast,Smart TV,Series B,1,61,0.4,0.34,7942,4055,AUTH_ERROR
2026-01-02 16:55:00,s2455,u178,Ivory Coast,Web,Kids Show,1,83,1.19,0.03,4431,2895,AUTH_ERROR
2026-01-02 16:56:00,s2456,u828,Senegal,STB,Sport Live,1,35,0.18,0.11,7669,5844,BUFFERING_ERROR
2026-01-02 16:57:00,s2457,u306,Ivory Coast,Mobile,Series A,1,31,0.69,0.17,4262,3619,LOW_BITRATE
2026-01-02 16:58:00,s2458,u438,Cameroon,Mobile,Sport Live,1,70,1.48,0.13,10815,2300,STARTUP_TIMEOUT
2026-01-02 16:59:00,s2459,u1268,France,STB,Documentary D,1,50,0.83,0.1,6192,2607,AUTH_ERROR
2026-01-02 17:00:00,s2460,u155,France,Web,Series B,1,15,0.04,0.02,8651,5192,
2026-01-02 17:01:00,s2461,u1808,Ivory Coast,Android TV,Documentary D,1,89,0.9,0.32,5667,3471,
2026-01-02 17:02:00,s2462,u2184,Ivory Coast,STB,Series B,1,30,1.29,0.13,991,3701,BUFFERING_ERROR
2026-01-02 17:03:00,s2463,u1951,Senegal,Web,Series A,1,81,0.04,0.16,4081,1080,BUFFERING_ERROR
2026-01-02 17:04:00,s2464,u1330,Morocco,iOS,Series B,1,85,1.24,0.34,7732,4463,BUFFERING_ERROR
2026-01-02 17:05:00,s2465,u2124,Morocco,iOS,Movie C,1,62,1.27,0.23,3485,3949,
2026-01-02 17:06:00,s2466,u945,France,iOS,Movie C,1,85,0.56,0.29,8716,5999,AUTH_ERROR
2026-01-02 17:07:00,s2467,u1384,Senegal,iOS,Series A,1,46,0.55,0.29,749,1121,
2026-01-02 17:08:00,s2468,u1199,Ivory Coast,Web,Series A,1,23,0.18,0.16,10808,5403,BUFFERING_ERROR
2026-01-02 17:09:00,s2469,u1245,Morocco,STB,Kids Show,1,77,0.32,0.34,3164,3708,LOW_BITRATE
2026-01-02 17:10:00,s2470,u1849,France,iOS,Series B,1,57,1.41,0.29,9530,2652,BUFFERING_ERROR
2026-01-02 17:11:00,s2471,u2387,Senegal,STB,Series A,1,18,0.73,0.32,5269,4685,CDN_ERROR
2026-01-02 17:12:00,s2472,u1989,Tunisia,iOS,Documentary D,1,22,0.22,0.4,1569,3961,AUTH_ERROR
2026-01-02 17:13:00,s2473,u1340,Morocco,Web,Series A,1,69,0.58,0.18,5314,5327,AUTH_ERROR
2026-01-02 17:14:00,s2474,u2469,Tunisia,iOS,Sport Live,1,68,0.19,0.07,3789,445,AUTH_ERROR
2026-01-02 17:15:00,s2475,u2008,Senegal,Android TV,Movie C,1,15,0.63,0.15,4132,947,AUTH_ERROR
2026-01-02 17:16:00,s2476,u676,Tunisia,Mobile,Movie C,1,86,1.32,0.02,4157,3256,
2026-01-02 17:17:00,s2477,u245,Morocco,Android TV,Documentary D,1,89,1.26,0.35,11399,5636,CDN_ERROR
2026-01-02 17:18:00,s2478,u1676,Tunisia,iOS,Series B,1,10,0.8,0.44,9398,894,LOW_BITRATE
2026-01-02 17:19:00,s2479,u1021,Ivory Coast,STB,Documentary D,1,33,1.32,0.03,10471,1825,CDN_ERROR
2026-01-02 17:20:00,s2480,u1780,Cameroon,STB,Kids Show,1,64,1.46,0.28,9693,4949,CDN_ERROR
2026-01-02 17:21:00,s2481,u470,Ivory Coast,STB,Sport Live,1,14,1.4,0.08,11669,1148,LOW_BITRATE
2026-01-02 17:22:00,s2482,u1694,Ivory Coast,Mobile,Kids Show,1,51,0.28,0.44,7925,1042,
2026-01-02 17:23:00,s2483,u119,Cameroon,Smart TV,Documentary D,1,6,0.94,0.26,6546,699,AUTH_ERROR
2026-01-02 17:24:00,s2484,u1489,Tunisia,Smart TV,Sport Live,1,67,0.99,0.29,2399,4560,AUTH_ERROR
2026-01-02 17:25:00,s2485,u771,Ivory Coast,Web,Sport Live,1,43,1.03,0.41,5465,4909,STARTUP_TIMEOUT
2026-01-02 17:26:00,s2486,u798,Morocco,iOS,Documentary D,1,16,0.75,0.21,11169,3696,
2026-01-02 17:27:00,s2487,u252,Morocco,Mobile,Kids Show,1,36,0.19,0.5,11005,3427,
2026-01-02 17:28:00,s2488,u1091,Morocco,Android TV,Kids Show,1,67,0.35,0.23,11783,3511,
2026-01-02 17:29:00,s2489,u976,Cameroon,Android TV,Movie C,1,39,0.03,0.34,6547,4362,
2026-01-02 17:30:00,s2490,u2213,Cameroon,Mobile,Sport Live,1,14,0.12,0.26,2323,1662,AUTH_ERROR
2026-01-02 17:31:00,s2491,u1493,Ivory Coast,Android TV,Sport Live,1,50,0.56,0.41,1735,2170,BUFFERING_ERROR
2026-01-02 17:32:00,s2492,u795,Cameroon,Smart TV,Series B,1,37,0.42,0.48,578,1496,STARTUP_TIMEOUT
2026-01-02 17:33:00,s2493,u312,Cameroon,Web,Series A,1,6,0.33,0.45,1083,3853,BUFFERING_ERROR
2026-01-02 17:34:00,s2494,u1432,Senegal,iOS,Kids Show,1,18,1.22,0.13,3522,5195,STARTUP_TIMEOUT
2026-01-02 17:35:00,s2495,u2312,Ivory Coast,iOS,Kids Show,1,31,0.96,0.24,10527,5489,AUTH_ERROR
2026-01-02 17:36:00,s2496,u1487,Morocco,Mobile,Movie C,1,14,0.44,0.1,8940,2481,
2026-01-02 17:37:00,s2497,u406,Morocco,Android TV,Series A,1,64,0.75,0.1,11931,745,
2026-01-02 17:38:00,s2498,u912,Tunisia,Mobile,Series B,1,34,0.54,0.2,7734,2921,LOW_BITRATE
2026-01-02 17:39:00,s2499,u1788,Senegal,Mobile,Series A,1,66,0.37,0.02,2611,4167,AUTH_ERROR
2026-01-02 17:40:00,s2500,u1273,Morocco,Smart TV,Documentary D,1,64,0.03,0.42,6296,1756,AUTH_ERROR
2026-01-02 17:41:00,s2501,u180,Ivory Coast,Android TV,Kids Show,1,87,0.93,0.05,7732,4956,CDN_ERROR
2026-01-02 17:42:00,s2502,u1691,France,iOS,Sport Live,1,85,0.51,0.22,8225,3668,CDN_ERROR
2026-01-02 17:43:00,s2503,u1459,Senegal,Mobile,Series A,1,38,0.43,0.25,2501,4507,STARTUP_TIMEOUT
2026-01-02 17:44:00,s2504,u1030,Senegal,iOS,Movie C,1,3,0.82,0.39,9920,785,
2026-01-02 17:45:00,s2505,u88,Morocco,Android TV,Sport Live,1,41,0.59,0.12,9574,1100,STARTUP_TIMEOUT
2026-01-02 17:46:00,s2506,u853,Ivory Coast,Android TV,Movie C,1,89,1.18,0.51,9878,3267,AUTH_ERROR
2026-01-02 17:47:00,s2507,u1732,Cameroon,iOS,Documentary D,1,68,0.1,0.47,1285,2371,AUTH_ERROR
2026-01-02 17:48:00,s2508,u1610,Tunisia,STB,Documentary D,1,2,1.49,0.11,11120,5392,STARTUP_TIMEOUT
2026-01-02 17:49:00,s2509,u1489,Senegal,STB,Sport Live,1,21,0.96,0.36,8818,2635,AUTH_ERROR
2026-01-02 17:50:00,s2510,u495,Tunisia,iOS,Kids Show,1,65,0.6,0.14,3971,1501,CDN_ERROR
2026-01-02 17:51:00,s2511,u1613,France,STB,Sport Live,1,88,0.9,0.4,7424,4252,STARTUP_TIMEOUT
2026-01-02 17:52:00,s2512,u1747,France,STB,Documentary D,1,4,1.44,0.28,4315,2990,
2026-01-02 17:53:00,s2513,u2366,Tunisia,STB,Series A,1,79,0.39,0.42,3107,2471,STARTUP_TIMEOUT
2026-01-02 17:54:00,s2514,u2279,Morocco,Android TV,Movie C,1,84,1.37,0.26,11804,5068,LOW_BITRATE
2026-01-02 17:55:00,s2515,u1482,Morocco,Web,Series B,1,19,0.78,0.19,7646,4450,
2026-01-02 17:56:00,s2516,u453,Morocco,Mobile,Documentary D,1,90,0.85,0.45,2606,3840,LOW_BITRATE
2026-01-02 17:57:00,s2517,u1474,Cameroon,Mobile,Documentary D,1,69,0.73,0.38,2596,3666,
2026-01-02 17:58:00,s2518,u2128,Cameroon,Smart TV,Documentary D,1,22,0.37,0.31,5387,2433,
2026-01-02 17:59:00,s2519,u778,Tunisia,STB,Documentary D,1,55,0.13,0.3,3813,959,STARTUP_TIMEOUT
2026-01-02 18:00:00,s2520,u2175,Senegal,Android TV,Movie C,1,28,1.22,0.22,8747,1871,BUFFERING_ERROR
2026-01-02 18:01:00,s2521,u1715,Cameroon,STB,Documentary D,1,48,0.15,0.36,8642,4516,CDN_ERROR
2026-01-02 18:02:00,s2522,u1282,Senegal,iOS,Series A,1,11,1.4,0.29,7051,2392,CDN_ERROR
2026-01-02 18:03:00,s2523,u336,Senegal,Android TV,Series A,1,37,0.97,0.06,6434,5612,CDN_ERROR
2026-01-02 18:04:00,s2524,u307,France,Mobile,Sport Live,1,66,0.83,0.06,3667,2159,LOW_BITRATE
2026-01-02 18:05:00,s2525,u1304,Senegal,iOS,Documentary D,1,13,0.02,0.35,6061,1029,CDN_ERROR
2026-01-02 18:06:00,s2526,u2120,Ivory Coast,Web,Documentary D,1,79,0.09,0.11,5243,752,STARTUP_TIMEOUT
2026-01-02 18:07:00,s2527,u2172,Cameroon,iOS,Series B,1,38,0.2,0.26,10177,4281,AUTH_ERROR
2026-01-02 18:08:00,s2528,u742,Ivory Coast,Mobile,Series A,1,18,0.51,0.5,4456,4780,STARTUP_TIMEOUT
2026-01-02 18:09:00,s2529,u2292,Morocco,Android TV,Series A,1,39,0.59,0.52,2527,1255,
2026-01-02 18:10:00,s2530,u89,France,Web,Series A,1,39,0.24,0.33,4710,3522,
2026-01-02 18:11:00,s2531,u1585,France,Android TV,Series A,1,40,0.26,0.24,973,4267,
2026-01-02 18:12:00,s2532,u1148,Tunisia,Smart TV,Series B,1,29,0.19,0.07,7446,1829,
2026-01-02 18:13:00,s2533,u95,Tunisia,Android TV,Series B,1,19,0.84,0.22,4260,4117,STARTUP_TIMEOUT
2026-01-02 18:14:00,s2534,u988,Tunisia,Smart TV,Documentary D,1,84,0.28,0.27,681,2112,BUFFERING_ERROR
2026-01-02 18:15:00,s2535,u1779,Morocco,iOS,Sport Live,1,27,0.73,0.53,7181,4738,LOW_BITRATE
2026-01-02 18:16:00,s2536,u1408,Senegal,Smart TV,Series B,1,71,0.29,0.25,1207,5467,LOW_BITRATE
2026-01-02 18:17:00,s2537,u1506,Senegal,Mobile,Movie C,1,66,0.59,0.2,3504,3067,CDN_ERROR
2026-01-02 18:18:00,s2538,u2278,Morocco,iOS,Documentary D,1,40,1.03,0.03,932,3346,
2026-01-02 18:19:00,s2539,u945,Morocco,Smart TV,Series B,1,55,0.31,0.45,9274,2902,BUFFERING_ERROR
2026-01-02 18:20:00,s2540,u2303,Cameroon,Smart TV,Sport Live,1,20,1.42,0.19,4580,1170,CDN_ERROR
2026-01-02 18:21:00,s2541,u2129,Tunisia,Android TV,Sport Live,1,16,0.92,0.17,11220,1945,
2026-01-02 18:22:00,s2542,u2039,Morocco,STB,Series B,1,35,0.79,0.52,6824,1565,BUFFERING_ERROR
2026-01-02 18:23:00,s2543,u2182,Cameroon,Mobile,Movie C,1,69,1.43,0.02,8779,1879,BUFFERING_ERROR
2026-01-02 18:24:00,s2544,u1885,Cameroon,Android TV,Series B,1,89,1.37,0.34,10049,717,
2026-01-02 18:25:00,s2545,u1678,Ivory Coast,STB,Movie C,1,7,0.03,0.3,7094,736,CDN_ERROR
2026-01-02 18:26:00,s2546,u679,Cameroon,Mobile,Series A,1,22,0.62,0.35,6079,3547,STARTUP_TIMEOUT
2026-01-02 18:27:00,s2547,u1706,Senegal,iOS,Documentary D,1,65,1.33,0.21,11235,3175,LOW_BITRATE
2026-01-02 18:28:00,s2548,u112,Morocco,Mobile,Series A,1,2,0.45,0.39,2241,5702,
2026-01-02 18:29:00,s2549,u2182,France,Web,Kids Show,1,31,0.69,0.21,10714,3906,
2026-01-02 18:30:00,s2550,u1154,Cameroon,STB,Documentary D,1,71,1.42,0.13,4790,437,LOW_BITRATE
2026-01-02 18:31:00,s2551,u476,Tunisia,Smart TV,Documentary D,1,19,0.61,0.07,3290,2356,LOW_BITRATE
2026-01-02 18:32:00,s2552,u2052,Senegal,Android TV,Sport Live,1,28,1.37,0.5,808,1477,STARTUP_TIMEOUT
2026-01-02 18:33:00,s2553,u1665,Ivory Coast,STB,Series A,1,30,1.24,0.05,3194,5764,STARTUP_TIMEOUT
2026-01-02 18:34:00,s2554,u1087,Tunisia,Web,Movie C,1,73,0.32,0.16,5445,5820,
2026-01-02 18:35:00,s2555,u529,Morocco,Mobile,Sport Live,1,66,0.61,0.52,8033,4919,BUFFERING_ERROR
2026-01-02 18:36:00,s2556,u1567,Tunisia,Smart TV,Series A,1,35,0.98,0.53,2387,2766,LOW_BITRATE
2026-01-02 18:37:00,s2557,u714,Ivory Coast,Android TV,Sport Live,1,75,1.19,0.14,4435,1533,STARTUP_TIMEOUT
2026-01-02 18:38:00,s2558,u804,Ivory Coast,STB,Series B,1,47,1.44,0.18,3835,1451,
2026-01-02 18:39:00,s2559,u1159,Morocco,Smart TV,Series B,1,59,0.43,0.02,3374,3376,CDN_ERROR
2026-01-02 18:40:00,s2560,u1200,Tunisia,Mobile,Series B,1,47,1.0,0.12,1308,2125,BUFFERING_ERROR
2026-01-02 18:41:00,s2561,u1864,Cameroon,Smart TV,Series A,1,79,1.16,0.1,6123,4093,LOW_BITRATE
2026-01-02 18:42:00,s2562,u1943,Ivory Coast,Android TV,Movie C,1,27,0.49,0.24,517,1433,
2026-01-02 18:43:00,s2563,u931,Cameroon,STB,Movie C,1,13,0.07,0.2,9141,3984,CDN_ERROR
2026-01-02 18:44:00,s2564,u21,France,STB,Movie C,1,70,0.56,0.48,7974,2120,
2026-01-02 18:45:00,s2565,u744,Cameroon,STB,Series A,1,75,0.54,0.44,3099,1964,CDN_ERROR
2026-01-02 18:46:00,s2566,u400,France,Mobile,Series B,1,87,1.12,0.49,10022,2431,CDN_ERROR
2026-01-02 18:47:00,s2567,u1405,Morocco,iOS,Series B,1,20,0.62,0.49,10118,3189,
2026-01-02 18:48:00,s2568,u2104,Tunisia,Smart TV,Kids Show,1,87,0.24,0.24,856,4527,
2026-01-02 18:49:00,s2569,u477,Morocco,Mobile,Sport Live,1,75,0.91,0.4,8178,5344,
2026-01-02 18:50:00,s2570,u1316,Ivory Coast,Mobile,Movie C,1,83,1.07,0.28,1235,1737,BUFFERING_ERROR
2026-01-02 18:51:00,s2571,u254,France,STB,Sport Live,1,58,0.42,0.1,2511,1326,CDN_ERROR
2026-01-02 18:52:00,s2572,u1015,France,Android TV,Kids Show,1,11,1.45,0.22,5753,4572,
2026-01-02 18:53:00,s2573,u1039,Cameroon,Web,Series A,1,3,1.43,0.13,1881,1451,
2026-01-02 18:54:00,s2574,u1688,Senegal,Mobile,Documentary D,1,43,1.0,0.01,1164,4730,CDN_ERROR
2026-01-02 18:55:00,s2575,u1463,Tunisia,Web,Kids Show,1,42,0.87,0.21,3355,2217,LOW_BITRATE
2026-01-02 18:56:00,s2576,u1435,Morocco,Mobile,Sport Live,1,21,0.44,0.09,5159,3950,
2026-01-02 18:57:00,s2577,u2009,Morocco,Android TV,Series A,1,2,0.93,0.43,4989,1369,CDN_ERROR
2026-01-02 18:58:00,s2578,u389,Morocco,Smart TV,Series B,1,30,0.14,0.48,11142,5930,
2026-01-02 18:59:00,s2579,u651,Tunisia,STB,Documentary D,1,52,0.11,0.32,5296,3411,LOW_BITRATE
2026-01-02 19:00:00,s2580,u707,Tunisia,Smart TV,Sport Live,1,81,0.69,0.49,8004,3031,
2026-01-02 19:01:00,s2581,u480,Morocco,Android TV,Movie C,1,10,0.35,0.37,6024,3772,
2026-01-02 19:02:00,s2582,u516,Ivory Coast,iOS,Kids Show,1,77,0.1,0.29,9405,1417,
2026-01-02 19:03:00,s2583,u1658,Cameroon,iOS,Movie C,1,89,0.13,0.21,6252,3655,STARTUP_TIMEOUT
2026-01-02 19:04:00,s2584,u2268,Ivory Coast,Mobile,Sport Live,1,9,1.21,0.24,8185,5422,
2026-01-02 19:05:00,s2585,u141,Morocco,iOS,Movie C,1,16,0.86,0.13,6557,2637,
2026-01-02 19:06:00,s2586,u2041,Tunisia,STB,Kids Show,1,14,0.39,0.53,11255,2854,STARTUP_TIMEOUT
2026-01-02 19:07:00,s2587,u1064,Ivory Coast,STB,Sport Live,1,17,0.41,0.14,9355,5090,
2026-01-02 19:08:00,s2588,u1826,France,Android TV,Series B,1,4,0.08,0.27,6520,2033,STARTUP_TIMEOUT
2026-01-02 19:09:00,s2589,u2484,Cameroon,Web,Sport Live,1,70,1.08,0.3,7731,833,STARTUP_TIMEOUT
2026-01-02 19:10:00,s2590,u1432,Cameroon,STB,Kids Show,1,31,0.72,0.32,8562,1139,
2026-01-02 19:11:00,s2591,u1126,Morocco,Android TV,Sport Live,1,9,0.88,0.32,4889,3955,
2026-01-02 19:12:00,s2592,u539,Morocco,Mobile,Movie C,1,35,1.19,0.16,729,1530,BUFFERING_ERROR
2026-01-02 19:13:00,s2593,u28,Ivory Coast,STB,Kids Show,1,39,0.97,0.12,8929,3135,CDN_ERROR
2026-01-02 19:14:00,s2594,u568,France,Android TV,Series A,1,84,0.16,0.24,4965,2451,
2026-01-02 19:15:00,s2595,u1054,Ivory Coast,Mobile,Sport Live,1,50,0.49,0.01,3755,4982,
2026-01-02 19:16:00,s2596,u405,Senegal,iOS,Series A,1,82,0.77,0.19,2741,1633,STARTUP_TIMEOUT
2026-01-02 19:17:00,s2597,u1266,Cameroon,Mobile,Series A,1,10,0.39,0.14,5258,5790,AUTH_ERROR
2026-01-02 19:18:00,s2598,u827,France,STB,Documentary D,1,30,1.27,0.37,1847,5654,
2026-01-02 19:19:00,s2599,u126,Morocco,iOS,Kids Show,1,8,0.92,0.4,11090,4873,
2026-01-02 19:20:00,s2600,u1338,Tunisia,STB,Kids Show,1,24,1.11,0.38,6379,1196,CDN_ERROR
2026-01-02 19:21:00,s2601,u2241,Tunisia,Android TV,Sport Live,1,11,0.49,0.51,2370,1262,AUTH_ERROR
2026-01-02 19:22:00,s2602,u1161,Senegal,Android TV,Series B,1,79,1.21,0.25,7940,5678,CDN_ERROR
2026-01-02 19:23:00,s2603,u61,Ivory Coast,iOS,Series B,1,85,1.37,0.46,9195,910,
2026-01-02 19:24:00,s2604,u1565,France,STB,Series A,1,71,0.92,0.28,9013,1106,AUTH_ERROR
2026-01-02 19:25:00,s2605,u1177,Morocco,Mobile,Series A,1,77,1.16,0.07,11228,4225,LOW_BITRATE
2026-01-02 19:26:00,s2606,u1009,France,Android TV,Kids Show,1,87,0.5,0.21,5801,5142,BUFFERING_ERROR
2026-01-02 19:27:00,s2607,u640,France,Smart TV,Movie C,1,87,0.38,0.01,1238,4300,BUFFERING_ERROR
2026-01-02 19:28:00,s2608,u658,Tunisia,Web,Series B,1,55,0.59,0.33,4255,1896,
2026-01-02 19:29:00,s2609,u2097,Tunisia,Android TV,Sport Live,1,10,0.21,0.08,10001,460,AUTH_ERROR
2026-01-02 19:30:00,s2610,u268,Tunisia,Smart TV,Movie C,1,80,1.25,0.02,1970,4819,STARTUP_TIMEOUT
2026-01-02 19:31:00,s2611,u1463,Tunisia,Web,Documentary D,1,66,0.37,0.25,1360,5785,CDN_ERROR
2026-01-02 19:32:00,s2612,u2089,Morocco,Android TV,Sport Live,1,28,0.74,0.44,9122,5993,AUTH_ERROR
2026-01-02 19:33:00,s2613,u1323,Morocco,Web,Sport Live,1,33,0.99,0.49,10531,5827,LOW_BITRATE
2026-01-02 19:34:00,s2614,u1610,Ivory Coast,Mobile,Series B,1,12,1.02,0.45,1490,4149,
2026-01-02 19:35:00,s2615,u642,Cameroon,Android TV,Series B,1,90,0.95,0.08,4347,3038,CDN_ERROR
2026-01-02 19:36:00,s2616,u2317,France,Mobile,Documentary D,1,84,0.98,0.23,1637,3341,CDN_ERROR
2026-01-02 19:37:00,s2617,u2288,Senegal,Mobile,Series B,1,39,1.26,0.05,8772,2526,LOW_BITRATE
2026-01-02 19:38:00,s2618,u1416,Morocco,Android TV,Movie C,1,50,1.16,0.28,1310,3539,
2026-01-02 19:39:00,s2619,u1291,Morocco,Mobile,Sport Live,1,73,1.29,0.54,4973,4224,CDN_ERROR
2026-01-02 19:40:00,s2620,u1631,Senegal,Smart TV,Series B,1,2,0.58,0.31,3230,2481,LOW_BITRATE
2026-01-02 19:41:00,s2621,u1557,Cameroon,iOS,Kids Show,1,83,0.8,0.06,3318,5443,
2026-01-02 19:42:00,s2622,u1285,Tunisia,Mobile,Series B,1,70,1.14,0.22,4278,5009,
2026-01-02 19:43:00,s2623,u825,Ivory Coast,Mobile,Series A,1,9,1.4,0.48,1058,2315,
2026-01-02 19:44:00,s2624,u856,Morocco,STB,Kids Show,1,85,0.43,0.09,3547,5605,
2026-01-02 19:45:00,s2625,u2329,Senegal,Web,Sport Live,1,54,0.45,0.14,11104,4037,
2026-01-02 19:46:00,s2626,u2456,France,Mobile,Movie C,1,44,1.16,0.1,7347,3460,AUTH_ERROR
2026-01-02 19:47:00,s2627,u1076,Morocco,Android TV,Sport Live,1,2,1.45,0.03,10174,3490,
2026-01-02 19:48:00,s2628,u610,Cameroon,Mobile,Sport Live,1,78,0.05,0.24,4127,1681,LOW_BITRATE
2026-01-02 19:49:00,s2629,u1302,Morocco,STB,Documentary D,1,80,1.41,0.35,11635,4224,AUTH_ERROR
2026-01-02 19:50:00,s2630,u944,Morocco,Web,Kids Show,1,80,0.63,0.47,10929,5194,STARTUP_TIMEOUT
2026-01-02 19:51:00,s2631,u2336,Senegal,Web,Series B,1,30,0.59,0.47,5651,471,BUFFERING_ERROR
2026-01-02 19:52:00,s2632,u1993,Ivory Coast,Mobile,Movie C,1,37,0.05,0.35,9405,1492,CDN_ERROR
2026-01-02 19:53:00,s2633,u862,France,STB,Kids Show,1,35,0.94,0.14,4235,5310,AUTH_ERROR
2026-01-02 19:54:00,s2634,u2304,Cameroon,STB,Sport Live,1,19,0.85,0.46,6817,5962,CDN_ERROR
2026-01-02 19:55:00,s2635,u1578,France,Mobile,Series B,1,12,0.52,0.42,7225,2136,STARTUP_TIMEOUT
2026-01-02 19:56:00,s2636,u497,Senegal,iOS,Movie C,1,25,0.42,0.53,5691,4689,
2026-01-02 19:57:00,s2637,u1838,Senegal,STB,Sport Live,1,35,1.07,0.35,784,840,AUTH_ERROR
2026-01-02 19:58:00,s2638,u766,Senegal,Smart TV,Kids Show,1,52,0.76,0.02,11803,4044,
2026-01-02 19:59:00,s2639,u900,Senegal,iOS,Series B,1,2,0.6,0.48,7888,1046,AUTH_ERROR
2026-01-02 20:00:00,s2640,u362,Ivory Coast,Mobile,Kids Show,1,45,0.91,0.38,11512,5968,
2026-01-02 20:01:00,s2641,u2360,France,Web,Series A,1,18,0.5,0.01,9338,5971,AUTH_ERROR
2026-01-02 20:02:00,s2642,u2226,Tunisia,Smart TV,Movie C,1,28,0.95,0.42,10670,2134,LOW_BITRATE
2026-01-02 20:03:00,s2643,u476,France,Android TV,Series A,1,22,0.36,0.12,901,5719,
2026-01-02 20:04:00,s2644,u433,Morocco,iOS,Kids Show,1,59,1.24,0.06,8277,4938,AUTH_ERROR
2026-01-02 20:05:00,s2645,u2040,Tunisia,Smart TV,Movie C,1,79,0.54,0.39,7988,4739,AUTH_ERROR
2026-01-02 20:06:00,s2646,u1571,Cameroon,Smart TV,Documentary D,1,66,0.18,0.28,6520,1304,STARTUP_TIMEOUT
2026-01-02 20:07:00,s2647,u2490,Cameroon,Web,Series B,1,45,1.34,0.29,1424,2004,CDN_ERROR
2026-01-02 20:08:00,s2648,u310,Morocco,Android TV,Movie C,1,27,0.3,0.51,2583,2842,CDN_ERROR
2026-01-02 20:09:00,s2649,u1208,Ivory Coast,Mobile,Series A,1,17,1.04,0.19,6599,4130,
2026-01-02 20:10:00,s2650,u2005,Cameroon,Smart TV,Movie C,1,29,0.07,0.54,7268,858,BUFFERING_ERROR
2026-01-02 20:11:00,s2651,u93,France,iOS,Movie C,1,10,0.92,0.03,11505,5154,
2026-01-02 20:12:00,s2652,u776,Ivory Coast,Mobile,Sport Live,1,57,0.62,0.26,6727,2948,LOW_BITRATE
2026-01-02 20:13:00,s2653,u342,Ivory Coast,Smart TV,Series B,1,5,0.17,0.06,6676,1906,LOW_BITRATE
2026-01-02 20:14:00,s2654,u1508,Morocco,Web,Kids Show,1,13,0.7,0.33,5163,3315,
2026-01-02 20:15:00,s2655,u810,Cameroon,Mobile,Movie C,1,69,0.32,0.17,2196,5284,STARTUP_TIMEOUT
2026-01-02 20:16:00,s2656,u399,France,Web,Series A,1,83,0.3,0.31,5622,719,LOW_BITRATE
2026-01-02 20:17:00,s2657,u1441,Ivory Coast,Android TV,Movie C,1,32,0.83,0.3,8386,1781,CDN_ERROR
2026-01-02 20:18:00,s2658,u203,Senegal,STB,Series B,1,44,0.21,0.39,3111,5104,
2026-01-02 20:19:00,s2659,u1398,Cameroon,STB,Series A,1,25,1.04,0.08,2287,897,STARTUP_TIMEOUT
2026-01-02 20:20:00,s2660,u993,France,Mobile,Sport Live,1,2,0.56,0.28,5774,1035,STARTUP_TIMEOUT
2026-01-02 20:21:00,s2661,u2468,Senegal,Android TV,Movie C,1,18,0.44,0.46,7232,483,STARTUP_TIMEOUT
2026-01-02 20:22:00,s2662,u1440,Cameroon,Mobile,Series B,1,50,0.48,0.49,540,2135,AUTH_ERROR
2026-01-02 20:23:00,s2663,u1913,Morocco,STB,Sport Live,1,63,0.17,0.2,9972,5464,
2026-01-02 20:24:00,s2664,u875,Ivory Coast,iOS,Series A,1,13,0.75,0.02,9899,2740,AUTH_ERROR
2026-01-02 20:25:00,s2665,u2444,Cameroon,Web,Sport Live,1,77,0.83,0.08,3379,4665,AUTH_ERROR
2026-01-02 20:26:00,s2666,u2449,Tunisia,Smart TV,Sport Live,1,41,1.42,0.31,7947,3364,CDN_ERROR
2026-01-02 20:27:00,s2667,u2098,Ivory Coast,Android TV,Series A,1,10,0.3,0.19,1690,1567,AUTH_ERROR
2026-01-02 20:28:00,s2668,u655,Ivory Coast,Web,Series B,1,31,0.83,0.05,10163,799,LOW_BITRATE
2026-01-02 20:29:00,s2669,u2466,Ivory Coast,STB,Kids Show,1,86,0.52,0.24,6915,1398,STARTUP_TIMEOUT
2026-01-02 20:30:00,s2670,u942,Senegal,Android TV,Kids Show,1,2,0.39,0.44,3836,3569,
2026-01-02 20:31:00,s2671,u1579,Ivory Coast,Smart TV,Kids Show,1,13,0.9,0.08,7080,2549,
2026-01-02 20:32:00,s2672,u1357,Morocco,Smart TV,Documentary D,1,74,1.45,0.44,10700,5837,STARTUP_TIMEOUT
2026-01-02 20:33:00,s2673,u2352,Senegal,Mobile,Sport Live,1,78,0.96,0.45,8468,4514,AUTH_ERROR
2026-01-02 20:34:00,s2674,u136,Senegal,Smart TV,Series B,1,72,0.03,0.4,3769,3195,STARTUP_TIMEOUT
2026-01-02 20:35:00,s2675,u1633,Tunisia,Android TV,Movie C,1,60,0.02,0.05,6046,801,
2026-01-02 20:36:00,s2676,u556,Cameroon,Smart TV,Movie C,1,19,1.19,0.29,2066,3795,
2026-01-02 20:37:00,s2677,u775,Ivory Coast,iOS,Kids Show,1,17,1.22,0.37,7589,4369,BUFFERING_ERROR
2026-01-02 20:38:00,s2678,u113,Ivory Coast,Android TV,Kids Show,1,27,0.76,0.5,4704,2761,LOW_BITRATE
2026-01-02 20:39:00,s2679,u1409,Cameroon,STB,Series A,1,85,1.35,0.39,2733,2738,CDN_ERROR
2026-01-02 20:40:00,s2680,u1619,Tunisia,Web,Series B,1,3,0.98,0.51,10616,4891,LOW_BITRATE
2026-01-02 20:41:00,s2681,u2219,Senegal,Web,Series A,1,1,0.65,0.44,6002,1808,
2026-01-02 20:42:00,s2682,u945,Tunisia,Smart TV,Series A,1,47,0.62,0.03,1614,975,STARTUP_TIMEOUT
2026-01-02 20:43:00,s2683,u1781,Tunisia,Web,Kids Show,1,68,0.04,0.12,11764,2957,BUFFERING_ERROR
2026-01-02 20:44:00,s2684,u2116,France,Web,Documentary D,1,24,0.25,0.25,10548,2861,LOW_BITRATE
2026-01-02 20:45:00,s2685,u2036,Morocco,Mobile,Documentary D,1,38,1.31,0.08,2073,2322,CDN_ERROR
2026-01-02 20:46:00,s2686,u1588,Morocco,iOS,Series B,1,8,0.78,0.5,6479,490,
2026-01-02 20:47:00,s2687,u820,Senegal,Smart TV,Series B,1,85,0.45,0.48,11851,3440,CDN_ERROR
2026-01-02 20:48:00,s2688,u1895,Cameroon,Smart TV,Sport Live,1,4,1.4,0.12,2222,786,AUTH_ERROR
2026-01-02 20:49:00,s2689,u28,Ivory Coast,STB,Kids Show,1,56,1.28,0.43,5640,2126,STARTUP_TIMEOUT
2026-01-02 20:50:00,s2690,u2466,Ivory Coast,iOS,Documentary D,1,66,0.89,0.47,6171,563,
2026-01-02 20:51:00,s2691,u2205,Ivory Coast,Android TV,Sport Live,1,43,0.12,0.26,11116,1158,LOW_BITRATE
2026-01-02 20:52:00,s2692,u553,France,Smart TV,Movie C,1,32,1.46,0.2,2210,1082,
2026-01-02 20:53:00,s2693,u4,Cameroon,Smart TV,Documentary D,1,11,0.58,0.16,1825,421,
2026-01-02 20:54:00,s2694,u1088,Cameroon,Mobile,Series A,1,66,1.23,0.18,7772,4039,
2026-01-02 20:55:00,s2695,u224,Cameroon,Android TV,Documentary D,1,63,0.97,0.21,3626,4341,LOW_BITRATE
2026-01-02 20:56:00,s2696,u1682,Cameroon,iOS,Kids Show,1,38,1.03,0.5,8109,3887,
2026-01-02 20:57:00,s2697,u1310,France,Android TV,Series B,1,89,1.03,0.54,1361,620,
2026-01-02 20:58:00,s2698,u580,Tunisia,Smart TV,Sport Live,1,25,1.07,0.01,5118,3394,CDN_ERROR
2026-01-02 20:59:00,s2699,u1724,France,Android TV,Series B,1,24,0.14,0.24,10698,5392,AUTH_ERROR
2026-01-02 21:00:00,s2700,u883,Morocco,STB,Documentary D,1,63,1.13,0.24,7073,4549,
2026-01-02 21:01:00,s2701,u744,France,Mobile,Movie C,1,36,1.19,0.17,5590,2178,AUTH_ERROR
2026-01-02 21:02:00,s2702,u1055,Cameroon,Mobile,Movie C,1,62,1.38,0.5,9813,4071,LOW_BITRATE
2026-01-02 21:03:00,s2703,u573,France,STB,Movie C,1,50,0.75,0.13,5496,2073,BUFFERING_ERROR
2026-01-02 21:04:00,s2704,u416,Morocco,STB,Documentary D,1,6,0.66,0.31,3157,5469,
2026-01-02 21:05:00,s2705,u1997,Ivory Coast,Mobile,Movie C,1,2,0.65,0.23,7558,5295,STARTUP_TIMEOUT
2026-01-02 21:06:00,s2706,u336,Cameroon,Smart TV,Series A,1,75,1.36,0.06,10241,5641,BUFFERING_ERROR
2026-01-02 21:07:00,s2707,u183,France,Web,Sport Live,1,40,0.75,0.5,4410,5467,
2026-01-02 21:08:00,s2708,u2185,Senegal,Mobile,Movie C,1,90,1.42,0.13,8589,5189,
2026-01-02 21:09:00,s2709,u618,Cameroon,Android TV,Sport Live,1,80,0.4,0.22,11039,3797,AUTH_ERROR
2026-01-02 21:10:00,s2710,u65,France,Mobile,Sport Live,1,74,1.01,0.4,2231,3798,BUFFERING_ERROR
2026-01-02 21:11:00,s2711,u962,Ivory Coast,Smart TV,Sport Live,1,18,1.36,0.41,6425,3274,LOW_BITRATE
2026-01-02 21:12:00,s2712,u1117,Cameroon,STB,Sport Live,1,77,0.93,0.11,8158,1049,
2026-01-02 21:13:00,s2713,u979,Morocco,Smart TV,Sport Live,1,36,0.1,0.01,4225,1438,
2026-01-02 21:14:00,s2714,u44,Cameroon,Web,Series A,1,69,0.06,0.48,693,2681,
2026-01-02 21:15:00,s2715,u1702,Cameroon,Smart TV,Sport Live,1,7,0.08,0.03,11405,4305,BUFFERING_ERROR
2026-01-02 21:16:00,s2716,u696,Ivory Coast,Mobile,Sport Live,1,39,1.2,0.08,5167,5212,
2026-01-02 21:17:00,s2717,u747,Ivory Coast,Android TV,Sport Live,1,78,1.14,0.45,6999,1850,AUTH_ERROR
2026-01-02 21:18:00,s2718,u1551,Tunisia,Web,Movie C,1,72,1.08,0.22,11213,2728,LOW_BITRATE
2026-01-02 21:19:00,s2719,u912,Morocco,iOS,Movie C,1,78,1.02,0.02,6986,1642,
2026-01-02 21:20:00,s2720,u853,Senegal,Android TV,Series B,1,5,0.63,0.17,713,4206,
2026-01-02 21:21:00,s2721,u633,Ivory Coast,Mobile,Series A,1,68,0.6,0.27,617,3175,STARTUP_TIMEOUT
2026-01-02 21:22:00,s2722,u2177,Tunisia,Web,Series A,1,86,0.04,0.5,573,2640,BUFFERING_ERROR
2026-01-02 21:23:00,s2723,u2381,Cameroon,STB,Documentary D,1,8,0.15,0.39,2070,1519,
2026-01-02 21:24:00,s2724,u816,Senegal,Web,Kids Show,1,29,1.12,0.02,1116,2875,
2026-01-02 21:25:00,s2725,u16,Tunisia,STB,Sport Live,1,49,0.85,0.52,557,3278,
2026-01-02 21:26:00,s2726,u102,Morocco,Mobile,Kids Show,1,41,1.31,0.35,10689,837,LOW_BITRATE
2026-01-02 21:27:00,s2727,u2011,Cameroon,iOS,Sport Live,1,47,1.07,0.12,11977,4504,BUFFERING_ERROR
2026-01-02 21:28:00,s2728,u911,France,Smart TV,Sport Live,1,39,1.27,0.2,3361,4600,BUFFERING_ERROR
2026-01-02 21:29:00,s2729,u1171,Senegal,Mobile,Kids Show,1,40,0.81,0.42,9829,702,STARTUP_TIMEOUT
2026-01-02 21:30:00,s2730,u1068,France,Android TV,Documentary D,1,66,1.26,0.42,10934,5138,
2026-01-02 21:31:00,s2731,u155,Morocco,STB,Series B,1,48,0.62,0.08,11619,5122,
2026-01-02 21:32:00,s2732,u1013,Ivory Coast,Android TV,Documentary D,1,12,0.11,0.14,5189,4398,BUFFERING_ERROR
2026-01-02 21:33:00,s2733,u366,Ivory Coast,iOS,Kids Show,1,82,1.32,0.42,8314,420,STARTUP_TIMEOUT
2026-01-02 21:34:00,s2734,u248,Ivory Coast,Web,Movie C,1,56,0.03,0.5,8817,5597,
2026-01-02 21:35:00,s2735,u935,Cameroon,Smart TV,Series A,1,23,0.92,0.2,6711,5359,BUFFERING_ERROR
2026-01-02 21:36:00,s2736,u1529,Senegal,iOS,Sport Live,1,27,1.03,0.16,4320,1642,CDN_ERROR
2026-01-02 21:37:00,s2737,u1132,Ivory Coast,Smart TV,Documentary D,1,19,1.28,0.15,5748,3414,LOW_BITRATE
2026-01-02 21:38:00,s2738,u830,Ivory Coast,Web,Kids Show,1,36,0.29,0.19,8438,1932,
2026-01-02 21:39:00,s2739,u606,France,Web,Movie C,1,64,0.53,0.28,2492,4393,LOW_BITRATE
2026-01-02 21:40:00,s2740,u348,Cameroon,iOS,Kids Show,1,29,1.4,0.06,10383,4420,
2026-01-02 21:41:00,s2741,u2040,Morocco,Android TV,Kids Show,1,54,0.57,0.26,2869,5509,CDN_ERROR
2026-01-02 21:42:00,s2742,u81,Senegal,Web,Documentary D,1,65,1.35,0.06,10858,916,LOW_BITRATE
2026-01-02 21:43:00,s2743,u1325,Tunisia,Smart TV,Movie C,1,73,1.34,0.51,7701,712,AUTH_ERROR
2026-01-02 21:44:00,s2744,u674,Ivory Coast,STB,Series A,1,34,1.1,0.51,10627,3025,
2026-01-02 21:45:00,s2745,u1143,Senegal,iOS,Documentary D,1,59,0.11,0.06,4598,1671,AUTH_ERROR
2026-01-02 21:46:00,s2746,u273,Ivory Coast,Android TV,Series A,1,5,1.11,0.52,8486,1274,CDN_ERROR
2026-01-02 21:47:00,s2747,u146,Cameroon,Web,Sport Live,1,47,0.38,0.04,9498,5436,
2026-01-02 21:48:00,s2748,u2287,Cameroon,Mobile,Movie C,1,70,1.44,0.31,11716,4995,STARTUP_TIMEOUT
2026-01-02 21:49:00,s2749,u2241,France,iOS,Documentary D,1,20,1.21,0.26,877,3878,AUTH_ERROR
2026-01-02 21:50:00,s2750,u1561,Ivory Coast,Smart TV,Movie C,1,28,1.28,0.26,7836,5454,
2026-01-02 21:51:00,s2751,u1634,Tunisia,Smart TV,Sport Live,1,53,0.34,0.15,11236,2221,STARTUP_TIMEOUT
2026-01-02 21:52:00,s2752,u1887,Senegal,Smart TV,Series B,1,72,1.43,0.55,1593,1517,
2026-01-02 21:53:00,s2753,u2002,Morocco,Smart TV,Sport Live,1,54,1.29,0.08,7481,990,
2026-01-02 21:54:00,s2754,u682,Cameroon,Mobile,Kids Show,1,28,1.11,0.12,2819,3519,AUTH_ERROR
2026-01-02 21:55:00,s2755,u546,France,STB,Documentary D,1,36,0.57,0.54,1344,5879,CDN_ERROR
2026-01-02 21:56:00,s2756,u1730,Senegal,Smart TV,Series B,1,11,0.07,0.52,2032,2568,LOW_BITRATE
2026-01-02 21:57:00,s2757,u2500,France,Android TV,Movie C,1,6,1.44,0.13,2663,2613,
2026-01-02 21:58:00,s2758,u1800,Morocco,Mobile,Sport Live,1,69,0.05,0.4,3359,3706,
2026-01-02 21:59:00,s2759,u108,Ivory Coast,Web,Series B,1,48,1.34,0.31,3801,754,CDN_ERROR
2026-01-02 22:00:00,s2760,u1717,Morocco,STB,Series B,1,11,0.09,0.51,9732,486,
2026-01-02 22:01:00,s2761,u799,Ivory Coast,Web,Series A,1,75,1.37,0.08,11968,2123,
2026-01-02 22:02:00,s2762,u172,Senegal,Web,Documentary D,1,83,0.85,0.48,4641,4443,BUFFERING_ERROR
2026-01-02 22:03:00,s2763,u2406,Tunisia,Smart TV,Series B,1,6,0.31,0.52,3857,5356,LOW_BITRATE
2026-01-02 22:04:00,s2764,u662,France,iOS,Series A,1,60,0.11,0.04,6012,3595,BUFFERING_ERROR
2026-01-02 22:05:00,s2765,u1453,Tunisia,Mobile,Documentary D,1,5,0.04,0.41,7855,4236,STARTUP_TIMEOUT
2026-01-02 22:06:00,s2766,u2387,Ivory Coast,Smart TV,Series A,1,29,0.69,0.16,9885,5256,LOW_BITRATE
2026-01-02 22:07:00,s2767,u1569,Cameroon,STB,Documentary D,1,60,1.34,0.36,9336,4818,AUTH_ERROR
2026-01-02 22:08:00,s2768,u958,Morocco,STB,Series A,1,63,0.64,0.07,9605,5382,
2026-01-02 22:09:00,s2769,u1561,Morocco,Mobile,Movie C,1,71,0.33,0.41,9125,5846,BUFFERING_ERROR
2026-01-02 22:10:00,s2770,u2286,Ivory Coast,Web,Sport Live,1,33,1.41,0.41,3589,930,
2026-01-02 22:11:00,s2771,u448,Cameroon,iOS,Series A,1,70,0.91,0.4,4887,2778,STARTUP_TIMEOUT
2026-01-02 22:12:00,s2772,u50,France,Web,Kids Show,1,44,1.02,0.26,6824,3152,STARTUP_TIMEOUT
2026-01-02 22:13:00,s2773,u319,France,Mobile,Sport Live,1,79,1.03,0.47,6533,5113,
2026-01-02 22:14:00,s2774,u595,Tunisia,Web,Movie C,1,22,0.38,0.17,921,3179,
2026-01-02 22:15:00,s2775,u1601,Morocco,Android TV,Movie C,1,65,1.46,0.08,8904,411,STARTUP_TIMEOUT
2026-01-02 22:16:00,s2776,u358,Morocco,iOS,Series A,1,63,0.48,0.16,897,2160,
2026-01-02 22:17:00,s2777,u329,France,Web,Sport Live,1,25,1.46,0.3,7006,698,LOW_BITRATE
2026-01-02 22:18:00,s2778,u678,Cameroon,iOS,Series A,1,12,0.91,0.45,8271,4165,BUFFERING_ERROR
2026-01-02 22:19:00,s2779,u2105,Ivory Coast,STB,Movie C,1,23,1.19,0.37,7821,1891,AUTH_ERROR
2026-01-02 22:20:00,s2780,u1020,Morocco,Web,Kids Show,1,31,0.97,0.25,4105,2530,
2026-01-02 22:21:00,s2781,u1282,Morocco,Web,Series B,1,35,1.24,0.42,4423,5042,LOW_BITRATE
2026-01-02 22:22:00,s2782,u793,Senegal,Android TV,Sport Live,1,6,0.39,0.32,1818,469,STARTUP_TIMEOUT
2026-01-02 22:23:00,s2783,u109,France,Smart TV,Series A,1,72,1.02,0.32,7511,3292,STARTUP_TIMEOUT
2026-01-02 22:24:00,s2784,u1380,France,Mobile,Series A,1,67,0.88,0.32,1746,2710,BUFFERING_ERROR
2026-01-02 22:25:00,s2785,u1311,Senegal,Web,Series B,1,30,1.41,0.22,4978,3256,
2026-01-02 22:26:00,s2786,u1142,Morocco,Android TV,Kids Show,1,5,0.16,0.2,3285,5627,
2026-01-02 22:27:00,s2787,u1460,Morocco,iOS,Documentary D,1,84,1.27,0.08,1686,4676,BUFFERING_ERROR
2026-01-02 22:28:00,s2788,u65,Senegal,Web,Movie C,1,87,1.27,0.06,9660,5323,AUTH_ERROR
2026-01-02 22:29:00,s2789,u1669,France,Web,Kids Show,1,29,0.04,0.36,11176,850,
2026-01-02 22:30:00,s2790,u328,Tunisia,iOS,Sport Live,1,23,0.87,0.17,8509,4483,
2026-01-02 22:31:00,s2791,u1901,Senegal,iOS,Sport Live,1,44,0.63,0.11,4273,5261,STARTUP_TIMEOUT
2026-01-02 22:32:00,s2792,u1915,Ivory Coast,STB,Documentary D,1,17,0.88,0.39,1711,863,BUFFERING_ERROR
2026-01-02 22:33:00,s2793,u134,Tunisia,iOS,Documentary D,1,54,1.01,0.47,824,1025,STARTUP_TIMEOUT
2026-01-02 22:34:00,s2794,u780,Ivory Coast,iOS,Documentary D,1,6,0.66,0.32,6822,4475,CDN_ERROR
2026-01-02 22:35:00,s2795,u1863,Tunisia,iOS,Documentary D,1,48,1.23,0.46,10372,2884,
2026-01-02 22:36:00,s2796,u412,France,Smart TV,Series B,1,27,0.7,0.36,1262,400,LOW_BITRATE
2026-01-02 22:37:00,s2797,u914,Ivory Coast,STB,Series B,1,26,0.86,0.48,5462,5378,CDN_ERROR
2026-01-02 22:38:00,s2798,u517,Senegal,iOS,Movie C,1,61,1.02,0.04,3806,1921,AUTH_ERROR
2026-01-02 22:39:00,s2799,u939,Tunisia,Android TV,Sport Live,1,12,0.39,0.05,1995,2290,
2026-01-02 22:40:00,s2800,u1569,Ivory Coast,Mobile,Series B,1,33,0.16,0.36,2400,454,AUTH_ERROR
2026-01-02 22:41:00,s2801,u188,Tunisia,Web,Kids Show,1,10,0.17,0.37,10972,5318,
2026-01-02 22:42:00,s2802,u2351,Ivory Coast,STB,Kids Show,1,52,0.46,0.47,9858,1934,LOW_BITRATE
2026-01-02 22:43:00,s2803,u123,Senegal,STB,Documentary D,1,87,1.3,0.02,4689,5560,STARTUP_TIMEOUT
2026-01-02 22:44:00,s2804,u99,France,STB,Series B,1,53,0.5,0.4,7920,5633,
2026-01-02 22:45:00,s2805,u398,Morocco,iOS,Sport Live,1,51,0.32,0.41,9762,1860,STARTUP_TIMEOUT
2026-01-02 22:46:00,s2806,u63,Senegal,Smart TV,Series A,1,51,1.17,0.01,11079,2822,
2026-01-02 22:47:00,s2807,u855,Cameroon,STB,Documentary D,1,76,0.14,0.52,1855,5033,LOW_BITRATE
2026-01-02 22:48:00,s2808,u1779,Senegal,Web,Movie C,1,27,1.47,0.31,10866,1881,BUFFERING_ERROR
2026-01-02 22:49:00,s2809,u2444,Senegal,Smart TV,Kids Show,1,72,1.44,0.12,10079,3893,
2026-01-02 22:50:00,s2810,u333,France,Mobile,Series A,1,65,1.26,0.21,643,5121,AUTH_ERROR
2026-01-02 22:51:00,s2811,u568,Senegal,STB,Documentary D,1,31,0.85,0.25,8333,903,CDN_ERROR
2026-01-02 22:52:00,s2812,u139,Tunisia,Smart TV,Sport Live,1,34,1.45,0.26,4454,2568,CDN_ERROR
2026-01-02 22:53:00,s2813,u748,Tunisia,Smart TV,Movie C,1,63,0.37,0.19,8691,3092,CDN_ERROR
2026-01-02 22:54:00,s2814,u601,Morocco,Smart TV,Sport Live,1,49,0.3,0.18,7613,3274,
2026-01-02 22:55:00,s2815,u1277,Ivory Coast,iOS,Sport Live,1,79,0.58,0.06,5642,2169,CDN_ERROR
2026-01-02 22:56:00,s2816,u974,Morocco,Android TV,Documentary D,1,34,1.02,0.19,10921,3730,LOW_BITRATE
2026-01-02 22:57:00,s2817,u2322,Morocco,Web,Sport Live,1,87,0.17,0.46,4247,5900,
2026-01-02 22:58:00,s2818,u1806,Ivory Coast,iOS,Sport Live,1,3,0.08,0.09,7788,1128,AUTH_ERROR
2026-01-02 22:59:00,s2819,u1709,Senegal,STB,Movie C,1,11,0.56,0.53,2189,4332,CDN_ERROR
2026-01-02 23:00:00,s2820,u504,Ivory Coast,iOS,Series A,1,57,1.14,0.33,11308,4386,LOW_BITRATE
2026-01-02 23:01:00,s2821,u269,Morocco,Android TV,Series A,1,87,0.34,0.17,4019,5528,AUTH_ERROR
2026-01-02 23:02:00,s2822,u1306,Cameroon,Mobile,Kids Show,1,68,1.27,0.12,1851,3388,LOW_BITRATE
2026-01-02 23:03:00,s2823,u423,Senegal,Smart TV,Movie C,1,36,1.16,0.07,10483,3891,
2026-01-02 23:04:00,s2824,u1814,Cameroon,Smart TV,Series A,1,3,0.26,0.37,11890,4344,AUTH_ERROR
2026-01-02 23:05:00,s2825,u1105,Morocco,iOS,Movie C,1,20,0.54,0.05,8503,3660,LOW_BITRATE
2026-01-02 23:06:00,s2826,u629,Ivory Coast,Web,Kids Show,1,59,1.24,0.24,10983,4713,
2026-01-02 23:07:00,s2827,u2360,Ivory Coast,Mobile,Sport Live,1,32,1.25,0.42,11195,2998,BUFFERING_ERROR
2026-01-02 23:08:00,s2828,u2264,Tunisia,Web,Movie C,1,7,1.09,0.16,11407,1182,LOW_BITRATE
2026-01-02 23:09:00,s2829,u185,Ivory Coast,Mobile,Sport Live,1,35,0.21,0.09,1063,4036,
2026-01-02 23:10:00,s2830,u658,Ivory Coast,iOS,Kids Show,1,3,0.62,0.48,3656,4959,
2026-01-02 23:11:00,s2831,u307,Ivory Coast,STB,Series A,1,34,0.56,0.3,1529,3576,
2026-01-02 23:12:00,s2832,u1087,Ivory Coast,STB,Documentary D,1,7,0.04,0.5,9537,1159,
2026-01-02 23:13:00,s2833,u896,Senegal,Smart TV,Series B,1,31,0.69,0.14,11273,2649,
2026-01-02 23:14:00,s2834,u106,Senegal,Android TV,Series B,1,47,1.19,0.53,3539,5034,BUFFERING_ERROR
2026-01-02 23:15:00,s2835,u1317,Cameroon,iOS,Sport Live,1,70,0.59,0.31,5799,2815,
2026-01-02 23:16:00,s2836,u683,Tunisia,iOS,Movie C,1,45,1.2,0.54,4652,4614,
2026-01-02 23:17:00,s2837,u1209,France,Web,Sport Live,1,8,0.66,0.37,7880,867,BUFFERING_ERROR
2026-01-02 23:18:00,s2838,u1527,Tunisia,iOS,Documentary D,1,64,0.31,0.37,6524,5697,
2026-01-02 23:19:00,s2839,u1621,France,STB,Documentary D,1,57,0.5,0.23,7186,1562,
2026-01-02 23:20:00,s2840,u831,Senegal,iOS,Series B,1,18,0.19,0.3,7362,5989,STARTUP_TIMEOUT
2026-01-02 23:21:00,s2841,u1483,Tunisia,Web,Series B,1,22,1.03,0.24,1725,3157,LOW_BITRATE
2026-01-02 23:22:00,s2842,u73,Ivory Coast,STB,Kids Show,1,3,1.34,0.47,1154,4667,LOW_BITRATE
2026-01-02 23:23:00,s2843,u631,Ivory Coast,Smart TV,Documentary D,1,22,0.66,0.46,3385,5918,AUTH_ERROR
2026-01-02 23:24:00,s2844,u1562,Tunisia,Web,Sport Live,1,54,0.74,0.07,11778,5078,
2026-01-02 23:25:00,s2845,u453,Tunisia,Mobile,Movie C,1,43,0.41,0.32,6633,1469,CDN_ERROR
2026-01-02 23:26:00,s2846,u636,Morocco,Mobile,Series B,1,41,0.56,0.48,8410,3868,AUTH_ERROR
2026-01-02 23:27:00,s2847,u1854,Senegal,STB,Movie C,1,5,0.24,0.38,1517,5285,
2026-01-02 23:28:00,s2848,u1150,Ivory Coast,Mobile,Sport Live,1,87,0.86,0.49,2303,1884,STARTUP_TIMEOUT
2026-01-02 23:29:00,s2849,u1913,Morocco,Android TV,Series B,1,64,1.33,0.54,3469,605,LOW_BITRATE
2026-01-02 23:30:00,s2850,u472,Senegal,Mobile,Series B,1,39,0.06,0.55,922,2620,
2026-01-02 23:31:00,s2851,u659,Senegal,Smart TV,Series B,1,17,0.46,0.43,7790,5107,
2026-01-02 23:32:00,s2852,u749,Cameroon,iOS,Documentary D,1,86,0.85,0.15,5545,4727,
2026-01-02 23:33:00,s2853,u1899,Cameroon,Android TV,Kids Show,1,35,0.28,0.31,4470,5796,AUTH_ERROR
2026-01-02 23:34:00,s2854,u2088,Cameroon,Web,Movie C,1,6,0.99,0.15,649,1366,
2026-01-02 23:35:00,s2855,u1091,Cameroon,Android TV,Series A,1,85,0.42,0.2,9547,5033,AUTH_ERROR
2026-01-02 23:36:00,s2856,u702,Ivory Coast,Smart TV,Series A,1,78,1.41,0.48,9395,2788,
2026-01-02 23:37:00,s2857,u1122,Tunisia,STB,Series B,1,72,0.16,0.12,5775,1021,CDN_ERROR
2026-01-02 23:38:00,s2858,u1808,Ivory Coast,Mobile,Series A,1,30,0.96,0.32,5535,1807,LOW_BITRATE
2026-01-02 23:39:00,s2859,u1329,Morocco,Smart TV,Series B,1,25,0.31,0.42,4136,787,
2026-01-02 23:40:00,s2860,u2487,Tunisia,iOS,Series A,1,64,1.36,0.42,3920,2300,
2026-01-02 23:41:00,s2861,u854,Ivory Coast,Smart TV,Movie C,1,89,0.94,0.4,10022,3138,BUFFERING_ERROR
2026-01-02 23:42:00,s2862,u1340,Cameroon,Mobile,Series A,1,62,1.44,0.21,9174,3684,STARTUP_TIMEOUT
2026-01-02 23:43:00,s2863,u345,Morocco,iOS,Movie C,1,9,0.13,0.38,4739,1671,CDN_ERROR
2026-01-02 23:44:00,s2864,u583,Cameroon,Mobile,Series A,1,10,0.03,0.39,1232,3731,STARTUP_TIMEOUT
2026-01-02 23:45:00,s2865,u939,Tunisia,iOS,Sport Live,1,18,0.89,0.19,1884,5108,LOW_BITRATE
2026-01-02 23:46:00,s2866,u1003,Senegal,STB,Sport Live,1,62,0.56,0.06,4799,941,LOW_BITRATE
2026-01-02 23:47:00,s2867,u1389,France,Mobile,Sport Live,1,11,0.38,0.5,7361,4276,AUTH_ERROR
2026-01-02 23:48:00,s2868,u2117,France,Android TV,Series A,1,10,1.45,0.51,4775,4699,STARTUP_TIMEOUT
2026-01-02 23:49:00,s2869,u2244,Tunisia,Mobile,Series A,1,86,0.09,0.19,9495,3488,
2026-01-02 23:50:00,s2870,u1733,Senegal,Web,Sport Live,1,71,0.19,0.27,11780,3795,
2026-01-02 23:51:00,s2871,u492,Ivory Coast,iOS,Series B,1,51,0.63,0.14,3838,2012,
2026-01-02 23:52:00,s2872,u214,Cameroon,STB,Series A,1,40,0.99,0.54,3549,4707,LOW_BITRATE
2026-01-02 23:53:00,s2873,u219,Senegal,Web,Sport Live,1,27,0.71,0.33,5635,1446,LOW_BITRATE
2026-01-02 23:54:00,s2874,u768,Senegal,Web,Documentary D,1,1,0.35,0.18,7626,3349,LOW_BITRATE
2026-01-02 23:55:00,s2875,u1609,France,Android TV,Kids Show,1,8,0.08,0.13,5222,1761,STARTUP_TIMEOUT
2026-01-02 23:56:00,s2876,u913,France,iOS,Documentary D,1,63,1.05,0.25,4883,2367,LOW_BITRATE
2026-01-02 23:57:00,s2877,u771,Cameroon,iOS,Series A,1,70,0.42,0.29,5777,1496,
2026-01-02 23:58:00,s2878,u2462,Cameroon,STB,Documentary D,1,13,1.44,0.02,5953,4152,AUTH_ERROR
2026-01-02 23:59:00,s2879,u761,Cameroon,Web,Series A,1,82,1.03,0.54,1327,1664,
2026-01-03 00:00:00,s2880,u958,Senegal,Android TV,Sport Live,1,19,1.27,0.32,3323,5222,STARTUP_TIMEOUT
2026-01-03 00:01:00,s2881,u1322,Morocco,Android TV,Sport Live,1,71,1.13,0.06,2899,3618,
2026-01-03 00:02:00,s2882,u2495,Tunisia,Mobile,Sport Live,1,27,0.84,0.55,4058,2404,LOW_BITRATE
2026-01-03 00:03:00,s2883,u1259,Senegal,Mobile,Series A,1,71,1.29,0.54,7893,2770,CDN_ERROR
2026-01-03 00:04:00,s2884,u1228,Tunisia,Smart TV,Movie C,1,87,1.12,0.23,11536,4266,
2026-01-03 00:05:00,s2885,u1824,Morocco,iOS,Series B,1,88,1.31,0.37,10836,5569,STARTUP_TIMEOUT
2026-01-03 00:06:00,s2886,u1022,Ivory Coast,Android TV,Kids Show,1,70,0.45,0.17,4832,1369,
2026-01-03 00:07:00,s2887,u651,Ivory Coast,STB,Series B,1,77,0.5,0.25,7040,5138,STARTUP_TIMEOUT
2026-01-03 00:08:00,s2888,u325,France,iOS,Sport Live,1,84,0.27,0.51,4718,903,
2026-01-03 00:09:00,s2889,u1366,Cameroon,Web,Series B,1,59,1.22,0.42,5583,3862,
2026-01-03 00:10:00,s2890,u1360,Tunisia,Android TV,Kids Show,1,43,0.12,0.17,9732,725,STARTUP_TIMEOUT
2026-01-03 00:11:00,s2891,u1154,France,Web,Series B,1,74,0.87,0.12,1812,4511,BUFFERING_ERROR
2026-01-03 00:12:00,s2892,u279,Cameroon,STB,Documentary D,1,84,0.45,0.09,11961,2447,STARTUP_TIMEOUT
2026-01-03 00:13:00,s2893,u2224,Senegal,Android TV,Series A,1,32,0.75,0.53,7923,3444,
2026-01-03 00:14:00,s2894,u2029,Morocco,STB,Series A,1,11,0.45,0.51,1031,3881,
2026-01-03 00:15:00,s2895,u220,Tunisia,Android TV,Series B,1,88,0.18,0.01,11048,5207,CDN_ERROR
2026-01-03 00:16:00,s2896,u199,Morocco,Android TV,Sport Live,1,67,1.35,0.4,10586,2592,LOW_BITRATE
2026-01-03 00:17:00,s2897,u1680,Senegal,Smart TV,Sport Live,1,72,0.84,0.32,9524,3109,BUFFERING_ERROR
2026-01-03 00:18:00,s2898,u257,Cameroon,Web,Sport Live,1,39,0.45,0.18,4082,2443,
2026-01-03 00:19:00,s2899,u1160,Ivory Coast,Android TV,Sport Live,1,54,0.15,0.55,9222,4878,BUFFERING_ERROR
2026-01-03 00:20:00,s2900,u520,France,Web,Series B,1,27,0.47,0.25,10302,1066,STARTUP_TIMEOUT
2026-01-03 00:21:00,s2901,u556,France,iOS,Movie C,1,82,0.37,0.45,6336,2989,BUFFERING_ERROR
2026-01-03 00:22:00,s2902,u520,Senegal,Mobile,Kids Show,1,12,1.26,0.39,11261,2541,
2026-01-03 00:23:00,s2903,u1310,Tunisia,Smart TV,Kids Show,1,85,1.21,0.42,896,3014,STARTUP_TIMEOUT
2026-01-03 00:24:00,s2904,u1469,France,Web,Series B,1,4,0.67,0.17,6618,2551,BUFFERING_ERROR
2026-01-03 00:25:00,s2905,u621,Tunisia,iOS,Movie C,1,59,0.82,0.23,11226,2539,STARTUP_TIMEOUT
2026-01-03 00:26:00,s2906,u1641,Cameroon,Android TV,Sport Live,1,21,0.51,0.1,3890,4264,BUFFERING_ERROR
2026-01-03 00:27:00,s2907,u354,Cameroon,Smart TV,Sport Live,1,41,0.58,0.23,10172,1075,LOW_BITRATE
2026-01-03 00:28:00,s2908,u1932,Senegal,Android TV,Movie C,1,20,1.1,0.18,6620,452,STARTUP_TIMEOUT
2026-01-03 00:29:00,s2909,u879,Morocco,iOS,Series B,1,43,0.39,0.55,6507,1053,BUFFERING_ERROR
2026-01-03 00:30:00,s2910,u854,Ivory Coast,Mobile,Kids Show,1,3,1.15,0.16,1144,2177,AUTH_ERROR
2026-01-03 00:31:00,s2911,u1603,France,Web,Kids Show,1,4,1.23,0.43,9007,5141,LOW_BITRATE
2026-01-03 00:32:00,s2912,u2254,Cameroon,Web,Documentary D,1,77,0.03,0.43,1026,3634,
2026-01-03 00:33:00,s2913,u2106,Morocco,Smart TV,Movie C,1,45,0.59,0.41,10103,1380,
2026-01-03 00:34:00,s2914,u1958,France,Android TV,Sport Live,1,87,1.02,0.32,5689,2965,
2026-01-03 00:35:00,s2915,u227,Senegal,iOS,Documentary D,1,62,0.35,0.49,11267,1063,
2026-01-03 00:36:00,s2916,u1342,France,Web,Sport Live,1,54,0.46,0.27,557,3343,BUFFERING_ERROR
2026-01-03 00:37:00,s2917,u593,Cameroon,Web,Series B,1,66,0.95,0.54,6394,1623,BUFFERING_ERROR
2026-01-03 00:38:00,s2918,u1242,Tunisia,Android TV,Kids Show,1,42,0.1,0.12,9499,4896,
2026-01-03 00:39:00,s2919,u2085,Senegal,STB,Movie C,1,63,0.21,0.22,1162,5702,STARTUP_TIMEOUT
2026-01-03 00:40:00,s2920,u975,Morocco,Mobile,Series B,1,68,1.18,0.36,1019,5024,LOW_BITRATE
2026-01-03 00:41:00,s2921,u2087,Ivory Coast,STB,Kids Show,1,66,1.08,0.54,2294,4986,
2026-01-03 00:42:00,s2922,u2007,Tunisia,Mobile,Kids Show,1,9,0.63,0.48,4364,767,LOW_BITRATE
2026-01-03 00:43:00,s2923,u1214,Tunisia,Web,Series B,1,5,0.21,0.04,7661,5264,
2026-01-03 00:44:00,s2924,u167,Morocco,STB,Series A,1,51,0.1,0.16,8754,2568,AUTH_ERROR
2026-01-03 00:45:00,s2925,u11,Senegal,Web,Movie C,1,30,1.23,0.29,2402,649,
2026-01-03 00:46:00,s2926,u574,Tunisia,Smart TV,Movie C,1,87,1.12,0.23,11061,2828,STARTUP_TIMEOUT
2026-01-03 00:47:00,s2927,u1198,Cameroon,Android TV,Movie C,1,70,0.66,0.41,8813,472,AUTH_ERROR
2026-01-03 00:48:00,s2928,u1851,Senegal,Mobile,Series B,1,44,0.62,0.51,7470,3345,LOW_BITRATE
2026-01-03 00:49:00,s2929,u685,Senegal,Mobile,Kids Show,1,90,0.18,0.37,5356,5671,
2026-01-03 00:50:00,s2930,u1186,Morocco,Android TV,Series A,1,69,0.4,0.46,10291,3883,LOW_BITRATE
2026-01-03 00:51:00,s2931,u1347,Morocco,Web,Kids Show,1,60,0.26,0.23,4637,2613,BUFFERING_ERROR
2026-01-03 00:52:00,s2932,u999,Ivory Coast,Web,Series B,1,32,0.18,0.33,9190,3315,
2026-01-03 00:53:00,s2933,u2057,Senegal,STB,Movie C,1,8,1.41,0.3,11167,3805,CDN_ERROR
2026-01-03 00:54:00,s2934,u802,Senegal,Android TV,Sport Live,1,88,1.37,0.09,8449,2924,BUFFERING_ERROR
2026-01-03 00:55:00,s2935,u742,Morocco,STB,Documentary D,1,37,0.26,0.41,8808,1859,STARTUP_TIMEOUT
2026-01-03 00:56:00,s2936,u2271,Morocco,Mobile,Sport Live,1,1,0.37,0.54,6655,2933,
2026-01-03 00:57:00,s2937,u1558,Senegal,Mobile,Documentary D,1,33,0.96,0.27,4178,4952,
2026-01-03 00:58:00,s2938,u332,France,Mobile,Sport Live,1,47,1.05,0.35,1116,2297,
2026-01-03 00:59:00,s2939,u1939,Ivory Coast,Mobile,Sport Live,1,69,1.47,0.55,2249,2085,LOW_BITRATE
2026-01-03 01:00:00,s2940,u654,Tunisia,Web,Series B,1,23,0.15,0.1,3110,869,CDN_ERROR
2026-01-03 01:01:00,s2941,u443,Morocco,STB,Movie C,1,72,0.95,0.46,11826,946,AUTH_ERROR
2026-01-03 01:02:00,s2942,u1972,Ivory Coast,Web,Sport Live,1,17,0.88,0.42,7842,2547,STARTUP_TIMEOUT
2026-01-03 01:03:00,s2943,u830,Morocco,Android TV,Series B,1,3,1.35,0.43,11232,4442,
2026-01-03 01:04:00,s2944,u1496,France,Web,Series A,1,38,1.26,0.45,2982,5788,LOW_BITRATE
2026-01-03 01:05:00,s2945,u1179,Tunisia,Android TV,Series A,1,6,1.2,0.46,5393,618,AUTH_ERROR
2026-01-03 01:06:00,s2946,u2219,Cameroon,Mobile,Movie C,1,55,0.51,0.38,11467,1175,
2026-01-03 01:07:00,s2947,u1784,France,Mobile,Series B,1,78,0.82,0.43,1960,4198,AUTH_ERROR
2026-01-03 01:08:00,s2948,u160,Morocco,Web,Movie C,1,38,0.35,0.43,7916,5825,LOW_BITRATE
2026-01-03 01:09:00,s2949,u1005,Ivory Coast,Web,Movie C,1,56,0.63,0.13,11644,3558,STARTUP_TIMEOUT
2026-01-03 01:10:00,s2950,u1266,Senegal,iOS,Series A,1,67,0.97,0.17,8698,4683,
2026-01-03 01:11:00,s2951,u735,Cameroon,Android TV,Movie C,1,7,0.32,0.18,7925,3511,LOW_BITRATE
2026-01-03 01:12:00,s2952,u2004,Cameroon,Android TV,Kids Show,1,52,0.84,0.37,2266,4846,CDN_ERROR
2026-01-03 01:13:00,s2953,u2133,Senegal,Smart TV,Documentary D,1,7,1.2,0.24,1804,3402,
2026-01-03 01:14:00,s2954,u200,Cameroon,Web,Series B,1,5,1.16,0.33,2943,3426,STARTUP_TIMEOUT
2026-01-03 01:15:00,s2955,u1639,France,Smart TV,Kids Show,1,3,1.3,0.19,2859,2208,
2026-01-03 01:16:00,s2956,u1677,France,Web,Movie C,1,75,0.53,0.49,9864,1362,AUTH_ERROR
2026-01-03 01:17:00,s2957,u2384,Cameroon,Mobile,Series B,1,7,1.47,0.41,11254,2586,BUFFERING_ERROR
2026-01-03 01:18:00,s2958,u1577,Ivory Coast,Mobile,Movie C,1,50,0.64,0.33,6560,4911,
2026-01-03 01:19:00,s2959,u1616,Tunisia,Android TV,Kids Show,1,20,1.03,0.52,6834,1081,STARTUP_TIMEOUT
2026-01-03 01:20:00,s2960,u757,Cameroon,iOS,Movie C,1,63,1.35,0.13,9889,2236,
2026-01-03 01:21:00,s2961,u304,Senegal,Smart TV,Documentary D,1,63,1.3,0.39,7874,2973,AUTH_ERROR
2026-01-03 01:22:00,s2962,u2094,France,Web,Sport Live,1,84,0.93,0.16,9627,5582,LOW_BITRATE
2026-01-03 01:23:00,s2963,u1635,France,Mobile,Series B,1,57,0.98,0.52,2870,3739,BUFFERING_ERROR
2026-01-03 01:24:00,s2964,u34,Tunisia,Web,Series B,1,65,1.4,0.47,8382,6000,
2026-01-03 01:25:00,s2965,u418,Tunisia,Web,Movie C,1,69,1.36,0.06,3947,4807,
2026-01-03 01:26:00,s2966,u2380,Tunisia,STB,Movie C,1,57,0.18,0.41,1484,2166,AUTH_ERROR
2026-01-03 01:27:00,s2967,u1083,Cameroon,Android TV,Documentary D,1,46,0.64,0.13,1576,1366,STARTUP_TIMEOUT
2026-01-03 01:28:00,s2968,u402,Cameroon,iOS,Sport Live,1,31,1.27,0.4,5424,5165,
2026-01-03 01:29:00,s2969,u433,France,iOS,Series A,1,21,1.36,0.13,5806,4414,LOW_BITRATE
2026-01-03 01:30:00,s2970,u320,Morocco,iOS,Documentary D,1,39,1.04,0.31,4052,4072,CDN_ERROR
2026-01-03 01:31:00,s2971,u1640,France,Smart TV,Sport Live,1,12,0.63,0.21,11701,1774,
2026-01-03 01:32:00,s2972,u182,Senegal,Android TV,Kids Show,1,84,1.06,0.12,7953,5380,CDN_ERROR
2026-01-03 01:33:00,s2973,u526,Senegal,Android TV,Documentary D,1,39,1.47,0.14,1975,2397,
2026-01-03 01:34:00,s2974,u70,Senegal,Mobile,Sport Live,1,41,1.06,0.14,3214,3110,STARTUP_TIMEOUT
2026-01-03 01:35:00,s2975,u600,Tunisia,iOS,Kids Show,1,86,0.24,0.5,9555,2019,
2026-01-03 01:36:00,s2976,u1631,Morocco,Mobile,Movie C,1,59,0.77,0.05,1139,5868,
2026-01-03 01:37:00,s2977,u1395,Cameroon,STB,Kids Show,1,14,0.45,0.39,5707,3533,CDN_ERROR
2026-01-03 01:38:00,s2978,u2227,France,STB,Series A,1,16,0.25,0.12,8780,1678,STARTUP_TIMEOUT
2026-01-03 01:39:00,s2979,u2018,Cameroon,Smart TV,Sport Live,1,12,0.67,0.32,9702,2267,
2026-01-03 01:40:00,s2980,u1618,Ivory Coast,STB,Series A,1,45,0.21,0.41,4068,3678,CDN_ERROR
2026-01-03 01:41:00,s2981,u1841,Cameroon,Android TV,Sport Live,1,46,0.26,0.15,2878,2276,LOW_BITRATE
2026-01-03 01:42:00,s2982,u588,France,Mobile,Sport Live,1,45,1.03,0.12,638,4986,LOW_BITRATE
2026-01-03 01:43:00,s2983,u1749,Cameroon,STB,Documentary D,1,69,0.87,0.13,2788,2247,BUFFERING_ERROR
2026-01-03 01:44:00,s2984,u545,Tunisia,Smart TV,Series B,1,77,0.47,0.16,9200,3149,
2026-01-03 01:45:00,s2985,u2222,Morocco,Android TV,Kids Show,1,39,0.93,0.27,9632,5877,LOW_BITRATE
2026-01-03 01:46:00,s2986,u87,Cameroon,STB,Kids Show,1,33,0.62,0.4,8199,3946,AUTH_ERROR
2026-01-03 01:47:00,s2987,u701,Ivory Coast,Web,Sport Live,1,70,0.3,0.18,9631,1461,
2026-01-03 01:48:00,s2988,u1115,France,iOS,Movie C,1,39,0.04,0.06,10461,942,
2026-01-03 01:49:00,s2989,u438,Cameroon,STB,Sport Live,1,35,1.02,0.25,10429,880,AUTH_ERROR
2026-01-03 01:50:00,s2990,u1807,Cameroon,Web,Series A,1,2,0.38,0.06,5353,1199,
2026-01-03 01:51:00,s2991,u803,France,Smart TV,Documentary D,1,88,1.1,0.37,3580,1602,
2026-01-03 01:52:00,s2992,u2278,France,Web,Documentary D,1,9,1.21,0.3,2104,4910,STARTUP_TIMEOUT
2026-01-03 01:53:00,s2993,u759,Morocco,Web,Series A,1,52,0.65,0.23,10745,5777,
2026-01-03 01:54:00,s2994,u744,France,STB,Series B,1,22,0.95,0.09,4779,1852,
2026-01-03 01:55:00,s2995,u1556,France,Smart TV,Documentary D,1,62,1.46,0.37,5863,3635,BUFFERING_ERROR
2026-01-03 01:56:00,s2996,u2352,Morocco,iOS,Sport Live,1,3,0.5,0.29,7184,4397,BUFFERING_ERROR
2026-01-03 01:57:00,s2997,u1202,France,Mobile,Sport Live,1,40,0.69,0.52,1998,1795,AUTH_ERROR
2026-01-03 01:58:00,s2998,u558,Morocco,STB,Movie C,1,6,0.12,0.43,1421,699,
2026-01-03 01:59:00,s2999,u1393,Cameroon,STB,Series A,1,42,0.69,0.55,1058,1515,LOW_BITRATE
2026-01-03 02:00:00,s3000,u696,France,STB,Series B,1,49,0.62,0.06,1754,4742,
2026-01-03 02:01:00,s3001,u2355,Cameroon,Web,Series A,1,30,0.59,0.52,1128,406,
2026-01-03 02:02:00,s3002,u1987,Morocco,Web,Documentary D,1,30,1.08,0.25,9217,4123,AUTH_ERROR
2026-01-03 02:03:00,s3003,u113,Tunisia,iOS,Movie C,1,13,0.13,0.14,9524,3143,AUTH_ERROR
2026-01-03 02:04:00,s3004,u1319,France,Mobile,Movie C,1,49,0.02,0.04,9968,1251,STARTUP_TIMEOUT
2026-01-03 02:05:00,s3005,u72,Tunisia,STB,Documentary D,1,17,0.88,0.33,8874,737,
2026-01-03 02:06:00,s3006,u2085,Cameroon,Mobile,Series A,1,60,1.29,0.03,6501,4808,CDN_ERROR
2026-01-03 02:07:00,s3007,u258,Morocco,STB,Movie C,1,21,1.04,0.5,8342,4963,LOW_BITRATE
2026-01-03 02:08:00,s3008,u33,Ivory Coast,Web,Sport Live,1,31,1.41,0.13,9047,671,STARTUP_TIMEOUT
2026-01-03 02:09:00,s3009,u950,Cameroon,Mobile,Kids Show,1,45,0.86,0.45,9028,2113,CDN_ERROR
2026-01-03 02:10:00,s3010,u510,Senegal,Smart TV,Movie C,1,34,1.29,0.38,9682,2794,BUFFERING_ERROR
2026-01-03 02:11:00,s3011,u1932,Morocco,STB,Documentary D,1,78,0.47,0.32,10426,2439,STARTUP_TIMEOUT
2026-01-03 02:12:00,s3012,u2148,Cameroon,iOS,Series B,1,88,0.43,0.34,6667,3601,AUTH_ERROR
2026-01-03 02:13:00,s3013,u1460,Cameroon,Smart TV,Sport Live,1,44,1.26,0.45,4761,2522,STARTUP_TIMEOUT
2026-01-03 02:14:00,s3014,u1004,Morocco,Smart TV,Sport Live,1,59,0.99,0.27,7467,2068,CDN_ERROR
2026-01-03 02:15:00,s3015,u1429,Morocco,STB,Series B,1,46,1.11,0.39,11303,4877,
2026-01-03 02:16:00,s3016,u2463,Ivory Coast,Android TV,Series A,1,49,0.43,0.42,11829,1987,LOW_BITRATE
2026-01-03 02:17:00,s3017,u182,Senegal,Mobile,Sport Live,1,41,0.35,0.17,5817,1413,CDN_ERROR
2026-01-03 02:18:00,s3018,u711,Morocco,iOS,Sport Live,1,48,0.01,0.19,3223,2120,CDN_ERROR
2026-01-03 02:19:00,s3019,u838,Tunisia,Smart TV,Sport Live,1,34,1.31,0.19,1465,5471,
2026-01-03 02:20:00,s3020,u440,France,Web,Series A,1,68,0.78,0.38,5343,1044,
2026-01-03 02:21:00,s3021,u2195,Tunisia,iOS,Movie C,1,85,0.13,0.26,11702,1190,CDN_ERROR
2026-01-03 02:22:00,s3022,u1444,Tunisia,Web,Series B,1,30,0.55,0.32,5503,551,AUTH_ERROR
2026-01-03 02:23:00,s3023,u2241,Morocco,Smart TV,Movie C,1,34,0.47,0.08,2882,5705,BUFFERING_ERROR
2026-01-03 02:24:00,s3024,u1550,France,Mobile,Series A,1,63,0.87,0.25,6930,5239,AUTH_ERROR
2026-01-03 02:25:00,s3025,u378,Cameroon,STB,Series A,1,7,1.4,0.51,791,1504,STARTUP_TIMEOUT
2026-01-03 02:26:00,s3026,u1106,Morocco,STB,Series B,1,38,0.15,0.09,5333,2852,AUTH_ERROR
2026-01-03 02:27:00,s3027,u1794,Ivory Coast,Smart TV,Sport Live,1,71,1.49,0.48,10380,434,
2026-01-03 02:28:00,s3028,u76,Cameroon,iOS,Movie C,1,82,0.67,0.54,6140,4812,
2026-01-03 02:29:00,s3029,u296,Tunisia,STB,Series B,1,53,0.2,0.24,11290,2886,AUTH_ERROR
2026-01-03 02:30:00,s3030,u2244,Ivory Coast,STB,Kids Show,1,16,0.87,0.23,6039,3710,BUFFERING_ERROR
2026-01-03 02:31:00,s3031,u1844,Morocco,Web,Series A,1,25,0.37,0.03,3417,4211,BUFFERING_ERROR
2026-01-03 02:32:00,s3032,u777,Senegal,Smart TV,Documentary D,1,37,1.02,0.14,4642,1913,LOW_BITRATE
2026-01-03 02:33:00,s3033,u1353,Tunisia,STB,Sport Live,1,61,0.21,0.34,7817,2378,CDN_ERROR
2026-01-03 02:34:00,s3034,u817,France,STB,Sport Live,1,74,0.55,0.01,10787,3794,CDN_ERROR
2026-01-03 02:35:00,s3035,u1308,Cameroon,STB,Series A,1,42,0.5,0.42,6355,2275,LOW_BITRATE
2026-01-03 02:36:00,s3036,u1606,Morocco,Mobile,Documentary D,1,16,1.17,0.26,1217,1456,AUTH_ERROR
2026-01-03 02:37:00,s3037,u974,Cameroon,Mobile,Kids Show,1,20,0.76,0.34,3367,703,CDN_ERROR
2026-01-03 02:38:00,s3038,u1224,Morocco,Mobile,Sport Live,1,4,0.01,0.45,8138,5367,
2026-01-03 02:39:00,s3039,u2488,Morocco,STB,Series B,1,83,0.06,0.49,11809,674,CDN_ERROR
2026-01-03 02:40:00,s3040,u335,Morocco,Mobile,Documentary D,1,46,0.1,0.2,2074,692,
2026-01-03 02:41:00,s3041,u2385,France,Android TV,Movie C,1,33,1.42,0.3,4251,1334,STARTUP_TIMEOUT
2026-01-03 02:42:00,s3042,u1269,Cameroon,Web,Series A,1,4,0.71,0.16,11286,3448,CDN_ERROR
2026-01-03 02:43:00,s3043,u1444,Tunisia,STB,Kids Show,1,49,1.45,0.15,8036,868,
2026-01-03 02:44:00,s3044,u1371,Ivory Coast,Mobile,Series A,1,11,0.37,0.43,10381,4840,
2026-01-03 02:45:00,s3045,u2411,Cameroon,iOS,Movie C,1,61,0.07,0.1,7415,2285,
2026-01-03 02:46:00,s3046,u1206,Senegal,Mobile,Sport Live,1,85,0.01,0.05,6096,5703,BUFFERING_ERROR
2026-01-03 02:47:00,s3047,u172,Morocco,Android TV,Documentary D,1,89,1.18,0.38,6764,3442,STARTUP_TIMEOUT
2026-01-03 02:48:00,s3048,u1435,Senegal,Android TV,Kids Show,1,56,0.43,0.13,3493,1562,AUTH_ERROR
2026-01-03 02:49:00,s3049,u502,Senegal,STB,Series A,1,16,0.8,0.42,3452,5676,
2026-01-03 02:50:00,s3050,u2074,Ivory Coast,Web,Series A,1,49,0.8,0.29,6111,2527,CDN_ERROR
2026-01-03 02:51:00,s3051,u129,Ivory Coast,Android TV,Series B,1,10,0.84,0.5,11674,1246,STARTUP_TIMEOUT
2026-01-03 02:52:00,s3052,u34,Tunisia,iOS,Series B,1,65,0.4,0.39,5056,5858,CDN_ERROR
2026-01-03 02:53:00,s3053,u1324,Tunisia,Mobile,Sport Live,1,25,0.48,0.53,4384,4762,AUTH_ERROR
2026-01-03 02:54:00,s3054,u1057,Senegal,Smart TV,Movie C,1,65,1.24,0.04,4203,1413,STARTUP_TIMEOUT
2026-01-03 02:55:00,s3055,u497,Tunisia,iOS,Movie C,1,42,0.23,0.09,2969,5179,
2026-01-03 02:56:00,s3056,u2285,France,iOS,Documentary D,1,4,1.29,0.52,723,5916,BUFFERING_ERROR
2026-01-03 02:57:00,s3057,u978,Cameroon,Web,Movie C,1,39,0.94,0.1,8062,604,LOW_BITRATE
2026-01-03 02:58:00,s3058,u697,Senegal,Mobile,Sport Live,1,20,0.62,0.06,5816,2969,CDN_ERROR
2026-01-03 02:59:00,s3059,u914,Ivory Coast,Mobile,Movie C,1,73,1.18,0.21,5966,3458,AUTH_ERROR
2026-01-03 03:00:00,s3060,u2377,Ivory Coast,iOS,Documentary D,1,37,0.88,0.39,9281,3129,AUTH_ERROR
2026-01-03 03:01:00,s3061,u951,Cameroon,Mobile,Series B,1,24,0.41,0.52,6576,5989,
2026-01-03 03:02:00,s3062,u2322,Cameroon,Web,Series B,1,73,0.01,0.29,4218,3279,STARTUP_TIMEOUT
2026-01-03 03:03:00,s3063,u1068,France,Smart TV,Documentary D,1,79,0.77,0.35,1618,1196,
2026-01-03 03:04:00,s3064,u220,Ivory Coast,STB,Documentary D,1,25,0.76,0.18,8166,2439,
2026-01-03 03:05:00,s3065,u444,France,Smart TV,Documentary D,1,88,1.06,0.3,3522,3618,BUFFERING_ERROR
2026-01-03 03:06:00,s3066,u1335,Cameroon,STB,Documentary D,1,51,1.3,0.28,4295,5584,
2026-01-03 03:07:00,s3067,u800,Senegal,iOS,Series B,1,36,0.61,0.5,8791,5073,
2026-01-03 03:08:00,s3068,u1033,Morocco,Web,Series B,1,61,0.29,0.33,6293,2589,
2026-01-03 03:09:00,s3069,u1759,Ivory Coast,Android TV,Series A,1,81,0.8,0.4,11937,5774,CDN_ERROR
2026-01-03 03:10:00,s3070,u810,Ivory Coast,Smart TV,Series A,1,7,1.18,0.51,9607,5087,BUFFERING_ERROR
2026-01-03 03:11:00,s3071,u806,Ivory Coast,Smart TV,Sport Live,1,70,0.47,0.03,5980,3852,CDN_ERROR
2026-01-03 03:12:00,s3072,u1453,Ivory Coast,STB,Series B,1,57,0.12,0.32,9595,2293,
2026-01-03 03:13:00,s3073,u2456,France,Mobile,Movie C,1,70,0.71,0.23,1525,2287,
2026-01-03 03:14:00,s3074,u141,Cameroon,Android TV,Sport Live,1,67,0.89,0.16,3145,5614,
2026-01-03 03:15:00,s3075,u1310,Senegal,Web,Movie C,1,66,0.14,0.17,9567,5842,LOW_BITRATE
2026-01-03 03:16:00,s3076,u1611,Ivory Coast,Web,Series B,1,76,0.03,0.19,8512,5447,
2026-01-03 03:17:00,s3077,u1987,Morocco,Web,Sport Live,1,84,0.93,0.12,7405,5507,
2026-01-03 03:18:00,s3078,u1630,Ivory Coast,Web,Series B,1,43,0.54,0.09,2430,5473,CDN_ERROR
2026-01-03 03:19:00,s3079,u1734,Tunisia,Android TV,Series B,1,55,0.86,0.41,9667,2022,
2026-01-03 03:20:00,s3080,u354,Morocco,STB,Series B,1,43,1.06,0.4,8027,3614,
2026-01-03 03:21:00,s3081,u1414,Morocco,Web,Kids Show,1,61,0.11,0.15,11037,2790,
2026-01-03 03:22:00,s3082,u1074,Senegal,iOS,Documentary D,1,68,0.04,0.47,1822,3725,LOW_BITRATE
2026-01-03 03:23:00,s3083,u868,France,Mobile,Kids Show,1,40,0.67,0.32,9789,4378,LOW_BITRATE
2026-01-03 03:24:00,s3084,u2346,Morocco,Web,Documentary D,1,88,0.69,0.03,2220,1824,
2026-01-03 03:25:00,s3085,u1838,Ivory Coast,STB,Kids Show,1,64,0.22,0.54,3467,3466,STARTUP_TIMEOUT
2026-01-03 03:26:00,s3086,u1090,Senegal,iOS,Sport Live,1,30,1.47,0.09,10136,1047,
2026-01-03 03:27:00,s3087,u218,Morocco,iOS,Documentary D,1,48,0.76,0.27,10073,3900,CDN_ERROR
2026-01-03 03:28:00,s3088,u1613,Ivory Coast,STB,Documentary D,1,6,0.57,0.45,7893,3918,
2026-01-03 03:29:00,s3089,u1585,France,Web,Sport Live,1,23,0.13,0.11,10887,5114,
2026-01-03 03:30:00,s3090,u1303,Cameroon,iOS,Series A,1,18,0.8,0.14,1505,5559,BUFFERING_ERROR
2026-01-03 03:31:00,s3091,u60,Senegal,Smart TV,Movie C,1,25,0.61,0.06,1443,3617,
2026-01-03 03:32:00,s3092,u92,Morocco,iOS,Series B,1,17,1.08,0.34,5860,4363,
2026-01-03 03:33:00,s3093,u983,France,iOS,Series A,1,54,1.19,0.11,1374,763,CDN_ERROR
2026-01-03 03:34:00,s3094,u964,Morocco,Mobile,Kids Show,1,7,0.77,0.38,7215,5329,STARTUP_TIMEOUT
2026-01-03 03:35:00,s3095,u1610,Ivory Coast,Mobile,Movie C,1,32,1.01,0.18,6065,5362,AUTH_ERROR
2026-01-03 03:36:00,s3096,u377,France,Web,Series A,1,12,0.49,0.18,6667,5061,CDN_ERROR
2026-01-03 03:37:00,s3097,u2385,Ivory Coast,Android TV,Kids Show,1,12,0.78,0.36,4335,2243,
2026-01-03 03:38:00,s3098,u89,Tunisia,STB,Kids Show,1,63,0.97,0.51,3776,3693,CDN_ERROR
2026-01-03 03:39:00,s3099,u604,France,STB,Movie C,1,20,0.28,0.19,9281,3379,BUFFERING_ERROR
2026-01-03 03:40:00,s3100,u1514,Senegal,Mobile,Kids Show,1,68,0.63,0.48,10196,1825,STARTUP_TIMEOUT
2026-01-03 03:41:00,s3101,u2089,Senegal,Mobile,Sport Live,1,17,1.45,0.53,7061,588,
2026-01-03 03:42:00,s3102,u2210,Ivory Coast,Web,Series B,1,46,1.16,0.45,4384,5730,
2026-01-03 03:43:00,s3103,u275,Cameroon,Android TV,Movie C,1,25,0.78,0.17,8529,2255,LOW_BITRATE
2026-01-03 03:44:00,s3104,u1002,Cameroon,STB,Series B,1,41,0.99,0.21,2145,478,STARTUP_TIMEOUT
2026-01-03 03:45:00,s3105,u2194,Tunisia,Android TV,Kids Show,1,8,0.24,0.1,2749,3425,STARTUP_TIMEOUT
2026-01-03 03:46:00,s3106,u1161,France,Android TV,Kids Show,1,29,1.35,0.27,7459,3650,BUFFERING_ERROR
2026-01-03 03:47:00,s3107,u363,France,Android TV,Series B,1,63,0.32,0.33,4318,582,CDN_ERROR
2026-01-03 03:48:00,s3108,u1639,Cameroon,Smart TV,Kids Show,1,19,0.64,0.19,3985,2200,STARTUP_TIMEOUT
2026-01-03 03:49:00,s3109,u2436,France,Web,Movie C,1,48,0.09,0.1,4629,4912,
2026-01-03 03:50:00,s3110,u2024,Morocco,STB,Kids Show,1,16,1.01,0.48,10882,3219,STARTUP_TIMEOUT
2026-01-03 03:51:00,s3111,u1033,Cameroon,Smart TV,Series B,1,52,1.12,0.4,4595,5422,STARTUP_TIMEOUT
2026-01-03 03:52:00,s3112,u1397,Morocco,Smart TV,Documentary D,1,65,0.03,0.2,9353,2796,STARTUP_TIMEOUT
2026-01-03 03:53:00,s3113,u1962,Morocco,STB,Series B,1,19,1.12,0.34,1812,1310,AUTH_ERROR
2026-01-03 03:54:00,s3114,u1725,France,Android TV,Kids Show,1,73,0.08,0.41,11954,4188,BUFFERING_ERROR
2026-01-03 03:55:00,s3115,u1433,Senegal,Mobile,Kids Show,1,55,0.11,0.43,2778,527,AUTH_ERROR
2026-01-03 03:56:00,s3116,u1327,Morocco,Mobile,Kids Show,1,67,0.17,0.08,9695,1378,
2026-01-03 03:57:00,s3117,u1729,Morocco,STB,Series A,1,54,0.86,0.52,2778,4925,
2026-01-03 03:58:00,s3118,u2349,France,Android TV,Sport Live,1,20,1.36,0.2,6627,4180,
2026-01-03 03:59:00,s3119,u1512,France,Web,Movie C,1,45,1.28,0.4,8278,5701,
2026-01-03 04:00:00,s3120,u1187,France,Mobile,Series B,1,62,0.35,0.45,4808,602,CDN_ERROR
2026-01-03 04:01:00,s3121,u515,France,Mobile,Series A,1,53,0.05,0.44,7046,3976,STARTUP_TIMEOUT
2026-01-03 04:02:00,s3122,u1096,Ivory Coast,Smart TV,Kids Show,1,58,1.2,0.41,7082,2370,
2026-01-03 04:03:00,s3123,u41,Morocco,Android TV,Sport Live,1,32,1.09,0.43,1239,1911,
2026-01-03 04:04:00,s3124,u1878,Tunisia,iOS,Kids Show,1,45,1.43,0.13,2462,5590,STARTUP_TIMEOUT
2026-01-03 04:05:00,s3125,u2049,Senegal,Smart TV,Series A,1,61,1.28,0.19,3259,530,
2026-01-03 04:06:00,s3126,u804,France,Mobile,Series B,1,5,1.32,0.19,1079,4542,AUTH_ERROR
2026-01-03 04:07:00,s3127,u1137,France,Mobile,Documentary D,1,76,0.21,0.28,7407,863,
2026-01-03 04:08:00,s3128,u37,Cameroon,iOS,Series A,1,48,0.02,0.08,3911,4271,BUFFERING_ERROR
2026-01-03 04:09:00,s3129,u318,Ivory Coast,Android TV,Series A,1,54,0.66,0.5,10768,658,
2026-01-03 04:10:00,s3130,u1597,Senegal,Web,Movie C,1,46,0.66,0.16,11768,4374,STARTUP_TIMEOUT
2026-01-03 04:11:00,s3131,u1941,France,iOS,Series A,1,11,1.1,0.5,5791,432,LOW_BITRATE
2026-01-03 04:12:00,s3132,u97,Senegal,STB,Movie C,1,32,0.94,0.2,11080,4284,AUTH_ERROR
2026-01-03 04:13:00,s3133,u1170,Ivory Coast,Mobile,Movie C,1,25,1.12,0.49,7986,5351,AUTH_ERROR
2026-01-03 04:14:00,s3134,u674,Senegal,Smart TV,Kids Show,1,13,0.74,0.28,6473,3425,STARTUP_TIMEOUT
2026-01-03 04:15:00,s3135,u1709,Cameroon,iOS,Sport Live,1,56,1.26,0.24,2077,4018,BUFFERING_ERROR
2026-01-03 04:16:00,s3136,u508,Tunisia,Android TV,Movie C,1,90,0.43,0.14,4540,4237,LOW_BITRATE
2026-01-03 04:17:00,s3137,u1541,Senegal,Web,Sport Live,1,12,0.81,0.26,10268,663,
2026-01-03 04:18:00,s3138,u523,Senegal,Mobile,Kids Show,1,4,0.78,0.52,8396,2664,STARTUP_TIMEOUT
2026-01-03 04:19:00,s3139,u1429,Senegal,iOS,Sport Live,1,46,0.02,0.39,2186,4722,STARTUP_TIMEOUT
2026-01-03 04:20:00,s3140,u1510,Ivory Coast,STB,Sport Live,1,32,0.77,0.49,3484,3245,
2026-01-03 04:21:00,s3141,u1805,Ivory Coast,STB,Series A,1,9,1.21,0.48,10918,3347,
2026-01-03 04:22:00,s3142,u2314,Ivory Coast,iOS,Sport Live,1,39,1.24,0.07,8090,2339,
2026-01-03 04:23:00,s3143,u180,Morocco,iOS,Series A,1,64,0.09,0.35,6548,649,BUFFERING_ERROR
2026-01-03 04:24:00,s3144,u478,Senegal,iOS,Kids Show,1,18,1.44,0.55,7577,4878,LOW_BITRATE
2026-01-03 04:25:00,s3145,u1050,Tunisia,iOS,Documentary D,1,62,0.68,0.47,9766,4834,BUFFERING_ERROR
2026-01-03 04:26:00,s3146,u1038,Ivory Coast,STB,Series A,1,31,0.22,0.46,1266,2266,AUTH_ERROR
2026-01-03 04:27:00,s3147,u141,France,Web,Series A,1,29,0.05,0.03,6167,5149,BUFFERING_ERROR
2026-01-03 04:28:00,s3148,u1981,France,Smart TV,Series A,1,24,1.27,0.11,8859,4234,STARTUP_TIMEOUT
2026-01-03 04:29:00,s3149,u1966,France,Web,Movie C,1,86,1.49,0.08,8191,3001,
2026-01-03 04:30:00,s3150,u1021,Ivory Coast,iOS,Sport Live,1,57,1.33,0.38,9338,4041,CDN_ERROR
2026-01-03 04:31:00,s3151,u290,Tunisia,iOS,Sport Live,1,79,0.41,0.28,4782,5765,CDN_ERROR
2026-01-03 04:32:00,s3152,u951,Tunisia,STB,Series B,1,52,1.17,0.15,586,5752,
2026-01-03 04:33:00,s3153,u1702,Morocco,iOS,Kids Show,1,3,0.2,0.43,11676,5648,
2026-01-03 04:34:00,s3154,u782,Tunisia,Mobile,Sport Live,1,39,0.72,0.02,2400,2705,
2026-01-03 04:35:00,s3155,u411,France,Web,Sport Live,1,38,0.28,0.21,5324,2050,AUTH_ERROR
2026-01-03 04:36:00,s3156,u2045,Senegal,STB,Series B,1,79,0.24,0.46,2871,5649,
2026-01-03 04:37:00,s3157,u698,Morocco,Web,Sport Live,1,30,1.26,0.11,11139,2056,BUFFERING_ERROR
2026-01-03 04:38:00,s3158,u1137,France,STB,Series A,1,62,1.0,0.23,4732,5236,
2026-01-03 04:39:00,s3159,u1211,France,Android TV,Movie C,1,54,0.3,0.12,10295,3179,AUTH_ERROR
2026-01-03 04:40:00,s3160,u795,Cameroon,STB,Movie C,1,13,1.3,0.01,6234,5606,STARTUP_TIMEOUT
2026-01-03 04:41:00,s3161,u1821,Cameroon,Web,Kids Show,1,39,0.96,0.33,3247,644,
2026-01-03 04:42:00,s3162,u972,France,STB,Series B,1,57,0.9,0.46,6990,1172,AUTH_ERROR
2026-01-03 04:43:00,s3163,u2154,Morocco,Android TV,Sport Live,1,39,0.38,0.08,7544,1729,STARTUP_TIMEOUT
2026-01-03 04:44:00,s3164,u2131,Morocco,iOS,Movie C,1,78,0.2,0.23,7016,4761,BUFFERING_ERROR
2026-01-03 04:45:00,s3165,u805,France,iOS,Documentary D,1,66,0.19,0.13,2283,2162,BUFFERING_ERROR
2026-01-03 04:46:00,s3166,u1208,France,Android TV,Movie C,1,32,0.99,0.44,5839,3262,STARTUP_TIMEOUT
2026-01-03 04:47:00,s3167,u700,Ivory Coast,Android TV,Series A,1,27,1.1,0.36,3768,412,
2026-01-03 04:48:00,s3168,u1181,Ivory Coast,STB,Series B,1,42,0.91,0.13,11979,546,STARTUP_TIMEOUT
2026-01-03 04:49:00,s3169,u2106,Morocco,iOS,Kids Show,1,51,1.21,0.38,4008,1577,
2026-01-03 04:50:00,s3170,u637,Tunisia,Smart TV,Series B,1,17,0.5,0.13,2309,4550,CDN_ERROR
2026-01-03 04:51:00,s3171,u1968,France,Smart TV,Series A,1,66,0.9,0.5,1090,5321,STARTUP_TIMEOUT
2026-01-03 04:52:00,s3172,u481,Morocco,iOS,Sport Live,1,53,0.81,0.2,2149,2078,STARTUP_TIMEOUT
2026-01-03 04:53:00,s3173,u1130,Tunisia,STB,Kids Show,1,65,0.66,0.29,2369,4241,
2026-01-03 04:54:00,s3174,u1257,Cameroon,Web,Movie C,1,83,1.17,0.51,11927,3429,
2026-01-03 04:55:00,s3175,u1945,Tunisia,Mobile,Series A,1,26,1.46,0.11,8141,1938,AUTH_ERROR
2026-01-03 04:56:00,s3176,u699,France,iOS,Kids Show,1,74,1.18,0.33,9840,2713,
2026-01-03 04:57:00,s3177,u507,France,Web,Sport Live,1,4,0.86,0.4,6943,2586,AUTH_ERROR
2026-01-03 04:58:00,s3178,u2111,Ivory Coast,STB,Series A,1,25,0.54,0.09,10553,738,
2026-01-03 04:59:00,s3179,u2448,France,STB,Kids Show,1,30,0.46,0.4,8402,4338,LOW_BITRATE
2026-01-03 05:00:00,s3180,u1656,Cameroon,Smart TV,Kids Show,1,82,0.44,0.14,6468,2992,AUTH_ERROR
2026-01-03 05:01:00,s3181,u1709,Senegal,iOS,Series A,1,40,0.47,0.4,2134,1592,
2026-01-03 05:02:00,s3182,u1342,France,STB,Movie C,1,16,0.54,0.33,5738,5845,
2026-01-03 05:03:00,s3183,u34,Morocco,Smart TV,Movie C,1,43,1.29,0.37,6586,3275,BUFFERING_ERROR
2026-01-03 05:04:00,s3184,u1827,Tunisia,iOS,Sport Live,1,48,0.46,0.27,8970,714,LOW_BITRATE
2026-01-03 05:05:00,s3185,u508,France,Web,Series A,1,1,0.06,0.07,5836,4373,CDN_ERROR
2026-01-03 05:06:00,s3186,u184,Senegal,Mobile,Kids Show,1,35,0.58,0.29,10026,1733,
2026-01-03 05:07:00,s3187,u269,Tunisia,Mobile,Kids Show,1,46,0.83,0.42,5047,1592,LOW_BITRATE
2026-01-03 05:08:00,s3188,u1107,Tunisia,Android TV,Series B,1,66,0.87,0.1,7036,3130,LOW_BITRATE
2026-01-03 05:09:00,s3189,u1670,Ivory Coast,Web,Documentary D,1,27,1.38,0.44,2143,5216,
2026-01-03 05:10:00,s3190,u1169,Ivory Coast,iOS,Kids Show,1,8,1.12,0.19,2695,3379,LOW_BITRATE
2026-01-03 05:11:00,s3191,u242,Senegal,Smart TV,Series A,1,59,0.11,0.26,9757,5060,
2026-01-03 05:12:00,s3192,u927,Ivory Coast,Mobile,Series A,1,28,1.08,0.31,8264,3019,STARTUP_TIMEOUT
2026-01-03 05:13:00,s3193,u1295,Senegal,Web,Documentary D,1,44,1.23,0.44,10984,4996,CDN_ERROR
2026-01-03 05:14:00,s3194,u21,France,Android TV,Movie C,1,65,0.6,0.19,10331,3709,STARTUP_TIMEOUT
2026-01-03 05:15:00,s3195,u65,Cameroon,iOS,Documentary D,1,30,0.71,0.25,5805,4363,LOW_BITRATE
2026-01-03 05:16:00,s3196,u343,Senegal,iOS,Movie C,1,59,1.48,0.34,9480,2975,BUFFERING_ERROR
2026-01-03 05:17:00,s3197,u232,Cameroon,STB,Series B,1,20,1.39,0.34,7570,4609,CDN_ERROR
2026-01-03 05:18:00,s3198,u1528,Morocco,Web,Series A,1,77,1.11,0.01,10439,5943,CDN_ERROR
2026-01-03 05:19:00,s3199,u1851,Morocco,STB,Sport Live,1,85,1.13,0.46,1546,2596,AUTH_ERROR
2026-01-03 05:20:00,s3200,u1751,Cameroon,Web,Movie C,1,53,1.09,0.14,10052,1284,
2026-01-03 05:21:00,s3201,u2240,Morocco,Android TV,Sport Live,1,44,0.47,0.27,6309,4488,LOW_BITRATE
2026-01-03 05:22:00,s3202,u2135,Morocco,iOS,Sport Live,1,90,0.4,0.03,7110,2019,STARTUP_TIMEOUT
2026-01-03 05:23:00,s3203,u557,Tunisia,iOS,Sport Live,1,5,0.17,0.47,3665,4322,BUFFERING_ERROR
2026-01-03 05:24:00,s3204,u2486,France,Android TV,Sport Live,1,18,1.09,0.35,6277,1439,
2026-01-03 05:25:00,s3205,u1307,Ivory Coast,STB,Documentary D,1,33,0.15,0.06,1646,5597,AUTH_ERROR
2026-01-03 05:26:00,s3206,u2028,Ivory Coast,Web,Series B,1,34,0.9,0.47,9164,3322,
2026-01-03 05:27:00,s3207,u1900,Morocco,iOS,Series B,1,21,1.14,0.08,951,5108,AUTH_ERROR
2026-01-03 05:28:00,s3208,u1882,Cameroon,Mobile,Documentary D,1,50,0.11,0.23,6227,3605,LOW_BITRATE
2026-01-03 05:29:00,s3209,u1453,Ivory Coast,Mobile,Documentary D,1,59,0.13,0.41,11850,3034,
2026-01-03 05:30:00,s3210,u837,Senegal,Android TV,Kids Show,1,52,0.5,0.4,10672,2777,CDN_ERROR
2026-01-03 05:31:00,s3211,u1854,Ivory Coast,Mobile,Series B,1,5,1.39,0.27,3977,4466,CDN_ERROR
2026-01-03 05:32:00,s3212,u370,France,Web,Sport Live,1,66,1.24,0.48,3029,3552,AUTH_ERROR
2026-01-03 05:33:00,s3213,u748,Senegal,STB,Series A,1,14,0.6,0.42,2187,979,
2026-01-03 05:34:00,s3214,u1662,Ivory Coast,iOS,Documentary D,1,86,0.78,0.4,8518,2401,BUFFERING_ERROR
2026-01-03 05:35:00,s3215,u935,Tunisia,Smart TV,Documentary D,1,50,0.13,0.16,3149,1451,LOW_BITRATE
2026-01-03 05:36:00,s3216,u1205,Ivory Coast,Web,Series A,1,26,0.66,0.11,10719,2760,BUFFERING_ERROR
2026-01-03 05:37:00,s3217,u769,Ivory Coast,Mobile,Movie C,1,42,0.96,0.47,11780,4690,BUFFERING_ERROR
2026-01-03 05:38:00,s3218,u1466,Tunisia,Mobile,Documentary D,1,49,0.18,0.3,11430,1993,CDN_ERROR
2026-01-03 05:39:00,s3219,u2377,Cameroon,Android TV,Series B,1,40,1.23,0.41,5680,3997,
2026-01-03 05:40:00,s3220,u1923,Ivory Coast,Smart TV,Kids Show,1,2,0.84,0.38,3580,1530,STARTUP_TIMEOUT
2026-01-03 05:41:00,s3221,u224,France,Web,Sport Live,1,4,0.09,0.48,2983,1608,AUTH_ERROR
2026-01-03 05:42:00,s3222,u2113,Senegal,Android TV,Kids Show,1,28,1.43,0.47,2528,1142,AUTH_ERROR
2026-01-03 05:43:00,s3223,u881,Senegal,STB,Series B,1,73,0.56,0.17,9743,5556,LOW_BITRATE
2026-01-03 05:44:00,s3224,u2397,France,iOS,Sport Live,1,57,0.92,0.5,11172,5166,BUFFERING_ERROR
2026-01-03 05:45:00,s3225,u1091,Tunisia,Smart TV,Kids Show,1,4,0.41,0.24,9777,2343,LOW_BITRATE
2026-01-03 05:46:00,s3226,u892,Tunisia,Web,Sport Live,1,61,0.5,0.03,2920,3377,
2026-01-03 05:47:00,s3227,u112,Cameroon,Web,Documentary D,1,37,0.28,0.29,2089,2618,LOW_BITRATE
2026-01-03 05:48:00,s3228,u2467,Tunisia,iOS,Series B,1,74,0.62,0.53,9456,1892,
2026-01-03 05:49:00,s3229,u760,Ivory Coast,Android TV,Documentary D,1,23,1.37,0.05,8686,1113,
2026-01-03 05:50:00,s3230,u2301,Ivory Coast,STB,Series B,1,64,0.42,0.29,4021,3941,BUFFERING_ERROR
2026-01-03 05:51:00,s3231,u1694,Senegal,Mobile,Kids Show,1,33,0.07,0.22,10235,4403,
2026-01-03 05:52:00,s3232,u561,Cameroon,Smart TV,Documentary D,1,16,1.11,0.54,6263,2943,STARTUP_TIMEOUT
2026-01-03 05:53:00,s3233,u1037,Tunisia,Web,Documentary D,1,53,0.8,0.03,9357,5574,BUFFERING_ERROR
2026-01-03 05:54:00,s3234,u166,Ivory Coast,Web,Series A,1,42,1.2,0.07,8210,4735,AUTH_ERROR
2026-01-03 05:55:00,s3235,u1503,Tunisia,Android TV,Series A,1,19,1.06,0.09,6945,1597,
2026-01-03 05:56:00,s3236,u1012,Tunisia,iOS,Sport Live,1,44,0.96,0.39,8538,673,LOW_BITRATE
2026-01-03 05:57:00,s3237,u2320,Cameroon,Web,Series A,1,59,0.42,0.11,8075,5985,
2026-01-03 05:58:00,s3238,u2045,Ivory Coast,iOS,Documentary D,1,21,0.25,0.03,11214,1991,
2026-01-03 05:59:00,s3239,u2258,Tunisia,STB,Kids Show,1,50,1.38,0.38,1686,5811,STARTUP_TIMEOUT
2026-01-03 06:00:00,s3240,u1345,Tunisia,STB,Series B,1,35,0.62,0.36,5233,1680,AUTH_ERROR
2026-01-03 06:01:00,s3241,u1206,Ivory Coast,STB,Movie C,1,43,0.27,0.13,8097,4782,
2026-01-03 06:02:00,s3242,u1863,Morocco,Mobile,Series A,1,65,1.48,0.23,6276,4645,
2026-01-03 06:03:00,s3243,u367,Cameroon,Android TV,Series B,1,74,1.37,0.06,9990,2520,
2026-01-03 06:04:00,s3244,u1121,France,iOS,Series B,1,32,0.8,0.29,3859,5373,
2026-01-03 06:05:00,s3245,u1856,France,Web,Documentary D,1,20,1.45,0.47,10406,5871,LOW_BITRATE
2026-01-03 06:06:00,s3246,u1792,Tunisia,Mobile,Movie C,1,34,0.79,0.54,9506,4289,
2026-01-03 06:07:00,s3247,u1944,Cameroon,STB,Movie C,1,20,0.36,0.31,5797,1808,LOW_BITRATE
2026-01-03 06:08:00,s3248,u587,France,Web,Series B,1,72,0.07,0.34,4855,551,CDN_ERROR
2026-01-03 06:09:00,s3249,u1870,Senegal,Android TV,Series B,1,15,0.61,0.46,9862,1847,BUFFERING_ERROR
2026-01-03 06:10:00,s3250,u2387,Senegal,Android TV,Documentary D,1,44,0.52,0.16,7345,3624,
2026-01-03 06:11:00,s3251,u1695,Morocco,Mobile,Documentary D,1,38,0.12,0.22,10552,3910,AUTH_ERROR
2026-01-03 06:12:00,s3252,u1215,Morocco,STB,Documentary D,1,9,0.16,0.06,6784,3006,
2026-01-03 06:13:00,s3253,u2415,Morocco,Web,Documentary D,1,59,0.83,0.12,11904,2946,AUTH_ERROR
2026-01-03 06:14:00,s3254,u1000,Tunisia,iOS,Kids Show,1,45,0.62,0.28,3681,2745,LOW_BITRATE
2026-01-03 06:15:00,s3255,u1346,Ivory Coast,Smart TV,Sport Live,1,36,1.46,0.06,5939,2235,AUTH_ERROR
2026-01-03 06:16:00,s3256,u2171,Cameroon,Web,Series B,1,85,0.63,0.2,9816,4429,LOW_BITRATE
2026-01-03 06:17:00,s3257,u2218,Tunisia,STB,Movie C,1,11,0.82,0.37,2776,487,STARTUP_TIMEOUT
2026-01-03 06:18:00,s3258,u1331,Tunisia,iOS,Kids Show,1,66,1.15,0.07,10692,1592,
2026-01-03 06:19:00,s3259,u168,Cameroon,STB,Sport Live,1,11,1.22,0.38,2732,4592,STARTUP_TIMEOUT
2026-01-03 06:20:00,s3260,u588,Tunisia,Android TV,Movie C,1,11,0.52,0.49,4746,3702,STARTUP_TIMEOUT
2026-01-03 06:21:00,s3261,u966,Senegal,STB,Kids Show,1,68,1.21,0.11,4120,4880,
2026-01-03 06:22:00,s3262,u148,Tunisia,STB,Series A,1,57,0.73,0.29,7949,5105,
2026-01-03 06:23:00,s3263,u2145,Senegal,Android TV,Kids Show,1,2,1.26,0.22,8572,1000,BUFFERING_ERROR
2026-01-03 06:24:00,s3264,u575,Ivory Coast,iOS,Sport Live,1,34,0.72,0.21,4502,2262,AUTH_ERROR
2026-01-03 06:25:00,s3265,u1898,Tunisia,Web,Series A,1,30,0.97,0.46,1191,5709,CDN_ERROR
2026-01-03 06:26:00,s3266,u1025,Senegal,Android TV,Sport Live,1,57,1.12,0.39,3803,830,STARTUP_TIMEOUT
2026-01-03 06:27:00,s3267,u875,France,Smart TV,Series A,1,81,0.35,0.11,1150,2066,
2026-01-03 06:28:00,s3268,u2041,France,Android TV,Documentary D,1,6,1.21,0.09,6557,2890,
2026-01-03 06:29:00,s3269,u1732,Ivory Coast,iOS,Documentary D,1,11,0.63,0.51,6477,5281,AUTH_ERROR
2026-01-03 06:30:00,s3270,u1603,Morocco,Android TV,Kids Show,1,29,1.34,0.28,3603,2896,LOW_BITRATE
2026-01-03 06:31:00,s3271,u958,Tunisia,iOS,Kids Show,1,41,1.43,0.06,11012,5734,
2026-01-03 06:32:00,s3272,u1448,Ivory Coast,Android TV,Series B,1,84,1.12,0.18,1930,2675,
2026-01-03 06:33:00,s3273,u1312,Senegal,Android TV,Documentary D,1,12,0.49,0.51,2074,4070,
2026-01-03 06:34:00,s3274,u55,Ivory Coast,Android TV,Documentary D,1,84,0.92,0.02,7746,4800,
2026-01-03 06:35:00,s3275,u1274,France,Mobile,Series A,1,68,0.83,0.4,10539,2806,
2026-01-03 06:36:00,s3276,u1280,Cameroon,Mobile,Series A,1,78,0.33,0.19,1233,556,AUTH_ERROR
2026-01-03 06:37:00,s3277,u1875,Senegal,Web,Kids Show,1,75,1.28,0.43,11637,1778,BUFFERING_ERROR
2026-01-03 06:38:00,s3278,u1466,Ivory Coast,STB,Series A,1,75,0.96,0.24,1854,4332,
2026-01-03 06:39:00,s3279,u1260,Morocco,STB,Documentary D,1,81,0.32,0.08,4921,3289,BUFFERING_ERROR
2026-01-03 06:40:00,s3280,u1999,Senegal,Web,Sport Live,1,36,1.04,0.02,675,6000,
2026-01-03 06:41:00,s3281,u890,Cameroon,Web,Kids Show,1,79,0.86,0.45,5500,4733,LOW_BITRATE
2026-01-03 06:42:00,s3282,u1283,Cameroon,iOS,Documentary D,1,38,0.93,0.32,10040,5949,CDN_ERROR
2026-01-03 06:43:00,s3283,u1036,France,STB,Sport Live,1,51,0.79,0.29,2253,1700,
2026-01-03 06:44:00,s3284,u1726,Tunisia,Mobile,Documentary D,1,48,1.41,0.37,5106,4004,BUFFERING_ERROR
2026-01-03 06:45:00,s3285,u2221,France,Mobile,Movie C,1,56,0.73,0.31,1462,934,STARTUP_TIMEOUT
2026-01-03 06:46:00,s3286,u1235,France,Android TV,Series B,1,72,1.43,0.41,2229,2950,AUTH_ERROR
2026-01-03 06:47:00,s3287,u2350,Ivory Coast,Mobile,Series B,1,2,0.17,0.11,2315,529,LOW_BITRATE
2026-01-03 06:48:00,s3288,u142,Senegal,Web,Movie C,1,64,1.12,0.2,3560,710,LOW_BITRATE
2026-01-03 06:49:00,s3289,u1282,Morocco,Smart TV,Documentary D,1,65,1.11,0.1,10137,5100,STARTUP_TIMEOUT
2026-01-03 06:50:00,s3290,u570,Cameroon,STB,Sport Live,1,1,0.24,0.31,1234,4779,
2026-01-03 06:51:00,s3291,u935,Senegal,STB,Sport Live,1,56,0.99,0.19,7229,2699,AUTH_ERROR
2026-01-03 06:52:00,s3292,u2137,Morocco,Android TV,Series A,1,19,0.04,0.12,3650,5261,
2026-01-03 06:53:00,s3293,u2306,Morocco,Web,Series A,1,60,0.18,0.46,8756,4058,
2026-01-03 06:54:00,s3294,u685,Ivory Coast,Mobile,Series B,1,7,0.47,0.23,768,5255,
2026-01-03 06:55:00,s3295,u141,Tunisia,iOS,Sport Live,1,62,1.23,0.27,5224,419,BUFFERING_ERROR
2026-01-03 06:56:00,s3296,u349,Morocco,STB,Kids Show,1,14,0.59,0.04,8313,5903,BUFFERING_ERROR
2026-01-03 06:57:00,s3297,u373,Senegal,iOS,Series A,1,16,0.44,0.23,7116,4321,CDN_ERROR
2026-01-03 06:58:00,s3298,u1637,France,iOS,Movie C,1,72,1.14,0.17,7109,1102,BUFFERING_ERROR
2026-01-03 06:59:00,s3299,u225,Tunisia,Web,Series A,1,16,1.09,0.51,11672,4145,AUTH_ERROR
2026-01-03 07:00:00,s3300,u2035,Senegal,Android TV,Kids Show,1,37,0.77,0.13,4124,963,
2026-01-03 07:01:00,s3301,u1845,France,Web,Documentary D,1,7,0.71,0.37,3148,4064,STARTUP_TIMEOUT
2026-01-03 07:02:00,s3302,u323,Tunisia,STB,Series B,1,27,0.01,0.32,5631,2352,LOW_BITRATE
2026-01-03 07:03:00,s3303,u2434,Morocco,Mobile,Series A,1,53,0.87,0.24,8674,4808,AUTH_ERROR
2026-01-03 07:04:00,s3304,u59,Senegal,Android TV,Series A,1,69,0.38,0.36,5733,4217,
2026-01-03 07:05:00,s3305,u697,Ivory Coast,Android TV,Documentary D,1,22,1.3,0.19,9503,4052,BUFFERING_ERROR
2026-01-03 07:06:00,s3306,u849,Tunisia,Web,Documentary D,1,83,1.44,0.28,11803,2040,BUFFERING_ERROR
2026-01-03 07:07:00,s3307,u2336,Tunisia,Smart TV,Series A,1,39,0.51,0.12,11363,1978,STARTUP_TIMEOUT
2026-01-03 07:08:00,s3308,u931,Senegal,Mobile,Kids Show,1,5,1.43,0.49,9705,1219,AUTH_ERROR
2026-01-03 07:09:00,s3309,u1361,France,iOS,Sport Live,1,41,0.65,0.1,9047,1683,AUTH_ERROR
2026-01-03 07:10:00,s3310,u2184,Tunisia,Android TV,Kids Show,1,85,0.45,0.2,11249,4993,
2026-01-03 07:11:00,s3311,u730,Senegal,Android TV,Series A,1,59,0.87,0.47,4530,3842,
2026-01-03 07:12:00,s3312,u823,France,iOS,Series A,1,37,0.95,0.47,5466,1755,
2026-01-03 07:13:00,s3313,u1271,Cameroon,Mobile,Movie C,1,15,0.43,0.16,2444,2530,CDN_ERROR
2026-01-03 07:14:00,s3314,u1515,Ivory Coast,Mobile,Series A,1,22,0.79,0.15,8391,5669,AUTH_ERROR
2026-01-03 07:15:00,s3315,u588,Ivory Coast,Web,Kids Show,1,58,0.18,0.51,1165,5784,LOW_BITRATE
2026-01-03 07:16:00,s3316,u2216,Tunisia,Mobile,Kids Show,1,25,0.95,0.37,9470,3592,CDN_ERROR
2026-01-03 07:17:00,s3317,u614,Senegal,Mobile,Documentary D,1,84,0.94,0.44,5368,3252,CDN_ERROR
2026-01-03 07:18:00,s3318,u1405,Morocco,Smart TV,Series B,1,43,0.6,0.31,827,4244,BUFFERING_ERROR
2026-01-03 07:19:00,s3319,u1550,Senegal,Mobile,Movie C,1,24,0.39,0.22,3206,5089,LOW_BITRATE
2026-01-03 07:20:00,s3320,u1667,Senegal,STB,Sport Live,1,70,0.77,0.49,7814,1230,CDN_ERROR
2026-01-03 07:21:00,s3321,u1538,Ivory Coast,Smart TV,Sport Live,1,58,1.08,0.07,5159,5931,AUTH_ERROR
2026-01-03 07:22:00,s3322,u2173,Cameroon,Web,Series B,1,33,1.17,0.39,3527,1997,
2026-01-03 07:23:00,s3323,u1549,Ivory Coast,Smart TV,Series A,1,87,1.16,0.29,1944,696,BUFFERING_ERROR
2026-01-03 07:24:00,s3324,u1514,Morocco,Smart TV,Series B,1,46,0.04,0.3,711,1867,BUFFERING_ERROR
2026-01-03 07:25:00,s3325,u675,Senegal,STB,Documentary D,1,21,1.36,0.13,882,3377,
2026-01-03 07:26:00,s3326,u101,Ivory Coast,STB,Sport Live,1,84,1.37,0.48,10677,4544,BUFFERING_ERROR
2026-01-03 07:27:00,s3327,u1783,Tunisia,Mobile,Series A,1,59,1.03,0.51,9242,3098,BUFFERING_ERROR
2026-01-03 07:28:00,s3328,u913,France,Mobile,Series A,1,26,0.92,0.1,5810,5074,
2026-01-03 07:29:00,s3329,u112,Senegal,Android TV,Movie C,1,45,0.23,0.53,8892,3248,LOW_BITRATE
2026-01-03 07:30:00,s3330,u1086,Tunisia,Android TV,Documentary D,1,88,0.78,0.09,10726,3502,
2026-01-03 07:31:00,s3331,u1181,Tunisia,Mobile,Series A,1,5,0.48,0.35,1946,3641,
2026-01-03 07:32:00,s3332,u1794,Tunisia,Web,Movie C,1,56,0.5,0.08,3351,2901,AUTH_ERROR
2026-01-03 07:33:00,s3333,u159,Morocco,Android TV,Movie C,1,72,1.46,0.31,7080,5066,CDN_ERROR
2026-01-03 07:34:00,s3334,u129,Cameroon,Smart TV,Series A,1,12,0.7,0.12,8292,3548,CDN_ERROR
2026-01-03 07:35:00,s3335,u1821,Tunisia,iOS,Sport Live,1,11,0.84,0.03,11555,612,BUFFERING_ERROR
2026-01-03 07:36:00,s3336,u1410,Tunisia,STB,Series A,1,36,1.16,0.34,3796,1594,
2026-01-03 07:37:00,s3337,u2473,Tunisia,Android TV,Documentary D,1,27,1.0,0.42,4883,5595,STARTUP_TIMEOUT
2026-01-03 07:38:00,s3338,u262,Morocco,Smart TV,Documentary D,1,47,0.39,0.34,11170,5321,CDN_ERROR
2026-01-03 07:39:00,s3339,u1004,Cameroon,Android TV,Documentary D,1,84,1.49,0.07,4678,3448,STARTUP_TIMEOUT
2026-01-03 07:40:00,s3340,u2099,France,Web,Documentary D,1,52,1.37,0.23,3882,2820,STARTUP_TIMEOUT
2026-01-03 07:41:00,s3341,u972,Tunisia,Android TV,Kids Show,1,46,0.44,0.04,1568,3799,CDN_ERROR
2026-01-03 07:42:00,s3342,u1718,Senegal,iOS,Kids Show,1,88,1.23,0.28,7787,1920,LOW_BITRATE
2026-01-03 07:43:00,s3343,u892,France,Mobile,Series A,1,32,1.25,0.48,3403,5194,BUFFERING_ERROR
2026-01-03 07:44:00,s3344,u2030,France,Android TV,Series B,1,42,0.66,0.37,6123,3333,BUFFERING_ERROR
2026-01-03 07:45:00,s3345,u281,Tunisia,STB,Series B,1,38,1.23,0.41,9214,2494,AUTH_ERROR
2026-01-03 07:46:00,s3346,u373,Morocco,Mobile,Kids Show,1,80,0.56,0.43,9846,1220,
2026-01-03 07:47:00,s3347,u12,Morocco,Web,Kids Show,1,44,1.33,0.33,8932,2125,
2026-01-03 07:48:00,s3348,u1166,Ivory Coast,Web,Sport Live,1,17,0.83,0.45,9378,5525,LOW_BITRATE
2026-01-03 07:49:00,s3349,u816,Morocco,Mobile,Series B,1,53,1.4,0.05,6274,3212,
2026-01-03 07:50:00,s3350,u1002,Morocco,Smart TV,Documentary D,1,68,1.2,0.54,8317,4709,
2026-01-03 07:51:00,s3351,u531,Cameroon,Smart TV,Sport Live,1,59,1.07,0.24,9530,5680,CDN_ERROR
2026-01-03 07:52:00,s3352,u1912,Tunisia,Mobile,Series A,1,23,0.05,0.18,1030,4933,LOW_BITRATE
2026-01-03 07:53:00,s3353,u2440,Morocco,Android TV,Sport Live,1,9,0.35,0.02,8153,448,
2026-01-03 07:54:00,s3354,u1820,Morocco,STB,Series B,1,16,1.14,0.02,3635,2369,CDN_ERROR
2026-01-03 07:55:00,s3355,u1710,France,iOS,Series A,1,28,1.33,0.02,4578,4387,BUFFERING_ERROR
2026-01-03 07:56:00,s3356,u2499,Morocco,Android TV,Sport Live,1,70,1.17,0.48,5113,1297,LOW_BITRATE
2026-01-03 07:57:00,s3357,u1004,Ivory Coast,iOS,Movie C,1,79,0.1,0.02,8476,3227,AUTH_ERROR
2026-01-03 07:58:00,s3358,u416,Tunisia,Web,Series B,1,33,1.26,0.43,7082,2396,AUTH_ERROR
2026-01-03 07:59:00,s3359,u279,Tunisia,Web,Kids Show,1,60,0.98,0.08,7977,4997,CDN_ERROR
2026-01-03 08:00:00,s3360,u1163,Senegal,Web,Series A,1,63,0.34,0.49,10251,1340,
2026-01-03 08:01:00,s3361,u521,Tunisia,STB,Series A,1,33,0.65,0.24,11397,2286,STARTUP_TIMEOUT
2026-01-03 08:02:00,s3362,u896,Tunisia,Web,Documentary D,1,56,0.52,0.07,10342,1327,LOW_BITRATE
2026-01-03 08:03:00,s3363,u804,Ivory Coast,Smart TV,Series B,1,14,0.44,0.37,11834,1917,
2026-01-03 08:04:00,s3364,u258,Morocco,Web,Sport Live,1,31,0.28,0.5,670,2963,CDN_ERROR
2026-01-03 08:05:00,s3365,u1439,Cameroon,Web,Series A,1,87,1.3,0.23,1390,1357,CDN_ERROR
2026-01-03 08:06:00,s3366,u1813,Ivory Coast,STB,Sport Live,1,55,0.69,0.49,5320,4308,STARTUP_TIMEOUT
2026-01-03 08:07:00,s3367,u1671,France,iOS,Movie C,1,9,1.2,0.15,1782,4264,
2026-01-03 08:08:00,s3368,u1138,Morocco,Android TV,Movie C,1,80,1.17,0.42,10544,4730,LOW_BITRATE
2026-01-03 08:09:00,s3369,u574,Senegal,Web,Series B,1,40,0.21,0.08,8407,3606,
2026-01-03 08:10:00,s3370,u2458,Senegal,Web,Documentary D,1,71,0.37,0.39,6643,3508,
2026-01-03 08:11:00,s3371,u885,Morocco,iOS,Series A,1,47,0.67,0.36,3178,5645,
2026-01-03 08:12:00,s3372,u47,Cameroon,Web,Documentary D,1,18,0.27,0.54,11143,3125,LOW_BITRATE
2026-01-03 08:13:00,s3373,u860,Tunisia,Mobile,Movie C,1,7,1.21,0.33,10412,1667,
2026-01-03 08:14:00,s3374,u87,Tunisia,Mobile,Kids Show,1,46,0.73,0.31,7791,5149,LOW_BITRATE
2026-01-03 08:15:00,s3375,u594,France,STB,Documentary D,1,60,0.51,0.41,3459,2264,LOW_BITRATE
2026-01-03 08:16:00,s3376,u2196,Morocco,Web,Series A,1,16,0.46,0.41,8602,1373,
2026-01-03 08:17:00,s3377,u1282,France,Mobile,Movie C,1,50,0.49,0.45,7649,2176,CDN_ERROR
2026-01-03 08:18:00,s3378,u1558,Tunisia,iOS,Series A,1,54,0.46,0.26,7151,4545,LOW_BITRATE
2026-01-03 08:19:00,s3379,u1058,Tunisia,iOS,Sport Live,1,58,0.78,0.08,6039,986,CDN_ERROR
2026-01-03 08:20:00,s3380,u1481,Cameroon,Smart TV,Series B,1,32,1.08,0.1,2654,4919,AUTH_ERROR
2026-01-03 08:21:00,s3381,u53,Ivory Coast,Mobile,Sport Live,1,66,1.0,0.54,11831,5404,AUTH_ERROR
2026-01-03 08:22:00,s3382,u1962,Ivory Coast,Mobile,Kids Show,1,47,0.09,0.42,11261,4921,
2026-01-03 08:23:00,s3383,u499,Tunisia,STB,Movie C,1,70,1.18,0.02,4432,4778,BUFFERING_ERROR
2026-01-03 08:24:00,s3384,u2237,Cameroon,Web,Kids Show,1,64,1.06,0.39,7717,4027,
2026-01-03 08:25:00,s3385,u1891,Cameroon,Smart TV,Series B,1,36,0.8,0.39,6537,685,LOW_BITRATE
2026-01-03 08:26:00,s3386,u401,Ivory Coast,Android TV,Series A,1,87,0.8,0.11,8123,4231,
2026-01-03 08:27:00,s3387,u828,Cameroon,STB,Kids Show,1,88,1.24,0.12,3247,5802,LOW_BITRATE
2026-01-03 08:28:00,s3388,u179,Morocco,Smart TV,Documentary D,1,68,0.99,0.17,1212,3897,LOW_BITRATE
2026-01-03 08:29:00,s3389,u1508,France,Smart TV,Documentary D,1,83,0.94,0.3,2459,3210,BUFFERING_ERROR
2026-01-03 08:30:00,s3390,u1654,Cameroon,STB,Documentary D,1,26,1.2,0.36,2143,984,AUTH_ERROR
2026-01-03 08:31:00,s3391,u915,Cameroon,Mobile,Documentary D,1,48,1.39,0.18,4455,2135,AUTH_ERROR
2026-01-03 08:32:00,s3392,u1591,Cameroon,iOS,Series B,1,64,1.31,0.27,2734,4370,CDN_ERROR
2026-01-03 08:33:00,s3393,u234,Ivory Coast,Mobile,Series B,1,31,0.19,0.43,1760,3904,
2026-01-03 08:34:00,s3394,u1739,Ivory Coast,Web,Sport Live,1,66,0.94,0.07,2041,4225,BUFFERING_ERROR
2026-01-03 08:35:00,s3395,u2310,Cameroon,Smart TV,Series B,1,82,0.44,0.47,9011,3995,CDN_ERROR
2026-01-03 08:36:00,s3396,u2231,Morocco,iOS,Documentary D,1,72,0.33,0.44,8856,5347,
2026-01-03 08:37:00,s3397,u958,Morocco,Smart TV,Sport Live,1,16,0.67,0.54,11567,4546,AUTH_ERROR
2026-01-03 08:38:00,s3398,u995,Cameroon,Android TV,Series B,1,38,0.56,0.41,3673,2692,
2026-01-03 08:39:00,s3399,u1782,France,Android TV,Kids Show,1,7,0.6,0.02,5476,3539,CDN_ERROR
2026-01-03 08:40:00,s3400,u2389,Tunisia,iOS,Movie C,1,63,1.11,0.39,688,495,BUFFERING_ERROR
2026-01-03 08:41:00,s3401,u1100,Ivory Coast,STB,Movie C,1,46,0.31,0.2,976,1489,STARTUP_TIMEOUT
2026-01-03 08:42:00,s3402,u531,Tunisia,iOS,Sport Live,1,30,1.04,0.3,7184,5911,CDN_ERROR
2026-01-03 08:43:00,s3403,u244,Morocco,iOS,Series A,1,39,0.81,0.45,1307,5616,LOW_BITRATE
2026-01-03 08:44:00,s3404,u1877,Ivory Coast,Web,Documentary D,1,32,1.2,0.32,10165,4139,CDN_ERROR
2026-01-03 08:45:00,s3405,u2489,Cameroon,STB,Kids Show,1,34,0.97,0.24,9362,437,CDN_ERROR
2026-01-03 08:46:00,s3406,u1035,Morocco,iOS,Series B,1,7,0.29,0.17,5930,1840,CDN_ERROR
2026-01-03 08:47:00,s3407,u2467,Tunisia,Web,Kids Show,1,63,1.11,0.51,10764,2778,
2026-01-03 08:48:00,s3408,u471,France,Mobile,Sport Live,1,22,0.84,0.17,7798,5097,STARTUP_TIMEOUT
2026-01-03 08:49:00,s3409,u661,Morocco,Mobile,Documentary D,1,46,1.44,0.54,7529,1927,AUTH_ERROR
2026-01-03 08:50:00,s3410,u2019,Morocco,Smart TV,Movie C,1,60,0.37,0.29,4468,2701,BUFFERING_ERROR
2026-01-03 08:51:00,s3411,u1220,Ivory Coast,Mobile,Documentary D,1,5,1.44,0.13,10570,5611,
2026-01-03 08:52:00,s3412,u2046,Ivory Coast,iOS,Series B,1,20,0.45,0.35,8216,1656,
2026-01-03 08:53:00,s3413,u652,Cameroon,Mobile,Series B,1,9,0.63,0.07,9182,1878,
2026-01-03 08:54:00,s3414,u1523,France,Smart TV,Series A,1,60,1.09,0.36,11993,933,LOW_BITRATE
2026-01-03 08:55:00,s3415,u828,Cameroon,Web,Series B,1,22,1.04,0.31,6032,3533,CDN_ERROR
2026-01-03 08:56:00,s3416,u851,France,Web,Documentary D,1,37,0.42,0.34,2403,4883,
2026-01-03 08:57:00,s3417,u2210,Morocco,Android TV,Movie C,1,23,0.84,0.09,6132,4446,
2026-01-03 08:58:00,s3418,u241,Cameroon,STB,Sport Live,1,46,0.43,0.24,1934,5485,AUTH_ERROR
2026-01-03 08:59:00,s3419,u838,Morocco,Android TV,Movie C,1,21,0.62,0.47,6494,2870,BUFFERING_ERROR
2026-01-03 09:00:00,s3420,u1126,Morocco,Web,Series A,1,69,0.78,0.13,3899,1325,CDN_ERROR
2026-01-03 09:01:00,s3421,u604,Tunisia,Android TV,Movie C,1,73,0.78,0.08,5149,492,CDN_ERROR
2026-01-03 09:02:00,s3422,u2407,France,Web,Sport Live,1,22,1.38,0.49,3342,408,LOW_BITRATE
2026-01-03 09:03:00,s3423,u2188,Ivory Coast,Web,Series A,1,11,0.34,0.47,6822,4610,STARTUP_TIMEOUT
2026-01-03 09:04:00,s3424,u138,Cameroon,STB,Movie C,1,10,0.51,0.27,7563,2909,LOW_BITRATE
2026-01-03 09:05:00,s3425,u614,Tunisia,Smart TV,Documentary D,1,12,0.82,0.3,2716,4208,
2026-01-03 09:06:00,s3426,u619,France,Android TV,Sport Live,1,39,0.38,0.31,6603,479,CDN_ERROR
2026-01-03 09:07:00,s3427,u1509,France,Android TV,Movie C,1,64,1.37,0.42,5127,2144,CDN_ERROR
2026-01-03 09:08:00,s3428,u1837,Tunisia,Mobile,Series B,1,65,1.44,0.1,1255,634,BUFFERING_ERROR
2026-01-03 09:09:00,s3429,u1978,Ivory Coast,Smart TV,Series B,1,80,0.53,0.23,2407,3878,
2026-01-03 09:10:00,s3430,u2347,France,Mobile,Series B,1,6,0.34,0.4,11616,1080,LOW_BITRATE
2026-01-03 09:11:00,s3431,u2350,Ivory Coast,Android TV,Documentary D,1,32,0.8,0.44,8077,475,BUFFERING_ERROR
2026-01-03 09:12:00,s3432,u1074,Senegal,STB,Movie C,1,67,0.65,0.15,9779,4129,
2026-01-03 09:13:00,s3433,u1012,Cameroon,Mobile,Sport Live,1,3,0.59,0.06,2162,2424,AUTH_ERROR
2026-01-03 09:14:00,s3434,u2224,Cameroon,STB,Series A,1,65,0.52,0.43,2451,5704,CDN_ERROR
2026-01-03 09:15:00,s3435,u283,Morocco,STB,Series A,1,59,1.3,0.16,8823,1543,STARTUP_TIMEOUT
2026-01-03 09:16:00,s3436,u1102,Ivory Coast,iOS,Series B,1,72,0.09,0.34,3461,1958,
2026-01-03 09:17:00,s3437,u1276,Ivory Coast,STB,Series B,1,51,0.47,0.03,2470,4451,AUTH_ERROR
2026-01-03 09:18:00,s3438,u1322,Ivory Coast,STB,Series B,1,74,0.09,0.08,11921,761,
2026-01-03 09:19:00,s3439,u2264,Senegal,Web,Kids Show,1,87,0.84,0.04,6974,3852,CDN_ERROR
2026-01-03 09:20:00,s3440,u2043,Morocco,Smart TV,Series A,1,74,1.06,0.29,1847,4074,
2026-01-03 09:21:00,s3441,u525,Tunisia,Mobile,Kids Show,1,83,0.85,0.37,4065,3124,
2026-01-03 09:22:00,s3442,u1585,Cameroon,iOS,Documentary D,1,35,0.16,0.52,4074,2168,STARTUP_TIMEOUT
2026-01-03 09:23:00,s3443,u1878,Ivory Coast,Android TV,Series B,1,12,0.58,0.37,8730,3760,LOW_BITRATE
2026-01-03 09:24:00,s3444,u1025,France,iOS,Movie C,1,33,0.92,0.43,5629,2904,AUTH_ERROR
2026-01-03 09:25:00,s3445,u2010,Cameroon,Mobile,Documentary D,1,65,0.1,0.43,2748,5627,LOW_BITRATE
2026-01-03 09:26:00,s3446,u974,Tunisia,STB,Sport Live,1,90,0.86,0.35,1685,4463,BUFFERING_ERROR
2026-01-03 09:27:00,s3447,u1881,Senegal,iOS,Series B,1,17,0.86,0.14,3249,1813,CDN_ERROR
2026-01-03 09:28:00,s3448,u857,Ivory Coast,Android TV,Series A,1,14,0.9,0.12,6250,926,
2026-01-03 09:29:00,s3449,u1073,Cameroon,Web,Series A,1,64,0.97,0.17,9199,4291,
2026-01-03 09:30:00,s3450,u1403,Tunisia,Mobile,Sport Live,1,38,0.6,0.05,5246,3694,CDN_ERROR
2026-01-03 09:31:00,s3451,u2482,Cameroon,iOS,Movie C,1,67,0.47,0.08,2890,5437,LOW_BITRATE
2026-01-03 09:32:00,s3452,u1832,France,STB,Movie C,1,79,1.24,0.39,8553,4680,LOW_BITRATE
2026-01-03 09:33:00,s3453,u679,Morocco,Android TV,Documentary D,1,39,0.56,0.14,10908,1467,AUTH_ERROR
2026-01-03 09:34:00,s3454,u1919,Tunisia,STB,Series B,1,60,0.21,0.33,1951,2914,BUFFERING_ERROR
2026-01-03 09:35:00,s3455,u53,Morocco,STB,Series B,1,11,0.93,0.36,7477,5014,
2026-01-03 09:36:00,s3456,u148,Tunisia,Web,Kids Show,1,2,0.42,0.35,6237,1479,AUTH_ERROR
2026-01-03 09:37:00,s3457,u1599,France,Smart TV,Sport Live,1,21,0.84,0.02,9435,5184,
2026-01-03 09:38:00,s3458,u87,Senegal,Mobile,Kids Show,1,16,0.45,0.24,10754,1604,BUFFERING_ERROR
2026-01-03 09:39:00,s3459,u2299,Cameroon,Smart TV,Sport Live,1,22,0.05,0.41,4481,3892,
2026-01-03 09:40:00,s3460,u1063,Tunisia,STB,Series A,1,64,0.75,0.47,8053,1018,STARTUP_TIMEOUT
2026-01-03 09:41:00,s3461,u1918,France,Mobile,Series B,1,55,1.14,0.04,4233,1544,BUFFERING_ERROR
2026-01-03 09:42:00,s3462,u417,Morocco,Smart TV,Series B,1,78,1.09,0.13,6132,2751,AUTH_ERROR
2026-01-03 09:43:00,s3463,u2041,Ivory Coast,Web,Kids Show,1,36,0.11,0.49,3285,4923,LOW_BITRATE
2026-01-03 09:44:00,s3464,u968,Senegal,iOS,Sport Live,1,51,0.67,0.45,10532,4974,AUTH_ERROR
2026-01-03 09:45:00,s3465,u1193,Tunisia,Web,Series A,1,50,0.76,0.32,11547,3818,
2026-01-03 09:46:00,s3466,u1711,Ivory Coast,Mobile,Series A,1,86,1.08,0.27,11880,3461,
2026-01-03 09:47:00,s3467,u949,France,Smart TV,Kids Show,1,66,0.73,0.54,6449,4525,
2026-01-03 09:48:00,s3468,u1738,Ivory Coast,Mobile,Series A,1,8,1.01,0.15,4949,1566,LOW_BITRATE
2026-01-03 09:49:00,s3469,u1595,Cameroon,iOS,Documentary D,1,14,0.88,0.34,7006,2559,
2026-01-03 09:50:00,s3470,u937,France,STB,Kids Show,1,57,0.3,0.44,5762,5279,STARTUP_TIMEOUT
2026-01-03 09:51:00,s3471,u1900,France,STB,Movie C,1,2,1.41,0.25,9878,2737,AUTH_ERROR
2026-01-03 09:52:00,s3472,u1790,Senegal,Web,Documentary D,1,57,0.49,0.04,3764,2311,BUFFERING_ERROR
2026-01-03 09:53:00,s3473,u204,Senegal,Smart TV,Kids Show,1,13,0.85,0.41,7611,2230,
2026-01-03 09:54:00,s3474,u1752,Morocco,STB,Sport Live,1,36,1.15,0.46,9068,2366,
2026-01-03 09:55:00,s3475,u2161,Senegal,Web,Series B,1,53,0.22,0.49,11270,5136,AUTH_ERROR
2026-01-03 09:56:00,s3476,u1774,Cameroon,Mobile,Series B,1,77,1.27,0.52,4643,3995,LOW_BITRATE
2026-01-03 09:57:00,s3477,u2065,Senegal,Web,Kids Show,1,37,1.47,0.4,3190,5667,LOW_BITRATE
2026-01-03 09:58:00,s3478,u1345,France,Mobile,Series B,1,3,1.05,0.14,10614,556,AUTH_ERROR
2026-01-03 09:59:00,s3479,u284,Morocco,Android TV,Series A,1,27,1.48,0.49,6128,5435,BUFFERING_ERROR
2026-01-03 10:00:00,s3480,u2365,Morocco,iOS,Series B,1,60,0.31,0.16,9338,568,STARTUP_TIMEOUT
2026-01-03 10:01:00,s3481,u1657,France,iOS,Series A,1,68,1.5,0.48,5864,4357,
2026-01-03 10:02:00,s3482,u1090,Ivory Coast,Android TV,Series B,1,33,1.44,0.13,9808,2047,CDN_ERROR
2026-01-03 10:03:00,s3483,u1504,Tunisia,iOS,Series B,1,1,1.18,0.27,1829,1488,BUFFERING_ERROR
2026-01-03 10:04:00,s3484,u743,France,iOS,Series A,1,10,0.2,0.1,5531,5796,BUFFERING_ERROR
2026-01-03 10:05:00,s3485,u695,Senegal,Smart TV,Series B,1,23,1.46,0.39,5239,3623,LOW_BITRATE
2026-01-03 10:06:00,s3486,u2464,Ivory Coast,Android TV,Series A,1,27,1.38,0.06,4435,2997,AUTH_ERROR
2026-01-03 10:07:00,s3487,u344,Ivory Coast,Android TV,Sport Live,1,23,1.01,0.43,9288,5411,AUTH_ERROR
2026-01-03 10:08:00,s3488,u465,Tunisia,STB,Kids Show,1,1,0.2,0.42,5524,862,
2026-01-03 10:09:00,s3489,u952,Morocco,Web,Documentary D,1,85,0.17,0.52,9925,3832,
2026-01-03 10:10:00,s3490,u1193,Morocco,Smart TV,Series A,1,37,0.35,0.15,1860,5305,
2026-01-03 10:11:00,s3491,u230,Cameroon,iOS,Sport Live,1,78,0.22,0.15,3639,603,BUFFERING_ERROR
2026-01-03 10:12:00,s3492,u688,Tunisia,STB,Movie C,1,67,1.29,0.23,3798,1207,LOW_BITRATE
2026-01-03 10:13:00,s3493,u2326,Tunisia,iOS,Series B,1,57,0.07,0.23,1703,1678,
2026-01-03 10:14:00,s3494,u2460,Cameroon,Android TV,Documentary D,1,31,0.14,0.3,7190,5563,
2026-01-03 10:15:00,s3495,u2208,Morocco,iOS,Kids Show,1,6,1.02,0.25,7954,2405,STARTUP_TIMEOUT
2026-01-03 10:16:00,s3496,u1095,Ivory Coast,Smart TV,Kids Show,1,57,0.6,0.43,538,5565,CDN_ERROR
2026-01-03 10:17:00,s3497,u1012,Ivory Coast,Android TV,Kids Show,1,54,0.22,0.4,9351,472,
2026-01-03 10:18:00,s3498,u2153,Tunisia,iOS,Kids Show,1,30,1.39,0.35,6841,1085,BUFFERING_ERROR
2026-01-03 10:19:00,s3499,u482,Tunisia,STB,Documentary D,1,62,1.5,0.14,11011,1045,LOW_BITRATE
2026-01-03 10:20:00,s3500,u1984,Tunisia,iOS,Movie C,1,39,0.84,0.09,4686,1208,
2026-01-03 10:21:00,s3501,u2161,Senegal,Web,Series B,1,84,0.05,0.2,6765,2023,
2026-01-03 10:22:00,s3502,u1560,Cameroon,Android TV,Series B,1,3,1.25,0.42,5550,995,
2026-01-03 10:23:00,s3503,u1611,Ivory Coast,Mobile,Sport Live,1,62,0.45,0.5,2244,1158,BUFFERING_ERROR
2026-01-03 10:24:00,s3504,u648,Senegal,Android TV,Kids Show,1,79,1.31,0.37,575,3656,
2026-01-03 10:25:00,s3505,u493,Ivory Coast,Smart TV,Sport Live,1,12,0.89,0.52,10005,5063,CDN_ERROR
2026-01-03 10:26:00,s3506,u1923,Senegal,Mobile,Series A,1,13,1.01,0.29,5136,3498,CDN_ERROR
2026-01-03 10:27:00,s3507,u1657,Senegal,iOS,Series A,1,75,0.04,0.47,6165,4488,BUFFERING_ERROR
2026-01-03 10:28:00,s3508,u778,Senegal,Android TV,Kids Show,1,54,1.49,0.39,5594,433,AUTH_ERROR
2026-01-03 10:29:00,s3509,u1254,Morocco,Mobile,Documentary D,1,41,0.2,0.09,7995,3965,
2026-01-03 10:30:00,s3510,u201,Cameroon,Web,Documentary D,1,66,1.07,0.2,5761,4724,
2026-01-03 10:31:00,s3511,u1987,Senegal,Mobile,Movie C,1,41,0.12,0.38,5417,3189,STARTUP_TIMEOUT
2026-01-03 10:32:00,s3512,u1499,Ivory Coast,Mobile,Kids Show,1,20,0.79,0.5,5592,5349,AUTH_ERROR
2026-01-03 10:33:00,s3513,u96,Tunisia,Web,Series A,1,68,1.36,0.24,5414,3401,
2026-01-03 10:34:00,s3514,u1935,Morocco,Web,Series A,1,21,0.61,0.26,8861,5757,
2026-01-03 10:35:00,s3515,u788,Morocco,Web,Series B,1,4,0.79,0.21,8947,2892,
2026-01-03 10:36:00,s3516,u87,Morocco,Mobile,Documentary D,1,6,0.58,0.32,1359,3946,STARTUP_TIMEOUT
2026-01-03 10:37:00,s3517,u2319,France,Mobile,Documentary D,1,84,0.52,0.46,8408,5234,LOW_BITRATE
2026-01-03 10:38:00,s3518,u796,Senegal,Android TV,Documentary D,1,13,0.67,0.23,5314,5573,BUFFERING_ERROR
2026-01-03 10:39:00,s3519,u1029,Tunisia,STB,Series B,1,90,0.2,0.17,10579,2167,
2026-01-03 10:40:00,s3520,u38,Cameroon,STB,Kids Show,1,19,1.25,0.48,5882,826,LOW_BITRATE
2026-01-03 10:41:00,s3521,u256,Cameroon,Smart TV,Documentary D,1,48,0.07,0.39,5275,5933,
2026-01-03 10:42:00,s3522,u24,Tunisia,Mobile,Movie C,1,70,0.88,0.45,9499,3379,STARTUP_TIMEOUT
2026-01-03 10:43:00,s3523,u2080,Senegal,Web,Series B,1,56,1.29,0.45,11019,5288,
2026-01-03 10:44:00,s3524,u753,Senegal,iOS,Series A,1,24,0.48,0.49,9238,3763,AUTH_ERROR
2026-01-03 10:45:00,s3525,u122,France,STB,Movie C,1,8,0.77,0.43,1563,2242,AUTH_ERROR
2026-01-03 10:46:00,s3526,u228,Cameroon,Web,Sport Live,1,45,0.43,0.42,11543,3935,
2026-01-03 10:47:00,s3527,u1686,Senegal,Web,Movie C,1,58,0.81,0.31,2811,5864,
2026-01-03 10:48:00,s3528,u2143,Ivory Coast,Web,Sport Live,1,79,0.43,0.23,898,3303,
2026-01-03 10:49:00,s3529,u1136,Morocco,Mobile,Series B,1,32,0.48,0.16,8134,4222,BUFFERING_ERROR
2026-01-03 10:50:00,s3530,u468,France,Web,Series A,1,55,0.23,0.2,5793,559,CDN_ERROR
2026-01-03 10:51:00,s3531,u1901,Senegal,iOS,Kids Show,1,55,0.83,0.45,2233,4774,CDN_ERROR
2026-01-03 10:52:00,s3532,u1140,Tunisia,Mobile,Series B,1,3,0.21,0.07,11048,1738,
2026-01-03 10:53:00,s3533,u1813,France,STB,Kids Show,1,84,0.53,0.53,8677,1059,CDN_ERROR
2026-01-03 10:54:00,s3534,u1416,Ivory Coast,iOS,Series B,1,59,1.36,0.45,11599,5467,
2026-01-03 10:55:00,s3535,u966,Morocco,Android TV,Documentary D,1,82,0.51,0.33,10759,4093,CDN_ERROR
2026-01-03 10:56:00,s3536,u674,Morocco,STB,Sport Live,1,1,0.1,0.53,8435,3244,
2026-01-03 10:57:00,s3537,u1362,Cameroon,iOS,Sport Live,1,8,1.14,0.07,6869,2576,LOW_BITRATE
2026-01-03 10:58:00,s3538,u1536,France,Android TV,Series A,1,89,0.33,0.06,4170,4975,AUTH_ERROR
2026-01-03 10:59:00,s3539,u758,Morocco,Android TV,Movie C,1,4,0.97,0.13,10720,3350,CDN_ERROR
2026-01-03 11:00:00,s3540,u2127,France,Android TV,Series A,1,18,1.21,0.13,11592,5167,BUFFERING_ERROR
2026-01-03 11:01:00,s3541,u948,Tunisia,iOS,Sport Live,1,71,1.16,0.05,11070,1080,CDN_ERROR
2026-01-03 11:02:00,s3542,u836,France,Android TV,Movie C,1,23,0.35,0.16,5738,3731,STARTUP_TIMEOUT
2026-01-03 11:03:00,s3543,u926,Ivory Coast,Mobile,Documentary D,1,78,0.58,0.54,6776,3928,STARTUP_TIMEOUT
2026-01-03 11:04:00,s3544,u1525,Tunisia,Mobile,Movie C,1,42,0.26,0.33,4125,5565,BUFFERING_ERROR
2026-01-03 11:05:00,s3545,u1241,Ivory Coast,Mobile,Sport Live,1,8,0.84,0.47,8963,2601,BUFFERING_ERROR
2026-01-03 11:06:00,s3546,u825,Tunisia,STB,Series A,1,37,1.09,0.39,8211,4794,LOW_BITRATE
2026-01-03 11:07:00,s3547,u1657,Senegal,Mobile,Documentary D,1,8,1.31,0.25,7856,3177,AUTH_ERROR
2026-01-03 11:08:00,s3548,u379,Cameroon,iOS,Sport Live,1,16,1.33,0.42,1525,2601,LOW_BITRATE
2026-01-03 11:09:00,s3549,u1872,Senegal,STB,Series A,1,12,0.92,0.54,7646,5200,
2026-01-03 11:10:00,s3550,u1791,Ivory Coast,Smart TV,Series B,1,7,0.9,0.37,2638,434,
2026-01-03 11:11:00,s3551,u2126,Tunisia,Web,Documentary D,1,88,0.23,0.48,1006,5495,CDN_ERROR
2026-01-03 11:12:00,s3552,u2162,Ivory Coast,Android TV,Movie C,1,54,1.44,0.39,11140,531,CDN_ERROR
2026-01-03 11:13:00,s3553,u191,Senegal,STB,Kids Show,1,59,0.99,0.33,11646,2135,BUFFERING_ERROR
2026-01-03 11:14:00,s3554,u406,France,Web,Movie C,1,42,0.08,0.28,6491,2278,
2026-01-03 11:15:00,s3555,u174,Ivory Coast,Android TV,Series A,1,33,0.19,0.06,9383,4376,STARTUP_TIMEOUT
2026-01-03 11:16:00,s3556,u1744,Tunisia,Smart TV,Sport Live,1,16,0.52,0.42,9278,3925,STARTUP_TIMEOUT
2026-01-03 11:17:00,s3557,u346,Ivory Coast,Web,Sport Live,1,69,1.36,0.32,8182,3474,LOW_BITRATE
2026-01-03 11:18:00,s3558,u1746,Morocco,Mobile,Kids Show,1,41,0.61,0.2,1846,5389,STARTUP_TIMEOUT
2026-01-03 11:19:00,s3559,u522,Tunisia,Android TV,Kids Show,1,81,1.26,0.28,4622,974,
2026-01-03 11:20:00,s3560,u2134,Cameroon,Web,Movie C,1,58,1.35,0.21,6611,4299,BUFFERING_ERROR
2026-01-03 11:21:00,s3561,u765,France,Mobile,Kids Show,1,85,0.31,0.43,2538,455,
2026-01-03 11:22:00,s3562,u1073,Cameroon,Android TV,Sport Live,1,61,0.74,0.07,3771,3065,BUFFERING_ERROR
2026-01-03 11:23:00,s3563,u963,Tunisia,Mobile,Series B,1,7,0.84,0.28,10359,3961,LOW_BITRATE
2026-01-03 11:24:00,s3564,u2283,France,STB,Series A,1,43,0.22,0.03,6844,2624,LOW_BITRATE
2026-01-03 11:25:00,s3565,u647,Morocco,Android TV,Kids Show,1,83,0.99,0.19,1394,4353,LOW_BITRATE
2026-01-03 11:26:00,s3566,u207,Tunisia,iOS,Kids Show,1,29,1.44,0.54,9803,2487,
2026-01-03 11:27:00,s3567,u1097,Cameroon,Web,Series A,1,77,0.97,0.43,5530,1968,
2026-01-03 11:28:00,s3568,u795,Tunisia,STB,Kids Show,1,73,0.31,0.49,6840,5674,
2026-01-03 11:29:00,s3569,u2213,Tunisia,iOS,Series B,1,68,0.84,0.21,2443,2843,LOW_BITRATE
2026-01-03 11:30:00,s3570,u1264,France,STB,Kids Show,1,75,0.19,0.4,10098,1856,
2026-01-03 11:31:00,s3571,u932,Cameroon,Smart TV,Documentary D,1,49,0.7,0.18,5163,1444,BUFFERING_ERROR
2026-01-03 11:32:00,s3572,u53,Morocco,iOS,Kids Show,1,21,0.83,0.33,5039,1201,
2026-01-03 11:33:00,s3573,u1564,France,Mobile,Sport Live,1,76,0.33,0.1,9359,796,BUFFERING_ERROR
2026-01-03 11:34:00,s3574,u1275,Tunisia,Web,Sport Live,1,11,1.29,0.42,2867,5597,STARTUP_TIMEOUT
2026-01-03 11:35:00,s3575,u2029,Cameroon,STB,Sport Live,1,13,0.82,0.02,7949,3399,
2026-01-03 11:36:00,s3576,u1258,Tunisia,STB,Series B,1,45,0.75,0.16,7286,5173,AUTH_ERROR
2026-01-03 11:37:00,s3577,u2416,Ivory Coast,STB,Movie C,1,14,0.6,0.09,5242,5468,
2026-01-03 11:38:00,s3578,u2113,Senegal,Web,Series B,1,16,1.37,0.39,5447,5000,AUTH_ERROR
2026-01-03 11:39:00,s3579,u1440,Cameroon,Mobile,Kids Show,1,84,1.21,0.08,2049,1344,CDN_ERROR
2026-01-03 11:40:00,s3580,u842,Ivory Coast,iOS,Series A,1,69,0.69,0.23,3792,4943,
2026-01-03 11:41:00,s3581,u1621,Cameroon,Web,Documentary D,1,87,0.75,0.38,3896,2535,AUTH_ERROR
2026-01-03 11:42:00,s3582,u2089,Senegal,STB,Kids Show,1,50,0.96,0.03,2288,1082,AUTH_ERROR
2026-01-03 11:43:00,s3583,u1986,Morocco,iOS,Kids Show,1,29,0.86,0.52,6733,1710,BUFFERING_ERROR
2026-01-03 11:44:00,s3584,u1052,Morocco,Mobile,Series B,1,54,0.41,0.06,4132,4269,CDN_ERROR
2026-01-03 11:45:00,s3585,u1418,France,Android TV,Series B,1,76,1.12,0.19,7384,5643,
2026-01-03 11:46:00,s3586,u953,Tunisia,Web,Kids Show,1,82,1.32,0.52,4194,3876,AUTH_ERROR
2026-01-03 11:47:00,s3587,u2187,Cameroon,Mobile,Movie C,1,63,0.07,0.07,6413,4082,STARTUP_TIMEOUT
2026-01-03 11:48:00,s3588,u311,Senegal,iOS,Sport Live,1,28,0.15,0.25,7388,920,
2026-01-03 11:49:00,s3589,u145,France,Web,Series B,1,11,1.13,0.27,6975,1271,STARTUP_TIMEOUT
2026-01-03 11:50:00,s3590,u2036,Tunisia,iOS,Movie C,1,42,0.49,0.48,3123,4839,AUTH_ERROR
2026-01-03 11:51:00,s3591,u1004,Tunisia,Mobile,Sport Live,1,88,0.52,0.21,3282,2737,CDN_ERROR
2026-01-03 11:52:00,s3592,u980,Ivory Coast,Android TV,Kids Show,1,14,1.21,0.38,1037,5306,BUFFERING_ERROR
2026-01-03 11:53:00,s3593,u1416,Senegal,STB,Documentary D,1,62,0.67,0.34,10404,5221,BUFFERING_ERROR
2026-01-03 11:54:00,s3594,u2372,Morocco,Android TV,Series B,1,65,0.16,0.53,4488,3618,BUFFERING_ERROR
2026-01-03 11:55:00,s3595,u667,Tunisia,Mobile,Movie C,1,63,1.37,0.05,5263,3118,
2026-01-03 11:56:00,s3596,u1127,Morocco,iOS,Series A,1,10,0.51,0.34,4733,2254,BUFFERING_ERROR
2026-01-03 11:57:00,s3597,u1745,France,STB,Series B,1,14,0.94,0.47,1143,1589,
2026-01-03 11:58:00,s3598,u868,France,Mobile,Documentary D,1,41,1.26,0.31,9414,3262,
2026-01-03 11:59:00,s3599,u1060,Morocco,Mobile,Series B,1,71,0.66,0.02,3411,5257,
2026-01-03 12:00:00,s3600,u1365,Ivory Coast,Web,Sport Live,1,82,0.15,0.36,5230,3487,CDN_ERROR
2026-01-03 12:01:00,s3601,u2246,Morocco,STB,Kids Show,1,17,0.38,0.03,7716,1214,
2026-01-03 12:02:00,s3602,u27,Tunisia,Web,Series A,1,37,0.84,0.02,3616,3529,CDN_ERROR
2026-01-03 12:03:00,s3603,u1519,Tunisia,Mobile,Kids Show,1,18,0.6,0.2,2354,1965,
2026-01-03 12:04:00,s3604,u1848,Ivory Coast,Android TV,Kids Show,1,42,1.29,0.07,8945,1663,STARTUP_TIMEOUT
2026-01-03 12:05:00,s3605,u1364,Cameroon,Smart TV,Kids Show,1,57,1.32,0.18,8431,4198,
2026-01-03 12:06:00,s3606,u1159,Cameroon,iOS,Movie C,1,15,0.3,0.51,2522,1012,CDN_ERROR
2026-01-03 12:07:00,s3607,u423,Senegal,STB,Series B,1,17,1.2,0.26,10170,2201,BUFFERING_ERROR
2026-01-03 12:08:00,s3608,u1535,Cameroon,Mobile,Documentary D,1,2,0.75,0.06,4527,4685,STARTUP_TIMEOUT
2026-01-03 12:09:00,s3609,u1594,France,STB,Movie C,1,84,0.57,0.11,11382,5135,
2026-01-03 12:10:00,s3610,u544,Morocco,Mobile,Kids Show,1,24,0.43,0.2,11095,5166,
2026-01-03 12:11:00,s3611,u1858,Senegal,Smart TV,Documentary D,1,79,0.98,0.49,6614,1184,
2026-01-03 12:12:00,s3612,u2164,Morocco,Android TV,Documentary D,1,49,0.03,0.15,10892,537,AUTH_ERROR
2026-01-03 12:13:00,s3613,u73,France,STB,Documentary D,1,48,0.15,0.11,9431,3462,
2026-01-03 12:14:00,s3614,u2460,Cameroon,Smart TV,Series A,1,69,1.47,0.43,9649,2879,
2026-01-03 12:15:00,s3615,u1350,France,Mobile,Series A,1,4,0.36,0.35,5582,4076,LOW_BITRATE
2026-01-03 12:16:00,s3616,u1017,France,Smart TV,Kids Show,1,35,1.12,0.26,7394,4517,AUTH_ERROR
2026-01-03 12:17:00,s3617,u1356,Senegal,STB,Sport Live,1,17,0.19,0.32,9633,4771,
2026-01-03 12:18:00,s3618,u388,Cameroon,Mobile,Documentary D,1,37,0.89,0.26,10734,3321,BUFFERING_ERROR
2026-01-03 12:19:00,s3619,u787,Senegal,STB,Sport Live,1,88,0.55,0.52,3166,1729,BUFFERING_ERROR
2026-01-03 12:20:00,s3620,u1906,Tunisia,Web,Documentary D,1,85,1.06,0.4,6503,4470,
2026-01-03 12:21:00,s3621,u559,France,iOS,Movie C,1,26,0.67,0.32,7688,5185,CDN_ERROR
2026-01-03 12:22:00,s3622,u1891,Tunisia,STB,Series B,1,6,1.47,0.28,3588,674,
2026-01-03 12:23:00,s3623,u1789,Senegal,iOS,Kids Show,1,4,0.86,0.03,6052,5881,AUTH_ERROR
2026-01-03 12:24:00,s3624,u1850,Cameroon,iOS,Sport Live,1,11,1.34,0.42,6241,3828,AUTH_ERROR
2026-01-03 12:25:00,s3625,u85,Cameroon,Mobile,Sport Live,1,79,0.77,0.31,1564,3922,BUFFERING_ERROR
2026-01-03 12:26:00,s3626,u1815,Senegal,iOS,Sport Live,1,69,0.46,0.32,8222,5532,LOW_BITRATE
2026-01-03 12:27:00,s3627,u1016,Ivory Coast,Android TV,Series A,1,4,1.25,0.51,954,4456,CDN_ERROR
2026-01-03 12:28:00,s3628,u2397,Ivory Coast,Android TV,Documentary D,1,5,0.93,0.14,5123,5605,
2026-01-03 12:29:00,s3629,u1270,Senegal,Web,Movie C,1,11,0.94,0.12,11727,5854,
2026-01-03 12:30:00,s3630,u2042,Morocco,STB,Series A,1,79,0.78,0.4,4055,766,BUFFERING_ERROR
2026-01-03 12:31:00,s3631,u780,Ivory Coast,STB,Documentary D,1,61,1.14,0.04,7938,5604,
2026-01-03 12:32:00,s3632,u660,Senegal,Android TV,Series A,1,70,0.33,0.21,1529,1514,CDN_ERROR
2026-01-03 12:33:00,s3633,u1855,Tunisia,iOS,Movie C,1,47,1.39,0.25,9363,3118,
2026-01-03 12:34:00,s3634,u560,Senegal,iOS,Series A,1,22,0.03,0.42,3402,3018,
2026-01-03 12:35:00,s3635,u1284,Morocco,Android TV,Sport Live,1,35,0.15,0.39,4032,5334,BUFFERING_ERROR
2026-01-03 12:36:00,s3636,u1596,France,Mobile,Series B,1,58,0.39,0.54,6902,3305,STARTUP_TIMEOUT
2026-01-03 12:37:00,s3637,u836,Ivory Coast,Smart TV,Series B,1,17,0.05,0.02,9709,3600,LOW_BITRATE
2026-01-03 12:38:00,s3638,u1860,France,iOS,Kids Show,1,33,0.77,0.34,4791,5368,BUFFERING_ERROR
2026-01-03 12:39:00,s3639,u2047,France,Web,Series B,1,19,1.02,0.19,8180,1714,
2026-01-03 12:40:00,s3640,u76,Cameroon,Smart TV,Documentary D,1,35,0.76,0.13,1054,5848,
2026-01-03 12:41:00,s3641,u1163,Cameroon,Android TV,Series B,1,44,0.29,0.16,9274,1581,
2026-01-03 12:42:00,s3642,u34,Ivory Coast,Smart TV,Series A,1,64,0.62,0.02,2752,742,CDN_ERROR
2026-01-03 12:43:00,s3643,u2089,Tunisia,Smart TV,Documentary D,1,54,0.93,0.52,10291,630,BUFFERING_ERROR
2026-01-03 12:44:00,s3644,u1531,France,iOS,Series A,1,87,0.83,0.24,3265,5610,LOW_BITRATE
2026-01-03 12:45:00,s3645,u2125,France,Mobile,Series A,1,76,1.44,0.54,7149,3264,BUFFERING_ERROR
2026-01-03 12:46:00,s3646,u353,Morocco,Smart TV,Sport Live,1,60,0.23,0.09,5578,4142,CDN_ERROR
2026-01-03 12:47:00,s3647,u339,Ivory Coast,Web,Movie C,1,57,0.32,0.3,8348,2494,CDN_ERROR
2026-01-03 12:48:00,s3648,u1744,Morocco,iOS,Series A,1,88,0.28,0.5,7164,2959,LOW_BITRATE
2026-01-03 12:49:00,s3649,u666,Ivory Coast,Web,Series B,1,88,0.59,0.46,11229,1295,AUTH_ERROR
2026-01-03 12:50:00,s3650,u1806,France,Web,Movie C,1,30,0.95,0.51,8949,2279,AUTH_ERROR
2026-01-03 12:51:00,s3651,u347,Morocco,Smart TV,Series B,1,85,0.32,0.27,9477,5344,
2026-01-03 12:52:00,s3652,u890,Senegal,STB,Movie C,1,55,0.32,0.44,5253,5778,AUTH_ERROR
2026-01-03 12:53:00,s3653,u314,Ivory Coast,Android TV,Movie C,1,4,0.04,0.37,9702,5100,
2026-01-03 12:54:00,s3654,u113,Morocco,Smart TV,Sport Live,1,7,0.1,0.37,996,927,BUFFERING_ERROR
2026-01-03 12:55:00,s3655,u430,Cameroon,Android TV,Series B,1,70,0.78,0.08,4093,3073,
2026-01-03 12:56:00,s3656,u1453,Ivory Coast,Smart TV,Series B,1,20,0.42,0.38,1725,2336,BUFFERING_ERROR
2026-01-03 12:57:00,s3657,u1857,Ivory Coast,STB,Series A,1,58,0.58,0.15,11095,3088,CDN_ERROR
2026-01-03 12:58:00,s3658,u2166,Tunisia,STB,Documentary D,1,81,0.38,0.44,2301,2961,CDN_ERROR
2026-01-03 12:59:00,s3659,u2336,France,iOS,Kids Show,1,31,0.46,0.24,9597,4297,CDN_ERROR
2026-01-03 13:00:00,s3660,u2086,Tunisia,Web,Kids Show,1,23,0.96,0.43,2415,4937,CDN_ERROR
2026-01-03 13:01:00,s3661,u94,Ivory Coast,Web,Kids Show,1,24,0.73,0.49,2120,553,BUFFERING_ERROR
2026-01-03 13:02:00,s3662,u2493,Ivory Coast,Mobile,Series A,1,54,0.24,0.24,4095,5073,BUFFERING_ERROR
2026-01-03 13:03:00,s3663,u202,France,STB,Sport Live,1,68,0.98,0.3,9106,3364,CDN_ERROR
2026-01-03 13:04:00,s3664,u2047,Tunisia,Android TV,Movie C,1,41,0.19,0.3,6143,944,
2026-01-03 13:05:00,s3665,u1106,Senegal,STB,Movie C,1,84,0.83,0.34,3447,4930,
2026-01-03 13:06:00,s3666,u744,Morocco,Smart TV,Documentary D,1,21,0.58,0.43,3119,3250,STARTUP_TIMEOUT
2026-01-03 13:07:00,s3667,u526,Cameroon,Mobile,Kids Show,1,86,0.31,0.02,5184,5889,
2026-01-03 13:08:00,s3668,u2260,France,Smart TV,Movie C,1,18,1.03,0.35,3417,2052,STARTUP_TIMEOUT
2026-01-03 13:09:00,s3669,u319,Cameroon,Smart TV,Series A,1,52,0.8,0.17,4581,1333,CDN_ERROR
2026-01-03 13:10:00,s3670,u1064,Ivory Coast,Web,Sport Live,1,50,0.97,0.15,6528,4898,AUTH_ERROR
2026-01-03 13:11:00,s3671,u345,Senegal,Mobile,Kids Show,1,16,0.67,0.29,7821,1866,
2026-01-03 13:12:00,s3672,u2361,France,iOS,Sport Live,1,56,0.06,0.17,6910,2544,LOW_BITRATE
2026-01-03 13:13:00,s3673,u578,France,Android TV,Documentary D,1,73,0.11,0.47,7938,3591,
2026-01-03 13:14:00,s3674,u1977,Senegal,iOS,Series B,1,88,0.99,0.18,3958,1034,
2026-01-03 13:15:00,s3675,u1003,Tunisia,Web,Movie C,1,42,0.69,0.08,7260,3299,
2026-01-03 13:16:00,s3676,u2010,France,iOS,Kids Show,1,63,1.48,0.25,11515,3630,
2026-01-03 13:17:00,s3677,u754,Senegal,Android TV,Kids Show,1,40,1.2,0.21,5779,4723,
2026-01-03 13:18:00,s3678,u174,Ivory Coast,STB,Sport Live,1,26,1.5,0.16,2748,4708,CDN_ERROR
2026-01-03 13:19:00,s3679,u983,Ivory Coast,Web,Series B,1,22,0.38,0.06,3481,3447,STARTUP_TIMEOUT
2026-01-03 13:20:00,s3680,u248,France,Android TV,Series A,1,48,0.53,0.29,4194,4316,BUFFERING_ERROR
2026-01-03 13:21:00,s3681,u1943,Senegal,iOS,Documentary D,1,39,1.3,0.29,5884,4700,STARTUP_TIMEOUT
2026-01-03 13:22:00,s3682,u856,Tunisia,iOS,Series A,1,26,0.66,0.36,3524,1827,AUTH_ERROR
2026-01-03 13:23:00,s3683,u651,Tunisia,iOS,Series A,1,6,1.28,0.1,5936,2418,
2026-01-03 13:24:00,s3684,u1987,Morocco,Web,Documentary D,1,65,0.79,0.19,2251,4626,STARTUP_TIMEOUT
2026-01-03 13:25:00,s3685,u2348,Tunisia,Web,Series B,1,14,0.84,0.26,10558,3250,LOW_BITRATE
2026-01-03 13:26:00,s3686,u2405,Ivory Coast,STB,Documentary D,1,53,1.22,0.27,6030,1196,
2026-01-03 13:27:00,s3687,u1979,Senegal,STB,Sport Live,1,42,0.01,0.18,8775,1870,
2026-01-03 13:28:00,s3688,u840,Senegal,Mobile,Sport Live,1,71,0.72,0.24,1623,1516,BUFFERING_ERROR
2026-01-03 13:29:00,s3689,u2469,Ivory Coast,Android TV,Series A,1,52,1.05,0.46,1221,3825,CDN_ERROR
2026-01-03 13:30:00,s3690,u789,Senegal,iOS,Series B,1,33,1.49,0.27,2402,693,
2026-01-03 13:31:00,s3691,u913,Senegal,iOS,Series B,1,17,0.56,0.03,11954,821,AUTH_ERROR
2026-01-03 13:32:00,s3692,u1024,Morocco,Web,Documentary D,1,85,0.98,0.47,1121,450,CDN_ERROR
2026-01-03 13:33:00,s3693,u2081,Ivory Coast,STB,Kids Show,1,75,0.27,0.46,11241,943,BUFFERING_ERROR
2026-01-03 13:34:00,s3694,u1682,France,Web,Documentary D,1,62,1.32,0.29,11828,5886,BUFFERING_ERROR
2026-01-03 13:35:00,s3695,u1792,Cameroon,STB,Series B,1,13,0.26,0.13,1082,4983,STARTUP_TIMEOUT
2026-01-03 13:36:00,s3696,u433,Ivory Coast,Web,Series A,1,86,1.25,0.43,6007,3126,CDN_ERROR
2026-01-03 13:37:00,s3697,u187,France,Web,Series A,1,60,0.47,0.28,10743,4719,AUTH_ERROR
2026-01-03 13:38:00,s3698,u1200,Ivory Coast,iOS,Kids Show,1,15,0.83,0.27,4468,4658,AUTH_ERROR
2026-01-03 13:39:00,s3699,u433,Tunisia,iOS,Movie C,1,13,1.17,0.44,8772,1557,LOW_BITRATE
2026-01-03 13:40:00,s3700,u288,Senegal,Web,Series B,1,41,0.58,0.48,5943,5972,
2026-01-03 13:41:00,s3701,u2116,Senegal,Web,Documentary D,1,42,1.46,0.15,1452,5536,AUTH_ERROR
2026-01-03 13:42:00,s3702,u859,Senegal,Mobile,Series A,1,15,1.15,0.53,1556,3910,BUFFERING_ERROR
2026-01-03 13:43:00,s3703,u1939,Senegal,Android TV,Series A,1,49,1.29,0.27,2249,3708,
2026-01-03 13:44:00,s3704,u1560,Ivory Coast,iOS,Series B,1,26,0.42,0.38,5409,2279,STARTUP_TIMEOUT
2026-01-03 13:45:00,s3705,u569,Senegal,Smart TV,Series B,1,18,0.86,0.54,8030,4946,CDN_ERROR
2026-01-03 13:46:00,s3706,u481,Morocco,STB,Documentary D,1,28,0.18,0.05,6970,5263,BUFFERING_ERROR
2026-01-03 13:47:00,s3707,u1175,Cameroon,Android TV,Series A,1,57,0.41,0.11,10361,4141,CDN_ERROR
2026-01-03 13:48:00,s3708,u126,Ivory Coast,STB,Documentary D,1,22,0.52,0.13,5635,5548,CDN_ERROR
2026-01-03 13:49:00,s3709,u1739,Morocco,Web,Series A,1,27,1.27,0.52,10066,652,AUTH_ERROR
2026-01-03 13:50:00,s3710,u1831,Tunisia,Smart TV,Movie C,1,24,0.46,0.48,7508,1413,
2026-01-03 13:51:00,s3711,u2360,France,Mobile,Movie C,1,32,0.51,0.24,9931,4029,
2026-01-03 13:52:00,s3712,u1441,Cameroon,Web,Series B,1,62,0.51,0.03,3167,2026,AUTH_ERROR
2026-01-03 13:53:00,s3713,u1884,Morocco,Web,Series B,1,76,0.21,0.3,4935,3956,CDN_ERROR
2026-01-03 13:54:00,s3714,u725,Senegal,iOS,Movie C,1,33,1.08,0.45,1524,4267,
2026-01-03 13:55:00,s3715,u1998,Ivory Coast,STB,Movie C,1,60,0.11,0.09,6775,1367,AUTH_ERROR
2026-01-03 13:56:00,s3716,u945,Senegal,Mobile,Series B,1,10,0.67,0.19,4046,1869,
2026-01-03 13:57:00,s3717,u1146,Cameroon,Android TV,Series B,1,9,0.04,0.31,2298,1332,LOW_BITRATE
2026-01-03 13:58:00,s3718,u1746,Tunisia,Mobile,Sport Live,1,35,0.4,0.24,9386,1214,
2026-01-03 13:59:00,s3719,u1157,Morocco,Smart TV,Series A,1,44,0.11,0.47,11460,3951,
2026-01-03 14:00:00,s3720,u624,Ivory Coast,Mobile,Documentary D,1,51,0.02,0.47,4137,5418,LOW_BITRATE
2026-01-03 14:01:00,s3721,u1427,Ivory Coast,iOS,Kids Show,1,10,0.02,0.35,8545,1266,CDN_ERROR
2026-01-03 14:02:00,s3722,u1702,Cameroon,Android TV,Series A,1,21,0.96,0.27,2119,2289,
2026-01-03 14:03:00,s3723,u2271,Ivory Coast,Smart TV,Sport Live,1,59,0.59,0.15,7684,4421,
2026-01-03 14:04:00,s3724,u1884,Tunisia,Android TV,Kids Show,1,76,0.33,0.41,6042,1271,CDN_ERROR
2026-01-03 14:05:00,s3725,u2158,Morocco,Web,Kids Show,1,38,0.58,0.29,6668,5744,
2026-01-03 14:06:00,s3726,u1891,Tunisia,iOS,Series B,1,41,1.0,0.08,5475,2213,CDN_ERROR
2026-01-03 14:07:00,s3727,u2116,Tunisia,Web,Kids Show,1,6,1.03,0.3,5930,3894,
2026-01-03 14:08:00,s3728,u711,Senegal,STB,Series B,1,84,0.43,0.42,6463,524,BUFFERING_ERROR
2026-01-03 14:09:00,s3729,u1667,Senegal,iOS,Documentary D,1,76,0.06,0.43,4069,476,AUTH_ERROR
2026-01-03 14:10:00,s3730,u1677,Cameroon,Web,Movie C,1,13,0.59,0.28,9675,3057,LOW_BITRATE
2026-01-03 14:11:00,s3731,u1875,Ivory Coast,iOS,Sport Live,1,51,0.13,0.32,6196,1943,BUFFERING_ERROR
2026-01-03 14:12:00,s3732,u503,Ivory Coast,STB,Series B,1,48,1.07,0.16,2320,3300,CDN_ERROR
2026-01-03 14:13:00,s3733,u2049,Cameroon,STB,Documentary D,1,34,0.84,0.08,4024,3269,BUFFERING_ERROR
2026-01-03 14:14:00,s3734,u479,Morocco,Mobile,Movie C,1,21,1.26,0.28,6429,1628,AUTH_ERROR
2026-01-03 14:15:00,s3735,u1889,Ivory Coast,STB,Kids Show,1,80,0.56,0.32,10149,5143,AUTH_ERROR
2026-01-03 14:16:00,s3736,u109,Ivory Coast,Web,Documentary D,1,57,0.8,0.51,9485,5743,BUFFERING_ERROR
2026-01-03 14:17:00,s3737,u2286,Senegal,Android TV,Kids Show,1,11,0.77,0.5,787,422,CDN_ERROR
2026-01-03 14:18:00,s3738,u1177,Morocco,Android TV,Series A,1,30,0.78,0.37,7524,2139,CDN_ERROR
2026-01-03 14:19:00,s3739,u272,Morocco,Mobile,Series A,1,48,0.41,0.05,1183,4206,LOW_BITRATE
2026-01-03 14:20:00,s3740,u2254,Tunisia,Web,Series B,1,35,1.28,0.05,6133,847,
2026-01-03 14:21:00,s3741,u660,Cameroon,STB,Movie C,1,63,1.11,0.16,10792,3084,
2026-01-03 14:22:00,s3742,u737,Cameroon,Web,Series B,1,15,0.58,0.34,4891,3061,BUFFERING_ERROR
2026-01-03 14:23:00,s3743,u822,Cameroon,Smart TV,Sport Live,1,7,0.98,0.24,2316,3103,STARTUP_TIMEOUT
2026-01-03 14:24:00,s3744,u267,Tunisia,Smart TV,Movie C,1,32,0.14,0.14,11639,475,AUTH_ERROR
2026-01-03 14:25:00,s3745,u369,Morocco,STB,Sport Live,1,67,0.48,0.12,10672,2421,
2026-01-03 14:26:00,s3746,u2454,Morocco,Android TV,Series B,1,63,0.45,0.29,7150,5834,
2026-01-03 14:27:00,s3747,u1273,Ivory Coast,Web,Sport Live,1,21,1.11,0.4,10147,2122,STARTUP_TIMEOUT
2026-01-03 14:28:00,s3748,u2388,Ivory Coast,Smart TV,Series B,1,73,0.36,0.23,571,824,AUTH_ERROR
2026-01-03 14:29:00,s3749,u1391,Morocco,Mobile,Series B,1,34,0.36,0.44,7335,3308,LOW_BITRATE
2026-01-03 14:30:00,s3750,u698,Senegal,STB,Kids Show,1,65,0.63,0.5,8557,3951,BUFFERING_ERROR
2026-01-03 14:31:00,s3751,u829,Ivory Coast,Web,Movie C,1,78,0.37,0.21,7769,4332,
2026-01-03 14:32:00,s3752,u1844,Cameroon,Smart TV,Kids Show,1,13,0.43,0.45,11862,4016,LOW_BITRATE
2026-01-03 14:33:00,s3753,u1232,Morocco,STB,Documentary D,1,55,0.4,0.52,1676,1495,AUTH_ERROR
2026-01-03 14:34:00,s3754,u2019,Morocco,Smart TV,Series A,1,52,0.12,0.33,11644,5627,AUTH_ERROR
2026-01-03 14:35:00,s3755,u826,Ivory Coast,Web,Series B,1,29,0.83,0.19,9016,2306,BUFFERING_ERROR
2026-01-03 14:36:00,s3756,u965,Senegal,iOS,Series B,1,81,1.34,0.32,2249,1435,AUTH_ERROR
2026-01-03 14:37:00,s3757,u1239,Cameroon,Smart TV,Movie C,1,74,1.34,0.21,9897,1473,
2026-01-03 14:38:00,s3758,u326,France,Web,Documentary D,1,58,1.5,0.44,2907,973,AUTH_ERROR
2026-01-03 14:39:00,s3759,u1199,Ivory Coast,STB,Documentary D,1,63,0.82,0.53,7457,698,CDN_ERROR
2026-01-03 14:40:00,s3760,u1458,Tunisia,Web,Series B,1,42,1.48,0.39,8820,745,AUTH_ERROR
2026-01-03 14:41:00,s3761,u1059,Tunisia,Web,Series B,1,40,0.54,0.26,5271,2973,STARTUP_TIMEOUT
2026-01-03 14:42:00,s3762,u1454,France,Smart TV,Series A,1,40,0.73,0.48,4678,4736,AUTH_ERROR
2026-01-03 14:43:00,s3763,u1003,Morocco,STB,Movie C,1,6,1.08,0.3,4839,4628,CDN_ERROR
2026-01-03 14:44:00,s3764,u1992,Cameroon,Android TV,Sport Live,1,47,1.07,0.4,2749,5548,AUTH_ERROR
2026-01-03 14:45:00,s3765,u2002,Ivory Coast,Web,Series B,1,1,0.03,0.34,5877,5867,
2026-01-03 14:46:00,s3766,u298,Ivory Coast,Web,Sport Live,1,3,1.05,0.06,9212,2969,LOW_BITRATE
2026-01-03 14:47:00,s3767,u710,Tunisia,Android TV,Series A,1,13,0.45,0.43,5017,694,STARTUP_TIMEOUT
2026-01-03 14:48:00,s3768,u1807,Tunisia,Smart TV,Kids Show,1,30,1.1,0.24,8347,3671,
2026-01-03 14:49:00,s3769,u495,Senegal,iOS,Kids Show,1,5,1.03,0.09,9934,5263,STARTUP_TIMEOUT
2026-01-03 14:50:00,s3770,u2114,Ivory Coast,Android TV,Series A,1,75,1.33,0.53,3897,4904,STARTUP_TIMEOUT
2026-01-03 14:51:00,s3771,u1375,Senegal,Mobile,Documentary D,1,59,0.58,0.42,4633,972,BUFFERING_ERROR
2026-01-03 14:52:00,s3772,u1915,Morocco,iOS,Sport Live,1,10,0.45,0.5,9078,1764,
2026-01-03 14:53:00,s3773,u736,Senegal,STB,Sport Live,1,80,1.35,0.2,10576,4714,
2026-01-03 14:54:00,s3774,u1030,Senegal,Android TV,Series A,1,68,0.38,0.08,6168,1371,CDN_ERROR
2026-01-03 14:55:00,s3775,u799,France,Mobile,Series B,1,84,0.2,0.31,1948,5121,STARTUP_TIMEOUT
2026-01-03 14:56:00,s3776,u144,Ivory Coast,iOS,Movie C,1,63,1.02,0.17,7023,2343,CDN_ERROR
2026-01-03 14:57:00,s3777,u2005,Ivory Coast,Smart TV,Movie C,1,76,0.6,0.18,6120,4601,STARTUP_TIMEOUT
2026-01-03 14:58:00,s3778,u1956,Cameroon,Android TV,Kids Show,1,6,0.76,0.45,4100,5825,STARTUP_TIMEOUT
2026-01-03 14:59:00,s3779,u1954,Tunisia,iOS,Movie C,1,33,0.95,0.29,11264,5442,
2026-01-03 15:00:00,s3780,u1530,Ivory Coast,Android TV,Movie C,1,36,0.98,0.3,5667,4010,
2026-01-03 15:01:00,s3781,u193,Morocco,Mobile,Sport Live,1,4,1.27,0.28,9602,4816,
2026-01-03 15:02:00,s3782,u255,Senegal,Mobile,Movie C,1,21,0.82,0.43,5439,1928,AUTH_ERROR
2026-01-03 15:03:00,s3783,u245,Senegal,Smart TV,Series A,1,35,0.23,0.21,10641,2908,BUFFERING_ERROR
2026-01-03 15:04:00,s3784,u1793,Ivory Coast,Mobile,Documentary D,1,80,0.94,0.2,4653,3258,LOW_BITRATE
2026-01-03 15:05:00,s3785,u2137,France,Mobile,Sport Live,1,36,0.33,0.21,9753,1932,STARTUP_TIMEOUT
2026-01-03 15:06:00,s3786,u1046,Tunisia,STB,Documentary D,1,83,0.38,0.4,576,5618,
2026-01-03 15:07:00,s3787,u1109,Tunisia,Smart TV,Series A,1,71,0.06,0.11,10254,2799,
2026-01-03 15:08:00,s3788,u1198,Ivory Coast,STB,Series A,1,88,0.11,0.14,7123,3224,BUFFERING_ERROR
2026-01-03 15:09:00,s3789,u1891,Morocco,STB,Documentary D,1,18,1.41,0.26,1995,5235,
2026-01-03 15:10:00,s3790,u1825,Morocco,Web,Kids Show,1,85,0.05,0.11,8419,1102,LOW_BITRATE
2026-01-03 15:11:00,s3791,u1567,Senegal,STB,Documentary D,1,47,1.3,0.26,6962,3424,AUTH_ERROR
2026-01-03 15:12:00,s3792,u425,Tunisia,Web,Movie C,1,28,0.75,0.42,595,3768,STARTUP_TIMEOUT
2026-01-03 15:13:00,s3793,u14,Cameroon,Mobile,Movie C,1,20,0.4,0.24,9445,3343,CDN_ERROR
2026-01-03 15:14:00,s3794,u269,Senegal,Smart TV,Kids Show,1,12,0.16,0.25,11956,2075,
2026-01-03 15:15:00,s3795,u179,Tunisia,Web,Sport Live,1,64,0.22,0.26,2852,5350,AUTH_ERROR
2026-01-03 15:16:00,s3796,u2215,Tunisia,iOS,Series A,1,53,1.27,0.5,7484,1048,AUTH_ERROR
2026-01-03 15:17:00,s3797,u80,France,Smart TV,Series B,1,25,0.28,0.36,6341,3260,AUTH_ERROR
2026-01-03 15:18:00,s3798,u768,Morocco,Mobile,Series B,1,22,0.47,0.16,2346,1582,LOW_BITRATE
2026-01-03 15:19:00,s3799,u73,Cameroon,iOS,Kids Show,1,60,0.46,0.54,3546,684,BUFFERING_ERROR
2026-01-03 15:20:00,s3800,u1947,Cameroon,iOS,Series B,1,47,0.91,0.46,5872,4752,
2026-01-03 15:21:00,s3801,u1934,Tunisia,iOS,Movie C,1,30,0.22,0.03,4285,5291,LOW_BITRATE
2026-01-03 15:22:00,s3802,u1310,Morocco,iOS,Kids Show,1,32,0.14,0.49,10228,686,AUTH_ERROR
2026-01-03 15:23:00,s3803,u448,Senegal,Smart TV,Movie C,1,85,0.1,0.1,958,4738,BUFFERING_ERROR
2026-01-03 15:24:00,s3804,u410,Tunisia,Android TV,Kids Show,1,22,1.49,0.39,5085,3845,CDN_ERROR
2026-01-03 15:25:00,s3805,u641,France,Mobile,Series A,1,27,0.28,0.38,3930,4848,
2026-01-03 15:26:00,s3806,u1983,Ivory Coast,Android TV,Movie C,1,34,0.44,0.43,3883,2004,STARTUP_TIMEOUT
2026-01-03 15:27:00,s3807,u1560,Senegal,iOS,Documentary D,1,88,1.21,0.45,11883,2558,
2026-01-03 15:28:00,s3808,u305,Cameroon,Mobile,Series B,1,69,0.23,0.04,4663,2226,BUFFERING_ERROR
2026-01-03 15:29:00,s3809,u799,Senegal,Smart TV,Movie C,1,36,0.44,0.17,6549,1684,
2026-01-03 15:30:00,s3810,u1059,Cameroon,Mobile,Series A,1,43,0.1,0.07,5414,4351,LOW_BITRATE
2026-01-03 15:31:00,s3811,u2219,Ivory Coast,STB,Kids Show,1,48,0.04,0.05,3731,3738,
2026-01-03 15:32:00,s3812,u757,Morocco,Android TV,Sport Live,1,9,1.16,0.04,1719,3456,BUFFERING_ERROR
2026-01-03 15:33:00,s3813,u343,Ivory Coast,Smart TV,Series B,1,74,0.39,0.27,8247,1103,CDN_ERROR
2026-01-03 15:34:00,s3814,u890,France,iOS,Series B,1,61,0.57,0.23,1812,5966,AUTH_ERROR
2026-01-03 15:35:00,s3815,u1315,Morocco,STB,Sport Live,1,81,0.75,0.51,4798,1054,STARTUP_TIMEOUT
2026-01-03 15:36:00,s3816,u2316,Ivory Coast,Web,Series A,1,82,0.39,0.35,10604,3633,AUTH_ERROR
2026-01-03 15:37:00,s3817,u785,Ivory Coast,STB,Sport Live,1,1,0.14,0.38,859,3497,BUFFERING_ERROR
2026-01-03 15:38:00,s3818,u869,Morocco,Smart TV,Movie C,1,68,0.22,0.43,764,2488,
2026-01-03 15:39:00,s3819,u127,Senegal,Android TV,Series B,1,18,0.69,0.06,1496,3829,
2026-01-03 15:40:00,s3820,u1927,Tunisia,STB,Movie C,1,60,1.23,0.16,2462,5446,
2026-01-03 15:41:00,s3821,u615,Morocco,STB,Kids Show,1,79,1.07,0.54,3921,3508,LOW_BITRATE
2026-01-03 15:42:00,s3822,u292,Morocco,STB,Sport Live,1,77,0.76,0.43,11259,5149,
2026-01-03 15:43:00,s3823,u1709,Senegal,iOS,Movie C,1,85,1.16,0.5,7639,2856,STARTUP_TIMEOUT
2026-01-03 15:44:00,s3824,u1185,Cameroon,iOS,Series B,1,78,0.41,0.32,1341,3604,LOW_BITRATE
2026-01-03 15:45:00,s3825,u1715,Cameroon,Mobile,Kids Show,1,65,1.0,0.34,9576,2271,LOW_BITRATE
2026-01-03 15:46:00,s3826,u1497,Tunisia,Mobile,Movie C,1,50,0.52,0.27,3190,5077,
2026-01-03 15:47:00,s3827,u2259,France,Android TV,Series B,1,66,0.82,0.37,5590,1135,AUTH_ERROR
2026-01-03 15:48:00,s3828,u2246,Ivory Coast,Android TV,Sport Live,1,37,0.08,0.52,5179,2673,BUFFERING_ERROR
2026-01-03 15:49:00,s3829,u1551,Morocco,Smart TV,Series A,1,86,0.44,0.21,11835,1486,AUTH_ERROR
2026-01-03 15:50:00,s3830,u2363,Morocco,iOS,Sport Live,1,89,0.36,0.17,11937,3262,CDN_ERROR
2026-01-03 15:51:00,s3831,u1305,Tunisia,Android TV,Documentary D,1,41,0.62,0.1,10509,1001,LOW_BITRATE
2026-01-03 15:52:00,s3832,u333,France,iOS,Documentary D,1,10,1.36,0.41,2927,4682,LOW_BITRATE
2026-01-03 15:53:00,s3833,u1879,Morocco,Web,Documentary D,1,18,1.21,0.54,6105,2521,LOW_BITRATE
2026-01-03 15:54:00,s3834,u1376,France,Mobile,Kids Show,1,87,0.09,0.15,4924,1498,BUFFERING_ERROR
2026-01-03 15:55:00,s3835,u621,Cameroon,STB,Documentary D,1,54,0.14,0.51,10275,5967,
2026-01-03 15:56:00,s3836,u224,Ivory Coast,Android TV,Series B,1,31,0.1,0.06,7529,4335,
2026-01-03 15:57:00,s3837,u961,France,STB,Movie C,1,30,0.47,0.36,6760,3724,
2026-01-03 15:58:00,s3838,u343,Cameroon,Smart TV,Documentary D,1,24,1.14,0.44,2576,1932,
2026-01-03 15:59:00,s3839,u1563,Cameroon,Web,Series A,1,7,1.06,0.42,6228,5809,BUFFERING_ERROR
2026-01-03 16:00:00,s3840,u1457,France,Android TV,Sport Live,1,24,0.49,0.06,9915,5645,
2026-01-03 16:01:00,s3841,u1691,Senegal,STB,Sport Live,1,25,0.97,0.39,5687,4317,
2026-01-03 16:02:00,s3842,u2061,Tunisia,Web,Kids Show,1,26,0.88,0.45,11706,4227,
2026-01-03 16:03:00,s3843,u619,Morocco,Mobile,Movie C,1,35,0.94,0.28,7977,4690,LOW_BITRATE
2026-01-03 16:04:00,s3844,u1621,Cameroon,Smart TV,Kids Show,1,31,1.22,0.26,11374,1032,LOW_BITRATE
2026-01-03 16:05:00,s3845,u1687,Ivory Coast,STB,Series B,1,77,0.74,0.36,8270,725,LOW_BITRATE
2026-01-03 16:06:00,s3846,u1391,France,Web,Series A,1,33,1.17,0.08,11956,3582,AUTH_ERROR
2026-01-03 16:07:00,s3847,u2484,Morocco,Mobile,Series B,1,4,1.46,0.09,5626,5054,CDN_ERROR
2026-01-03 16:08:00,s3848,u1048,Ivory Coast,iOS,Documentary D,1,74,0.05,0.33,3190,4927,LOW_BITRATE
2026-01-03 16:09:00,s3849,u2265,Morocco,iOS,Series A,1,42,0.98,0.2,9720,1243,AUTH_ERROR
2026-01-03 16:10:00,s3850,u318,Tunisia,Android TV,Series A,1,78,1.14,0.3,10133,5185,
2026-01-03 16:11:00,s3851,u1827,Ivory Coast,Mobile,Kids Show,1,65,1.49,0.31,11466,3788,CDN_ERROR
2026-01-03 16:12:00,s3852,u1308,Tunisia,STB,Documentary D,1,88,1.33,0.25,6057,444,BUFFERING_ERROR
2026-01-03 16:13:00,s3853,u1063,Senegal,Mobile,Series B,1,25,1.3,0.16,7495,4737,LOW_BITRATE
2026-01-03 16:14:00,s3854,u1413,Senegal,Smart TV,Movie C,1,44,1.5,0.55,582,590,CDN_ERROR
2026-01-03 16:15:00,s3855,u1197,France,Web,Series A,1,59,0.65,0.08,620,2524,
2026-01-03 16:16:00,s3856,u94,Morocco,iOS,Documentary D,1,84,0.88,0.15,11467,3453,
2026-01-03 16:17:00,s3857,u738,France,Web,Series A,1,48,0.15,0.19,707,4774,
2026-01-03 16:18:00,s3858,u1907,Ivory Coast,Smart TV,Series B,1,84,1.03,0.32,1973,1062,
2026-01-03 16:19:00,s3859,u107,Cameroon,iOS,Series A,1,9,1.48,0.48,8447,2025,STARTUP_TIMEOUT
2026-01-03 16:20:00,s3860,u1118,Tunisia,Smart TV,Movie C,1,67,0.42,0.4,2092,2957,LOW_BITRATE
2026-01-03 16:21:00,s3861,u2041,Senegal,Mobile,Series B,1,17,0.7,0.27,913,730,STARTUP_TIMEOUT
2026-01-03 16:22:00,s3862,u897,Cameroon,Android TV,Series A,1,42,0.12,0.24,10937,4294,AUTH_ERROR
2026-01-03 16:23:00,s3863,u1464,Senegal,Android TV,Series A,1,46,0.27,0.43,4905,3058,CDN_ERROR
2026-01-03 16:24:00,s3864,u1773,France,Web,Series B,1,35,0.33,0.09,11772,4999,
2026-01-03 16:25:00,s3865,u806,Tunisia,Android TV,Sport Live,1,47,0.92,0.01,9312,1229,LOW_BITRATE
2026-01-03 16:26:00,s3866,u1146,Morocco,STB,Documentary D,1,62,0.9,0.13,7342,3344,
2026-01-03 16:27:00,s3867,u932,Senegal,STB,Sport Live,1,89,0.23,0.16,10353,3292,AUTH_ERROR
2026-01-03 16:28:00,s3868,u1402,Morocco,Smart TV,Documentary D,1,89,1.23,0.49,7324,5819,
2026-01-03 16:29:00,s3869,u1470,France,Android TV,Documentary D,1,68,1.31,0.47,1412,5258,AUTH_ERROR
2026-01-03 16:30:00,s3870,u1775,France,STB,Sport Live,1,63,0.54,0.4,9206,2597,STARTUP_TIMEOUT
2026-01-03 16:31:00,s3871,u599,Cameroon,Mobile,Documentary D,1,61,0.64,0.23,4720,3686,
2026-01-03 16:32:00,s3872,u1251,Morocco,STB,Series A,1,4,0.62,0.43,5789,1442,
2026-01-03 16:33:00,s3873,u1671,France,Smart TV,Sport Live,1,76,0.52,0.53,5070,5210,BUFFERING_ERROR
2026-01-03 16:34:00,s3874,u692,Morocco,STB,Series B,1,9,1.15,0.19,8177,2284,
2026-01-03 16:35:00,s3875,u2151,Cameroon,STB,Sport Live,1,72,0.65,0.43,1716,649,
2026-01-03 16:36:00,s3876,u1600,Cameroon,Web,Movie C,1,76,0.39,0.44,10464,3767,CDN_ERROR
2026-01-03 16:37:00,s3877,u586,Tunisia,STB,Movie C,1,81,0.41,0.25,8151,1895,AUTH_ERROR
2026-01-03 16:38:00,s3878,u433,France,Mobile,Documentary D,1,59,0.58,0.04,11897,4948,AUTH_ERROR
2026-01-03 16:39:00,s3879,u1202,Tunisia,Web,Kids Show,1,3,0.96,0.16,4021,2635,
2026-01-03 16:40:00,s3880,u1386,France,Web,Movie C,1,83,0.31,0.31,8576,4905,BUFFERING_ERROR
2026-01-03 16:41:00,s3881,u1743,Senegal,iOS,Kids Show,1,87,1.17,0.17,4853,1468,STARTUP_TIMEOUT
2026-01-03 16:42:00,s3882,u375,France,Android TV,Documentary D,1,21,0.18,0.16,2266,3769,AUTH_ERROR
2026-01-03 16:43:00,s3883,u1557,Morocco,STB,Kids Show,1,68,0.69,0.11,4211,3330,AUTH_ERROR
2026-01-03 16:44:00,s3884,u1984,Cameroon,Android TV,Series A,1,55,0.83,0.3,1160,4336,
2026-01-03 16:45:00,s3885,u1893,Morocco,Web,Series B,1,48,0.94,0.43,8727,1267,CDN_ERROR
2026-01-03 16:46:00,s3886,u1865,Ivory Coast,iOS,Sport Live,1,12,1.14,0.32,661,5982,
2026-01-03 16:47:00,s3887,u593,Tunisia,iOS,Kids Show,1,53,0.19,0.42,6792,5263,
2026-01-03 16:48:00,s3888,u1530,France,Android TV,Sport Live,1,66,0.98,0.23,10533,2160,STARTUP_TIMEOUT
2026-01-03 16:49:00,s3889,u1659,Cameroon,STB,Series B,1,60,0.64,0.27,1913,5698,BUFFERING_ERROR
2026-01-03 16:50:00,s3890,u500,Senegal,Web,Movie C,1,40,1.22,0.44,5163,3256,BUFFERING_ERROR
2026-01-03 16:51:00,s3891,u2226,Tunisia,STB,Kids Show,1,46,0.45,0.01,5418,4271,
2026-01-03 16:52:00,s3892,u971,Ivory Coast,Mobile,Documentary D,1,30,0.92,0.23,3824,3243,
2026-01-03 16:53:00,s3893,u946,Ivory Coast,Smart TV,Sport Live,1,57,0.84,0.08,8193,5404,STARTUP_TIMEOUT
2026-01-03 16:54:00,s3894,u1966,Senegal,STB,Sport Live,1,76,0.95,0.49,3097,5384,
2026-01-03 16:55:00,s3895,u1972,France,Smart TV,Documentary D,1,44,0.19,0.04,10524,2843,AUTH_ERROR
2026-01-03 16:56:00,s3896,u546,Ivory Coast,iOS,Movie C,1,57,0.66,0.26,501,4174,
2026-01-03 16:57:00,s3897,u2041,Senegal,Android TV,Series B,1,43,0.85,0.34,4141,650,
2026-01-03 16:58:00,s3898,u2227,Senegal,Android TV,Documentary D,1,30,1.43,0.05,7556,1555,AUTH_ERROR
2026-01-03 16:59:00,s3899,u2313,France,Web,Kids Show,1,39,1.24,0.37,4367,5850,STARTUP_TIMEOUT
2026-01-03 17:00:00,s3900,u2091,Morocco,Mobile,Series A,1,78,1.03,0.21,795,2494,STARTUP_TIMEOUT
2026-01-03 17:01:00,s3901,u2366,Senegal,iOS,Kids Show,1,14,0.38,0.27,1891,2830,LOW_BITRATE
2026-01-03 17:02:00,s3902,u2327,Morocco,Web,Documentary D,1,89,0.4,0.48,8611,5341,
2026-01-03 17:03:00,s3903,u263,Senegal,Android TV,Documentary D,1,39,0.55,0.37,8105,2661,CDN_ERROR
2026-01-03 17:04:00,s3904,u1251,France,iOS,Series B,1,75,0.08,0.23,1108,578,
2026-01-03 17:05:00,s3905,u893,Morocco,Android TV,Sport Live,1,76,0.92,0.14,4589,2466,
2026-01-03 17:06:00,s3906,u184,France,STB,Series B,1,58,1.38,0.53,10089,820,STARTUP_TIMEOUT
2026-01-03 17:07:00,s3907,u2225,Ivory Coast,Android TV,Series B,1,28,0.44,0.26,10885,1041,
2026-01-03 17:08:00,s3908,u647,France,Android TV,Sport Live,1,71,0.57,0.29,1979,839,CDN_ERROR
2026-01-03 17:09:00,s3909,u873,Morocco,Web,Series A,1,1,1.08,0.04,6411,5038,STARTUP_TIMEOUT
2026-01-03 17:10:00,s3910,u297,Senegal,Smart TV,Kids Show,1,56,0.31,0.21,9463,4750,
2026-01-03 17:11:00,s3911,u2193,Morocco,Web,Sport Live,1,33,0.15,0.34,1395,2934,BUFFERING_ERROR
2026-01-03 17:12:00,s3912,u2181,Morocco,Mobile,Sport Live,1,50,0.28,0.53,9238,2991,AUTH_ERROR
2026-01-03 17:13:00,s3913,u2353,Cameroon,Smart TV,Documentary D,1,84,0.61,0.41,2276,3450,LOW_BITRATE
2026-01-03 17:14:00,s3914,u1143,Morocco,Web,Movie C,1,74,0.53,0.11,3492,4240,LOW_BITRATE
2026-01-03 17:15:00,s3915,u137,France,Web,Movie C,1,82,0.04,0.54,4451,2266,CDN_ERROR
2026-01-03 17:16:00,s3916,u521,Tunisia,Mobile,Kids Show,1,58,0.27,0.48,9788,944,
2026-01-03 17:17:00,s3917,u531,Ivory Coast,iOS,Sport Live,1,83,0.06,0.34,10405,4860,
2026-01-03 17:18:00,s3918,u1613,France,Mobile,Documentary D,1,22,0.51,0.26,3596,988,
2026-01-03 17:19:00,s3919,u1767,Tunisia,STB,Kids Show,1,41,0.84,0.42,10850,1455,AUTH_ERROR
2026-01-03 17:20:00,s3920,u1165,Cameroon,STB,Kids Show,1,26,0.5,0.34,1619,5924,BUFFERING_ERROR
2026-01-03 17:21:00,s3921,u1816,France,Smart TV,Series B,1,71,0.02,0.33,5946,4547,
2026-01-03 17:22:00,s3922,u145,Ivory Coast,iOS,Sport Live,1,72,1.46,0.13,1814,3201,CDN_ERROR
2026-01-03 17:23:00,s3923,u475,Cameroon,Mobile,Series B,1,68,1.24,0.03,4139,2126,LOW_BITRATE
2026-01-03 17:24:00,s3924,u1379,Morocco,Smart TV,Kids Show,1,28,1.35,0.07,9278,4920,LOW_BITRATE
2026-01-03 17:25:00,s3925,u126,Senegal,Mobile,Series A,1,72,0.78,0.42,2060,4399,BUFFERING_ERROR
2026-01-03 17:26:00,s3926,u1730,Tunisia,Web,Series A,1,11,0.05,0.33,1330,724,
2026-01-03 17:27:00,s3927,u1555,Morocco,iOS,Kids Show,1,36,1.35,0.52,2278,1348,AUTH_ERROR
2026-01-03 17:28:00,s3928,u884,France,Android TV,Sport Live,1,47,0.95,0.19,7561,3803,
2026-01-03 17:29:00,s3929,u123,Cameroon,Web,Sport Live,1,86,0.05,0.32,8274,618,LOW_BITRATE
2026-01-03 17:30:00,s3930,u1817,Senegal,Web,Sport Live,1,7,0.7,0.54,9990,4903,
2026-01-03 17:31:00,s3931,u2391,Tunisia,Web,Documentary D,1,9,0.08,0.05,10937,3288,LOW_BITRATE
2026-01-03 17:32:00,s3932,u1920,Morocco,STB,Kids Show,1,1,1.29,0.48,5072,4986,LOW_BITRATE
2026-01-03 17:33:00,s3933,u811,Senegal,Mobile,Series B,1,29,0.94,0.34,10286,503,
2026-01-03 17:34:00,s3934,u2061,Morocco,iOS,Movie C,1,57,1.11,0.43,565,3134,AUTH_ERROR
2026-01-03 17:35:00,s3935,u300,Cameroon,Android TV,Series B,1,78,0.45,0.35,4341,4639,BUFFERING_ERROR
2026-01-03 17:36:00,s3936,u2468,Morocco,Web,Series A,1,30,0.2,0.04,7507,5037,
2026-01-03 17:37:00,s3937,u325,Senegal,Web,Series A,1,4,1.22,0.41,7270,5382,
2026-01-03 17:38:00,s3938,u2279,Senegal,Smart TV,Documentary D,1,89,0.81,0.54,3414,2577,
2026-01-03 17:39:00,s3939,u766,Cameroon,STB,Series B,1,25,1.36,0.33,4546,5889,AUTH_ERROR
2026-01-03 17:40:00,s3940,u844,Tunisia,Smart TV,Documentary D,1,10,0.42,0.36,1028,1869,AUTH_ERROR
2026-01-03 17:41:00,s3941,u710,France,Web,Movie C,1,58,0.14,0.31,891,2425,
2026-01-03 17:42:00,s3942,u2393,Ivory Coast,Android TV,Kids Show,1,86,1.36,0.08,3746,2761,CDN_ERROR
2026-01-03 17:43:00,s3943,u375,Senegal,STB,Movie C,1,52,0.76,0.52,10324,1691,STARTUP_TIMEOUT
2026-01-03 17:44:00,s3944,u1484,Tunisia,Web,Movie C,1,71,1.47,0.08,6694,4760,
2026-01-03 17:45:00,s3945,u1895,Morocco,STB,Series B,1,76,1.41,0.03,4323,5057,AUTH_ERROR
2026-01-03 17:46:00,s3946,u1403,Senegal,Mobile,Kids Show,1,69,0.62,0.46,4890,5986,BUFFERING_ERROR
2026-01-03 17:47:00,s3947,u2193,Tunisia,Web,Kids Show,1,64,0.27,0.49,1202,3119,
2026-01-03 17:48:00,s3948,u1209,Tunisia,Smart TV,Movie C,1,1,1.12,0.37,5015,1502,LOW_BITRATE
2026-01-03 17:49:00,s3949,u1418,Ivory Coast,STB,Series B,1,70,1.11,0.26,7817,5016,CDN_ERROR
2026-01-03 17:50:00,s3950,u1276,Morocco,Android TV,Series A,1,54,1.5,0.25,4104,3225,STARTUP_TIMEOUT
2026-01-03 17:51:00,s3951,u2194,Ivory Coast,Mobile,Documentary D,1,29,0.06,0.13,3065,2300,CDN_ERROR
2026-01-03 17:52:00,s3952,u398,Tunisia,Mobile,Kids Show,1,54,1.09,0.05,8228,5955,
2026-01-03 17:53:00,s3953,u1188,Ivory Coast,iOS,Series A,1,38,1.37,0.51,8665,864,BUFFERING_ERROR
2026-01-03 17:54:00,s3954,u1196,Tunisia,Mobile,Series B,1,34,0.36,0.05,5279,3835,AUTH_ERROR
2026-01-03 17:55:00,s3955,u2158,Ivory Coast,Mobile,Kids Show,1,21,1.31,0.54,8867,3592,BUFFERING_ERROR
2026-01-03 17:56:00,s3956,u1448,Senegal,Smart TV,Series A,1,18,0.35,0.33,7970,1745,CDN_ERROR
2026-01-03 17:57:00,s3957,u133,Senegal,Smart TV,Series B,1,4,1.13,0.24,8570,3718,AUTH_ERROR
2026-01-03 17:58:00,s3958,u1244,Morocco,Smart TV,Kids Show,1,78,1.02,0.54,3589,1379,
2026-01-03 17:59:00,s3959,u1539,Cameroon,Android TV,Movie C,1,73,1.2,0.11,11546,564,CDN_ERROR
2026-01-03 18:00:00,s3960,u1453,Ivory Coast,iOS,Series A,1,17,0.39,0.38,4625,712,CDN_ERROR
2026-01-03 18:01:00,s3961,u2023,Morocco,iOS,Series B,1,8,1.11,0.43,1795,2608,CDN_ERROR
2026-01-03 18:02:00,s3962,u1399,France,Smart TV,Sport Live,1,43,0.05,0.01,853,1499,AUTH_ERROR
2026-01-03 18:03:00,s3963,u1645,Tunisia,Smart TV,Documentary D,1,81,1.13,0.44,3914,5016,LOW_BITRATE
2026-01-03 18:04:00,s3964,u1699,Cameroon,Mobile,Sport Live,1,45,0.99,0.11,547,1505,
2026-01-03 18:05:00,s3965,u559,Senegal,Web,Series A,1,40,1.48,0.39,680,5810,
2026-01-03 18:06:00,s3966,u671,Cameroon,STB,Movie C,1,21,1.12,0.24,8321,5372,CDN_ERROR
2026-01-03 18:07:00,s3967,u1457,France,Mobile,Sport Live,1,60,1.14,0.29,11203,4323,BUFFERING_ERROR
2026-01-03 18:08:00,s3968,u2037,Cameroon,STB,Documentary D,1,53,0.89,0.08,625,1573,STARTUP_TIMEOUT
2026-01-03 18:09:00,s3969,u2386,Morocco,Web,Sport Live,1,5,1.45,0.44,1546,5751,STARTUP_TIMEOUT
2026-01-03 18:10:00,s3970,u1691,Cameroon,iOS,Series B,1,52,0.05,0.39,3305,3706,BUFFERING_ERROR
2026-01-03 18:11:00,s3971,u840,Tunisia,Web,Series A,1,11,0.65,0.35,5172,4108,AUTH_ERROR
2026-01-03 18:12:00,s3972,u1761,France,Android TV,Series B,1,14,1.31,0.03,11747,1751,
2026-01-03 18:13:00,s3973,u2488,Tunisia,Android TV,Movie C,1,72,1.18,0.46,8956,1118,
2026-01-03 18:14:00,s3974,u1767,Tunisia,Web,Sport Live,1,58,0.7,0.48,565,2484,
2026-01-03 18:15:00,s3975,u1556,Senegal,Mobile,Movie C,1,4,1.37,0.09,2366,591,LOW_BITRATE
2026-01-03 18:16:00,s3976,u2450,Morocco,STB,Movie C,1,53,0.1,0.02,841,1710,CDN_ERROR
2026-01-03 18:17:00,s3977,u2051,Cameroon,STB,Series B,1,6,0.17,0.08,4186,4644,
2026-01-03 18:18:00,s3978,u1119,Morocco,Smart TV,Series A,1,66,0.97,0.54,2434,5494,
2026-01-03 18:19:00,s3979,u1415,Cameroon,Smart TV,Movie C,1,70,1.49,0.33,3311,2404,STARTUP_TIMEOUT
2026-01-03 18:20:00,s3980,u393,Senegal,Android TV,Sport Live,1,51,0.52,0.53,9914,1016,BUFFERING_ERROR
2026-01-03 18:21:00,s3981,u126,Tunisia,Mobile,Documentary D,1,67,1.28,0.18,5796,5391,CDN_ERROR
2026-01-03 18:22:00,s3982,u1134,Senegal,Smart TV,Kids Show,1,62,1.01,0.5,11382,1877,STARTUP_TIMEOUT
2026-01-03 18:23:00,s3983,u636,Cameroon,Mobile,Movie C,1,66,0.48,0.29,5082,4865,
2026-01-03 18:24:00,s3984,u1353,Tunisia,Web,Kids Show,1,15,0.17,0.49,7880,1617,
2026-01-03 18:25:00,s3985,u1832,France,Android TV,Movie C,1,89,0.66,0.38,10920,1253,CDN_ERROR
2026-01-03 18:26:00,s3986,u135,Ivory Coast,Mobile,Documentary D,1,65,0.21,0.34,2492,4710,STARTUP_TIMEOUT
2026-01-03 18:27:00,s3987,u360,Tunisia,Mobile,Series A,1,68,1.47,0.38,4097,3261,
2026-01-03 18:28:00,s3988,u1911,Cameroon,Android TV,Movie C,1,40,0.26,0.05,8549,2346,CDN_ERROR
2026-01-03 18:29:00,s3989,u134,France,Web,Series B,1,51,0.31,0.52,4464,5377,STARTUP_TIMEOUT
2026-01-03 18:30:00,s3990,u1175,Senegal,Web,Series A,1,9,0.13,0.23,5487,3962,
2026-01-03 18:31:00,s3991,u1182,Ivory Coast,Mobile,Series A,1,6,1.03,0.47,11868,3073,
2026-01-03 18:32:00,s3992,u866,France,iOS,Sport Live,1,85,1.28,0.09,7348,2320,
2026-01-03 18:33:00,s3993,u2183,Ivory Coast,Mobile,Series B,1,33,1.17,0.4,5198,1154,AUTH_ERROR
2026-01-03 18:34:00,s3994,u1932,France,Android TV,Movie C,1,20,0.04,0.41,9816,4192,LOW_BITRATE
2026-01-03 18:35:00,s3995,u746,Ivory Coast,Android TV,Documentary D,1,73,0.69,0.53,6521,4145,
2026-01-03 18:36:00,s3996,u1727,Cameroon,Web,Series B,1,82,0.7,0.08,5474,651,
2026-01-03 18:37:00,s3997,u1315,France,Smart TV,Series B,1,43,1.08,0.45,7612,2693,BUFFERING_ERROR
2026-01-03 18:38:00,s3998,u1914,Tunisia,Smart TV,Documentary D,1,47,1.29,0.18,6074,1355,STARTUP_TIMEOUT
2026-01-03 18:39:00,s3999,u64,Ivory Coast,Smart TV,Documentary D,1,68,0.29,0.31,1289,724,
2026-01-03 18:40:00,s4000,u1347,Morocco,Web,Documentary D,1,42,0.92,0.06,11517,5569,CDN_ERROR
2026-01-03 18:41:00,s4001,u1973,France,Mobile,Movie C,1,20,0.47,0.15,1125,1701,STARTUP_TIMEOUT
2026-01-03 18:42:00,s4002,u2059,Cameroon,Mobile,Series A,1,70,0.01,0.09,6328,3487,
2026-01-03 18:43:00,s4003,u546,Cameroon,Mobile,Series A,1,60,0.96,0.01,9378,4170,LOW_BITRATE
2026-01-03 18:44:00,s4004,u948,Cameroon,Mobile,Documentary D,1,22,0.22,0.29,11874,5010,AUTH_ERROR
2026-01-03 18:45:00,s4005,u2129,France,Smart TV,Series B,1,25,0.44,0.15,9464,3788,AUTH_ERROR
2026-01-03 18:46:00,s4006,u736,France,STB,Documentary D,1,84,0.57,0.46,8082,553,LOW_BITRATE
2026-01-03 18:47:00,s4007,u973,Cameroon,Smart TV,Sport Live,1,34,0.12,0.39,6644,4285,
2026-01-03 18:48:00,s4008,u220,Tunisia,Android TV,Sport Live,1,75,0.45,0.16,1239,4988,CDN_ERROR
2026-01-03 18:49:00,s4009,u467,Ivory Coast,STB,Movie C,1,34,0.88,0.28,1659,5653,
2026-01-03 18:50:00,s4010,u534,Cameroon,Smart TV,Series A,1,83,0.58,0.05,3721,1524,
2026-01-03 18:51:00,s4011,u1708,Ivory Coast,Mobile,Sport Live,1,26,0.06,0.14,5947,5431,AUTH_ERROR
2026-01-03 18:52:00,s4012,u1966,Cameroon,Mobile,Sport Live,1,15,0.83,0.08,10665,5006,LOW_BITRATE
2026-01-03 18:53:00,s4013,u1973,Cameroon,iOS,Movie C,1,71,0.64,0.45,1742,1939,
2026-01-03 18:54:00,s4014,u126,Tunisia,STB,Sport Live,1,20,0.57,0.35,1707,3407,
2026-01-03 18:55:00,s4015,u2346,Senegal,Web,Series B,1,49,0.02,0.12,10858,2173,CDN_ERROR
2026-01-03 18:56:00,s4016,u629,France,Smart TV,Movie C,1,73,1.06,0.44,3708,1422,BUFFERING_ERROR
2026-01-03 18:57:00,s4017,u2063,Ivory Coast,iOS,Series A,1,86,0.56,0.43,2908,3100,BUFFERING_ERROR
2026-01-03 18:58:00,s4018,u256,Morocco,iOS,Series B,1,17,1.49,0.44,3863,5470,
2026-01-03 18:59:00,s4019,u1525,Tunisia,iOS,Movie C,1,6,1.13,0.05,1621,5217,STARTUP_TIMEOUT
2026-01-03 19:00:00,s4020,u1355,Tunisia,Smart TV,Kids Show,1,29,0.05,0.36,9658,5063,
2026-01-03 19:01:00,s4021,u2109,Senegal,STB,Documentary D,1,76,1.17,0.15,11732,3363,AUTH_ERROR
2026-01-03 19:02:00,s4022,u202,Ivory Coast,iOS,Sport Live,1,18,1.18,0.33,1031,5032,
2026-01-03 19:03:00,s4023,u1966,Cameroon,Mobile,Series B,1,41,0.22,0.53,4901,2046,CDN_ERROR
2026-01-03 19:04:00,s4024,u224,Senegal,Android TV,Movie C,1,36,1.17,0.5,4413,652,STARTUP_TIMEOUT
2026-01-03 19:05:00,s4025,u286,Morocco,Android TV,Series A,1,80,1.34,0.49,8634,3851,BUFFERING_ERROR
2026-01-03 19:06:00,s4026,u59,Tunisia,Android TV,Documentary D,1,21,1.32,0.45,752,4180,
2026-01-03 19:07:00,s4027,u1750,Cameroon,Mobile,Kids Show,1,74,0.96,0.53,8346,3753,AUTH_ERROR
2026-01-03 19:08:00,s4028,u2059,Morocco,iOS,Series B,1,72,1.4,0.2,7972,1506,
2026-01-03 19:09:00,s4029,u2395,France,iOS,Kids Show,1,82,0.32,0.48,4845,1500,
2026-01-03 19:10:00,s4030,u697,Cameroon,Web,Documentary D,1,10,0.76,0.04,2112,5849,AUTH_ERROR
2026-01-03 19:11:00,s4031,u1601,Cameroon,Smart TV,Series B,1,72,0.37,0.4,9247,5371,AUTH_ERROR
2026-01-03 19:12:00,s4032,u78,Cameroon,STB,Series B,1,3,0.86,0.36,5474,3662,BUFFERING_ERROR
2026-01-03 19:13:00,s4033,u2002,Morocco,Android TV,Movie C,1,36,0.96,0.5,11622,976,
2026-01-03 19:14:00,s4034,u1625,Cameroon,STB,Movie C,1,27,0.08,0.23,2288,1679,
2026-01-03 19:15:00,s4035,u2301,Senegal,STB,Sport Live,1,76,1.49,0.4,11672,5744,
2026-01-03 19:16:00,s4036,u843,Ivory Coast,Web,Kids Show,1,11,0.41,0.29,11978,472,
2026-01-03 19:17:00,s4037,u263,France,Web,Documentary D,1,29,0.02,0.35,8873,5484,LOW_BITRATE
2026-01-03 19:18:00,s4038,u455,Tunisia,Mobile,Sport Live,1,29,1.12,0.52,6831,5288,
2026-01-03 19:19:00,s4039,u208,Cameroon,Smart TV,Series A,1,63,0.21,0.47,9847,796,
2026-01-03 19:20:00,s4040,u1799,France,iOS,Movie C,1,3,1.48,0.55,11328,5580,
2026-01-03 19:21:00,s4041,u268,France,Web,Movie C,1,46,0.41,0.14,2228,4393,CDN_ERROR
2026-01-03 19:22:00,s4042,u2251,Tunisia,iOS,Documentary D,1,74,0.68,0.32,2835,3708,CDN_ERROR
2026-01-03 19:23:00,s4043,u1424,Morocco,iOS,Series A,1,8,1.09,0.16,8761,3439,CDN_ERROR
2026-01-03 19:24:00,s4044,u50,France,Mobile,Kids Show,1,84,0.95,0.21,4418,2117,
2026-01-03 19:25:00,s4045,u1532,France,Android TV,Sport Live,1,3,1.35,0.14,11914,1104,
2026-01-03 19:26:00,s4046,u963,Senegal,Smart TV,Documentary D,1,55,0.34,0.36,6558,4718,AUTH_ERROR
2026-01-03 19:27:00,s4047,u2180,Ivory Coast,Smart TV,Series A,1,88,1.44,0.28,1799,3251,
2026-01-03 19:28:00,s4048,u559,Morocco,Android TV,Sport Live,1,69,0.88,0.52,8023,3274,BUFFERING_ERROR
2026-01-03 19:29:00,s4049,u1725,Tunisia,iOS,Documentary D,1,11,0.82,0.51,9566,5046,LOW_BITRATE
2026-01-03 19:30:00,s4050,u878,Morocco,iOS,Sport Live,1,36,0.95,0.05,11440,5468,
2026-01-03 19:31:00,s4051,u1438,Senegal,iOS,Series A,1,11,1.27,0.29,5665,3780,STARTUP_TIMEOUT
2026-01-03 19:32:00,s4052,u2121,Tunisia,Web,Movie C,1,10,1.25,0.13,8671,3792,STARTUP_TIMEOUT
2026-01-03 19:33:00,s4053,u594,Tunisia,iOS,Sport Live,1,12,1.49,0.5,11666,5766,
2026-01-03 19:34:00,s4054,u2083,France,Web,Series A,1,52,0.16,0.08,4477,4494,LOW_BITRATE
2026-01-03 19:35:00,s4055,u963,Tunisia,Mobile,Kids Show,1,14,1.14,0.51,1988,2766,BUFFERING_ERROR
2026-01-03 19:36:00,s4056,u2266,France,Mobile,Kids Show,1,71,0.84,0.51,1026,4566,CDN_ERROR
2026-01-03 19:37:00,s4057,u396,Cameroon,Mobile,Series A,1,23,0.5,0.14,10561,3804,
2026-01-03 19:38:00,s4058,u2070,Senegal,STB,Series A,1,65,1.33,0.38,4492,4217,LOW_BITRATE
2026-01-03 19:39:00,s4059,u1790,Morocco,iOS,Series B,1,42,0.48,0.2,1889,920,CDN_ERROR
2026-01-03 19:40:00,s4060,u2083,Tunisia,Smart TV,Series A,1,24,1.39,0.27,11716,747,LOW_BITRATE
2026-01-03 19:41:00,s4061,u2159,Ivory Coast,STB,Sport Live,1,39,1.18,0.14,8570,3022,LOW_BITRATE
2026-01-03 19:42:00,s4062,u511,Ivory Coast,Mobile,Kids Show,1,57,1.12,0.08,8733,1939,BUFFERING_ERROR
2026-01-03 19:43:00,s4063,u2431,France,Web,Documentary D,1,19,1.42,0.34,1165,2132,AUTH_ERROR
2026-01-03 19:44:00,s4064,u2475,Cameroon,iOS,Movie C,1,78,0.91,0.36,6415,1645,AUTH_ERROR
2026-01-03 19:45:00,s4065,u461,Morocco,Web,Documentary D,1,67,1.19,0.09,1252,899,AUTH_ERROR
2026-01-03 19:46:00,s4066,u423,Senegal,Smart TV,Documentary D,1,35,0.69,0.05,5296,1746,CDN_ERROR
2026-01-03 19:47:00,s4067,u405,Tunisia,iOS,Movie C,1,59,0.55,0.37,1085,5444,BUFFERING_ERROR
2026-01-03 19:48:00,s4068,u2011,Tunisia,iOS,Series B,1,21,0.9,0.48,7716,4454,AUTH_ERROR
2026-01-03 19:49:00,s4069,u365,Senegal,iOS,Sport Live,1,67,0.52,0.28,3487,2587,LOW_BITRATE
2026-01-03 19:50:00,s4070,u2417,Senegal,Mobile,Sport Live,1,79,0.99,0.5,9373,901,STARTUP_TIMEOUT
2026-01-03 19:51:00,s4071,u1020,Ivory Coast,Android TV,Kids Show,1,52,1.33,0.55,7353,1529,
2026-01-03 19:52:00,s4072,u660,France,Web,Sport Live,1,23,0.6,0.07,8606,1699,LOW_BITRATE
2026-01-03 19:53:00,s4073,u1379,Morocco,Web,Series A,1,82,0.04,0.03,1199,1809,
2026-01-03 19:54:00,s4074,u724,Ivory Coast,Android TV,Documentary D,1,55,0.68,0.07,4546,3698,AUTH_ERROR
2026-01-03 19:55:00,s4075,u1235,Ivory Coast,Mobile,Movie C,1,53,0.86,0.53,8870,4894,AUTH_ERROR
2026-01-03 19:56:00,s4076,u216,Cameroon,iOS,Documentary D,1,87,0.41,0.44,2573,1165,
2026-01-03 19:57:00,s4077,u1421,France,Mobile,Movie C,1,26,1.46,0.14,5936,3116,
2026-01-03 19:58:00,s4078,u1428,Cameroon,Web,Documentary D,1,7,0.21,0.45,11978,1904,
2026-01-03 19:59:00,s4079,u2019,Ivory Coast,STB,Kids Show,1,27,1.17,0.22,5788,1060,
2026-01-03 20:00:00,s4080,u2108,Ivory Coast,Smart TV,Series B,1,24,0.72,0.17,3172,1632,BUFFERING_ERROR
2026-01-03 20:01:00,s4081,u1524,Ivory Coast,Smart TV,Documentary D,1,23,0.85,0.47,6245,5283,CDN_ERROR
2026-01-03 20:02:00,s4082,u754,Morocco,STB,Series B,1,42,0.4,0.03,1166,4561,CDN_ERROR
2026-01-03 20:03:00,s4083,u62,Morocco,iOS,Series B,1,22,1.33,0.47,2319,4614,BUFFERING_ERROR
2026-01-03 20:04:00,s4084,u2496,France,STB,Series A,1,86,0.09,0.12,5244,5992,AUTH_ERROR
2026-01-03 20:05:00,s4085,u1381,Tunisia,Mobile,Series B,1,31,0.23,0.17,4144,3518,CDN_ERROR
2026-01-03 20:06:00,s4086,u1894,Morocco,iOS,Kids Show,1,10,0.02,0.21,6684,2126,
2026-01-03 20:07:00,s4087,u1959,France,Web,Documentary D,1,26,0.09,0.13,3066,4686,
2026-01-03 20:08:00,s4088,u601,Cameroon,STB,Series A,1,3,1.47,0.23,10076,4229,STARTUP_TIMEOUT
2026-01-03 20:09:00,s4089,u1,Senegal,Web,Movie C,1,23,0.98,0.01,3010,809,CDN_ERROR
2026-01-03 20:10:00,s4090,u1025,Cameroon,STB,Series B,1,10,0.97,0.47,6062,882,
2026-01-03 20:11:00,s4091,u130,Tunisia,Smart TV,Sport Live,1,58,1.4,0.44,11951,4261,LOW_BITRATE
2026-01-03 20:12:00,s4092,u444,France,Android TV,Series A,1,46,1.18,0.47,539,4054,LOW_BITRATE
2026-01-03 20:13:00,s4093,u1630,Cameroon,Mobile,Series A,1,37,0.09,0.16,9048,2142,STARTUP_TIMEOUT
2026-01-03 20:14:00,s4094,u1695,Morocco,STB,Sport Live,1,12,1.37,0.03,547,2732,
2026-01-03 20:15:00,s4095,u542,Morocco,Mobile,Movie C,1,61,1.4,0.26,7884,5297,LOW_BITRATE
2026-01-03 20:16:00,s4096,u2086,France,Android TV,Movie C,1,36,0.24,0.12,5122,3515,STARTUP_TIMEOUT
2026-01-03 20:17:00,s4097,u400,France,Smart TV,Sport Live,1,39,0.27,0.3,3170,3686,STARTUP_TIMEOUT
2026-01-03 20:18:00,s4098,u999,Morocco,STB,Series A,1,54,1.11,0.05,2146,932,LOW_BITRATE
2026-01-03 20:19:00,s4099,u1599,Ivory Coast,Smart TV,Documentary D,1,59,0.8,0.55,10717,2078,
2026-01-03 20:20:00,s4100,u538,Ivory Coast,Mobile,Movie C,1,7,1.31,0.55,2218,3808,CDN_ERROR
2026-01-03 20:21:00,s4101,u2457,Tunisia,iOS,Movie C,1,89,1.48,0.53,10465,958,AUTH_ERROR
2026-01-03 20:22:00,s4102,u1531,France,Web,Sport Live,1,42,1.19,0.17,6269,4404,
2026-01-03 20:23:00,s4103,u2397,Morocco,Android TV,Series A,1,83,0.18,0.5,10227,2843,
2026-01-03 20:24:00,s4104,u2480,Cameroon,STB,Documentary D,1,87,0.55,0.43,9105,2015,BUFFERING_ERROR
2026-01-03 20:25:00,s4105,u1847,France,Smart TV,Sport Live,1,67,0.56,0.49,7363,4057,STARTUP_TIMEOUT
2026-01-03 20:26:00,s4106,u794,Cameroon,Web,Series A,1,37,1.29,0.18,11870,4376,
2026-01-03 20:27:00,s4107,u904,Ivory Coast,iOS,Series B,1,76,0.91,0.03,8586,4538,BUFFERING_ERROR
2026-01-03 20:28:00,s4108,u1158,Tunisia,Mobile,Documentary D,1,63,0.48,0.28,8896,2515,AUTH_ERROR
2026-01-03 20:29:00,s4109,u253,Cameroon,STB,Series B,1,64,1.21,0.21,10070,2824,BUFFERING_ERROR
2026-01-03 20:30:00,s4110,u458,Senegal,Web,Series B,1,77,0.55,0.07,1028,3377,LOW_BITRATE
2026-01-03 20:31:00,s4111,u1717,Ivory Coast,Mobile,Documentary D,1,7,0.55,0.23,6219,3733,
2026-01-03 20:32:00,s4112,u2103,Cameroon,iOS,Sport Live,1,68,1.34,0.3,9792,1132,
2026-01-03 20:33:00,s4113,u640,France,Smart TV,Sport Live,1,3,1.29,0.12,2267,3296,
2026-01-03 20:34:00,s4114,u1536,Senegal,Android TV,Kids Show,1,80,0.14,0.44,8092,2179,
2026-01-03 20:35:00,s4115,u1103,Ivory Coast,Mobile,Series A,1,74,1.05,0.19,11268,437,BUFFERING_ERROR
2026-01-03 20:36:00,s4116,u2482,Cameroon,iOS,Movie C,1,72,0.89,0.04,10209,4038,
2026-01-03 20:37:00,s4117,u1230,Cameroon,Android TV,Documentary D,1,22,0.89,0.08,6977,5466,LOW_BITRATE
2026-01-03 20:38:00,s4118,u749,Cameroon,STB,Series A,1,16,1.36,0.31,5446,2858,CDN_ERROR
2026-01-03 20:39:00,s4119,u913,Morocco,STB,Sport Live,1,83,1.35,0.06,11688,3297,LOW_BITRATE
2026-01-03 20:40:00,s4120,u1472,Cameroon,STB,Movie C,1,49,0.75,0.38,8501,1615,
2026-01-03 20:41:00,s4121,u1002,Cameroon,Web,Series B,1,64,0.92,0.55,8516,657,STARTUP_TIMEOUT
2026-01-03 20:42:00,s4122,u81,Senegal,Mobile,Series A,1,43,0.89,0.28,5730,471,STARTUP_TIMEOUT
2026-01-03 20:43:00,s4123,u380,Tunisia,iOS,Series A,1,33,1.24,0.11,10755,2420,CDN_ERROR
2026-01-03 20:44:00,s4124,u548,France,Android TV,Kids Show,1,86,0.76,0.42,4956,5719,
2026-01-03 20:45:00,s4125,u1039,Ivory Coast,Mobile,Movie C,1,28,0.69,0.27,10757,3774,
2026-01-03 20:46:00,s4126,u1337,Senegal,Mobile,Series B,1,75,0.02,0.29,5204,3088,STARTUP_TIMEOUT
2026-01-03 20:47:00,s4127,u2463,Senegal,iOS,Movie C,1,38,1.17,0.55,5075,2712,
2026-01-03 20:48:00,s4128,u1868,Morocco,Web,Documentary D,1,38,0.41,0.33,10355,5815,
2026-01-03 20:49:00,s4129,u2446,France,Mobile,Documentary D,1,38,0.95,0.52,8775,1545,CDN_ERROR
2026-01-03 20:50:00,s4130,u2151,Tunisia,Web,Movie C,1,62,0.42,0.06,2617,1777,
2026-01-03 20:51:00,s4131,u32,Senegal,Web,Kids Show,1,55,0.18,0.25,1475,2402,
2026-01-03 20:52:00,s4132,u597,Cameroon,iOS,Documentary D,1,9,1.47,0.02,6804,3173,
2026-01-03 20:53:00,s4133,u2453,Morocco,iOS,Series A,1,61,0.43,0.16,5240,4484,
2026-01-03 20:54:00,s4134,u1765,Tunisia,Android TV,Documentary D,1,87,1.29,0.54,9074,4936,CDN_ERROR
2026-01-03 20:55:00,s4135,u1166,Tunisia,Android TV,Sport Live,1,3,1.36,0.44,4210,1658,AUTH_ERROR
2026-01-03 20:56:00,s4136,u48,Tunisia,Web,Movie C,1,65,1.21,0.21,9600,5455,
2026-01-03 20:57:00,s4137,u1786,France,Android TV,Series A,1,25,0.85,0.46,3611,4288,AUTH_ERROR
2026-01-03 20:58:00,s4138,u2073,France,Mobile,Movie C,1,16,1.43,0.18,8570,4329,
2026-01-03 20:59:00,s4139,u1533,Cameroon,Web,Series B,1,10,0.76,0.37,1014,4640,
2026-01-03 21:00:00,s4140,u1409,Ivory Coast,Smart TV,Documentary D,1,18,0.94,0.06,9565,1523,
2026-01-03 21:01:00,s4141,u1824,Tunisia,Web,Documentary D,1,50,1.42,0.33,10269,2444,
2026-01-03 21:02:00,s4142,u1400,Ivory Coast,Smart TV,Kids Show,1,28,1.21,0.22,11740,4596,
2026-01-03 21:03:00,s4143,u1981,Tunisia,Smart TV,Sport Live,1,43,0.6,0.05,3914,1105,
2026-01-03 21:04:00,s4144,u1461,Cameroon,Android TV,Sport Live,1,24,0.4,0.29,9530,4690,
2026-01-03 21:05:00,s4145,u2337,France,Smart TV,Movie C,1,30,1.36,0.28,10659,2330,
2026-01-03 21:06:00,s4146,u507,Morocco,Web,Movie C,1,41,0.54,0.24,9086,5208,AUTH_ERROR
2026-01-03 21:07:00,s4147,u1114,Morocco,Web,Documentary D,1,31,1.23,0.34,7359,4387,BUFFERING_ERROR
2026-01-03 21:08:00,s4148,u1867,Cameroon,iOS,Series B,1,72,0.46,0.35,1404,3512,BUFFERING_ERROR
2026-01-03 21:09:00,s4149,u1559,Cameroon,iOS,Kids Show,1,73,0.52,0.44,8850,5865,LOW_BITRATE
2026-01-03 21:10:00,s4150,u551,Ivory Coast,Smart TV,Kids Show,1,51,1.08,0.22,1403,1214,LOW_BITRATE
2026-01-03 21:11:00,s4151,u1465,Ivory Coast,Mobile,Series A,1,47,1.47,0.14,11988,1430,
2026-01-03 21:12:00,s4152,u1527,Senegal,Smart TV,Sport Live,1,74,0.33,0.26,6934,1365,BUFFERING_ERROR
2026-01-03 21:13:00,s4153,u2337,Morocco,Android TV,Series A,1,76,0.69,0.1,561,5265,AUTH_ERROR
2026-01-03 21:14:00,s4154,u1166,Ivory Coast,Smart TV,Movie C,1,67,1.49,0.45,8674,4447,
2026-01-03 21:15:00,s4155,u2496,Senegal,Smart TV,Kids Show,1,47,0.16,0.04,2531,5175,STARTUP_TIMEOUT
2026-01-03 21:16:00,s4156,u1282,Morocco,Web,Series B,1,77,0.19,0.41,5804,3444,
2026-01-03 21:17:00,s4157,u1680,Tunisia,Web,Kids Show,1,42,1.08,0.03,10288,4658,STARTUP_TIMEOUT
2026-01-03 21:18:00,s4158,u1307,Morocco,Smart TV,Kids Show,1,47,1.18,0.04,6658,1266,LOW_BITRATE
2026-01-03 21:19:00,s4159,u1978,Morocco,iOS,Documentary D,1,21,0.3,0.28,3268,793,
2026-01-03 21:20:00,s4160,u283,Senegal,STB,Series A,1,23,0.31,0.07,856,4899,CDN_ERROR
2026-01-03 21:21:00,s4161,u1693,Ivory Coast,STB,Movie C,1,39,0.28,0.28,1180,5833,CDN_ERROR
2026-01-03 21:22:00,s4162,u790,Tunisia,Mobile,Sport Live,1,9,0.87,0.28,4735,1054,
2026-01-03 21:23:00,s4163,u1338,Tunisia,iOS,Documentary D,1,38,0.93,0.43,10774,3947,
2026-01-03 21:24:00,s4164,u1411,Morocco,STB,Series A,1,8,1.44,0.42,1416,1498,AUTH_ERROR
2026-01-03 21:25:00,s4165,u1705,Cameroon,Android TV,Series A,1,71,0.43,0.03,5441,1675,LOW_BITRATE
2026-01-03 21:26:00,s4166,u159,France,Mobile,Sport Live,1,58,1.15,0.09,3974,4497,
2026-01-03 21:27:00,s4167,u134,France,iOS,Movie C,1,6,0.32,0.13,5597,766,STARTUP_TIMEOUT
2026-01-03 21:28:00,s4168,u2091,Senegal,Web,Documentary D,1,5,0.68,0.38,7653,2308,
2026-01-03 21:29:00,s4169,u1327,France,iOS,Series B,1,31,0.13,0.41,926,1330,STARTUP_TIMEOUT
2026-01-03 21:30:00,s4170,u174,France,Web,Series B,1,45,0.28,0.06,7957,765,STARTUP_TIMEOUT
2026-01-03 21:31:00,s4171,u1806,Ivory Coast,Web,Kids Show,1,40,1.41,0.15,1977,3715,
2026-01-03 21:32:00,s4172,u1177,Morocco,Smart TV,Series B,1,7,0.65,0.28,4912,4819,
2026-01-03 21:33:00,s4173,u645,Ivory Coast,Smart TV,Documentary D,1,65,1.34,0.04,1794,4190,
2026-01-03 21:34:00,s4174,u1153,France,iOS,Movie C,1,57,0.09,0.46,1968,604,
2026-01-03 21:35:00,s4175,u1646,Cameroon,Mobile,Documentary D,1,1,1.39,0.23,2824,3064,BUFFERING_ERROR
2026-01-03 21:36:00,s4176,u961,France,iOS,Series B,1,53,0.31,0.43,9916,4041,AUTH_ERROR
2026-01-03 21:37:00,s4177,u1007,Morocco,STB,Documentary D,1,65,0.59,0.08,11588,2727,CDN_ERROR
2026-01-03 21:38:00,s4178,u132,Ivory Coast,iOS,Series A,1,43,0.31,0.14,9968,829,BUFFERING_ERROR
2026-01-03 21:39:00,s4179,u2208,Cameroon,Mobile,Series A,1,4,1.36,0.41,1021,1305,BUFFERING_ERROR
2026-01-03 21:40:00,s4180,u781,Ivory Coast,Web,Series A,1,82,1.11,0.17,8044,4392,AUTH_ERROR
2026-01-03 21:41:00,s4181,u969,Ivory Coast,iOS,Movie C,1,14,0.79,0.1,11836,1213,
2026-01-03 21:42:00,s4182,u1603,France,Mobile,Sport Live,1,1,0.63,0.07,3621,3553,BUFFERING_ERROR
2026-01-03 21:43:00,s4183,u1543,Tunisia,Smart TV,Movie C,1,20,1.43,0.49,1867,4755,CDN_ERROR
2026-01-03 21:44:00,s4184,u2238,Morocco,Mobile,Kids Show,1,34,0.29,0.25,10881,4733,STARTUP_TIMEOUT
2026-01-03 21:45:00,s4185,u1682,Senegal,iOS,Documentary D,1,8,1.08,0.51,10615,3254,LOW_BITRATE
2026-01-03 21:46:00,s4186,u1180,Cameroon,Web,Movie C,1,6,0.16,0.03,9647,5740,
2026-01-03 21:47:00,s4187,u653,Senegal,Web,Documentary D,1,36,0.41,0.45,2238,4018,
2026-01-03 21:48:00,s4188,u1783,Cameroon,Mobile,Kids Show,1,69,0.51,0.06,9544,5100,STARTUP_TIMEOUT
2026-01-03 21:49:00,s4189,u1366,Cameroon,Smart TV,Series B,1,22,0.34,0.45,6255,5400,
2026-01-03 21:50:00,s4190,u370,Ivory Coast,STB,Series A,1,81,0.45,0.04,5807,3458,
2026-01-03 21:51:00,s4191,u1513,Morocco,Web,Movie C,1,55,0.76,0.48,4332,5362,
2026-01-03 21:52:00,s4192,u2175,Cameroon,Web,Kids Show,1,19,1.07,0.25,9082,4745,AUTH_ERROR
2026-01-03 21:53:00,s4193,u1757,Cameroon,Smart TV,Series B,1,63,1.16,0.39,6842,4696,STARTUP_TIMEOUT
2026-01-03 21:54:00,s4194,u20,Ivory Coast,Web,Documentary D,1,77,0.41,0.13,8412,2116,LOW_BITRATE
2026-01-03 21:55:00,s4195,u466,Cameroon,Android TV,Sport Live,1,56,0.86,0.32,4496,5170,CDN_ERROR
2026-01-03 21:56:00,s4196,u251,Tunisia,iOS,Series B,1,74,1.29,0.2,8027,2413,BUFFERING_ERROR
2026-01-03 21:57:00,s4197,u2395,Tunisia,Android TV,Documentary D,1,18,1.12,0.11,1956,3308,LOW_BITRATE
2026-01-03 21:58:00,s4198,u1460,Morocco,Smart TV,Sport Live,1,77,0.32,0.5,10413,4032,AUTH_ERROR
2026-01-03 21:59:00,s4199,u427,Ivory Coast,Android TV,Sport Live,1,54,0.02,0.25,8689,1220,
2026-01-03 22:00:00,s4200,u2141,France,Mobile,Series A,1,15,0.2,0.18,10602,1966,LOW_BITRATE
2026-01-03 22:01:00,s4201,u1044,Morocco,Android TV,Series A,1,64,0.6,0.35,3173,5368,CDN_ERROR
2026-01-03 22:02:00,s4202,u1347,France,Mobile,Sport Live,1,60,0.64,0.3,3586,3260,
2026-01-03 22:03:00,s4203,u1027,Senegal,STB,Series A,1,19,0.01,0.34,7482,4817,BUFFERING_ERROR
2026-01-03 22:04:00,s4204,u112,Cameroon,STB,Sport Live,1,58,1.31,0.51,1853,3055,CDN_ERROR
2026-01-03 22:05:00,s4205,u144,Senegal,STB,Series B,1,45,0.75,0.34,5435,4655,AUTH_ERROR
2026-01-03 22:06:00,s4206,u737,Cameroon,Mobile,Sport Live,1,20,0.58,0.3,3988,1324,AUTH_ERROR
2026-01-03 22:07:00,s4207,u1773,Ivory Coast,Web,Series B,1,1,0.64,0.45,1597,1391,CDN_ERROR
2026-01-03 22:08:00,s4208,u2053,Cameroon,STB,Movie C,1,67,0.49,0.37,580,2743,CDN_ERROR
2026-01-03 22:09:00,s4209,u964,France,Mobile,Series A,1,15,0.07,0.22,9165,1159,CDN_ERROR
2026-01-03 22:10:00,s4210,u1843,Tunisia,STB,Sport Live,1,16,1.19,0.16,5856,1750,STARTUP_TIMEOUT
2026-01-03 22:11:00,s4211,u1064,Tunisia,STB,Series A,1,78,0.05,0.44,1005,3428,
2026-01-03 22:12:00,s4212,u901,Morocco,Mobile,Movie C,1,89,0.52,0.07,4157,1212,CDN_ERROR
2026-01-03 22:13:00,s4213,u143,Tunisia,Android TV,Kids Show,1,74,0.89,0.32,5877,3347,STARTUP_TIMEOUT
2026-01-03 22:14:00,s4214,u896,France,Smart TV,Documentary D,1,78,1.23,0.12,9040,2132,STARTUP_TIMEOUT
2026-01-03 22:15:00,s4215,u1416,Cameroon,Android TV,Movie C,1,76,0.92,0.41,5910,4990,BUFFERING_ERROR
2026-01-03 22:16:00,s4216,u551,Ivory Coast,iOS,Documentary D,1,65,1.41,0.34,7744,4801,
2026-01-03 22:17:00,s4217,u2066,Morocco,Android TV,Series B,1,59,0.33,0.15,7178,662,
2026-01-03 22:18:00,s4218,u394,Ivory Coast,STB,Movie C,1,63,0.82,0.3,9940,5838,
2026-01-03 22:19:00,s4219,u1548,Ivory Coast,Android TV,Series A,1,23,1.45,0.46,768,5483,AUTH_ERROR
2026-01-03 22:20:00,s4220,u2384,Ivory Coast,Mobile,Kids Show,1,44,0.05,0.51,1773,2728,LOW_BITRATE
2026-01-03 22:21:00,s4221,u2159,Senegal,Mobile,Kids Show,1,51,0.11,0.17,10569,4259,BUFFERING_ERROR
2026-01-03 22:22:00,s4222,u284,Senegal,Web,Series B,1,86,0.23,0.12,9744,707,LOW_BITRATE
2026-01-03 22:23:00,s4223,u490,Tunisia,Mobile,Series A,1,19,0.46,0.29,7136,2468,AUTH_ERROR
2026-01-03 22:24:00,s4224,u2134,Tunisia,Android TV,Movie C,1,47,1.24,0.43,7754,5486,AUTH_ERROR
2026-01-03 22:25:00,s4225,u2033,Morocco,Web,Documentary D,1,15,0.87,0.4,11547,3500,LOW_BITRATE
2026-01-03 22:26:00,s4226,u1651,Tunisia,Web,Series B,1,25,0.4,0.44,6753,488,
2026-01-03 22:27:00,s4227,u1024,Morocco,iOS,Kids Show,1,88,0.88,0.15,9828,933,STARTUP_TIMEOUT
2026-01-03 22:28:00,s4228,u1204,France,STB,Sport Live,1,31,1.35,0.2,7101,517,
2026-01-03 22:29:00,s4229,u987,Tunisia,Mobile,Series A,1,44,1.2,0.21,10546,5475,
2026-01-03 22:30:00,s4230,u432,France,iOS,Series B,1,2,1.46,0.18,1880,2549,
2026-01-03 22:31:00,s4231,u60,France,iOS,Series B,1,67,0.5,0.53,8956,2718,
2026-01-03 22:32:00,s4232,u687,Senegal,Smart TV,Movie C,1,12,0.83,0.06,6219,5292,STARTUP_TIMEOUT
2026-01-03 22:33:00,s4233,u1322,Morocco,STB,Series B,1,33,1.06,0.37,9040,2567,BUFFERING_ERROR
2026-01-03 22:34:00,s4234,u1565,Tunisia,iOS,Sport Live,1,23,1.38,0.37,5161,1999,BUFFERING_ERROR
2026-01-03 22:35:00,s4235,u2070,France,Smart TV,Series B,1,44,1.02,0.37,3384,3373,
2026-01-03 22:36:00,s4236,u1728,Cameroon,Smart TV,Sport Live,1,69,0.92,0.3,8157,2016,AUTH_ERROR
2026-01-03 22:37:00,s4237,u1956,Tunisia,Web,Series A,1,88,0.78,0.23,7747,2663,
2026-01-03 22:38:00,s4238,u1619,Senegal,iOS,Sport Live,1,30,1.42,0.26,2895,2528,AUTH_ERROR
2026-01-03 22:39:00,s4239,u1803,Tunisia,Android TV,Documentary D,1,3,1.41,0.08,7499,4992,
2026-01-03 22:40:00,s4240,u1518,Ivory Coast,Android TV,Series B,1,36,1.42,0.18,10040,444,AUTH_ERROR
2026-01-03 22:41:00,s4241,u1281,Cameroon,STB,Sport Live,1,9,0.31,0.39,4071,3737,
2026-01-03 22:42:00,s4242,u1971,Ivory Coast,Android TV,Kids Show,1,78,1.43,0.28,3878,2671,STARTUP_TIMEOUT
2026-01-03 22:43:00,s4243,u324,Senegal,Web,Series A,1,37,1.32,0.33,5064,5258,BUFFERING_ERROR
2026-01-03 22:44:00,s4244,u774,Cameroon,STB,Movie C,1,75,1.26,0.36,8271,2265,LOW_BITRATE
2026-01-03 22:45:00,s4245,u1921,Senegal,iOS,Movie C,1,39,1.24,0.35,2153,4548,AUTH_ERROR
2026-01-03 22:46:00,s4246,u1615,Cameroon,iOS,Series B,1,23,1.2,0.2,10823,4477,STARTUP_TIMEOUT
2026-01-03 22:47:00,s4247,u2397,Morocco,STB,Series A,1,20,1.36,0.06,4745,3183,LOW_BITRATE
2026-01-03 22:48:00,s4248,u813,Morocco,Android TV,Series A,1,62,0.02,0.14,8984,727,LOW_BITRATE
2026-01-03 22:49:00,s4249,u1915,Senegal,Android TV,Movie C,1,3,0.13,0.26,11681,1819,AUTH_ERROR
2026-01-03 22:50:00,s4250,u488,France,STB,Movie C,1,13,0.95,0.08,2248,1756,CDN_ERROR
2026-01-03 22:51:00,s4251,u1183,Ivory Coast,iOS,Sport Live,1,84,0.9,0.47,2018,4506,CDN_ERROR
2026-01-03 22:52:00,s4252,u41,France,STB,Movie C,1,37,0.92,0.31,10602,4574,
2026-01-03 22:53:00,s4253,u993,Cameroon,iOS,Movie C,1,43,0.66,0.54,4314,3489,AUTH_ERROR
2026-01-03 22:54:00,s4254,u2462,Ivory Coast,Smart TV,Kids Show,1,76,1.44,0.2,2714,4469,
2026-01-03 22:55:00,s4255,u982,Ivory Coast,Android TV,Series A,1,85,0.8,0.17,5325,1405,BUFFERING_ERROR
2026-01-03 22:56:00,s4256,u1104,Tunisia,Mobile,Kids Show,1,65,1.47,0.11,2032,3714,CDN_ERROR
2026-01-03 22:57:00,s4257,u579,Senegal,Mobile,Series B,1,52,0.07,0.27,2063,2899,
2026-01-03 22:58:00,s4258,u1618,Cameroon,Smart TV,Documentary D,1,73,0.69,0.44,2047,5710,CDN_ERROR
2026-01-03 22:59:00,s4259,u99,Senegal,Smart TV,Series A,1,28,0.11,0.15,11053,1413,CDN_ERROR
2026-01-03 23:00:00,s4260,u988,Cameroon,Web,Series B,1,55,0.69,0.05,10340,5194,STARTUP_TIMEOUT
2026-01-03 23:01:00,s4261,u1229,Ivory Coast,Smart TV,Movie C,1,27,0.06,0.31,647,5210,CDN_ERROR
2026-01-03 23:02:00,s4262,u539,Morocco,Android TV,Documentary D,1,72,0.99,0.42,9129,4941,STARTUP_TIMEOUT
2026-01-03 23:03:00,s4263,u2083,Ivory Coast,Mobile,Series A,1,57,1.26,0.19,10578,627,
2026-01-03 23:04:00,s4264,u1438,France,iOS,Movie C,1,90,0.44,0.12,11526,3923,
2026-01-03 23:05:00,s4265,u533,Morocco,Web,Series B,1,77,1.18,0.27,759,4498,
2026-01-03 23:06:00,s4266,u1832,Cameroon,Web,Movie C,1,22,1.48,0.44,711,4267,AUTH_ERROR
2026-01-03 23:07:00,s4267,u126,France,Web,Series B,1,78,0.83,0.22,10583,2600,LOW_BITRATE
2026-01-03 23:08:00,s4268,u43,France,Mobile,Series A,1,64,1.47,0.07,8955,1968,
2026-01-03 23:09:00,s4269,u2173,Senegal,Mobile,Series B,1,83,0.56,0.06,3525,825,
2026-01-03 23:10:00,s4270,u552,Tunisia,Android TV,Series B,1,89,0.5,0.06,10084,2291,CDN_ERROR
2026-01-03 23:11:00,s4271,u797,Senegal,iOS,Documentary D,1,80,0.8,0.45,10870,4121,
2026-01-03 23:12:00,s4272,u1571,Ivory Coast,Smart TV,Series B,1,37,0.5,0.27,935,2615,AUTH_ERROR
2026-01-03 23:13:00,s4273,u1354,Ivory Coast,Smart TV,Kids Show,1,71,1.27,0.02,9646,2895,STARTUP_TIMEOUT
2026-01-03 23:14:00,s4274,u277,France,Web,Series B,1,28,0.96,0.19,11887,1522,
2026-01-03 23:15:00,s4275,u1847,Cameroon,STB,Movie C,1,8,0.51,0.33,8894,5671,
2026-01-03 23:16:00,s4276,u1775,Ivory Coast,Android TV,Movie C,1,70,0.86,0.09,11394,5585,
2026-01-03 23:17:00,s4277,u1297,Ivory Coast,iOS,Kids Show,1,22,1.22,0.38,1879,3676,
2026-01-03 23:18:00,s4278,u1242,Tunisia,Android TV,Movie C,1,18,1.34,0.06,5023,2007,LOW_BITRATE
2026-01-03 23:19:00,s4279,u2350,Morocco,Smart TV,Kids Show,1,43,0.58,0.19,8012,2264,LOW_BITRATE
2026-01-03 23:20:00,s4280,u91,Senegal,Web,Series A,1,66,0.7,0.51,2226,2815,LOW_BITRATE
2026-01-03 23:21:00,s4281,u1812,France,STB,Series A,1,55,0.15,0.42,2283,962,
2026-01-03 23:22:00,s4282,u1168,Ivory Coast,iOS,Movie C,1,32,0.57,0.14,10481,4670,
2026-01-03 23:23:00,s4283,u1712,Ivory Coast,STB,Series B,1,62,0.18,0.27,1335,5454,
2026-01-03 23:24:00,s4284,u1695,Senegal,Smart TV,Documentary D,1,59,0.49,0.17,8472,1357,LOW_BITRATE
2026-01-03 23:25:00,s4285,u2309,Ivory Coast,Web,Series A,1,52,0.56,0.31,911,2324,CDN_ERROR
2026-01-03 23:26:00,s4286,u1458,Ivory Coast,STB,Series B,1,49,0.14,0.35,3208,4903,STARTUP_TIMEOUT
2026-01-03 23:27:00,s4287,u1101,Morocco,Android TV,Series A,1,14,0.08,0.24,11614,2823,LOW_BITRATE
2026-01-03 23:28:00,s4288,u2437,Ivory Coast,Android TV,Sport Live,1,34,1.4,0.53,9836,571,
2026-01-03 23:29:00,s4289,u831,Cameroon,Android TV,Kids Show,1,58,0.13,0.14,1626,3398,STARTUP_TIMEOUT
2026-01-03 23:30:00,s4290,u79,France,iOS,Series A,1,54,0.1,0.42,8324,2957,LOW_BITRATE
2026-01-03 23:31:00,s4291,u1006,France,Android TV,Sport Live,1,32,0.82,0.36,884,4719,AUTH_ERROR
2026-01-03 23:32:00,s4292,u2314,Cameroon,STB,Movie C,1,40,0.04,0.17,3639,5360,
2026-01-03 23:33:00,s4293,u1598,Senegal,Android TV,Kids Show,1,58,0.14,0.53,9556,5057,STARTUP_TIMEOUT
2026-01-03 23:34:00,s4294,u598,Morocco,Web,Sport Live,1,60,0.55,0.19,5614,1356,AUTH_ERROR
2026-01-03 23:35:00,s4295,u422,Tunisia,Android TV,Movie C,1,66,0.94,0.37,4881,3229,CDN_ERROR
2026-01-03 23:36:00,s4296,u1307,France,Android TV,Movie C,1,29,0.25,0.36,1126,5825,AUTH_ERROR
2026-01-03 23:37:00,s4297,u768,Morocco,STB,Series A,1,21,0.53,0.33,1690,5216,BUFFERING_ERROR
2026-01-03 23:38:00,s4298,u263,France,STB,Movie C,1,1,0.86,0.26,2123,3004,AUTH_ERROR
2026-01-03 23:39:00,s4299,u556,Tunisia,Web,Series A,1,1,0.82,0.06,9448,1264,BUFFERING_ERROR
2026-01-03 23:40:00,s4300,u269,Tunisia,Web,Kids Show,1,54,0.2,0.36,7253,5087,BUFFERING_ERROR
2026-01-03 23:41:00,s4301,u1614,France,Android TV,Series A,1,28,1.24,0.33,5592,5633,BUFFERING_ERROR
2026-01-03 23:42:00,s4302,u1004,France,Mobile,Kids Show,1,32,0.03,0.23,11217,1819,AUTH_ERROR
2026-01-03 23:43:00,s4303,u554,Tunisia,Web,Series B,1,45,1.16,0.05,3446,5463,BUFFERING_ERROR
2026-01-03 23:44:00,s4304,u2196,France,Smart TV,Sport Live,1,5,0.74,0.23,10105,4477,LOW_BITRATE
2026-01-03 23:45:00,s4305,u1771,Morocco,STB,Series B,1,83,1.46,0.48,6810,4886,CDN_ERROR
2026-01-03 23:46:00,s4306,u2223,Senegal,Android TV,Series A,1,41,0.27,0.12,10768,3523,
2026-01-03 23:47:00,s4307,u99,Senegal,Smart TV,Kids Show,1,20,0.93,0.25,6864,3482,AUTH_ERROR
2026-01-03 23:48:00,s4308,u582,France,STB,Documentary D,1,54,0.63,0.26,5537,929,
2026-01-03 23:49:00,s4309,u2202,Cameroon,iOS,Series B,1,67,1.42,0.41,10515,5796,LOW_BITRATE
2026-01-03 23:50:00,s4310,u463,Tunisia,Web,Movie C,1,16,0.88,0.36,10451,3290,CDN_ERROR
2026-01-03 23:51:00,s4311,u653,Tunisia,Android TV,Sport Live,1,73,0.02,0.03,10464,4147,
2026-01-03 23:52:00,s4312,u1156,Senegal,Android TV,Movie C,1,4,1.04,0.26,3049,5470,
2026-01-03 23:53:00,s4313,u852,Tunisia,Mobile,Documentary D,1,30,0.97,0.04,5272,4680,AUTH_ERROR
2026-01-03 23:54:00,s4314,u606,Senegal,Smart TV,Sport Live,1,44,1.31,0.25,5067,2137,STARTUP_TIMEOUT
2026-01-03 23:55:00,s4315,u1827,Morocco,Web,Sport Live,1,23,1.07,0.14,5287,5220,
2026-01-03 23:56:00,s4316,u1758,Ivory Coast,Android TV,Sport Live,1,78,0.55,0.21,7166,415,BUFFERING_ERROR
2026-01-03 23:57:00,s4317,u1926,Ivory Coast,Smart TV,Documentary D,1,10,0.16,0.51,1353,2868,BUFFERING_ERROR
2026-01-03 23:58:00,s4318,u1963,France,Mobile,Movie C,1,40,0.24,0.38,5514,1802,AUTH_ERROR
2026-01-03 23:59:00,s4319,u1635,Senegal,iOS,Documentary D,1,85,0.07,0.02,11185,3138,AUTH_ERROR
2026-01-04 00:00:00,s4320,u2499,Cameroon,STB,Sport Live,1,53,0.61,0.2,5018,2368,
2026-01-04 00:01:00,s4321,u1519,Ivory Coast,Smart TV,Movie C,1,83,0.08,0.34,9849,2825,
2026-01-04 00:02:00,s4322,u651,Senegal,Android TV,Series A,1,15,1.32,0.55,6344,3326,
2026-01-04 00:03:00,s4323,u2045,Morocco,Android TV,Movie C,1,13,1.48,0.43,9601,2588,LOW_BITRATE
2026-01-04 00:04:00,s4324,u227,France,Mobile,Series B,1,45,1.36,0.45,5231,4915,AUTH_ERROR
2026-01-04 00:05:00,s4325,u2434,Senegal,iOS,Series A,1,28,0.39,0.13,11797,5245,CDN_ERROR
2026-01-04 00:06:00,s4326,u1046,France,STB,Series B,1,80,0.4,0.54,3036,4282,BUFFERING_ERROR
2026-01-04 00:07:00,s4327,u25,Cameroon,Smart TV,Series A,1,30,0.85,0.1,8112,2364,CDN_ERROR
2026-01-04 00:08:00,s4328,u1357,Tunisia,Android TV,Sport Live,1,37,0.01,0.47,10306,1753,STARTUP_TIMEOUT
2026-01-04 00:09:00,s4329,u1960,Senegal,Smart TV,Kids Show,1,47,0.7,0.25,9429,4735,CDN_ERROR
2026-01-04 00:10:00,s4330,u2349,Senegal,Smart TV,Movie C,1,90,0.48,0.22,4778,894,LOW_BITRATE
2026-01-04 00:11:00,s4331,u1078,Senegal,Smart TV,Kids Show,1,21,0.22,0.37,5874,5490,BUFFERING_ERROR
2026-01-04 00:12:00,s4332,u1014,Senegal,Mobile,Documentary D,1,48,0.34,0.39,6025,1957,
2026-01-04 00:13:00,s4333,u841,France,Mobile,Documentary D,1,61,1.04,0.43,2537,2856,
2026-01-04 00:14:00,s4334,u771,France,Android TV,Movie C,1,39,1.21,0.39,8773,867,BUFFERING_ERROR
2026-01-04 00:15:00,s4335,u1606,Cameroon,Smart TV,Kids Show,1,81,0.67,0.48,2462,2715,
2026-01-04 00:16:00,s4336,u661,Senegal,Android TV,Documentary D,1,33,0.95,0.52,8644,1062,BUFFERING_ERROR
2026-01-04 00:17:00,s4337,u1989,Senegal,STB,Series A,1,39,0.06,0.14,10054,3337,CDN_ERROR
2026-01-04 00:18:00,s4338,u2480,Tunisia,Web,Sport Live,1,87,0.84,0.42,4650,5633,CDN_ERROR
2026-01-04 00:19:00,s4339,u803,France,Smart TV,Documentary D,1,64,0.2,0.09,3745,5015,AUTH_ERROR
2026-01-04 00:20:00,s4340,u2148,Cameroon,iOS,Documentary D,1,47,1.09,0.33,8578,2482,LOW_BITRATE
2026-01-04 00:21:00,s4341,u977,Cameroon,Smart TV,Series B,1,40,1.16,0.25,6744,4337,CDN_ERROR
2026-01-04 00:22:00,s4342,u1559,Tunisia,Web,Documentary D,1,24,0.67,0.47,4680,5680,
2026-01-04 00:23:00,s4343,u669,Tunisia,Mobile,Series B,1,65,1.44,0.26,11268,3300,BUFFERING_ERROR
2026-01-04 00:24:00,s4344,u1688,Morocco,Smart TV,Series A,1,43,0.78,0.12,3797,3099,BUFFERING_ERROR
2026-01-04 00:25:00,s4345,u385,Tunisia,iOS,Kids Show,1,62,0.54,0.14,9772,5090,AUTH_ERROR
2026-01-04 00:26:00,s4346,u268,Morocco,Smart TV,Sport Live,1,88,1.12,0.04,4132,1007,BUFFERING_ERROR
2026-01-04 00:27:00,s4347,u2017,Morocco,iOS,Series A,1,16,0.31,0.31,10328,3177,BUFFERING_ERROR
2026-01-04 00:28:00,s4348,u1176,Senegal,Web,Kids Show,1,15,1.19,0.41,6439,2554,
2026-01-04 00:29:00,s4349,u2080,Cameroon,Web,Series B,1,20,0.74,0.14,5607,2835,AUTH_ERROR
2026-01-04 00:30:00,s4350,u1034,Cameroon,Smart TV,Series A,1,87,1.21,0.01,5105,5203,STARTUP_TIMEOUT
2026-01-04 00:31:00,s4351,u1510,Morocco,Smart TV,Series A,1,13,1.27,0.14,10280,5421,
2026-01-04 00:32:00,s4352,u542,Cameroon,Android TV,Sport Live,1,55,1.3,0.17,4379,4638,LOW_BITRATE
2026-01-04 00:33:00,s4353,u2007,France,Smart TV,Kids Show,1,79,0.34,0.1,6539,1155,
2026-01-04 00:34:00,s4354,u1478,Senegal,Smart TV,Movie C,1,47,0.13,0.14,3551,2146,AUTH_ERROR
2026-01-04 00:35:00,s4355,u1553,Tunisia,Web,Kids Show,1,33,0.69,0.23,5114,2673,
2026-01-04 00:36:00,s4356,u1966,France,Android TV,Series B,1,4,0.68,0.11,5760,4168,CDN_ERROR
2026-01-04 00:37:00,s4357,u1119,Ivory Coast,STB,Series B,1,23,0.8,0.5,7027,2700,STARTUP_TIMEOUT
2026-01-04 00:38:00,s4358,u123,Morocco,Mobile,Documentary D,1,79,0.67,0.31,8863,1002,AUTH_ERROR
2026-01-04 00:39:00,s4359,u729,Ivory Coast,Smart TV,Series A,1,24,0.08,0.07,11258,933,AUTH_ERROR
2026-01-04 00:40:00,s4360,u374,Morocco,Smart TV,Sport Live,1,69,0.49,0.39,6136,2441,
2026-01-04 00:41:00,s4361,u298,Morocco,STB,Series B,1,75,0.12,0.03,9691,3713,LOW_BITRATE
2026-01-04 00:42:00,s4362,u1051,Senegal,Android TV,Series A,1,30,1.36,0.49,8798,2569,CDN_ERROR
2026-01-04 00:43:00,s4363,u1327,Ivory Coast,Smart TV,Series B,1,39,1.43,0.51,5212,2762,
2026-01-04 00:44:00,s4364,u261,Senegal,Mobile,Movie C,1,53,0.55,0.54,11750,3580,LOW_BITRATE
2026-01-04 00:45:00,s4365,u2004,Senegal,iOS,Documentary D,1,73,0.38,0.12,9674,3331,
2026-01-04 00:46:00,s4366,u909,Tunisia,STB,Movie C,1,74,0.88,0.1,1898,472,AUTH_ERROR
2026-01-04 00:47:00,s4367,u1849,Ivory Coast,Smart TV,Kids Show,1,2,1.2,0.52,5714,5342,
2026-01-04 00:48:00,s4368,u660,Cameroon,iOS,Series A,1,18,1.35,0.49,9874,5206,
2026-01-04 00:49:00,s4369,u565,Senegal,Mobile,Series B,1,52,0.26,0.45,810,2879,
2026-01-04 00:50:00,s4370,u1099,France,Mobile,Series A,1,19,0.3,0.23,11473,5133,
2026-01-04 00:51:00,s4371,u2293,France,iOS,Series B,1,71,0.83,0.35,11053,2800,
2026-01-04 00:52:00,s4372,u986,Ivory Coast,STB,Sport Live,1,85,0.45,0.32,1130,5781,BUFFERING_ERROR
2026-01-04 00:53:00,s4373,u2383,Ivory Coast,Smart TV,Documentary D,1,51,1.29,0.17,8504,5738,LOW_BITRATE
2026-01-04 00:54:00,s4374,u1806,Senegal,iOS,Sport Live,1,36,0.92,0.11,3755,4742,LOW_BITRATE
2026-01-04 00:55:00,s4375,u1117,Ivory Coast,Android TV,Documentary D,1,32,1.32,0.28,4435,4956,
2026-01-04 00:56:00,s4376,u2121,Cameroon,iOS,Series A,1,57,0.73,0.05,5325,5868,
2026-01-04 00:57:00,s4377,u2176,Senegal,STB,Series A,1,11,0.14,0.46,2241,5036,
2026-01-04 00:58:00,s4378,u1511,Senegal,iOS,Series B,1,87,0.94,0.08,8765,4930,
2026-01-04 00:59:00,s4379,u691,Morocco,Web,Movie C,1,28,0.57,0.1,4603,3520,
2026-01-04 01:00:00,s4380,u1608,Senegal,Web,Movie C,1,89,0.74,0.52,9709,1112,AUTH_ERROR
2026-01-04 01:01:00,s4381,u1661,Senegal,Mobile,Series B,1,12,1.43,0.5,2252,3439,BUFFERING_ERROR
2026-01-04 01:02:00,s4382,u1108,Cameroon,Android TV,Series A,1,19,1.01,0.18,4434,954,
2026-01-04 01:03:00,s4383,u2451,Ivory Coast,Smart TV,Movie C,1,36,0.44,0.05,10994,1359,
2026-01-04 01:04:00,s4384,u705,Cameroon,Smart TV,Series A,1,81,0.61,0.2,2773,3313,
2026-01-04 01:05:00,s4385,u80,Cameroon,Smart TV,Series B,1,11,0.42,0.27,2805,1258,
2026-01-04 01:06:00,s4386,u2171,Cameroon,Mobile,Series A,1,32,0.74,0.18,8900,3310,
2026-01-04 01:07:00,s4387,u54,Morocco,Web,Series A,1,87,1.16,0.5,8882,3092,
2026-01-04 01:08:00,s4388,u507,Morocco,Web,Series A,1,22,0.4,0.1,2117,5845,CDN_ERROR
2026-01-04 01:09:00,s4389,u72,Senegal,Android TV,Movie C,1,30,0.9,0.41,3721,2414,LOW_BITRATE
2026-01-04 01:10:00,s4390,u1468,Ivory Coast,iOS,Series A,1,45,0.84,0.39,10059,4852,AUTH_ERROR
2026-01-04 01:11:00,s4391,u2345,France,iOS,Movie C,1,27,0.5,0.19,6625,5976,CDN_ERROR
2026-01-04 01:12:00,s4392,u692,France,Android TV,Movie C,1,84,0.52,0.06,11078,976,STARTUP_TIMEOUT
2026-01-04 01:13:00,s4393,u1123,France,Smart TV,Kids Show,1,67,0.8,0.45,7771,5620,CDN_ERROR
2026-01-04 01:14:00,s4394,u115,France,Android TV,Documentary D,1,11,0.61,0.03,8750,4172,BUFFERING_ERROR
2026-01-04 01:15:00,s4395,u2145,Senegal,STB,Kids Show,1,34,0.67,0.44,8076,1228,STARTUP_TIMEOUT
2026-01-04 01:16:00,s4396,u1388,Tunisia,Smart TV,Kids Show,1,51,0.63,0.23,11254,5168,CDN_ERROR
2026-01-04 01:17:00,s4397,u954,Senegal,STB,Sport Live,1,18,0.94,0.03,7044,3157,AUTH_ERROR
2026-01-04 01:18:00,s4398,u1444,Tunisia,Mobile,Sport Live,1,49,0.82,0.24,6428,1471,BUFFERING_ERROR
2026-01-04 01:19:00,s4399,u2154,France,Android TV,Movie C,1,21,0.25,0.16,4628,4745,BUFFERING_ERROR
2026-01-04 01:20:00,s4400,u1278,Morocco,Android TV,Kids Show,1,5,0.25,0.24,7942,3008,
2026-01-04 01:21:00,s4401,u976,Tunisia,STB,Movie C,1,64,1.19,0.43,9454,4058,
2026-01-04 01:22:00,s4402,u175,Senegal,Mobile,Sport Live,1,34,0.73,0.38,2115,5049,LOW_BITRATE
2026-01-04 01:23:00,s4403,u1145,Morocco,iOS,Kids Show,1,18,0.94,0.36,6089,4593,CDN_ERROR
2026-01-04 01:24:00,s4404,u314,Morocco,Web,Series A,1,16,1.24,0.35,11504,3746,
2026-01-04 01:25:00,s4405,u2237,France,iOS,Sport Live,1,60,0.3,0.27,3105,4174,AUTH_ERROR
2026-01-04 01:26:00,s4406,u2012,Senegal,Web,Kids Show,1,28,1.26,0.15,3075,2345,AUTH_ERROR
2026-01-04 01:27:00,s4407,u1608,Morocco,STB,Series B,1,68,0.13,0.09,10973,2055,BUFFERING_ERROR
2026-01-04 01:28:00,s4408,u1743,Morocco,iOS,Series B,1,31,0.74,0.27,4491,709,AUTH_ERROR
2026-01-04 01:29:00,s4409,u1820,Cameroon,Mobile,Sport Live,1,55,1.15,0.06,8723,5811,
2026-01-04 01:30:00,s4410,u963,Morocco,Web,Series A,1,27,0.25,0.01,2754,2826,STARTUP_TIMEOUT
2026-01-04 01:31:00,s4411,u1367,Cameroon,iOS,Series A,1,68,0.77,0.33,6809,521,
2026-01-04 01:32:00,s4412,u2324,Ivory Coast,Mobile,Sport Live,1,62,1.24,0.46,10441,2203,
2026-01-04 01:33:00,s4413,u1418,Cameroon,Mobile,Movie C,1,11,1.45,0.3,10699,1568,LOW_BITRATE
2026-01-04 01:34:00,s4414,u1503,Cameroon,STB,Movie C,1,53,0.79,0.14,527,4478,CDN_ERROR
2026-01-04 01:35:00,s4415,u685,Senegal,Web,Series B,1,63,0.64,0.53,4370,3423,CDN_ERROR
2026-01-04 01:36:00,s4416,u1115,Tunisia,STB,Kids Show,1,12,1.06,0.45,3084,4565,
2026-01-04 01:37:00,s4417,u2439,Senegal,Smart TV,Movie C,1,50,1.19,0.42,10211,3989,CDN_ERROR
2026-01-04 01:38:00,s4418,u1927,Senegal,Android TV,Series A,1,27,0.57,0.19,8075,3297,AUTH_ERROR
2026-01-04 01:39:00,s4419,u1827,Senegal,iOS,Sport Live,1,79,0.84,0.03,1837,1491,STARTUP_TIMEOUT
2026-01-04 01:40:00,s4420,u204,Morocco,Smart TV,Sport Live,1,6,0.5,0.11,6538,2476,LOW_BITRATE
2026-01-04 01:41:00,s4421,u173,Ivory Coast,Mobile,Series A,1,17,0.25,0.54,6713,648,CDN_ERROR
2026-01-04 01:42:00,s4422,u1568,Senegal,STB,Kids Show,1,59,1.05,0.26,3976,2626,
2026-01-04 01:43:00,s4423,u400,Ivory Coast,STB,Movie C,1,33,0.08,0.3,5702,3344,BUFFERING_ERROR
2026-01-04 01:44:00,s4424,u692,Senegal,Android TV,Documentary D,1,72,0.81,0.54,5358,5072,
2026-01-04 01:45:00,s4425,u2425,Tunisia,Web,Kids Show,1,66,1.07,0.25,910,577,LOW_BITRATE
2026-01-04 01:46:00,s4426,u40,Morocco,Mobile,Series A,1,89,0.68,0.22,3481,5004,
2026-01-04 01:47:00,s4427,u984,Cameroon,iOS,Series A,1,61,1.18,0.09,3477,1830,LOW_BITRATE
2026-01-04 01:48:00,s4428,u1935,Tunisia,Web,Movie C,1,75,0.04,0.38,3264,1010,AUTH_ERROR
2026-01-04 01:49:00,s4429,u2157,Tunisia,Mobile,Documentary D,1,38,0.4,0.21,7533,4715,CDN_ERROR
2026-01-04 01:50:00,s4430,u1595,Morocco,Android TV,Movie C,1,84,0.23,0.36,644,3961,STARTUP_TIMEOUT
2026-01-04 01:51:00,s4431,u2496,Morocco,iOS,Movie C,1,16,1.12,0.15,4052,5499,CDN_ERROR
2026-01-04 01:52:00,s4432,u1892,Senegal,Smart TV,Series A,1,31,0.97,0.14,10290,2441,BUFFERING_ERROR
2026-01-04 01:53:00,s4433,u1516,Ivory Coast,iOS,Movie C,1,79,0.76,0.23,9360,4301,
2026-01-04 01:54:00,s4434,u1022,Senegal,Smart TV,Movie C,1,83,1.05,0.47,1861,3561,CDN_ERROR
2026-01-04 01:55:00,s4435,u145,France,Smart TV,Documentary D,1,36,0.61,0.31,11230,5787,
2026-01-04 01:56:00,s4436,u820,Tunisia,Mobile,Series B,1,20,0.24,0.37,4814,2703,
2026-01-04 01:57:00,s4437,u1330,Cameroon,Smart TV,Documentary D,1,16,0.14,0.36,5985,578,LOW_BITRATE
2026-01-04 01:58:00,s4438,u1667,France,Web,Series B,1,24,0.09,0.34,4890,3049,CDN_ERROR
2026-01-04 01:59:00,s4439,u2463,France,Mobile,Sport Live,1,35,0.45,0.34,9825,3034,LOW_BITRATE
2026-01-04 02:00:00,s4440,u1851,Morocco,STB,Documentary D,1,89,0.29,0.01,1312,2603,AUTH_ERROR
2026-01-04 02:01:00,s4441,u458,Morocco,Web,Series B,1,48,0.1,0.45,10353,1609,
2026-01-04 02:02:00,s4442,u961,Tunisia,Web,Kids Show,1,68,1.2,0.24,4410,2162,STARTUP_TIMEOUT
2026-01-04 02:03:00,s4443,u2172,Cameroon,iOS,Series A,1,43,1.48,0.52,6533,5136,
2026-01-04 02:04:00,s4444,u454,Ivory Coast,STB,Series A,1,58,0.32,0.04,10783,4403,
2026-01-04 02:05:00,s4445,u599,Morocco,iOS,Series A,1,52,0.93,0.14,8217,5927,STARTUP_TIMEOUT
2026-01-04 02:06:00,s4446,u1769,Morocco,iOS,Movie C,1,8,1.28,0.54,8609,5735,
2026-01-04 02:07:00,s4447,u195,Ivory Coast,STB,Series A,1,67,1.32,0.31,9250,3189,AUTH_ERROR
2026-01-04 02:08:00,s4448,u1904,Tunisia,STB,Documentary D,1,34,0.35,0.47,1755,5395,
2026-01-04 02:09:00,s4449,u813,Senegal,iOS,Movie C,1,56,0.36,0.14,3969,2518,STARTUP_TIMEOUT
2026-01-04 02:10:00,s4450,u154,Cameroon,Android TV,Series A,1,24,0.12,0.32,8403,3356,BUFFERING_ERROR
2026-01-04 02:11:00,s4451,u1149,Tunisia,Android TV,Documentary D,1,25,1.29,0.09,10983,2928,STARTUP_TIMEOUT
2026-01-04 02:12:00,s4452,u2207,Senegal,Web,Series A,1,82,1.15,0.48,11571,1910,
2026-01-04 02:13:00,s4453,u523,Tunisia,Android TV,Movie C,1,84,0.68,0.38,8682,3128,BUFFERING_ERROR
2026-01-04 02:14:00,s4454,u833,Tunisia,STB,Sport Live,1,50,0.24,0.15,6394,1662,LOW_BITRATE
2026-01-04 02:15:00,s4455,u1439,Morocco,Android TV,Series B,1,10,0.57,0.3,2856,1951,
2026-01-04 02:16:00,s4456,u1520,Morocco,Web,Series B,1,90,1.45,0.45,5665,5206,STARTUP_TIMEOUT
2026-01-04 02:17:00,s4457,u289,Tunisia,STB,Series A,1,33,1.35,0.39,7532,1256,BUFFERING_ERROR
2026-01-04 02:18:00,s4458,u2176,Tunisia,Web,Movie C,1,79,0.9,0.47,7270,5214,
2026-01-04 02:19:00,s4459,u1241,Cameroon,STB,Kids Show,1,90,1.43,0.34,8435,3169,
2026-01-04 02:20:00,s4460,u848,Ivory Coast,Web,Series A,1,83,1.39,0.12,1441,3202,AUTH_ERROR
2026-01-04 02:21:00,s4461,u340,France,Web,Documentary D,1,85,1.36,0.11,8574,1690,STARTUP_TIMEOUT
2026-01-04 02:22:00,s4462,u2430,Morocco,Smart TV,Sport Live,1,80,1.23,0.05,10716,1508,
2026-01-04 02:23:00,s4463,u1404,Morocco,Android TV,Movie C,1,36,0.31,0.51,798,1080,
2026-01-04 02:24:00,s4464,u1925,Senegal,Mobile,Movie C,1,8,0.14,0.41,4421,2166,STARTUP_TIMEOUT
2026-01-04 02:25:00,s4465,u485,Cameroon,Android TV,Documentary D,1,85,0.7,0.41,9584,4546,BUFFERING_ERROR
2026-01-04 02:26:00,s4466,u1279,Tunisia,Mobile,Series B,1,75,1.13,0.54,7321,683,
2026-01-04 02:27:00,s4467,u2412,Cameroon,Smart TV,Movie C,1,33,0.56,0.21,4624,4457,LOW_BITRATE
2026-01-04 02:28:00,s4468,u1992,Cameroon,STB,Movie C,1,26,0.86,0.29,4652,3370,STARTUP_TIMEOUT
2026-01-04 02:29:00,s4469,u1514,Ivory Coast,Android TV,Series B,1,5,1.01,0.1,1753,3628,
2026-01-04 02:30:00,s4470,u2012,Morocco,iOS,Documentary D,1,79,0.55,0.51,9069,844,
2026-01-04 02:31:00,s4471,u2056,Senegal,Web,Series B,1,3,1.37,0.27,6375,4281,
2026-01-04 02:32:00,s4472,u690,Tunisia,Web,Series A,1,64,1.11,0.34,8492,3938,STARTUP_TIMEOUT
2026-01-04 02:33:00,s4473,u94,Tunisia,Mobile,Documentary D,1,38,0.02,0.11,4302,5572,
2026-01-04 02:34:00,s4474,u1094,Tunisia,Mobile,Series A,1,87,0.19,0.1,10373,5580,
2026-01-04 02:35:00,s4475,u454,Cameroon,STB,Sport Live,1,61,0.49,0.16,10424,2359,AUTH_ERROR
2026-01-04 02:36:00,s4476,u2231,France,Web,Documentary D,1,37,0.9,0.25,10071,4854,LOW_BITRATE
2026-01-04 02:37:00,s4477,u2368,Tunisia,Web,Series A,1,69,0.75,0.43,11286,3085,BUFFERING_ERROR
2026-01-04 02:38:00,s4478,u1817,Tunisia,STB,Series B,1,78,0.48,0.39,11926,995,
2026-01-04 02:39:00,s4479,u546,Tunisia,iOS,Movie C,1,82,0.69,0.35,4750,1356,
2026-01-04 02:40:00,s4480,u57,Ivory Coast,iOS,Documentary D,1,84,1.49,0.32,7324,2045,BUFFERING_ERROR
2026-01-04 02:41:00,s4481,u2342,Tunisia,STB,Documentary D,1,35,0.3,0.41,11837,4442,LOW_BITRATE
2026-01-04 02:42:00,s4482,u1146,France,Web,Series A,1,86,0.19,0.27,1503,4942,CDN_ERROR
2026-01-04 02:43:00,s4483,u2175,Morocco,Android TV,Sport Live,1,24,0.37,0.21,9888,3147,BUFFERING_ERROR
2026-01-04 02:44:00,s4484,u987,Tunisia,STB,Series B,1,64,1.44,0.33,9429,3780,
2026-01-04 02:45:00,s4485,u1686,Cameroon,Web,Series A,1,5,0.07,0.17,3677,3810,
2026-01-04 02:46:00,s4486,u1810,Ivory Coast,iOS,Documentary D,1,48,0.91,0.22,3146,1896,
2026-01-04 02:47:00,s4487,u1853,Ivory Coast,STB,Series A,1,7,0.48,0.52,3286,2767,STARTUP_TIMEOUT
2026-01-04 02:48:00,s4488,u1688,Senegal,iOS,Documentary D,1,17,0.51,0.14,8814,2811,
2026-01-04 02:49:00,s4489,u1184,Ivory Coast,iOS,Kids Show,1,33,0.32,0.19,8268,5511,
2026-01-04 02:50:00,s4490,u243,Cameroon,STB,Sport Live,1,71,0.28,0.31,6854,1013,AUTH_ERROR
2026-01-04 02:51:00,s4491,u238,Tunisia,Web,Kids Show,1,27,0.3,0.06,8382,2232,
2026-01-04 02:52:00,s4492,u2051,Tunisia,Android TV,Series A,1,72,0.95,0.52,10452,2947,AUTH_ERROR
2026-01-04 02:53:00,s4493,u974,France,Smart TV,Series A,1,73,0.31,0.26,2642,663,
2026-01-04 02:54:00,s4494,u201,France,Android TV,Documentary D,1,58,0.73,0.32,1757,1591,
2026-01-04 02:55:00,s4495,u1834,Cameroon,Android TV,Series B,1,11,1.26,0.34,8546,3748,
2026-01-04 02:56:00,s4496,u1094,Tunisia,iOS,Series A,1,20,0.23,0.13,2763,4999,LOW_BITRATE
2026-01-04 02:57:00,s4497,u2476,Morocco,STB,Movie C,1,23,1.34,0.43,7722,1063,
2026-01-04 02:58:00,s4498,u550,Ivory Coast,Smart TV,Series A,1,58,1.4,0.33,1796,4319,LOW_BITRATE
2026-01-04 02:59:00,s4499,u246,Tunisia,Web,Sport Live,1,76,1.4,0.25,1880,4034,
2026-01-04 03:00:00,s4500,u1226,Ivory Coast,Web,Series A,1,78,0.47,0.26,6395,625,
2026-01-04 03:01:00,s4501,u2480,Senegal,iOS,Movie C,1,20,0.25,0.51,844,5620,BUFFERING_ERROR
2026-01-04 03:02:00,s4502,u2013,France,Mobile,Series B,1,15,0.84,0.44,4664,3143,
2026-01-04 03:03:00,s4503,u1136,Senegal,Web,Sport Live,1,21,0.02,0.07,6671,2958,
2026-01-04 03:04:00,s4504,u668,France,STB,Kids Show,1,14,0.34,0.32,3208,4761,LOW_BITRATE
2026-01-04 03:05:00,s4505,u213,Tunisia,iOS,Movie C,1,87,1.29,0.28,10367,4137,
2026-01-04 03:06:00,s4506,u529,France,Web,Sport Live,1,9,0.45,0.27,2336,4561,AUTH_ERROR
2026-01-04 03:07:00,s4507,u62,Morocco,iOS,Sport Live,1,30,0.56,0.08,10360,4584,
2026-01-04 03:08:00,s4508,u967,France,Mobile,Movie C,1,8,1.14,0.11,5199,2096,CDN_ERROR
2026-01-04 03:09:00,s4509,u2350,France,Smart TV,Movie C,1,86,0.18,0.26,8667,3142,
2026-01-04 03:10:00,s4510,u1957,Ivory Coast,iOS,Documentary D,1,43,1.38,0.19,2384,3392,
2026-01-04 03:11:00,s4511,u2263,France,iOS,Sport Live,1,47,0.95,0.3,4066,1167,BUFFERING_ERROR
2026-01-04 03:12:00,s4512,u1827,Senegal,Mobile,Kids Show,1,52,1.33,0.23,9405,5121,BUFFERING_ERROR
2026-01-04 03:13:00,s4513,u855,Cameroon,Smart TV,Kids Show,1,57,0.52,0.54,4693,4629,AUTH_ERROR
2026-01-04 03:14:00,s4514,u315,Cameroon,Android TV,Documentary D,1,43,1.3,0.16,3776,5987,
2026-01-04 03:15:00,s4515,u2306,France,iOS,Documentary D,1,65,1.14,0.47,11640,3178,AUTH_ERROR
2026-01-04 03:16:00,s4516,u2321,Senegal,Mobile,Kids Show,1,42,0.77,0.46,8146,609,BUFFERING_ERROR
2026-01-04 03:17:00,s4517,u1838,Tunisia,STB,Kids Show,1,21,0.13,0.51,3470,5327,LOW_BITRATE
2026-01-04 03:18:00,s4518,u1316,Morocco,Mobile,Sport Live,1,5,1.42,0.24,8354,4265,BUFFERING_ERROR
2026-01-04 03:19:00,s4519,u2462,Ivory Coast,Smart TV,Kids Show,1,28,0.98,0.4,3817,3498,
2026-01-04 03:20:00,s4520,u576,Cameroon,iOS,Kids Show,1,77,1.3,0.04,6009,4704,STARTUP_TIMEOUT
2026-01-04 03:21:00,s4521,u1480,France,Smart TV,Documentary D,1,39,1.32,0.1,925,4912,
2026-01-04 03:22:00,s4522,u587,Senegal,Smart TV,Sport Live,1,45,0.03,0.33,4340,3713,STARTUP_TIMEOUT
2026-01-04 03:23:00,s4523,u1984,Cameroon,Smart TV,Series B,1,35,1.49,0.32,5323,5252,
2026-01-04 03:24:00,s4524,u1168,Morocco,Mobile,Sport Live,1,35,0.29,0.33,537,4164,STARTUP_TIMEOUT
2026-01-04 03:25:00,s4525,u1278,Cameroon,STB,Documentary D,1,9,1.0,0.42,5476,5469,
2026-01-04 03:26:00,s4526,u2002,France,Android TV,Series B,1,63,1.14,0.51,9266,1581,CDN_ERROR
2026-01-04 03:27:00,s4527,u2102,Senegal,Android TV,Kids Show,1,36,0.23,0.18,8616,5933,BUFFERING_ERROR
2026-01-04 03:28:00,s4528,u1175,Cameroon,STB,Kids Show,1,7,0.49,0.06,7274,1269,BUFFERING_ERROR
2026-01-04 03:29:00,s4529,u497,Ivory Coast,STB,Kids Show,1,35,1.47,0.44,1628,3987,BUFFERING_ERROR
2026-01-04 03:30:00,s4530,u1427,France,iOS,Sport Live,1,9,0.8,0.13,5798,4040,BUFFERING_ERROR
2026-01-04 03:31:00,s4531,u1967,Tunisia,Smart TV,Series B,1,42,0.84,0.19,5500,2395,BUFFERING_ERROR
2026-01-04 03:32:00,s4532,u306,Cameroon,iOS,Series B,1,72,1.24,0.15,6794,5628,STARTUP_TIMEOUT
2026-01-04 03:33:00,s4533,u1192,Morocco,Mobile,Movie C,1,22,0.78,0.3,3184,4756,
2026-01-04 03:34:00,s4534,u226,Senegal,Smart TV,Documentary D,1,6,1.43,0.18,2275,1283,BUFFERING_ERROR
2026-01-04 03:35:00,s4535,u413,Morocco,iOS,Kids Show,1,90,0.36,0.11,8986,1471,BUFFERING_ERROR
2026-01-04 03:36:00,s4536,u977,Morocco,iOS,Series A,1,51,0.99,0.47,6424,2817,CDN_ERROR
2026-01-04 03:37:00,s4537,u1693,Ivory Coast,iOS,Documentary D,1,47,0.7,0.46,1729,3874,STARTUP_TIMEOUT
2026-01-04 03:38:00,s4538,u2071,France,Web,Kids Show,1,29,1.16,0.44,10148,2986,LOW_BITRATE
2026-01-04 03:39:00,s4539,u1484,Ivory Coast,Android TV,Kids Show,1,5,0.45,0.51,905,4917,AUTH_ERROR
2026-01-04 03:40:00,s4540,u2159,France,Smart TV,Documentary D,1,68,0.32,0.41,4834,3164,AUTH_ERROR
2026-01-04 03:41:00,s4541,u517,Ivory Coast,STB,Movie C,1,86,0.87,0.48,738,3631,
2026-01-04 03:42:00,s4542,u2224,Morocco,Smart TV,Kids Show,1,35,0.34,0.04,1308,5877,STARTUP_TIMEOUT
2026-01-04 03:43:00,s4543,u2349,France,Mobile,Documentary D,1,68,0.09,0.24,5765,4139,
2026-01-04 03:44:00,s4544,u2493,Morocco,STB,Documentary D,1,76,0.36,0.01,1556,5162,
2026-01-04 03:45:00,s4545,u1719,Ivory Coast,Android TV,Documentary D,1,72,1.33,0.35,9713,5458,
2026-01-04 03:46:00,s4546,u359,Morocco,STB,Documentary D,1,83,1.03,0.34,9671,628,
2026-01-04 03:47:00,s4547,u1974,Ivory Coast,Mobile,Documentary D,1,6,0.49,0.33,5018,3373,
2026-01-04 03:48:00,s4548,u331,Senegal,Android TV,Documentary D,1,6,1.26,0.29,4477,2074,CDN_ERROR
2026-01-04 03:49:00,s4549,u389,Tunisia,Mobile,Series B,1,63,0.05,0.4,5926,2852,
2026-01-04 03:50:00,s4550,u1659,Morocco,Mobile,Sport Live,1,24,0.61,0.5,11832,3437,CDN_ERROR
2026-01-04 03:51:00,s4551,u874,France,Web,Documentary D,1,28,0.21,0.2,11414,4391,CDN_ERROR
2026-01-04 03:52:00,s4552,u2306,Cameroon,iOS,Movie C,1,22,1.35,0.5,1447,3167,
2026-01-04 03:53:00,s4553,u630,Tunisia,Smart TV,Documentary D,1,79,1.48,0.34,4229,3422,LOW_BITRATE
2026-01-04 03:54:00,s4554,u1287,Ivory Coast,STB,Documentary D,1,68,0.48,0.33,1058,4484,AUTH_ERROR
2026-01-04 03:55:00,s4555,u225,Morocco,Web,Sport Live,1,6,0.17,0.42,8911,5024,
2026-01-04 03:56:00,s4556,u1887,Morocco,Web,Series A,1,44,1.28,0.46,2277,1640,STARTUP_TIMEOUT
2026-01-04 03:57:00,s4557,u70,Tunisia,STB,Series A,1,55,0.39,0.17,6887,1096,CDN_ERROR
2026-01-04 03:58:00,s4558,u1963,Senegal,iOS,Movie C,1,2,0.8,0.14,6179,5209,AUTH_ERROR
2026-01-04 03:59:00,s4559,u1720,Ivory Coast,Web,Movie C,1,30,0.08,0.38,5866,4817,AUTH_ERROR
2026-01-04 04:00:00,s4560,u372,Senegal,Smart TV,Series B,1,12,0.76,0.42,1764,942,STARTUP_TIMEOUT
2026-01-04 04:01:00,s4561,u2295,France,Smart TV,Series B,1,55,0.29,0.1,11933,1501,
2026-01-04 04:02:00,s4562,u479,Senegal,iOS,Kids Show,1,44,0.93,0.49,10154,5088,BUFFERING_ERROR
2026-01-04 04:03:00,s4563,u2483,Cameroon,STB,Kids Show,1,7,0.7,0.39,10463,1328,
2026-01-04 04:04:00,s4564,u573,Cameroon,Mobile,Series B,1,38,1.12,0.02,1142,3519,
2026-01-04 04:05:00,s4565,u2437,Ivory Coast,iOS,Sport Live,1,73,0.3,0.53,5941,1284,LOW_BITRATE
2026-01-04 04:06:00,s4566,u1519,Cameroon,STB,Series B,1,48,0.08,0.11,5303,4637,
2026-01-04 04:07:00,s4567,u1234,Ivory Coast,Web,Kids Show,1,56,0.49,0.22,9938,5206,
2026-01-04 04:08:00,s4568,u1179,Cameroon,Mobile,Movie C,1,57,0.57,0.02,4552,2787,CDN_ERROR
2026-01-04 04:09:00,s4569,u931,Ivory Coast,Smart TV,Series B,1,40,0.66,0.52,2824,4678,
2026-01-04 04:10:00,s4570,u2154,France,Smart TV,Kids Show,1,26,1.37,0.19,2014,2131,
2026-01-04 04:11:00,s4571,u1563,Ivory Coast,Web,Documentary D,1,87,0.11,0.42,8015,5663,AUTH_ERROR
2026-01-04 04:12:00,s4572,u731,Tunisia,Smart TV,Series A,1,12,0.35,0.53,8795,4500,CDN_ERROR
2026-01-04 04:13:00,s4573,u661,Tunisia,Web,Sport Live,1,13,0.86,0.15,10458,3312,
2026-01-04 04:14:00,s4574,u1892,Cameroon,iOS,Series B,1,87,0.68,0.22,9430,3946,
2026-01-04 04:15:00,s4575,u1939,Morocco,Mobile,Sport Live,1,20,1.39,0.47,10283,2702,STARTUP_TIMEOUT
2026-01-04 04:16:00,s4576,u948,Morocco,Mobile,Sport Live,1,70,1.16,0.43,6461,2551,LOW_BITRATE
2026-01-04 04:17:00,s4577,u889,Cameroon,Android TV,Series A,1,87,0.32,0.33,7825,4611,AUTH_ERROR
2026-01-04 04:18:00,s4578,u661,Tunisia,Mobile,Documentary D,1,65,1.45,0.07,1533,5128,LOW_BITRATE
2026-01-04 04:19:00,s4579,u1560,France,STB,Sport Live,1,56,0.96,0.07,2631,1814,AUTH_ERROR
2026-01-04 04:20:00,s4580,u1600,Tunisia,Smart TV,Kids Show,1,37,1.48,0.08,8820,4096,BUFFERING_ERROR
2026-01-04 04:21:00,s4581,u629,Morocco,Web,Series A,1,10,1.48,0.09,786,1598,CDN_ERROR
2026-01-04 04:22:00,s4582,u1063,Ivory Coast,Mobile,Sport Live,1,37,1.25,0.15,8765,4869,STARTUP_TIMEOUT
2026-01-04 04:23:00,s4583,u707,Senegal,Web,Kids Show,1,16,0.6,0.47,8141,2957,LOW_BITRATE
2026-01-04 04:24:00,s4584,u160,Morocco,STB,Kids Show,1,34,1.33,0.01,4262,5933,STARTUP_TIMEOUT
2026-01-04 04:25:00,s4585,u1888,Cameroon,Web,Series B,1,6,0.25,0.24,5879,5883,CDN_ERROR
2026-01-04 04:26:00,s4586,u2289,Cameroon,iOS,Series B,1,44,1.47,0.2,5063,1007,STARTUP_TIMEOUT
2026-01-04 04:27:00,s4587,u2145,France,Web,Sport Live,1,32,1.18,0.48,10321,4286,CDN_ERROR
2026-01-04 04:28:00,s4588,u1248,Senegal,STB,Movie C,1,55,1.19,0.12,11983,2980,STARTUP_TIMEOUT
2026-01-04 04:29:00,s4589,u2050,France,Mobile,Sport Live,1,55,0.13,0.4,8734,532,
2026-01-04 04:30:00,s4590,u913,Tunisia,Smart TV,Series A,1,51,1.11,0.03,10057,2982,STARTUP_TIMEOUT
2026-01-04 04:31:00,s4591,u871,Morocco,Mobile,Kids Show,1,45,1.12,0.41,7915,1305,AUTH_ERROR
2026-01-04 04:32:00,s4592,u611,Senegal,STB,Series B,1,45,0.18,0.11,6876,3726,CDN_ERROR
2026-01-04 04:33:00,s4593,u1561,Cameroon,Mobile,Series A,1,2,0.8,0.46,2475,1752,AUTH_ERROR
2026-01-04 04:34:00,s4594,u969,Ivory Coast,Smart TV,Sport Live,1,3,0.22,0.36,1613,2481,BUFFERING_ERROR
2026-01-04 04:35:00,s4595,u1412,Senegal,Smart TV,Movie C,1,63,1.4,0.42,1753,1407,LOW_BITRATE
2026-01-04 04:36:00,s4596,u2096,Tunisia,Android TV,Kids Show,1,12,0.83,0.17,6979,3754,LOW_BITRATE
2026-01-04 04:37:00,s4597,u161,Senegal,Android TV,Series A,1,84,1.02,0.48,4283,682,STARTUP_TIMEOUT
2026-01-04 04:38:00,s4598,u1968,Morocco,STB,Kids Show,1,86,1.48,0.3,7616,1165,CDN_ERROR
2026-01-04 04:39:00,s4599,u2121,Ivory Coast,iOS,Series A,1,38,0.25,0.32,9060,4191,
2026-01-04 04:40:00,s4600,u1632,Senegal,STB,Documentary D,1,47,0.53,0.21,7736,4219,
2026-01-04 04:41:00,s4601,u2391,Ivory Coast,STB,Series B,1,15,0.36,0.33,9418,1114,AUTH_ERROR
2026-01-04 04:42:00,s4602,u283,Senegal,Web,Sport Live,1,35,0.84,0.53,1342,2541,AUTH_ERROR
2026-01-04 04:43:00,s4603,u1249,Ivory Coast,iOS,Documentary D,1,78,1.37,0.09,3105,2076,
2026-01-04 04:44:00,s4604,u676,Senegal,Android TV,Sport Live,1,82,0.64,0.04,9905,5994,
2026-01-04 04:45:00,s4605,u288,Cameroon,STB,Series A,1,90,1.15,0.15,2264,3132,BUFFERING_ERROR
2026-01-04 04:46:00,s4606,u955,Ivory Coast,STB,Series A,1,28,0.31,0.25,9291,4875,AUTH_ERROR
2026-01-04 04:47:00,s4607,u714,Tunisia,iOS,Sport Live,1,43,0.9,0.38,6848,1962,
2026-01-04 04:48:00,s4608,u453,Morocco,STB,Series B,1,39,0.28,0.2,2590,518,
2026-01-04 04:49:00,s4609,u2490,France,iOS,Sport Live,1,17,0.82,0.43,1540,4763,AUTH_ERROR
2026-01-04 04:50:00,s4610,u945,Ivory Coast,iOS,Documentary D,1,86,0.49,0.4,8968,5494,BUFFERING_ERROR
2026-01-04 04:51:00,s4611,u1868,Cameroon,Mobile,Documentary D,1,4,0.98,0.49,2882,1898,STARTUP_TIMEOUT
2026-01-04 04:52:00,s4612,u70,Senegal,Web,Movie C,1,71,0.13,0.07,2971,3523,
2026-01-04 04:53:00,s4613,u2009,Cameroon,Smart TV,Series A,1,20,0.47,0.34,7009,3194,LOW_BITRATE
2026-01-04 04:54:00,s4614,u848,Tunisia,iOS,Series B,1,86,0.77,0.01,8775,835,STARTUP_TIMEOUT
2026-01-04 04:55:00,s4615,u1985,Ivory Coast,Android TV,Movie C,1,75,0.76,0.21,4762,1377,
2026-01-04 04:56:00,s4616,u538,Ivory Coast,Smart TV,Series A,1,64,0.54,0.12,2838,881,LOW_BITRATE
2026-01-04 04:57:00,s4617,u1051,Ivory Coast,Smart TV,Documentary D,1,80,1.22,0.05,5512,4315,
2026-01-04 04:58:00,s4618,u634,Morocco,iOS,Series A,1,43,1.0,0.22,1865,4748,
2026-01-04 04:59:00,s4619,u2007,Ivory Coast,Mobile,Kids Show,1,70,1.32,0.23,3103,4699,
2026-01-04 05:00:00,s4620,u921,Morocco,Mobile,Series B,1,13,1.22,0.25,1171,2231,
2026-01-04 05:01:00,s4621,u1711,Senegal,iOS,Movie C,1,17,0.18,0.49,7016,4416,AUTH_ERROR
2026-01-04 05:02:00,s4622,u1243,Ivory Coast,iOS,Documentary D,1,19,1.04,0.42,5585,565,LOW_BITRATE
2026-01-04 05:03:00,s4623,u1433,Cameroon,STB,Sport Live,1,43,0.35,0.45,5607,3173,AUTH_ERROR
2026-01-04 05:04:00,s4624,u1249,Tunisia,STB,Documentary D,1,29,0.66,0.15,3403,4629,
2026-01-04 05:05:00,s4625,u2258,Tunisia,STB,Documentary D,1,15,0.57,0.31,11066,3538,CDN_ERROR
2026-01-04 05:06:00,s4626,u418,Morocco,STB,Documentary D,1,70,1.18,0.38,10785,4863,STARTUP_TIMEOUT
2026-01-04 05:07:00,s4627,u1382,Morocco,Mobile,Documentary D,1,75,1.43,0.5,9992,1890,
2026-01-04 05:08:00,s4628,u1489,Senegal,Smart TV,Series B,1,70,0.06,0.34,11589,1182,
2026-01-04 05:09:00,s4629,u1980,Tunisia,Android TV,Movie C,1,45,1.21,0.53,9202,2932,LOW_BITRATE
2026-01-04 05:10:00,s4630,u2207,Ivory Coast,Web,Series A,1,36,0.72,0.45,8270,2029,CDN_ERROR
2026-01-04 05:11:00,s4631,u890,Cameroon,Smart TV,Documentary D,1,86,0.14,0.19,2044,2712,
2026-01-04 05:12:00,s4632,u1120,Tunisia,Android TV,Series B,1,49,0.61,0.07,815,1798,
2026-01-04 05:13:00,s4633,u1749,Morocco,Web,Series A,1,65,0.69,0.42,7623,4641,LOW_BITRATE
2026-01-04 05:14:00,s4634,u198,Senegal,iOS,Documentary D,1,37,0.45,0.15,2822,4353,BUFFERING_ERROR
2026-01-04 05:15:00,s4635,u728,France,Smart TV,Documentary D,1,22,0.35,0.45,3327,5859,
2026-01-04 05:16:00,s4636,u354,Senegal,Mobile,Sport Live,1,58,0.4,0.15,2608,4453,BUFFERING_ERROR
2026-01-04 05:17:00,s4637,u164,Tunisia,STB,Kids Show,1,26,0.69,0.24,1970,4312,
2026-01-04 05:18:00,s4638,u2491,Morocco,STB,Movie C,1,88,0.54,0.51,3623,5280,LOW_BITRATE
2026-01-04 05:19:00,s4639,u728,Cameroon,Web,Series B,1,87,1.32,0.5,5911,1335,
2026-01-04 05:20:00,s4640,u938,Tunisia,Smart TV,Movie C,1,9,1.38,0.19,10079,2269,BUFFERING_ERROR
2026-01-04 05:21:00,s4641,u2469,Ivory Coast,Android TV,Kids Show,1,19,0.97,0.14,9510,2211,CDN_ERROR
2026-01-04 05:22:00,s4642,u1364,Tunisia,Mobile,Series A,1,14,0.47,0.27,5573,1354,
2026-01-04 05:23:00,s4643,u1136,Morocco,Web,Movie C,1,29,0.68,0.18,4568,1805,
2026-01-04 05:24:00,s4644,u1452,Senegal,Web,Documentary D,1,43,0.89,0.08,941,5393,BUFFERING_ERROR
2026-01-04 05:25:00,s4645,u2258,Cameroon,Mobile,Documentary D,1,9,0.8,0.45,5511,746,LOW_BITRATE
2026-01-04 05:26:00,s4646,u1355,Cameroon,STB,Series B,1,62,0.63,0.47,5839,710,
2026-01-04 05:27:00,s4647,u1336,Morocco,Web,Kids Show,1,65,1.27,0.01,1586,603,CDN_ERROR
2026-01-04 05:28:00,s4648,u2420,Cameroon,iOS,Sport Live,1,42,1.46,0.48,5733,1329,LOW_BITRATE
2026-01-04 05:29:00,s4649,u1810,Ivory Coast,STB,Series A,1,65,0.06,0.15,8116,2622,
2026-01-04 05:30:00,s4650,u731,Senegal,iOS,Series A,1,70,1.25,0.38,4709,3575,AUTH_ERROR
2026-01-04 05:31:00,s4651,u646,Ivory Coast,Smart TV,Kids Show,1,53,0.27,0.35,7577,1799,
2026-01-04 05:32:00,s4652,u2092,France,Mobile,Series B,1,28,0.14,0.03,5016,5192,LOW_BITRATE
2026-01-04 05:33:00,s4653,u2347,France,Web,Sport Live,1,13,1.49,0.51,8246,4670,
2026-01-04 05:34:00,s4654,u2005,Ivory Coast,iOS,Series A,1,30,0.7,0.17,10337,4851,AUTH_ERROR
2026-01-04 05:35:00,s4655,u1810,Tunisia,Smart TV,Sport Live,1,19,0.97,0.43,10197,1195,STARTUP_TIMEOUT
2026-01-04 05:36:00,s4656,u1685,Morocco,STB,Series A,1,65,0.91,0.51,5630,4245,LOW_BITRATE
2026-01-04 05:37:00,s4657,u1477,Senegal,Android TV,Movie C,1,8,1.32,0.34,10336,3925,CDN_ERROR
2026-01-04 05:38:00,s4658,u1126,Ivory Coast,Web,Movie C,1,55,1.25,0.2,5933,3924,
2026-01-04 05:39:00,s4659,u450,France,Smart TV,Kids Show,1,85,0.57,0.2,2832,2845,STARTUP_TIMEOUT
2026-01-04 05:40:00,s4660,u172,Senegal,iOS,Sport Live,1,4,1.47,0.19,2591,2071,STARTUP_TIMEOUT
2026-01-04 05:41:00,s4661,u2009,Senegal,iOS,Sport Live,1,15,1.41,0.13,10451,3460,
2026-01-04 05:42:00,s4662,u141,France,iOS,Series B,1,2,0.4,0.03,2911,5502,
2026-01-04 05:43:00,s4663,u2018,Tunisia,iOS,Series A,1,29,1.06,0.2,11526,2516,
2026-01-04 05:44:00,s4664,u1674,Morocco,STB,Series B,1,44,1.16,0.21,5318,946,
2026-01-04 05:45:00,s4665,u1282,Morocco,Mobile,Movie C,1,47,0.58,0.29,3702,4743,
2026-01-04 05:46:00,s4666,u2452,Cameroon,iOS,Sport Live,1,7,1.38,0.09,2270,743,LOW_BITRATE
2026-01-04 05:47:00,s4667,u1903,Morocco,iOS,Movie C,1,65,0.05,0.51,7761,2050,BUFFERING_ERROR
2026-01-04 05:48:00,s4668,u266,Tunisia,Web,Series A,1,9,0.01,0.44,3312,1848,
2026-01-04 05:49:00,s4669,u899,Morocco,iOS,Series B,1,9,1.18,0.33,2294,691,CDN_ERROR
2026-01-04 05:50:00,s4670,u1696,Senegal,STB,Kids Show,1,72,0.39,0.42,1192,2798,
2026-01-04 05:51:00,s4671,u845,Ivory Coast,Web,Documentary D,1,42,0.49,0.33,7109,652,STARTUP_TIMEOUT
2026-01-04 05:52:00,s4672,u457,Tunisia,Android TV,Series A,1,71,0.78,0.41,8939,5406,AUTH_ERROR
2026-01-04 05:53:00,s4673,u797,Senegal,Mobile,Kids Show,1,64,0.09,0.25,8419,2169,CDN_ERROR
2026-01-04 05:54:00,s4674,u1391,Tunisia,STB,Series A,1,9,0.16,0.4,4937,5996,CDN_ERROR
2026-01-04 05:55:00,s4675,u519,Tunisia,Smart TV,Series B,1,42,0.51,0.29,4793,4116,LOW_BITRATE
2026-01-04 05:56:00,s4676,u1782,Cameroon,Mobile,Series A,1,15,1.11,0.18,6472,4764,
2026-01-04 05:57:00,s4677,u1344,Ivory Coast,Smart TV,Kids Show,1,59,0.03,0.24,4646,2727,AUTH_ERROR
2026-01-04 05:58:00,s4678,u1176,Senegal,Web,Sport Live,1,10,0.2,0.19,7634,3870,AUTH_ERROR
2026-01-04 05:59:00,s4679,u315,France,Smart TV,Movie C,1,81,0.62,0.11,4493,2781,
2026-01-04 06:00:00,s4680,u2473,Ivory Coast,Smart TV,Sport Live,1,19,0.34,0.45,10029,2929,STARTUP_TIMEOUT
2026-01-04 06:01:00,s4681,u162,Ivory Coast,iOS,Sport Live,1,72,1.19,0.16,10845,1415,STARTUP_TIMEOUT
2026-01-04 06:02:00,s4682,u2360,Senegal,STB,Series B,1,55,1.1,0.19,5139,938,STARTUP_TIMEOUT
2026-01-04 06:03:00,s4683,u2451,Tunisia,Mobile,Documentary D,1,90,1.31,0.19,2105,5461,AUTH_ERROR
2026-01-04 06:04:00,s4684,u2461,Senegal,Mobile,Sport Live,1,25,0.45,0.41,2965,2887,
2026-01-04 06:05:00,s4685,u1714,Tunisia,Web,Sport Live,1,89,0.54,0.33,3952,5844,AUTH_ERROR
2026-01-04 06:06:00,s4686,u269,Cameroon,Android TV,Movie C,1,81,0.4,0.16,5090,3075,
2026-01-04 06:07:00,s4687,u953,Tunisia,Web,Kids Show,1,76,0.14,0.22,8478,5954,
2026-01-04 06:08:00,s4688,u416,France,Android TV,Series A,1,17,1.28,0.31,3448,4093,
2026-01-04 06:09:00,s4689,u441,Ivory Coast,iOS,Series A,1,1,0.66,0.2,6912,2339,STARTUP_TIMEOUT
2026-01-04 06:10:00,s4690,u1898,Cameroon,iOS,Movie C,1,78,1.26,0.11,9992,5358,
2026-01-04 06:11:00,s4691,u2248,Morocco,Mobile,Series A,1,41,1.32,0.07,9642,2726,AUTH_ERROR
2026-01-04 06:12:00,s4692,u1437,Senegal,Mobile,Sport Live,1,19,1.16,0.13,7623,1419,
2026-01-04 06:13:00,s4693,u2393,Cameroon,Smart TV,Sport Live,1,38,0.56,0.11,1941,3759,
2026-01-04 06:14:00,s4694,u1667,Senegal,STB,Sport Live,1,61,0.13,0.32,3116,1717,BUFFERING_ERROR
2026-01-04 06:15:00,s4695,u1485,Ivory Coast,Web,Kids Show,1,45,0.64,0.39,3192,634,LOW_BITRATE
2026-01-04 06:16:00,s4696,u2150,Morocco,Mobile,Series B,1,13,0.35,0.39,11285,5867,
2026-01-04 06:17:00,s4697,u578,Senegal,iOS,Sport Live,1,4,1.35,0.49,4122,5930,BUFFERING_ERROR
2026-01-04 06:18:00,s4698,u617,Tunisia,Android TV,Series A,1,71,0.23,0.1,3873,5391,CDN_ERROR
2026-01-04 06:19:00,s4699,u2007,Cameroon,Mobile,Documentary D,1,64,1.21,0.42,3913,3257,LOW_BITRATE
2026-01-04 06:20:00,s4700,u1051,Cameroon,Smart TV,Sport Live,1,22,0.71,0.11,8816,3464,
2026-01-04 06:21:00,s4701,u1376,Tunisia,Smart TV,Movie C,1,24,0.35,0.22,8330,1084,
2026-01-04 06:22:00,s4702,u288,Tunisia,Android TV,Kids Show,1,2,0.04,0.3,2860,3803,LOW_BITRATE
2026-01-04 06:23:00,s4703,u1423,Cameroon,Web,Documentary D,1,73,0.86,0.32,3766,2464,STARTUP_TIMEOUT
2026-01-04 06:24:00,s4704,u1912,Cameroon,Web,Series A,1,55,0.83,0.55,5929,2916,AUTH_ERROR
2026-01-04 06:25:00,s4705,u53,Cameroon,Web,Movie C,1,3,0.04,0.33,7051,2185,AUTH_ERROR
2026-01-04 06:26:00,s4706,u984,Ivory Coast,Android TV,Series B,1,18,0.82,0.25,1883,984,
2026-01-04 06:27:00,s4707,u411,Morocco,STB,Movie C,1,31,0.57,0.12,4177,4249,
2026-01-04 06:28:00,s4708,u540,Cameroon,iOS,Movie C,1,27,0.72,0.2,4857,2974,
2026-01-04 06:29:00,s4709,u2093,Cameroon,Web,Series A,1,69,0.59,0.18,5353,2578,AUTH_ERROR
2026-01-04 06:30:00,s4710,u1204,France,Mobile,Sport Live,1,9,0.07,0.32,4816,2623,AUTH_ERROR
2026-01-04 06:31:00,s4711,u1025,Senegal,Web,Kids Show,1,21,0.84,0.28,1319,3576,STARTUP_TIMEOUT
2026-01-04 06:32:00,s4712,u2265,Tunisia,Mobile,Movie C,1,65,0.65,0.26,10584,3973,CDN_ERROR
2026-01-04 06:33:00,s4713,u487,Ivory Coast,STB,Series B,1,14,0.94,0.29,7613,2725,LOW_BITRATE
2026-01-04 06:34:00,s4714,u496,Ivory Coast,Web,Sport Live,1,5,0.58,0.36,5678,4803,CDN_ERROR
2026-01-04 06:35:00,s4715,u2162,Morocco,Mobile,Kids Show,1,55,0.7,0.42,1949,711,
2026-01-04 06:36:00,s4716,u599,Tunisia,Web,Series A,1,21,0.08,0.02,9422,1993,CDN_ERROR
2026-01-04 06:37:00,s4717,u319,Tunisia,Mobile,Kids Show,1,21,0.95,0.47,8197,5695,
2026-01-04 06:38:00,s4718,u355,France,Smart TV,Documentary D,1,50,1.1,0.09,9884,2034,AUTH_ERROR
2026-01-04 06:39:00,s4719,u814,Morocco,Smart TV,Movie C,1,84,0.31,0.49,3605,1223,
2026-01-04 06:40:00,s4720,u2376,Cameroon,Mobile,Series B,1,87,1.05,0.39,9044,798,BUFFERING_ERROR
2026-01-04 06:41:00,s4721,u392,Morocco,STB,Documentary D,1,90,0.89,0.37,2344,2262,
2026-01-04 06:42:00,s4722,u1367,Morocco,Web,Documentary D,1,4,0.4,0.23,6240,4489,
2026-01-04 06:43:00,s4723,u1190,Morocco,Mobile,Series A,1,66,0.02,0.06,8905,5163,
2026-01-04 06:44:00,s4724,u680,Morocco,iOS,Kids Show,1,23,0.08,0.2,10605,5910,STARTUP_TIMEOUT
2026-01-04 06:45:00,s4725,u1048,Senegal,Mobile,Series A,1,90,0.21,0.39,8766,3427,
2026-01-04 06:46:00,s4726,u1686,Tunisia,Web,Movie C,1,38,1.29,0.22,7000,5833,
2026-01-04 06:47:00,s4727,u706,Ivory Coast,Mobile,Series A,1,62,1.22,0.51,2645,2471,
2026-01-04 06:48:00,s4728,u723,Senegal,Web,Sport Live,1,7,1.49,0.34,9807,1965,AUTH_ERROR
2026-01-04 06:49:00,s4729,u1513,Tunisia,Android TV,Documentary D,1,15,0.11,0.5,9865,4945,AUTH_ERROR
2026-01-04 06:50:00,s4730,u1210,Tunisia,iOS,Series A,1,71,0.65,0.25,708,3144,
2026-01-04 06:51:00,s4731,u214,Senegal,Mobile,Movie C,1,74,0.52,0.01,10789,4815,
2026-01-04 06:52:00,s4732,u1685,Ivory Coast,iOS,Kids Show,1,25,1.16,0.31,6717,2439,
2026-01-04 06:53:00,s4733,u2000,Ivory Coast,STB,Movie C,1,89,1.22,0.29,4297,5039,BUFFERING_ERROR
2026-01-04 06:54:00,s4734,u1571,Senegal,iOS,Series A,1,57,0.95,0.27,8089,4735,
2026-01-04 06:55:00,s4735,u671,Tunisia,Mobile,Sport Live,1,29,0.89,0.37,5832,4172,BUFFERING_ERROR
2026-01-04 06:56:00,s4736,u1509,France,Android TV,Series B,1,8,0.21,0.21,3639,1825,LOW_BITRATE
2026-01-04 06:57:00,s4737,u1285,France,iOS,Documentary D,1,35,0.93,0.33,5603,5118,AUTH_ERROR
2026-01-04 06:58:00,s4738,u1422,Morocco,Mobile,Sport Live,1,19,0.28,0.4,8056,2344,LOW_BITRATE
2026-01-04 06:59:00,s4739,u847,Tunisia,STB,Movie C,1,77,1.3,0.24,4800,1318,CDN_ERROR
2026-01-04 07:00:00,s4740,u851,Senegal,Mobile,Series B,1,49,1.38,0.15,5208,5232,STARTUP_TIMEOUT
2026-01-04 07:01:00,s4741,u1185,Cameroon,Mobile,Kids Show,1,14,0.67,0.03,2217,5485,AUTH_ERROR
2026-01-04 07:02:00,s4742,u996,Tunisia,iOS,Documentary D,1,13,1.2,0.4,7397,1755,STARTUP_TIMEOUT
2026-01-04 07:03:00,s4743,u1299,Senegal,iOS,Series A,1,14,0.02,0.01,7451,3039,AUTH_ERROR
2026-01-04 07:04:00,s4744,u315,Morocco,iOS,Movie C,1,31,0.23,0.1,8832,4438,
2026-01-04 07:05:00,s4745,u461,Cameroon,Web,Sport Live,1,30,0.46,0.17,11212,2819,BUFFERING_ERROR
2026-01-04 07:06:00,s4746,u2353,Morocco,Mobile,Sport Live,1,20,0.94,0.19,11384,4128,LOW_BITRATE
2026-01-04 07:07:00,s4747,u110,France,Smart TV,Series A,1,85,0.93,0.39,3377,4286,AUTH_ERROR
2026-01-04 07:08:00,s4748,u893,Tunisia,Mobile,Documentary D,1,84,0.71,0.45,1474,2827,LOW_BITRATE
2026-01-04 07:09:00,s4749,u1161,France,iOS,Series A,1,71,1.05,0.31,7067,2681,
2026-01-04 07:10:00,s4750,u2420,Senegal,Web,Series A,1,28,0.2,0.34,4230,3530,
2026-01-04 07:11:00,s4751,u918,Tunisia,Web,Movie C,1,68,0.04,0.09,8257,2172,BUFFERING_ERROR
2026-01-04 07:12:00,s4752,u778,Ivory Coast,iOS,Kids Show,1,89,0.04,0.42,10056,3287,BUFFERING_ERROR
2026-01-04 07:13:00,s4753,u2057,Cameroon,iOS,Kids Show,1,84,0.66,0.29,7323,5110,
2026-01-04 07:14:00,s4754,u1085,Senegal,Android TV,Movie C,1,8,0.12,0.33,2611,5484,STARTUP_TIMEOUT
2026-01-04 07:15:00,s4755,u1702,France,Smart TV,Series B,1,60,0.26,0.17,6155,1751,AUTH_ERROR
2026-01-04 07:16:00,s4756,u415,Cameroon,STB,Movie C,1,38,0.6,0.11,6518,2765,STARTUP_TIMEOUT
2026-01-04 07:17:00,s4757,u249,Morocco,Web,Series A,1,59,1.11,0.33,7036,1658,LOW_BITRATE
2026-01-04 07:18:00,s4758,u1438,Tunisia,Smart TV,Sport Live,1,77,0.77,0.32,5777,3314,CDN_ERROR
2026-01-04 07:19:00,s4759,u852,Tunisia,Mobile,Movie C,1,23,0.69,0.41,3368,575,
2026-01-04 07:20:00,s4760,u521,Cameroon,Smart TV,Kids Show,1,66,1.22,0.37,4449,4348,
2026-01-04 07:21:00,s4761,u1317,Morocco,Android TV,Series A,1,54,1.15,0.45,4447,2592,AUTH_ERROR
2026-01-04 07:22:00,s4762,u1558,France,STB,Documentary D,1,65,0.37,0.07,5043,691,BUFFERING_ERROR
2026-01-04 07:23:00,s4763,u2198,France,Smart TV,Sport Live,1,15,0.66,0.32,1830,979,BUFFERING_ERROR
2026-01-04 07:24:00,s4764,u405,France,Android TV,Series A,1,23,0.3,0.39,5851,3377,CDN_ERROR
2026-01-04 07:25:00,s4765,u633,Senegal,Android TV,Movie C,1,44,0.08,0.31,4991,4482,
2026-01-04 07:26:00,s4766,u1213,Senegal,iOS,Movie C,1,28,1.41,0.15,6266,4591,
2026-01-04 07:27:00,s4767,u2369,Morocco,Smart TV,Movie C,1,51,1.04,0.5,11512,3832,BUFFERING_ERROR
2026-01-04 07:28:00,s4768,u298,Tunisia,Mobile,Movie C,1,6,0.45,0.06,2945,1999,STARTUP_TIMEOUT
2026-01-04 07:29:00,s4769,u1637,Senegal,Smart TV,Sport Live,1,49,1.49,0.07,10928,5192,AUTH_ERROR
2026-01-04 07:30:00,s4770,u2469,Tunisia,Smart TV,Series A,1,5,1.34,0.18,7852,5825,
2026-01-04 07:31:00,s4771,u576,Tunisia,Mobile,Documentary D,1,45,0.8,0.19,3379,2941,STARTUP_TIMEOUT
2026-01-04 07:32:00,s4772,u1534,Ivory Coast,Smart TV,Series A,1,58,0.53,0.18,6224,2527,AUTH_ERROR
2026-01-04 07:33:00,s4773,u2329,Cameroon,Web,Sport Live,1,33,0.2,0.28,10994,2601,
2026-01-04 07:34:00,s4774,u793,France,Android TV,Series A,1,76,1.48,0.17,7226,2976,LOW_BITRATE
2026-01-04 07:35:00,s4775,u1918,France,iOS,Documentary D,1,13,0.03,0.05,2349,4187,
2026-01-04 07:36:00,s4776,u8,Ivory Coast,Web,Movie C,1,83,0.96,0.05,6205,5428,LOW_BITRATE
2026-01-04 07:37:00,s4777,u49,France,Web,Movie C,1,26,0.72,0.48,2434,1459,CDN_ERROR
2026-01-04 07:38:00,s4778,u217,Ivory Coast,Web,Documentary D,1,30,0.3,0.54,6644,2657,CDN_ERROR
2026-01-04 07:39:00,s4779,u718,France,Mobile,Series B,1,2,0.24,0.09,11044,3242,CDN_ERROR
2026-01-04 07:40:00,s4780,u1465,Senegal,Smart TV,Documentary D,1,38,0.84,0.03,1486,565,CDN_ERROR
2026-01-04 07:41:00,s4781,u1181,Morocco,STB,Series A,1,9,0.96,0.11,6372,4981,
2026-01-04 07:42:00,s4782,u1892,Ivory Coast,Mobile,Documentary D,1,36,0.35,0.14,7891,4362,
2026-01-04 07:43:00,s4783,u1688,France,Mobile,Movie C,1,62,0.4,0.08,2596,2734,
2026-01-04 07:44:00,s4784,u156,Ivory Coast,iOS,Movie C,1,41,0.83,0.23,8247,5363,
2026-01-04 07:45:00,s4785,u1974,Cameroon,STB,Kids Show,1,42,0.94,0.4,11159,3361,AUTH_ERROR
2026-01-04 07:46:00,s4786,u378,France,iOS,Documentary D,1,52,0.11,0.2,5051,1424,AUTH_ERROR
2026-01-04 07:47:00,s4787,u685,Ivory Coast,iOS,Sport Live,1,66,1.22,0.1,8635,3881,
2026-01-04 07:48:00,s4788,u681,Tunisia,STB,Movie C,1,34,1.16,0.15,878,1897,STARTUP_TIMEOUT
2026-01-04 07:49:00,s4789,u2029,Senegal,iOS,Kids Show,1,7,0.01,0.32,2057,5993,
2026-01-04 07:50:00,s4790,u316,Morocco,iOS,Kids Show,1,37,1.32,0.03,4746,1400,CDN_ERROR
2026-01-04 07:51:00,s4791,u2096,Cameroon,Web,Series B,1,78,0.38,0.11,2162,4462,AUTH_ERROR
2026-01-04 07:52:00,s4792,u485,Ivory Coast,STB,Kids Show,1,74,0.49,0.04,6154,5073,
2026-01-04 07:53:00,s4793,u1859,Ivory Coast,iOS,Sport Live,1,76,0.23,0.16,11431,2342,STARTUP_TIMEOUT
2026-01-04 07:54:00,s4794,u599,Ivory Coast,Android TV,Series A,1,50,0.8,0.5,8895,801,
2026-01-04 07:55:00,s4795,u394,Cameroon,Smart TV,Sport Live,1,5,0.79,0.48,4979,1462,
2026-01-04 07:56:00,s4796,u1537,Cameroon,Smart TV,Series B,1,19,1.38,0.49,8202,5612,
2026-01-04 07:57:00,s4797,u60,Morocco,Mobile,Series A,1,83,0.16,0.35,8106,4104,STARTUP_TIMEOUT
2026-01-04 07:58:00,s4798,u1735,Ivory Coast,iOS,Kids Show,1,67,1.26,0.29,9726,3890,
2026-01-04 07:59:00,s4799,u1974,Tunisia,Web,Sport Live,1,23,1.49,0.53,11824,4664,CDN_ERROR
2026-01-04 08:00:00,s4800,u2075,Senegal,Web,Kids Show,1,89,0.79,0.25,2168,2023,
2026-01-04 08:01:00,s4801,u2035,Tunisia,Mobile,Sport Live,1,2,1.32,0.36,4527,1936,
2026-01-04 08:02:00,s4802,u1237,Senegal,Web,Documentary D,1,19,0.35,0.55,3167,5911,LOW_BITRATE
2026-01-04 08:03:00,s4803,u1362,Senegal,Smart TV,Documentary D,1,72,1.08,0.05,2676,725,CDN_ERROR
2026-01-04 08:04:00,s4804,u1657,Ivory Coast,Mobile,Sport Live,1,89,1.14,0.32,10518,1956,
2026-01-04 08:05:00,s4805,u819,Cameroon,STB,Documentary D,1,33,0.91,0.52,1925,573,AUTH_ERROR
2026-01-04 08:06:00,s4806,u1118,France,Smart TV,Kids Show,1,13,0.49,0.12,10054,2601,STARTUP_TIMEOUT
2026-01-04 08:07:00,s4807,u1017,Ivory Coast,STB,Movie C,1,82,0.18,0.06,6038,5478,LOW_BITRATE
2026-01-04 08:08:00,s4808,u1455,Ivory Coast,Mobile,Series B,1,37,0.84,0.1,10134,3342,BUFFERING_ERROR
2026-01-04 08:09:00,s4809,u537,Tunisia,Mobile,Movie C,1,88,0.01,0.01,6862,1797,LOW_BITRATE
2026-01-04 08:10:00,s4810,u1813,Senegal,iOS,Documentary D,1,35,0.06,0.29,10922,4948,LOW_BITRATE
2026-01-04 08:11:00,s4811,u488,Tunisia,STB,Kids Show,1,43,1.13,0.45,3643,3071,CDN_ERROR
2026-01-04 08:12:00,s4812,u1397,Senegal,Web,Documentary D,1,80,1.15,0.27,7368,3295,CDN_ERROR
2026-01-04 08:13:00,s4813,u1053,France,iOS,Movie C,1,5,0.9,0.48,11705,3827,AUTH_ERROR
2026-01-04 08:14:00,s4814,u451,Cameroon,Android TV,Series A,1,74,0.37,0.18,4474,902,STARTUP_TIMEOUT
2026-01-04 08:15:00,s4815,u615,Cameroon,iOS,Series B,1,39,1.03,0.31,10415,5611,
2026-01-04 08:16:00,s4816,u370,Cameroon,Mobile,Series B,1,69,1.0,0.12,5502,737,CDN_ERROR
2026-01-04 08:17:00,s4817,u1320,Senegal,iOS,Kids Show,1,20,0.46,0.33,8782,2226,
2026-01-04 08:18:00,s4818,u2453,Ivory Coast,STB,Series B,1,64,0.07,0.38,2394,3137,LOW_BITRATE
2026-01-04 08:19:00,s4819,u573,Ivory Coast,Smart TV,Kids Show,1,36,0.96,0.18,9590,4466,LOW_BITRATE
2026-01-04 08:20:00,s4820,u1895,Cameroon,STB,Documentary D,1,34,0.43,0.15,4354,5509,STARTUP_TIMEOUT
2026-01-04 08:21:00,s4821,u952,Cameroon,iOS,Kids Show,1,82,1.36,0.48,4803,4867,AUTH_ERROR
2026-01-04 08:22:00,s4822,u1062,Senegal,Smart TV,Series B,1,22,0.88,0.02,6229,1699,LOW_BITRATE
2026-01-04 08:23:00,s4823,u2479,Tunisia,Mobile,Series B,1,64,0.19,0.18,4541,1951,LOW_BITRATE
2026-01-04 08:24:00,s4824,u826,Ivory Coast,Mobile,Series A,1,57,0.89,0.13,2989,4533,LOW_BITRATE
2026-01-04 08:25:00,s4825,u401,Cameroon,Mobile,Movie C,1,30,1.23,0.29,3781,4156,STARTUP_TIMEOUT
2026-01-04 08:26:00,s4826,u2080,France,Android TV,Series A,1,48,1.37,0.24,6318,3305,CDN_ERROR
2026-01-04 08:27:00,s4827,u1994,France,Android TV,Kids Show,1,11,1.31,0.44,10509,1558,AUTH_ERROR
2026-01-04 08:28:00,s4828,u2232,France,Android TV,Documentary D,1,1,0.5,0.17,2475,5530,
2026-01-04 08:29:00,s4829,u1207,Tunisia,Android TV,Kids Show,1,18,1.47,0.24,5186,4144,
2026-01-04 08:30:00,s4830,u1793,Cameroon,Android TV,Kids Show,1,67,1.16,0.24,9353,4891,AUTH_ERROR
2026-01-04 08:31:00,s4831,u895,Senegal,iOS,Movie C,1,13,0.35,0.07,1737,2619,STARTUP_TIMEOUT
2026-01-04 08:32:00,s4832,u1712,Tunisia,Web,Documentary D,1,9,0.87,0.28,1827,3541,STARTUP_TIMEOUT
2026-01-04 08:33:00,s4833,u2011,Ivory Coast,STB,Kids Show,1,48,1.25,0.13,2463,4918,STARTUP_TIMEOUT
2026-01-04 08:34:00,s4834,u542,Cameroon,Web,Movie C,1,15,0.24,0.28,7138,2858,
2026-01-04 08:35:00,s4835,u2150,Cameroon,STB,Kids Show,1,48,0.32,0.41,1656,3160,
2026-01-04 08:36:00,s4836,u1454,Ivory Coast,Web,Series B,1,80,1.18,0.23,10913,4781,
2026-01-04 08:37:00,s4837,u1327,Ivory Coast,Web,Sport Live,1,79,0.63,0.51,10355,4367,
2026-01-04 08:38:00,s4838,u1987,Morocco,STB,Movie C,1,19,0.63,0.36,2564,4183,STARTUP_TIMEOUT
2026-01-04 08:39:00,s4839,u1113,France,Mobile,Documentary D,1,78,0.33,0.52,7091,4984,
2026-01-04 08:40:00,s4840,u1848,Ivory Coast,Web,Movie C,1,18,0.87,0.43,4451,5840,BUFFERING_ERROR
2026-01-04 08:41:00,s4841,u2337,Senegal,Smart TV,Series A,1,27,0.51,0.08,5357,5574,STARTUP_TIMEOUT
2026-01-04 08:42:00,s4842,u1002,Morocco,Web,Series B,1,19,0.52,0.23,2145,4372,AUTH_ERROR
2026-01-04 08:43:00,s4843,u2396,Morocco,Web,Kids Show,1,81,0.84,0.42,6764,3433,STARTUP_TIMEOUT
2026-01-04 08:44:00,s4844,u1899,Morocco,Smart TV,Series A,1,72,0.34,0.32,730,4524,LOW_BITRATE
2026-01-04 08:45:00,s4845,u1899,Ivory Coast,Web,Documentary D,1,63,0.27,0.31,2646,2072,AUTH_ERROR
2026-01-04 08:46:00,s4846,u2456,Ivory Coast,Mobile,Series B,1,21,0.55,0.45,2645,5559,BUFFERING_ERROR
2026-01-04 08:47:00,s4847,u581,Morocco,Android TV,Series B,1,4,0.76,0.15,9984,2604,
2026-01-04 08:48:00,s4848,u2099,France,Android TV,Series B,1,16,1.29,0.14,8598,5251,
2026-01-04 08:49:00,s4849,u695,Ivory Coast,Android TV,Kids Show,1,67,1.25,0.15,8572,3102,
2026-01-04 08:50:00,s4850,u2266,Morocco,Mobile,Documentary D,1,11,0.24,0.11,9123,4601,
2026-01-04 08:51:00,s4851,u1883,Senegal,Smart TV,Series B,1,51,0.47,0.51,7666,2137,LOW_BITRATE
2026-01-04 08:52:00,s4852,u425,Senegal,Web,Documentary D,1,88,0.05,0.22,2405,4817,STARTUP_TIMEOUT
2026-01-04 08:53:00,s4853,u1146,Morocco,STB,Documentary D,1,42,1.11,0.41,6478,457,
2026-01-04 08:54:00,s4854,u1283,Tunisia,iOS,Kids Show,1,79,0.76,0.54,6088,2247,
2026-01-04 08:55:00,s4855,u1197,Morocco,Web,Series A,1,37,1.4,0.41,2711,4359,LOW_BITRATE
2026-01-04 08:56:00,s4856,u939,Cameroon,Android TV,Movie C,1,39,0.39,0.26,812,1863,
2026-01-04 08:57:00,s4857,u2375,France,Mobile,Series B,1,72,1.04,0.33,7507,3141,BUFFERING_ERROR
2026-01-04 08:58:00,s4858,u38,Senegal,STB,Series B,1,50,1.16,0.32,9805,2836,BUFFERING_ERROR
2026-01-04 08:59:00,s4859,u2339,Ivory Coast,Smart TV,Kids Show,1,2,1.48,0.38,7165,1231,
2026-01-04 09:00:00,s4860,u146,Ivory Coast,Android TV,Kids Show,1,8,0.91,0.32,1061,3031,
2026-01-04 09:01:00,s4861,u1152,Ivory Coast,Android TV,Documentary D,1,56,1.39,0.19,3023,3463,BUFFERING_ERROR
2026-01-04 09:02:00,s4862,u211,Ivory Coast,Web,Sport Live,1,16,0.91,0.36,5470,894,
2026-01-04 09:03:00,s4863,u2170,Tunisia,Mobile,Movie C,1,15,1.07,0.35,540,3371,
2026-01-04 09:04:00,s4864,u292,Tunisia,Android TV,Series A,1,46,0.35,0.55,3257,4123,BUFFERING_ERROR
2026-01-04 09:05:00,s4865,u1626,Morocco,Android TV,Kids Show,1,44,0.59,0.54,7032,567,BUFFERING_ERROR
2026-01-04 09:06:00,s4866,u1944,France,Smart TV,Series A,1,33,0.97,0.35,3690,4631,
2026-01-04 09:07:00,s4867,u517,Morocco,Web,Kids Show,1,12,0.8,0.08,3099,5868,
2026-01-04 09:08:00,s4868,u2085,Ivory Coast,Web,Series B,1,51,0.01,0.54,2780,1699,AUTH_ERROR
2026-01-04 09:09:00,s4869,u825,Ivory Coast,Mobile,Kids Show,1,31,1.39,0.46,5669,657,
2026-01-04 09:10:00,s4870,u457,Morocco,Smart TV,Sport Live,1,32,0.17,0.31,1573,739,STARTUP_TIMEOUT
2026-01-04 09:11:00,s4871,u1877,Senegal,Mobile,Sport Live,1,86,0.26,0.47,2112,934,
2026-01-04 09:12:00,s4872,u786,Senegal,Mobile,Kids Show,1,80,0.81,0.54,4611,2004,LOW_BITRATE
2026-01-04 09:13:00,s4873,u917,France,Android TV,Series B,1,29,0.11,0.28,1395,3224,LOW_BITRATE
2026-01-04 09:14:00,s4874,u1294,Morocco,STB,Series A,1,20,0.24,0.06,5958,4496,
2026-01-04 09:15:00,s4875,u449,Tunisia,Web,Documentary D,1,23,1.41,0.38,947,2611,LOW_BITRATE
2026-01-04 09:16:00,s4876,u589,Morocco,Smart TV,Series A,1,58,1.01,0.44,3543,5717,BUFFERING_ERROR
2026-01-04 09:17:00,s4877,u220,Morocco,iOS,Documentary D,1,85,0.97,0.52,1523,4527,
2026-01-04 09:18:00,s4878,u1582,Cameroon,STB,Sport Live,1,88,1.01,0.1,10382,4060,
2026-01-04 09:19:00,s4879,u1892,France,iOS,Series B,1,67,0.93,0.17,2158,763,
2026-01-04 09:20:00,s4880,u958,Tunisia,iOS,Documentary D,1,89,0.73,0.45,6382,5760,BUFFERING_ERROR
2026-01-04 09:21:00,s4881,u952,Senegal,STB,Series B,1,82,1.49,0.07,10692,3637,
2026-01-04 09:22:00,s4882,u2039,France,Mobile,Kids Show,1,63,1.33,0.09,10268,3591,
2026-01-04 09:23:00,s4883,u2062,France,STB,Kids Show,1,56,0.46,0.53,4366,2543,STARTUP_TIMEOUT
2026-01-04 09:24:00,s4884,u2377,Senegal,Smart TV,Kids Show,1,24,1.19,0.22,4948,1323,
2026-01-04 09:25:00,s4885,u823,Morocco,iOS,Series A,1,36,0.63,0.37,9610,5946,AUTH_ERROR
2026-01-04 09:26:00,s4886,u916,Cameroon,Web,Documentary D,1,13,0.66,0.18,4182,3445,AUTH_ERROR
2026-01-04 09:27:00,s4887,u240,Ivory Coast,Mobile,Movie C,1,47,0.56,0.5,10642,5284,BUFFERING_ERROR
2026-01-04 09:28:00,s4888,u1761,Ivory Coast,STB,Movie C,1,60,1.06,0.26,7210,2568,
2026-01-04 09:29:00,s4889,u1578,Cameroon,Mobile,Sport Live,1,51,0.91,0.11,5222,1977,
2026-01-04 09:30:00,s4890,u177,Tunisia,Web,Movie C,1,65,1.38,0.47,10517,671,LOW_BITRATE
2026-01-04 09:31:00,s4891,u530,Senegal,Mobile,Series B,1,67,1.14,0.05,9860,4084,
2026-01-04 09:32:00,s4892,u990,Cameroon,iOS,Movie C,1,88,0.38,0.54,6516,5738,
2026-01-04 09:33:00,s4893,u381,Senegal,Android TV,Series B,1,59,1.13,0.47,10083,1565,LOW_BITRATE
2026-01-04 09:34:00,s4894,u1918,Senegal,Smart TV,Series B,1,17,1.01,0.11,8814,5643,
2026-01-04 09:35:00,s4895,u1380,Morocco,Smart TV,Sport Live,1,19,1.01,0.06,2351,3099,STARTUP_TIMEOUT
2026-01-04 09:36:00,s4896,u218,Morocco,Mobile,Documentary D,1,62,0.28,0.03,3767,512,STARTUP_TIMEOUT
2026-01-04 09:37:00,s4897,u1427,Cameroon,Smart TV,Sport Live,1,6,0.37,0.41,8115,4946,AUTH_ERROR
2026-01-04 09:38:00,s4898,u2453,Tunisia,Android TV,Series B,1,50,1.32,0.41,1922,3474,STARTUP_TIMEOUT
2026-01-04 09:39:00,s4899,u8,Tunisia,Android TV,Movie C,1,49,1.25,0.43,9570,5058,LOW_BITRATE
2026-01-04 09:40:00,s4900,u761,Cameroon,Android TV,Sport Live,1,16,0.66,0.5,10617,5015,AUTH_ERROR
2026-01-04 09:41:00,s4901,u1235,Senegal,Mobile,Sport Live,1,85,0.36,0.35,3420,569,LOW_BITRATE
2026-01-04 09:42:00,s4902,u1705,France,STB,Movie C,1,75,1.31,0.18,2995,5268,
2026-01-04 09:43:00,s4903,u2283,Tunisia,iOS,Movie C,1,36,1.43,0.08,7576,4667,CDN_ERROR
2026-01-04 09:44:00,s4904,u973,Cameroon,STB,Movie C,1,81,0.62,0.33,2356,5593,
2026-01-04 09:45:00,s4905,u2261,Morocco,Android TV,Kids Show,1,83,0.88,0.23,8848,923,
2026-01-04 09:46:00,s4906,u287,Tunisia,Smart TV,Kids Show,1,83,0.55,0.11,4104,5344,CDN_ERROR
2026-01-04 09:47:00,s4907,u502,Senegal,Web,Series A,1,54,0.52,0.27,3792,3796,LOW_BITRATE
2026-01-04 09:48:00,s4908,u1995,Morocco,Mobile,Series B,1,70,0.88,0.25,6427,2948,
2026-01-04 09:49:00,s4909,u178,Ivory Coast,Mobile,Series A,1,14,0.41,0.48,5187,1753,
2026-01-04 09:50:00,s4910,u210,Ivory Coast,Smart TV,Movie C,1,8,0.01,0.55,4475,3406,STARTUP_TIMEOUT
2026-01-04 09:51:00,s4911,u2202,Senegal,Web,Documentary D,1,23,1.44,0.47,7859,3614,
2026-01-04 09:52:00,s4912,u1573,Tunisia,Mobile,Series A,1,90,1.41,0.19,8195,3032,AUTH_ERROR
2026-01-04 09:53:00,s4913,u1637,France,Mobile,Documentary D,1,71,1.4,0.15,1674,5294,AUTH_ERROR
2026-01-04 09:54:00,s4914,u827,Tunisia,STB,Series B,1,21,0.38,0.01,1020,728,AUTH_ERROR
2026-01-04 09:55:00,s4915,u1891,Cameroon,Android TV,Documentary D,1,22,0.67,0.28,7533,1052,AUTH_ERROR
2026-01-04 09:56:00,s4916,u147,Senegal,STB,Sport Live,1,18,1.05,0.21,10041,4905,STARTUP_TIMEOUT
2026-01-04 09:57:00,s4917,u199,Tunisia,Smart TV,Kids Show,1,48,1.48,0.49,5847,1234,
2026-01-04 09:58:00,s4918,u20,Ivory Coast,Web,Documentary D,1,64,1.33,0.42,10429,2698,AUTH_ERROR
2026-01-04 09:59:00,s4919,u1229,Cameroon,STB,Documentary D,1,53,0.03,0.22,9898,1345,CDN_ERROR
2026-01-04 10:00:00,s4920,u1842,Morocco,Smart TV,Series B,1,80,1.31,0.27,7860,1350,BUFFERING_ERROR
2026-01-04 10:01:00,s4921,u1576,Tunisia,Mobile,Sport Live,1,12,0.69,0.35,8997,502,CDN_ERROR
2026-01-04 10:02:00,s4922,u2329,France,STB,Series B,1,46,1.18,0.03,7995,4152,
2026-01-04 10:03:00,s4923,u861,Tunisia,iOS,Sport Live,1,26,0.4,0.24,8618,2268,CDN_ERROR
2026-01-04 10:04:00,s4924,u575,Tunisia,Web,Series A,1,3,0.23,0.46,8742,4575,AUTH_ERROR
2026-01-04 10:05:00,s4925,u359,Tunisia,Mobile,Movie C,1,64,1.37,0.53,10238,699,
2026-01-04 10:06:00,s4926,u273,Morocco,iOS,Kids Show,1,84,0.6,0.24,2573,5809,BUFFERING_ERROR
2026-01-04 10:07:00,s4927,u165,France,Web,Kids Show,1,13,0.11,0.26,651,4038,
2026-01-04 10:08:00,s4928,u470,Cameroon,Web,Movie C,1,58,0.84,0.02,6605,3342,AUTH_ERROR
2026-01-04 10:09:00,s4929,u60,Tunisia,iOS,Series B,1,10,1.02,0.27,5870,1414,
2026-01-04 10:10:00,s4930,u1203,Senegal,STB,Series B,1,1,0.44,0.19,1254,2490,LOW_BITRATE
2026-01-04 10:11:00,s4931,u116,Ivory Coast,Smart TV,Kids Show,1,68,1.11,0.25,7650,487,
2026-01-04 10:12:00,s4932,u1067,Ivory Coast,Smart TV,Documentary D,1,1,0.45,0.52,2351,4494,LOW_BITRATE
2026-01-04 10:13:00,s4933,u2320,Ivory Coast,Mobile,Series B,1,10,0.67,0.45,7696,1757,STARTUP_TIMEOUT
2026-01-04 10:14:00,s4934,u1323,Senegal,iOS,Sport Live,1,42,1.29,0.41,1417,428,AUTH_ERROR
2026-01-04 10:15:00,s4935,u753,France,STB,Documentary D,1,12,1.13,0.23,9303,3526,
2026-01-04 10:16:00,s4936,u1349,France,Android TV,Kids Show,1,47,0.97,0.18,11510,1258,LOW_BITRATE
2026-01-04 10:17:00,s4937,u862,Senegal,Smart TV,Series A,1,71,0.85,0.35,2203,2004,
2026-01-04 10:18:00,s4938,u2294,Cameroon,Android TV,Series B,1,61,0.14,0.08,5963,4616,LOW_BITRATE
2026-01-04 10:19:00,s4939,u1445,Ivory Coast,Mobile,Series B,1,2,0.07,0.5,2625,5671,CDN_ERROR
2026-01-04 10:20:00,s4940,u954,Morocco,iOS,Movie C,1,85,0.2,0.39,2133,5586,
2026-01-04 10:21:00,s4941,u1472,France,Mobile,Movie C,1,40,0.11,0.37,2236,1182,
2026-01-04 10:22:00,s4942,u1432,Tunisia,STB,Documentary D,1,38,0.75,0.03,5646,2451,
2026-01-04 10:23:00,s4943,u2195,Ivory Coast,Web,Series B,1,11,0.7,0.35,10651,3596,
2026-01-04 10:24:00,s4944,u1795,Cameroon,Smart TV,Series A,1,81,0.51,0.35,11960,4118,
2026-01-04 10:25:00,s4945,u452,France,Android TV,Series A,1,69,0.77,0.02,2597,3858,LOW_BITRATE
2026-01-04 10:26:00,s4946,u423,Ivory Coast,Android TV,Sport Live,1,45,1.19,0.54,6195,5159,BUFFERING_ERROR
2026-01-04 10:27:00,s4947,u1698,Morocco,Mobile,Movie C,1,5,0.84,0.13,6421,3331,CDN_ERROR
2026-01-04 10:28:00,s4948,u1960,France,Android TV,Series B,1,29,0.88,0.45,7941,1997,
2026-01-04 10:29:00,s4949,u2002,Cameroon,Android TV,Series A,1,44,0.23,0.21,3248,2320,
2026-01-04 10:30:00,s4950,u1775,France,STB,Kids Show,1,48,0.11,0.19,3082,4314,STARTUP_TIMEOUT
2026-01-04 10:31:00,s4951,u1832,Senegal,Android TV,Kids Show,1,71,1.29,0.19,7662,1194,AUTH_ERROR
2026-01-04 10:32:00,s4952,u1106,Cameroon,Android TV,Sport Live,1,77,0.61,0.34,10892,3191,LOW_BITRATE
2026-01-04 10:33:00,s4953,u2457,Morocco,iOS,Sport Live,1,88,0.68,0.15,6924,5388,LOW_BITRATE
2026-01-04 10:34:00,s4954,u31,Cameroon,Smart TV,Series A,1,78,0.13,0.2,6036,4841,AUTH_ERROR
2026-01-04 10:35:00,s4955,u2279,Tunisia,Web,Kids Show,1,7,1.17,0.21,9331,1633,BUFFERING_ERROR
2026-01-04 10:36:00,s4956,u854,Ivory Coast,Smart TV,Documentary D,1,74,0.08,0.17,8608,5825,
2026-01-04 10:37:00,s4957,u1659,Ivory Coast,iOS,Sport Live,1,81,1.11,0.05,7839,5167,AUTH_ERROR
2026-01-04 10:38:00,s4958,u2491,Senegal,iOS,Movie C,1,20,1.43,0.17,790,1992,LOW_BITRATE
2026-01-04 10:39:00,s4959,u610,Senegal,Android TV,Series A,1,44,0.75,0.33,9170,4588,LOW_BITRATE
2026-01-04 10:40:00,s4960,u1252,France,Smart TV,Kids Show,1,6,1.4,0.07,1791,2887,
2026-01-04 10:41:00,s4961,u1744,Morocco,Mobile,Kids Show,1,59,1.09,0.51,11549,2355,LOW_BITRATE
2026-01-04 10:42:00,s4962,u1988,Ivory Coast,Mobile,Series A,1,3,0.96,0.37,4561,3748,
2026-01-04 10:43:00,s4963,u806,Ivory Coast,iOS,Series B,1,8,1.42,0.45,9822,5270,BUFFERING_ERROR
2026-01-04 10:44:00,s4964,u1185,Ivory Coast,STB,Documentary D,1,36,0.43,0.51,4958,2122,STARTUP_TIMEOUT
2026-01-04 10:45:00,s4965,u1733,Ivory Coast,Smart TV,Documentary D,1,79,0.74,0.21,6294,3996,
2026-01-04 10:46:00,s4966,u1036,Ivory Coast,Android TV,Series B,1,19,0.15,0.41,11592,3815,BUFFERING_ERROR
2026-01-04 10:47:00,s4967,u435,Senegal,Web,Movie C,1,28,0.51,0.4,9993,3363,CDN_ERROR
2026-01-04 10:48:00,s4968,u671,France,Android TV,Documentary D,1,24,0.95,0.54,7372,1201,BUFFERING_ERROR
2026-01-04 10:49:00,s4969,u1105,Ivory Coast,Mobile,Documentary D,1,19,0.95,0.52,6197,767,CDN_ERROR
2026-01-04 10:50:00,s4970,u888,Senegal,Mobile,Series B,1,31,0.33,0.15,10652,4934,
2026-01-04 10:51:00,s4971,u62,Morocco,STB,Kids Show,1,48,1.4,0.44,7752,3143,LOW_BITRATE
2026-01-04 10:52:00,s4972,u1238,Ivory Coast,Android TV,Movie C,1,18,1.33,0.5,2338,4894,
2026-01-04 10:53:00,s4973,u1893,Morocco,Web,Sport Live,1,20,0.97,0.13,10326,2467,
2026-01-04 10:54:00,s4974,u37,Morocco,iOS,Series A,1,20,0.29,0.3,4680,1494,STARTUP_TIMEOUT
2026-01-04 10:55:00,s4975,u2319,Tunisia,Android TV,Documentary D,1,52,0.13,0.52,10405,4197,STARTUP_TIMEOUT
2026-01-04 10:56:00,s4976,u1408,Morocco,Smart TV,Series A,1,22,0.19,0.38,5830,5832,
2026-01-04 10:57:00,s4977,u1370,Tunisia,iOS,Series B,1,54,0.49,0.54,3983,4642,CDN_ERROR
2026-01-04 10:58:00,s4978,u75,Tunisia,Web,Kids Show,1,29,0.53,0.38,1991,3151,
2026-01-04 10:59:00,s4979,u124,Ivory Coast,Mobile,Series B,1,85,0.23,0.36,4461,2438,STARTUP_TIMEOUT
2026-01-04 11:00:00,s4980,u1817,Cameroon,Web,Documentary D,1,68,0.55,0.14,2818,1163,
2026-01-04 11:01:00,s4981,u1792,Cameroon,STB,Documentary D,1,52,0.69,0.08,10387,5154,LOW_BITRATE
2026-01-04 11:02:00,s4982,u611,Ivory Coast,Web,Movie C,1,45,0.84,0.18,1764,4283,STARTUP_TIMEOUT
2026-01-04 11:03:00,s4983,u52,France,Mobile,Series A,1,69,0.54,0.14,10267,2866,AUTH_ERROR
2026-01-04 11:04:00,s4984,u1894,Cameroon,Smart TV,Series B,1,43,0.95,0.04,5958,4807,
2026-01-04 11:05:00,s4985,u321,Morocco,Web,Documentary D,1,65,0.78,0.52,11858,896,
2026-01-04 11:06:00,s4986,u1307,Morocco,Smart TV,Series B,1,7,0.9,0.52,9460,554,BUFFERING_ERROR
2026-01-04 11:07:00,s4987,u1830,Tunisia,Smart TV,Documentary D,1,4,1.34,0.07,8898,1794,
2026-01-04 11:08:00,s4988,u678,Cameroon,Android TV,Series B,1,76,0.15,0.08,11149,1341,AUTH_ERROR
2026-01-04 11:09:00,s4989,u1489,Tunisia,Mobile,Documentary D,1,66,1.37,0.04,4979,2099,BUFFERING_ERROR
2026-01-04 11:10:00,s4990,u1581,Tunisia,iOS,Series B,1,7,0.2,0.14,8898,579,BUFFERING_ERROR
2026-01-04 11:11:00,s4991,u579,Morocco,STB,Documentary D,1,1,1.49,0.45,861,3517,CDN_ERROR
2026-01-04 11:12:00,s4992,u2475,France,Android TV,Movie C,1,41,1.42,0.4,4411,1109,AUTH_ERROR
2026-01-04 11:13:00,s4993,u554,France,Smart TV,Kids Show,1,23,1.13,0.05,10071,3180,STARTUP_TIMEOUT
2026-01-04 11:14:00,s4994,u937,Senegal,Mobile,Movie C,1,53,0.4,0.35,7131,2262,LOW_BITRATE
2026-01-04 11:15:00,s4995,u1913,Ivory Coast,Mobile,Documentary D,1,50,0.28,0.17,5471,4404,CDN_ERROR
2026-01-04 11:16:00,s4996,u1250,France,Android TV,Series A,1,18,1.32,0.12,1238,5481,AUTH_ERROR
2026-01-04 11:17:00,s4997,u2196,Tunisia,Web,Kids Show,1,9,0.42,0.1,4844,716,
2026-01-04 11:18:00,s4998,u596,France,Mobile,Kids Show,1,4,0.34,0.47,4866,4394,LOW_BITRATE
2026-01-04 11:19:00,s4999,u1773,France,Mobile,Series B,1,85,0.09,0.47,8035,1152,CDN_ERROR
2026-01-04 11:20:00,s5000,u1665,Morocco,Android TV,Movie C,1,41,0.13,0.39,2915,3542,LOW_BITRATE
2026-01-04 11:21:00,s5001,u2474,Tunisia,Web,Series B,1,21,0.05,0.51,8290,4492,
2026-01-04 11:22:00,s5002,u584,Senegal,Mobile,Movie C,1,31,1.24,0.27,2734,3078,STARTUP_TIMEOUT
2026-01-04 11:23:00,s5003,u1665,Ivory Coast,iOS,Series A,1,70,1.29,0.18,6699,4216,
2026-01-04 11:24:00,s5004,u1880,France,Web,Kids Show,1,16,1.5,0.02,5847,4852,CDN_ERROR
2026-01-04 11:25:00,s5005,u1912,Tunisia,Smart TV,Series A,1,77,1.27,0.4,5907,2824,BUFFERING_ERROR
2026-01-04 11:26:00,s5006,u2290,Senegal,Web,Series A,1,73,1.41,0.32,721,910,
2026-01-04 11:27:00,s5007,u378,Morocco,Mobile,Kids Show,1,33,1.12,0.18,10442,4054,LOW_BITRATE
2026-01-04 11:28:00,s5008,u1049,Cameroon,Mobile,Series B,1,59,0.09,0.31,10543,1693,
2026-01-04 11:29:00,s5009,u891,Tunisia,STB,Kids Show,1,50,0.3,0.07,2821,2006,AUTH_ERROR
2026-01-04 11:30:00,s5010,u2278,Tunisia,Android TV,Movie C,1,76,0.39,0.35,8561,1451,LOW_BITRATE
2026-01-04 11:31:00,s5011,u842,Morocco,Mobile,Kids Show,1,53,0.72,0.54,4651,1512,BUFFERING_ERROR
2026-01-04 11:32:00,s5012,u1029,Senegal,STB,Movie C,1,6,0.96,0.37,9246,1571,AUTH_ERROR
2026-01-04 11:33:00,s5013,u102,Tunisia,Android TV,Series A,1,2,0.15,0.15,11804,4222,LOW_BITRATE
2026-01-04 11:34:00,s5014,u2481,Senegal,Android TV,Movie C,1,29,0.16,0.38,1412,460,STARTUP_TIMEOUT
2026-01-04 11:35:00,s5015,u166,Morocco,STB,Movie C,1,72,1.24,0.09,8567,1725,
2026-01-04 11:36:00,s5016,u2218,Senegal,Android TV,Documentary D,1,61,1.16,0.15,11890,4894,
2026-01-04 11:37:00,s5017,u430,Ivory Coast,Smart TV,Series A,1,29,0.17,0.1,2937,1391,STARTUP_TIMEOUT
2026-01-04 11:38:00,s5018,u216,Tunisia,iOS,Movie C,1,6,1.47,0.03,3235,5091,
2026-01-04 11:39:00,s5019,u1812,France,Smart TV,Kids Show,1,17,0.47,0.48,5843,2605,CDN_ERROR
2026-01-04 11:40:00,s5020,u16,Ivory Coast,STB,Sport Live,1,85,0.47,0.1,5485,571,CDN_ERROR
2026-01-04 11:41:00,s5021,u1178,Ivory Coast,Android TV,Series A,1,81,0.65,0.29,2839,580,
2026-01-04 11:42:00,s5022,u553,Morocco,iOS,Series B,1,52,1.35,0.26,5845,1747,
2026-01-04 11:43:00,s5023,u1085,Ivory Coast,Android TV,Kids Show,1,49,0.54,0.5,11624,2625,CDN_ERROR
2026-01-04 11:44:00,s5024,u1911,Cameroon,Android TV,Documentary D,1,16,1.09,0.04,3184,1224,CDN_ERROR
2026-01-04 11:45:00,s5025,u1604,Ivory Coast,Smart TV,Documentary D,1,26,0.86,0.22,2412,5863,BUFFERING_ERROR
2026-01-04 11:46:00,s5026,u681,Tunisia,STB,Movie C,1,46,1.43,0.41,10946,1990,LOW_BITRATE
2026-01-04 11:47:00,s5027,u2212,Tunisia,STB,Movie C,1,39,0.53,0.11,6161,5926,
2026-01-04 11:48:00,s5028,u1655,France,Mobile,Series A,1,70,1.31,0.19,3723,2054,STARTUP_TIMEOUT
2026-01-04 11:49:00,s5029,u522,Cameroon,Web,Sport Live,1,31,0.19,0.42,3110,912,
2026-01-04 11:50:00,s5030,u494,France,Web,Sport Live,1,53,1.23,0.14,5727,3651,LOW_BITRATE
2026-01-04 11:51:00,s5031,u684,Ivory Coast,Web,Sport Live,1,48,0.58,0.11,7843,4211,STARTUP_TIMEOUT
2026-01-04 11:52:00,s5032,u1032,Senegal,iOS,Sport Live,1,2,1.13,0.49,4564,5311,CDN_ERROR
2026-01-04 11:53:00,s5033,u1303,Morocco,Android TV,Documentary D,1,85,1.43,0.33,6358,3356,BUFFERING_ERROR
2026-01-04 11:54:00,s5034,u1389,France,iOS,Sport Live,1,56,1.09,0.11,1095,5502,AUTH_ERROR
2026-01-04 11:55:00,s5035,u1644,France,iOS,Kids Show,1,9,1.26,0.16,11045,3019,
2026-01-04 11:56:00,s5036,u280,Ivory Coast,Android TV,Kids Show,1,9,0.46,0.28,8307,636,
2026-01-04 11:57:00,s5037,u1648,France,Web,Series B,1,43,0.87,0.44,6621,5102,AUTH_ERROR
2026-01-04 11:58:00,s5038,u1663,Morocco,Mobile,Kids Show,1,53,1.02,0.53,10289,4727,
2026-01-04 11:59:00,s5039,u1584,France,Web,Series A,1,71,0.24,0.42,3793,2796,STARTUP_TIMEOUT
2026-01-04 12:00:00,s5040,u1307,Ivory Coast,Android TV,Series B,1,63,1.29,0.22,9256,4415,
2026-01-04 12:01:00,s5041,u1309,Cameroon,Mobile,Sport Live,1,43,0.19,0.19,4486,4124,BUFFERING_ERROR
2026-01-04 12:02:00,s5042,u41,Morocco,Mobile,Series A,1,80,1.36,0.26,6187,5843,BUFFERING_ERROR
2026-01-04 12:03:00,s5043,u2264,Senegal,iOS,Kids Show,1,57,0.23,0.36,11772,4831,
2026-01-04 12:04:00,s5044,u2087,Ivory Coast,Mobile,Series A,1,79,1.31,0.05,2740,5730,STARTUP_TIMEOUT
2026-01-04 12:05:00,s5045,u1117,Tunisia,Smart TV,Series A,1,82,0.22,0.23,1929,5364,LOW_BITRATE
2026-01-04 12:06:00,s5046,u13,France,Smart TV,Sport Live,1,44,1.1,0.46,10519,5134,AUTH_ERROR
2026-01-04 12:07:00,s5047,u1605,Senegal,Smart TV,Sport Live,1,28,0.88,0.07,1799,1850,CDN_ERROR
2026-01-04 12:08:00,s5048,u2371,France,Android TV,Series B,1,79,1.35,0.51,4256,3660,LOW_BITRATE
2026-01-04 12:09:00,s5049,u745,Tunisia,STB,Series A,1,37,0.05,0.34,8323,1848,LOW_BITRATE
2026-01-04 12:10:00,s5050,u1688,Tunisia,Mobile,Kids Show,1,62,0.92,0.53,4130,4561,CDN_ERROR
2026-01-04 12:11:00,s5051,u1102,France,Smart TV,Kids Show,1,66,0.65,0.3,585,2610,LOW_BITRATE
2026-01-04 12:12:00,s5052,u730,Morocco,STB,Movie C,1,13,0.59,0.15,10154,3031,
2026-01-04 12:13:00,s5053,u2440,Cameroon,Android TV,Kids Show,1,25,1.05,0.5,10393,4285,CDN_ERROR
2026-01-04 12:14:00,s5054,u2221,Ivory Coast,STB,Documentary D,1,82,1.36,0.36,7292,1939,CDN_ERROR
2026-01-04 12:15:00,s5055,u1565,Ivory Coast,iOS,Sport Live,1,3,0.9,0.24,6739,2855,AUTH_ERROR
2026-01-04 12:16:00,s5056,u2483,Cameroon,Android TV,Series A,1,16,0.38,0.24,625,3324,AUTH_ERROR
2026-01-04 12:17:00,s5057,u1510,Morocco,iOS,Kids Show,1,87,1.04,0.26,4572,1176,LOW_BITRATE
2026-01-04 12:18:00,s5058,u54,Senegal,Mobile,Documentary D,1,21,0.41,0.13,10047,446,BUFFERING_ERROR
2026-01-04 12:19:00,s5059,u1814,Senegal,Mobile,Kids Show,1,62,1.48,0.22,5552,4459,STARTUP_TIMEOUT
2026-01-04 12:20:00,s5060,u1332,France,Web,Movie C,1,18,1.4,0.19,6320,2348,
2026-01-04 12:21:00,s5061,u1028,France,Web,Series B,1,73,0.9,0.12,2442,1290,
2026-01-04 12:22:00,s5062,u956,France,STB,Documentary D,1,12,0.57,0.09,8217,5703,
2026-01-04 12:23:00,s5063,u118,Ivory Coast,Web,Series A,1,79,1.08,0.48,3455,4033,
2026-01-04 12:24:00,s5064,u1456,Ivory Coast,Mobile,Sport Live,1,11,0.34,0.12,4883,3116,
2026-01-04 12:25:00,s5065,u773,Senegal,iOS,Kids Show,1,39,0.92,0.03,7375,3764,STARTUP_TIMEOUT
2026-01-04 12:26:00,s5066,u203,Morocco,Android TV,Movie C,1,87,0.54,0.42,5418,4458,BUFFERING_ERROR
2026-01-04 12:27:00,s5067,u1619,Cameroon,Mobile,Series A,1,27,0.26,0.17,9847,581,STARTUP_TIMEOUT
2026-01-04 12:28:00,s5068,u347,Tunisia,iOS,Sport Live,1,65,1.49,0.26,5968,2269,AUTH_ERROR
2026-01-04 12:29:00,s5069,u2059,Morocco,iOS,Kids Show,1,85,0.73,0.29,2405,3634,
2026-01-04 12:30:00,s5070,u933,Morocco,Smart TV,Sport Live,1,16,1.48,0.38,10939,1959,LOW_BITRATE
2026-01-04 12:31:00,s5071,u787,Senegal,Smart TV,Series A,1,83,0.49,0.53,2943,2041,
2026-01-04 12:32:00,s5072,u1568,Ivory Coast,Android TV,Series A,1,38,1.45,0.54,5327,1651,AUTH_ERROR
2026-01-04 12:33:00,s5073,u1329,Ivory Coast,Android TV,Kids Show,1,15,0.57,0.3,11061,1376,
2026-01-04 12:34:00,s5074,u96,Ivory Coast,iOS,Series B,1,19,0.64,0.37,6683,4280,AUTH_ERROR
2026-01-04 12:35:00,s5075,u1870,Senegal,STB,Sport Live,1,63,0.03,0.15,3662,1823,
2026-01-04 12:36:00,s5076,u1807,France,Mobile,Documentary D,1,40,0.12,0.05,9747,5534,AUTH_ERROR
2026-01-04 12:37:00,s5077,u1931,Ivory Coast,Android TV,Series A,1,2,1.48,0.17,3616,2013,CDN_ERROR
2026-01-04 12:38:00,s5078,u1324,Morocco,Mobile,Series B,1,17,1.49,0.49,4865,1194,
2026-01-04 12:39:00,s5079,u632,Ivory Coast,STB,Kids Show,1,40,0.26,0.18,4476,3954,STARTUP_TIMEOUT
2026-01-04 12:40:00,s5080,u1094,Tunisia,Web,Kids Show,1,86,1.31,0.48,9858,3055,
2026-01-04 12:41:00,s5081,u1616,Ivory Coast,iOS,Series B,1,28,0.08,0.54,1227,1953,
2026-01-04 12:42:00,s5082,u51,Tunisia,Web,Kids Show,1,53,0.5,0.48,7131,5651,BUFFERING_ERROR
2026-01-04 12:43:00,s5083,u2421,Cameroon,STB,Sport Live,1,12,0.01,0.23,1632,2450,
2026-01-04 12:44:00,s5084,u1206,Cameroon,iOS,Series A,1,3,1.37,0.01,7158,1912,STARTUP_TIMEOUT
2026-01-04 12:45:00,s5085,u914,Ivory Coast,Smart TV,Kids Show,1,34,0.39,0.25,2820,5735,CDN_ERROR
2026-01-04 12:46:00,s5086,u380,Ivory Coast,STB,Movie C,1,72,1.06,0.22,9320,3621,BUFFERING_ERROR
2026-01-04 12:47:00,s5087,u864,Ivory Coast,Smart TV,Kids Show,1,3,0.43,0.09,9214,997,
2026-01-04 12:48:00,s5088,u1605,Senegal,Mobile,Movie C,1,42,0.79,0.5,8455,2071,CDN_ERROR
2026-01-04 12:49:00,s5089,u2186,Cameroon,Smart TV,Series A,1,85,0.78,0.29,707,2439,
2026-01-04 12:50:00,s5090,u970,Morocco,Android TV,Sport Live,1,9,1.18,0.45,6966,5433,
2026-01-04 12:51:00,s5091,u1734,Tunisia,iOS,Movie C,1,10,0.44,0.34,2052,2178,
2026-01-04 12:52:00,s5092,u1229,France,Web,Documentary D,1,22,0.26,0.5,6034,2366,BUFFERING_ERROR
2026-01-04 12:53:00,s5093,u605,France,Android TV,Series B,1,48,0.19,0.29,5538,2228,
2026-01-04 12:54:00,s5094,u1243,France,Android TV,Documentary D,1,41,0.38,0.09,6557,1825,
2026-01-04 12:55:00,s5095,u1793,Ivory Coast,iOS,Documentary D,1,64,0.67,0.32,6011,5164,BUFFERING_ERROR
2026-01-04 12:56:00,s5096,u2014,France,iOS,Sport Live,1,36,0.84,0.29,6975,4579,BUFFERING_ERROR
2026-01-04 12:57:00,s5097,u1112,Tunisia,Android TV,Series B,1,46,1.21,0.04,3309,5484,BUFFERING_ERROR
2026-01-04 12:58:00,s5098,u778,Cameroon,iOS,Movie C,1,64,0.04,0.14,10086,5751,CDN_ERROR
2026-01-04 12:59:00,s5099,u2231,Ivory Coast,Mobile,Series A,1,88,0.03,0.38,7063,528,BUFFERING_ERROR
2026-01-04 13:00:00,s5100,u779,Tunisia,Web,Series A,1,18,1.12,0.44,4568,2693,AUTH_ERROR
2026-01-04 13:01:00,s5101,u628,Ivory Coast,Web,Documentary D,1,71,1.11,0.39,5605,1448,LOW_BITRATE
2026-01-04 13:02:00,s5102,u1072,Cameroon,Web,Sport Live,1,26,0.35,0.44,8365,2068,STARTUP_TIMEOUT
2026-01-04 13:03:00,s5103,u2381,Cameroon,STB,Series A,1,46,0.31,0.43,6303,5249,
2026-01-04 13:04:00,s5104,u286,France,Web,Documentary D,1,49,0.96,0.51,5518,1630,LOW_BITRATE
2026-01-04 13:05:00,s5105,u788,Morocco,Mobile,Series B,1,39,0.97,0.28,4687,2693,AUTH_ERROR
2026-01-04 13:06:00,s5106,u804,France,STB,Documentary D,1,81,1.08,0.11,5905,3597,CDN_ERROR
2026-01-04 13:07:00,s5107,u890,Morocco,Web,Sport Live,1,82,1.21,0.09,1803,1553,AUTH_ERROR
2026-01-04 13:08:00,s5108,u453,Morocco,iOS,Series B,1,49,0.24,0.34,7076,3984,
2026-01-04 13:09:00,s5109,u1103,Senegal,Smart TV,Kids Show,1,78,1.26,0.38,8459,5413,BUFFERING_ERROR
2026-01-04 13:10:00,s5110,u2043,Cameroon,Mobile,Kids Show,1,1,1.25,0.16,2853,1482,
2026-01-04 13:11:00,s5111,u1021,Senegal,Smart TV,Kids Show,1,57,0.93,0.27,630,2575,
2026-01-04 13:12:00,s5112,u1822,Cameroon,STB,Documentary D,1,26,1.26,0.23,9590,1634,LOW_BITRATE
2026-01-04 13:13:00,s5113,u1509,Tunisia,Mobile,Documentary D,1,61,1.17,0.37,5591,2202,
2026-01-04 13:14:00,s5114,u1497,Cameroon,Android TV,Series B,1,60,0.16,0.11,9437,1013,
2026-01-04 13:15:00,s5115,u1361,Morocco,iOS,Documentary D,1,64,1.34,0.18,557,2878,STARTUP_TIMEOUT
2026-01-04 13:16:00,s5116,u1022,Morocco,Mobile,Kids Show,1,27,0.59,0.41,1137,1952,
2026-01-04 13:17:00,s5117,u2340,Cameroon,Mobile,Sport Live,1,75,1.1,0.21,1484,1192,AUTH_ERROR
2026-01-04 13:18:00,s5118,u2222,Morocco,iOS,Kids Show,1,1,0.54,0.27,2457,4539,
2026-01-04 13:19:00,s5119,u2211,Senegal,Android TV,Sport Live,1,35,1.42,0.47,9079,5787,
2026-01-04 13:20:00,s5120,u1745,Senegal,Android TV,Series B,1,36,0.66,0.03,6175,5595,
2026-01-04 13:21:00,s5121,u1422,Senegal,Mobile,Series A,1,68,0.25,0.23,3029,2607,STARTUP_TIMEOUT
2026-01-04 13:22:00,s5122,u459,Senegal,Smart TV,Series B,1,50,0.82,0.53,9331,3005,BUFFERING_ERROR
2026-01-04 13:23:00,s5123,u1714,Senegal,iOS,Sport Live,1,31,0.99,0.29,2851,906,CDN_ERROR
2026-01-04 13:24:00,s5124,u333,France,iOS,Documentary D,1,50,0.22,0.42,6947,3721,STARTUP_TIMEOUT
2026-01-04 13:25:00,s5125,u1185,France,Mobile,Series A,1,64,1.21,0.47,944,2438,
2026-01-04 13:26:00,s5126,u1717,Senegal,Mobile,Series A,1,40,0.32,0.12,3424,3563,AUTH_ERROR
2026-01-04 13:27:00,s5127,u2486,Morocco,Android TV,Sport Live,1,9,0.49,0.45,10359,4170,STARTUP_TIMEOUT
2026-01-04 13:28:00,s5128,u1039,Ivory Coast,Web,Kids Show,1,3,0.02,0.42,11287,5644,AUTH_ERROR
2026-01-04 13:29:00,s5129,u1314,Cameroon,Smart TV,Movie C,1,45,0.02,0.06,5087,2586,
2026-01-04 13:30:00,s5130,u1547,Tunisia,Web,Sport Live,1,87,0.97,0.1,8810,3999,
2026-01-04 13:31:00,s5131,u528,Senegal,iOS,Movie C,1,34,0.73,0.27,10866,3417,LOW_BITRATE
2026-01-04 13:32:00,s5132,u2022,Ivory Coast,Web,Documentary D,1,7,1.34,0.19,7687,3625,
2026-01-04 13:33:00,s5133,u1389,Senegal,iOS,Series A,1,44,1.42,0.43,6261,5853,STARTUP_TIMEOUT
2026-01-04 13:34:00,s5134,u2182,Cameroon,Smart TV,Series B,1,47,0.13,0.29,1019,1599,AUTH_ERROR
2026-01-04 13:35:00,s5135,u2254,France,iOS,Sport Live,1,25,0.02,0.55,2458,1892,BUFFERING_ERROR
2026-01-04 13:36:00,s5136,u341,Tunisia,Mobile,Sport Live,1,24,1.23,0.27,2514,3296,CDN_ERROR
2026-01-04 13:37:00,s5137,u1709,Morocco,Smart TV,Movie C,1,90,0.96,0.52,2079,4640,BUFFERING_ERROR
2026-01-04 13:38:00,s5138,u1775,Ivory Coast,Android TV,Movie C,1,68,0.34,0.54,11049,3934,BUFFERING_ERROR
2026-01-04 13:39:00,s5139,u2171,Ivory Coast,Mobile,Sport Live,1,48,1.19,0.11,6684,3627,
2026-01-04 13:40:00,s5140,u1566,Tunisia,Android TV,Series A,1,78,0.07,0.28,11729,1727,AUTH_ERROR
2026-01-04 13:41:00,s5141,u809,France,Mobile,Documentary D,1,64,0.12,0.12,10846,4860,LOW_BITRATE
2026-01-04 13:42:00,s5142,u2112,Cameroon,STB,Series A,1,22,0.37,0.19,10278,5723,BUFFERING_ERROR
2026-01-04 13:43:00,s5143,u911,Cameroon,STB,Kids Show,1,63,1.15,0.43,9575,4147,LOW_BITRATE
2026-01-04 13:44:00,s5144,u1725,Senegal,Mobile,Movie C,1,41,0.43,0.11,11812,3841,
2026-01-04 13:45:00,s5145,u1791,Cameroon,Smart TV,Documentary D,1,24,1.26,0.51,2934,2985,LOW_BITRATE
2026-01-04 13:46:00,s5146,u2326,Tunisia,STB,Series A,1,81,1.06,0.03,8306,2116,AUTH_ERROR
2026-01-04 13:47:00,s5147,u1504,Tunisia,Android TV,Documentary D,1,3,1.3,0.2,11531,4430,
2026-01-04 13:48:00,s5148,u673,Cameroon,STB,Series A,1,55,1.11,0.06,6416,2821,
2026-01-04 13:49:00,s5149,u728,Ivory Coast,Android TV,Kids Show,1,28,1.15,0.12,7918,2668,AUTH_ERROR
2026-01-04 13:50:00,s5150,u272,France,Android TV,Documentary D,1,40,0.82,0.04,3613,5382,AUTH_ERROR
2026-01-04 13:51:00,s5151,u1599,France,Android TV,Movie C,1,58,0.38,0.1,1994,5473,
2026-01-04 13:52:00,s5152,u2042,Tunisia,Mobile,Documentary D,1,40,0.77,0.4,3057,4222,
2026-01-04 13:53:00,s5153,u1151,France,iOS,Kids Show,1,14,1.24,0.21,5444,820,LOW_BITRATE
2026-01-04 13:54:00,s5154,u1756,Cameroon,Android TV,Series A,1,62,0.11,0.04,8115,4215,LOW_BITRATE
2026-01-04 13:55:00,s5155,u205,Cameroon,Android TV,Series A,1,54,0.77,0.49,7733,3063,BUFFERING_ERROR
2026-01-04 13:56:00,s5156,u1619,France,Android TV,Movie C,1,74,1.31,0.06,7584,1795,
2026-01-04 13:57:00,s5157,u1479,Cameroon,Smart TV,Sport Live,1,30,1.36,0.54,5666,3477,STARTUP_TIMEOUT
2026-01-04 13:58:00,s5158,u121,Ivory Coast,STB,Series A,1,30,1.35,0.26,11810,5960,
2026-01-04 13:59:00,s5159,u2099,Senegal,Smart TV,Series B,1,53,1.27,0.32,7484,1159,CDN_ERROR
2026-01-04 14:00:00,s5160,u480,Morocco,Android TV,Series A,1,5,0.26,0.2,10630,1239,
2026-01-04 14:01:00,s5161,u277,Cameroon,iOS,Movie C,1,57,0.24,0.49,4577,3609,
2026-01-04 14:02:00,s5162,u721,Cameroon,STB,Series B,1,63,0.06,0.31,11883,4197,
2026-01-04 14:03:00,s5163,u1612,Morocco,STB,Movie C,1,24,1.31,0.1,7982,4682,AUTH_ERROR
2026-01-04 14:04:00,s5164,u361,Tunisia,STB,Documentary D,1,37,0.45,0.46,10696,1508,LOW_BITRATE
2026-01-04 14:05:00,s5165,u2011,Tunisia,Web,Series B,1,52,0.72,0.2,8041,5239,
2026-01-04 14:06:00,s5166,u2411,Senegal,Android TV,Documentary D,1,15,1.37,0.08,3364,1736,
2026-01-04 14:07:00,s5167,u1215,Senegal,Android TV,Movie C,1,75,0.15,0.34,3707,4931,
2026-01-04 14:08:00,s5168,u1856,Tunisia,Android TV,Sport Live,1,16,0.07,0.07,7358,4951,
2026-01-04 14:09:00,s5169,u1019,Cameroon,iOS,Series A,1,5,0.31,0.39,6459,4343,AUTH_ERROR
2026-01-04 14:10:00,s5170,u1983,France,Smart TV,Series A,1,14,0.99,0.53,3415,4989,LOW_BITRATE
2026-01-04 14:11:00,s5171,u627,Morocco,STB,Sport Live,1,23,0.93,0.48,9054,4526,AUTH_ERROR
2026-01-04 14:12:00,s5172,u1756,Cameroon,iOS,Kids Show,1,37,0.8,0.01,541,1746,BUFFERING_ERROR
2026-01-04 14:13:00,s5173,u1758,Ivory Coast,Mobile,Documentary D,1,56,1.26,0.21,3668,5143,
2026-01-04 14:14:00,s5174,u191,Cameroon,Web,Movie C,1,5,0.23,0.22,9308,3864,STARTUP_TIMEOUT
2026-01-04 14:15:00,s5175,u623,Senegal,Android TV,Sport Live,1,43,0.35,0.1,5086,3728,
2026-01-04 14:16:00,s5176,u1117,Morocco,STB,Documentary D,1,78,0.36,0.55,2878,4603,AUTH_ERROR
2026-01-04 14:17:00,s5177,u2092,Tunisia,iOS,Series A,1,20,0.69,0.32,6404,5707,CDN_ERROR
2026-01-04 14:18:00,s5178,u1615,Senegal,STB,Movie C,1,33,0.73,0.42,1118,5012,STARTUP_TIMEOUT
2026-01-04 14:19:00,s5179,u798,Ivory Coast,STB,Documentary D,1,68,0.95,0.38,8653,2258,LOW_BITRATE
2026-01-04 14:20:00,s5180,u2019,Morocco,Android TV,Series B,1,23,1.24,0.39,8084,2761,AUTH_ERROR
2026-01-04 14:21:00,s5181,u846,Ivory Coast,STB,Movie C,1,40,0.32,0.11,7808,1326,BUFFERING_ERROR
2026-01-04 14:22:00,s5182,u32,Cameroon,iOS,Series B,1,64,1.31,0.32,6913,1931,CDN_ERROR
2026-01-04 14:23:00,s5183,u1123,Tunisia,Android TV,Movie C,1,30,1.39,0.48,10286,2287,
2026-01-04 14:24:00,s5184,u478,Senegal,STB,Series B,1,51,1.32,0.49,11934,3810,AUTH_ERROR
2026-01-04 14:25:00,s5185,u1605,Morocco,iOS,Movie C,1,18,0.23,0.52,9451,2859,LOW_BITRATE
2026-01-04 14:26:00,s5186,u443,Senegal,Mobile,Series A,1,32,0.76,0.15,5105,2619,
2026-01-04 14:27:00,s5187,u858,Cameroon,Web,Series B,1,55,0.65,0.18,11824,5627,LOW_BITRATE
2026-01-04 14:28:00,s5188,u626,Cameroon,Web,Kids Show,1,42,0.49,0.44,9619,2330,
2026-01-04 14:29:00,s5189,u1424,Senegal,Smart TV,Sport Live,1,19,0.11,0.08,6378,3654,LOW_BITRATE
2026-01-04 14:30:00,s5190,u1032,Cameroon,Android TV,Documentary D,1,6,0.71,0.23,4722,4883,LOW_BITRATE
2026-01-04 14:31:00,s5191,u2274,France,Mobile,Documentary D,1,20,0.89,0.12,2867,3016,
2026-01-04 14:32:00,s5192,u1853,Ivory Coast,STB,Movie C,1,10,1.08,0.42,4088,3581,
2026-01-04 14:33:00,s5193,u685,France,STB,Sport Live,1,13,1.43,0.21,1270,1852,CDN_ERROR
2026-01-04 14:34:00,s5194,u711,Senegal,Web,Movie C,1,73,0.08,0.07,11553,5603,STARTUP_TIMEOUT
2026-01-04 14:35:00,s5195,u1053,Tunisia,Mobile,Documentary D,1,87,0.49,0.38,5824,4532,CDN_ERROR
2026-01-04 14:36:00,s5196,u134,France,Smart TV,Documentary D,1,24,1.3,0.15,5402,1454,CDN_ERROR
2026-01-04 14:37:00,s5197,u2092,Senegal,Mobile,Movie C,1,18,0.02,0.27,11504,2064,
2026-01-04 14:38:00,s5198,u1569,Morocco,Smart TV,Documentary D,1,16,0.81,0.18,3225,3668,BUFFERING_ERROR
2026-01-04 14:39:00,s5199,u927,France,iOS,Series B,1,47,1.29,0.25,10295,1313,
2026-01-04 14:40:00,s5200,u1828,France,STB,Movie C,1,84,1.46,0.51,2920,4879,LOW_BITRATE
2026-01-04 14:41:00,s5201,u787,Morocco,Web,Documentary D,1,32,1.5,0.08,10854,3880,STARTUP_TIMEOUT
2026-01-04 14:42:00,s5202,u2399,France,STB,Series A,1,18,1.21,0.31,9492,2421,BUFFERING_ERROR
2026-01-04 14:43:00,s5203,u1598,Tunisia,Smart TV,Series B,1,71,1.33,0.14,6744,4871,
2026-01-04 14:44:00,s5204,u294,Tunisia,Smart TV,Movie C,1,37,0.64,0.5,3527,2112,
2026-01-04 14:45:00,s5205,u775,France,STB,Kids Show,1,65,0.39,0.36,8960,1193,
2026-01-04 14:46:00,s5206,u762,Tunisia,Android TV,Kids Show,1,31,0.87,0.16,5750,1852,LOW_BITRATE
2026-01-04 14:47:00,s5207,u1712,Cameroon,iOS,Kids Show,1,52,0.11,0.19,2290,3790,STARTUP_TIMEOUT
2026-01-04 14:48:00,s5208,u975,Ivory Coast,Smart TV,Kids Show,1,25,0.1,0.06,3075,5697,
2026-01-04 14:49:00,s5209,u2304,Ivory Coast,Android TV,Series A,1,48,1.4,0.42,3044,3532,AUTH_ERROR
2026-01-04 14:50:00,s5210,u1401,France,STB,Series B,1,68,0.61,0.21,4022,1711,CDN_ERROR
2026-01-04 14:51:00,s5211,u2286,Morocco,STB,Series B,1,25,0.05,0.34,7261,2809,LOW_BITRATE
2026-01-04 14:52:00,s5212,u296,France,Android TV,Kids Show,1,37,1.07,0.18,7500,5789,BUFFERING_ERROR
2026-01-04 14:53:00,s5213,u1930,Ivory Coast,Web,Documentary D,1,30,0.44,0.26,6647,1443,
2026-01-04 14:54:00,s5214,u66,Cameroon,Web,Sport Live,1,68,1.14,0.1,1298,4232,CDN_ERROR
2026-01-04 14:55:00,s5215,u695,Morocco,Web,Kids Show,1,49,0.8,0.03,7928,2891,LOW_BITRATE
2026-01-04 14:56:00,s5216,u1418,Senegal,Web,Documentary D,1,84,0.98,0.5,8528,4270,CDN_ERROR
2026-01-04 14:57:00,s5217,u195,Senegal,iOS,Kids Show,1,49,0.32,0.48,7721,3107,
2026-01-04 14:58:00,s5218,u314,Cameroon,Mobile,Series A,1,85,0.4,0.18,4795,2829,STARTUP_TIMEOUT
2026-01-04 14:59:00,s5219,u259,Cameroon,Web,Series B,1,50,1.28,0.08,5120,3374,BUFFERING_ERROR
2026-01-04 15:00:00,s5220,u2349,Cameroon,STB,Kids Show,1,49,0.07,0.41,10107,3864,BUFFERING_ERROR
2026-01-04 15:01:00,s5221,u574,Ivory Coast,Mobile,Movie C,1,83,0.77,0.03,8760,4539,BUFFERING_ERROR
2026-01-04 15:02:00,s5222,u1247,France,STB,Series B,1,65,0.92,0.49,9297,4226,
2026-01-04 15:03:00,s5223,u755,Ivory Coast,Web,Documentary D,1,51,1.23,0.07,5040,1225,
2026-01-04 15:04:00,s5224,u1581,Ivory Coast,Web,Series A,1,2,0.15,0.46,6280,3153,BUFFERING_ERROR
2026-01-04 15:05:00,s5225,u2051,Ivory Coast,STB,Documentary D,1,56,0.17,0.27,519,1400,
2026-01-04 15:06:00,s5226,u469,Ivory Coast,Android TV,Series A,1,80,0.09,0.45,3740,5663,LOW_BITRATE
2026-01-04 15:07:00,s5227,u1814,France,Web,Sport Live,1,2,0.66,0.1,8619,5083,STARTUP_TIMEOUT
2026-01-04 15:08:00,s5228,u1020,Cameroon,iOS,Kids Show,1,89,0.81,0.47,7391,2611,LOW_BITRATE
2026-01-04 15:09:00,s5229,u591,Senegal,STB,Series B,1,90,0.8,0.2,7681,1311,STARTUP_TIMEOUT
2026-01-04 15:10:00,s5230,u2244,Ivory Coast,Android TV,Sport Live,1,82,0.27,0.4,9737,2649,AUTH_ERROR
2026-01-04 15:11:00,s5231,u2292,Ivory Coast,Web,Documentary D,1,62,1.36,0.5,8041,3156,
2026-01-04 15:12:00,s5232,u2034,Tunisia,STB,Documentary D,1,67,0.23,0.34,5323,1276,
2026-01-04 15:13:00,s5233,u624,France,Android TV,Series B,1,53,0.2,0.43,5681,535,
2026-01-04 15:14:00,s5234,u1283,Senegal,Web,Series B,1,40,1.11,0.47,2609,5691,AUTH_ERROR
2026-01-04 15:15:00,s5235,u1287,Cameroon,Web,Documentary D,1,3,0.69,0.43,5871,1606,
2026-01-04 15:16:00,s5236,u1823,Cameroon,Smart TV,Documentary D,1,17,0.25,0.2,6465,3010,BUFFERING_ERROR
2026-01-04 15:17:00,s5237,u2300,Ivory Coast,Mobile,Series B,1,23,0.38,0.53,10544,2163,
2026-01-04 15:18:00,s5238,u943,Cameroon,Smart TV,Movie C,1,60,0.35,0.04,1051,4034,CDN_ERROR
2026-01-04 15:19:00,s5239,u1987,Ivory Coast,Android TV,Sport Live,1,76,1.43,0.11,8267,1785,BUFFERING_ERROR
2026-01-04 15:20:00,s5240,u628,France,Smart TV,Kids Show,1,72,0.99,0.21,1295,5703,
2026-01-04 15:21:00,s5241,u498,Cameroon,Android TV,Series B,1,52,0.68,0.42,3205,2592,AUTH_ERROR
2026-01-04 15:22:00,s5242,u2302,Senegal,iOS,Series A,1,27,1.22,0.07,7743,2690,CDN_ERROR
2026-01-04 15:23:00,s5243,u231,Ivory Coast,iOS,Kids Show,1,62,1.01,0.35,3471,3898,CDN_ERROR
2026-01-04 15:24:00,s5244,u1053,France,Smart TV,Series A,1,59,0.9,0.16,2521,2159,
2026-01-04 15:25:00,s5245,u2114,Ivory Coast,Web,Series A,1,41,0.13,0.15,10727,4557,AUTH_ERROR
2026-01-04 15:26:00,s5246,u916,Ivory Coast,Web,Documentary D,1,44,0.08,0.36,2365,2675,STARTUP_TIMEOUT
2026-01-04 15:27:00,s5247,u2223,Ivory Coast,Mobile,Series A,1,55,1.32,0.32,8271,732,STARTUP_TIMEOUT
2026-01-04 15:28:00,s5248,u2460,Cameroon,Mobile,Documentary D,1,87,0.11,0.39,4006,3460,AUTH_ERROR
2026-01-04 15:29:00,s5249,u1497,Ivory Coast,STB,Kids Show,1,61,1.06,0.51,5242,815,STARTUP_TIMEOUT
2026-01-04 15:30:00,s5250,u218,Tunisia,Mobile,Kids Show,1,24,1.24,0.46,864,4367,
2026-01-04 15:31:00,s5251,u1363,France,Smart TV,Documentary D,1,47,1.44,0.36,10584,5142,AUTH_ERROR
2026-01-04 15:32:00,s5252,u2318,Cameroon,STB,Series A,1,32,0.62,0.25,9011,4975,AUTH_ERROR
2026-01-04 15:33:00,s5253,u2442,Cameroon,iOS,Movie C,1,9,1.4,0.15,6139,2779,
2026-01-04 15:34:00,s5254,u1429,Ivory Coast,iOS,Sport Live,1,60,1.11,0.21,2923,3883,STARTUP_TIMEOUT
2026-01-04 15:35:00,s5255,u359,Tunisia,STB,Documentary D,1,39,0.78,0.49,6946,2977,
2026-01-04 15:36:00,s5256,u1761,Senegal,Android TV,Sport Live,1,59,1.13,0.48,2375,953,CDN_ERROR
2026-01-04 15:37:00,s5257,u1942,Senegal,Web,Kids Show,1,90,0.25,0.12,11413,1702,
2026-01-04 15:38:00,s5258,u540,Ivory Coast,STB,Sport Live,1,11,1.27,0.53,1147,1243,LOW_BITRATE
2026-01-04 15:39:00,s5259,u2156,Tunisia,Web,Sport Live,1,22,0.97,0.08,3361,450,
2026-01-04 15:40:00,s5260,u194,Morocco,Android TV,Series A,1,86,0.99,0.11,8336,2465,AUTH_ERROR
2026-01-04 15:41:00,s5261,u1346,Senegal,STB,Series A,1,1,0.37,0.02,10403,2542,BUFFERING_ERROR
2026-01-04 15:42:00,s5262,u859,Ivory Coast,STB,Movie C,1,49,0.18,0.34,10206,3200,BUFFERING_ERROR
2026-01-04 15:43:00,s5263,u1490,Morocco,Android TV,Kids Show,1,33,1.26,0.33,6924,4211,AUTH_ERROR
2026-01-04 15:44:00,s5264,u1623,Morocco,STB,Sport Live,1,69,0.84,0.03,502,1721,BUFFERING_ERROR
2026-01-04 15:45:00,s5265,u1670,Tunisia,Web,Series A,1,65,0.5,0.36,7283,857,LOW_BITRATE
2026-01-04 15:46:00,s5266,u855,Morocco,Mobile,Series A,1,16,1.42,0.1,5803,2885,
2026-01-04 15:47:00,s5267,u305,Morocco,STB,Movie C,1,51,0.77,0.03,11771,3373,
2026-01-04 15:48:00,s5268,u1594,Morocco,Android TV,Sport Live,1,68,0.59,0.26,10223,1888,STARTUP_TIMEOUT
2026-01-04 15:49:00,s5269,u1271,Tunisia,iOS,Movie C,1,21,0.37,0.37,8146,2568,CDN_ERROR
2026-01-04 15:50:00,s5270,u528,France,iOS,Documentary D,1,24,0.43,0.28,5622,3434,STARTUP_TIMEOUT
2026-01-04 15:51:00,s5271,u357,Senegal,Mobile,Series B,1,37,0.13,0.27,547,1180,
2026-01-04 15:52:00,s5272,u64,France,Mobile,Movie C,1,80,0.28,0.39,1415,3504,BUFFERING_ERROR
2026-01-04 15:53:00,s5273,u446,Morocco,Mobile,Sport Live,1,28,0.41,0.16,2183,862,
2026-01-04 15:54:00,s5274,u2191,Morocco,Web,Series A,1,23,1.03,0.04,6542,2183,STARTUP_TIMEOUT
2026-01-04 15:55:00,s5275,u552,Senegal,iOS,Series B,1,63,0.95,0.21,4335,3604,AUTH_ERROR
2026-01-04 15:56:00,s5276,u651,Ivory Coast,Mobile,Sport Live,1,82,0.74,0.44,5610,2986,STARTUP_TIMEOUT
2026-01-04 15:57:00,s5277,u1265,Morocco,Mobile,Documentary D,1,48,0.95,0.4,11220,5664,CDN_ERROR
2026-01-04 15:58:00,s5278,u852,Ivory Coast,Mobile,Series A,1,23,1.21,0.28,4789,5669,
2026-01-04 15:59:00,s5279,u1582,France,Smart TV,Kids Show,1,61,0.5,0.41,6708,2984,AUTH_ERROR
2026-01-04 16:00:00,s5280,u803,Tunisia,iOS,Sport Live,1,35,1.15,0.37,5067,848,
2026-01-04 16:01:00,s5281,u265,Ivory Coast,iOS,Documentary D,1,27,0.85,0.3,3984,2064,BUFFERING_ERROR
2026-01-04 16:02:00,s5282,u5,Tunisia,Android TV,Kids Show,1,14,0.12,0.11,3331,4979,
2026-01-04 16:03:00,s5283,u5,Tunisia,Mobile,Series B,1,60,1.29,0.21,2351,4939,STARTUP_TIMEOUT
2026-01-04 16:04:00,s5284,u2033,Ivory Coast,iOS,Kids Show,1,7,0.38,0.48,6362,5631,BUFFERING_ERROR
2026-01-04 16:05:00,s5285,u314,France,Mobile,Kids Show,1,77,0.31,0.27,11344,2600,STARTUP_TIMEOUT
2026-01-04 16:06:00,s5286,u2359,Tunisia,iOS,Series A,1,62,1.05,0.52,1970,5385,CDN_ERROR
2026-01-04 16:07:00,s5287,u1879,Senegal,STB,Movie C,1,79,1.13,0.28,11268,2175,LOW_BITRATE
2026-01-04 16:08:00,s5288,u2362,Tunisia,Android TV,Kids Show,1,35,0.21,0.24,7147,1585,LOW_BITRATE
2026-01-04 16:09:00,s5289,u1798,France,Smart TV,Sport Live,1,22,0.94,0.18,10140,3003,CDN_ERROR
2026-01-04 16:10:00,s5290,u1366,France,STB,Kids Show,1,64,0.87,0.36,1561,4434,BUFFERING_ERROR
2026-01-04 16:11:00,s5291,u1532,Senegal,STB,Documentary D,1,18,0.28,0.13,5791,5328,LOW_BITRATE
2026-01-04 16:12:00,s5292,u1391,Morocco,Android TV,Documentary D,1,26,0.04,0.26,2597,1262,
2026-01-04 16:13:00,s5293,u424,Ivory Coast,Web,Series A,1,15,0.28,0.08,7793,5633,AUTH_ERROR
2026-01-04 16:14:00,s5294,u1509,France,STB,Series B,1,88,0.19,0.5,2582,2834,
2026-01-04 16:15:00,s5295,u1982,Morocco,iOS,Movie C,1,17,1.47,0.04,6969,3781,
2026-01-04 16:16:00,s5296,u874,France,Mobile,Kids Show,1,86,0.2,0.16,11528,3645,CDN_ERROR
2026-01-04 16:17:00,s5297,u645,Senegal,Mobile,Series A,1,14,1.19,0.5,1053,585,CDN_ERROR
2026-01-04 16:18:00,s5298,u2464,Ivory Coast,Android TV,Series A,1,22,0.97,0.34,3111,4831,
2026-01-04 16:19:00,s5299,u410,Morocco,Android TV,Series B,1,4,1.26,0.35,9523,1639,
2026-01-04 16:20:00,s5300,u732,Cameroon,Web,Kids Show,1,57,0.04,0.2,1941,3379,CDN_ERROR
2026-01-04 16:21:00,s5301,u2009,Senegal,Smart TV,Documentary D,1,74,0.72,0.29,6987,4142,STARTUP_TIMEOUT
2026-01-04 16:22:00,s5302,u204,Tunisia,STB,Documentary D,1,58,1.12,0.39,10733,3651,CDN_ERROR
2026-01-04 16:23:00,s5303,u1282,Cameroon,STB,Kids Show,1,42,1.28,0.47,9401,4875,
2026-01-04 16:24:00,s5304,u197,France,Mobile,Documentary D,1,6,1.37,0.28,5243,5998,
2026-01-04 16:25:00,s5305,u630,Tunisia,iOS,Kids Show,1,90,1.19,0.45,6662,4109,
2026-01-04 16:26:00,s5306,u1627,Tunisia,Android TV,Movie C,1,19,1.01,0.29,8528,3272,BUFFERING_ERROR
2026-01-04 16:27:00,s5307,u1296,Ivory Coast,iOS,Movie C,1,64,0.81,0.33,2435,3387,CDN_ERROR
2026-01-04 16:28:00,s5308,u1011,Cameroon,Mobile,Series B,1,5,0.9,0.5,2766,5578,STARTUP_TIMEOUT
2026-01-04 16:29:00,s5309,u2433,Tunisia,iOS,Sport Live,1,74,1.07,0.04,9418,1282,STARTUP_TIMEOUT
2026-01-04 16:30:00,s5310,u969,Senegal,STB,Sport Live,1,28,1.06,0.48,6664,2061,CDN_ERROR
2026-01-04 16:31:00,s5311,u1151,Senegal,Android TV,Series A,1,69,1.36,0.19,6500,1760,CDN_ERROR
2026-01-04 16:32:00,s5312,u782,Cameroon,Smart TV,Movie C,1,45,0.08,0.28,4435,3455,BUFFERING_ERROR
2026-01-04 16:33:00,s5313,u2270,France,Mobile,Documentary D,1,1,0.27,0.54,7542,5805,CDN_ERROR
2026-01-04 16:34:00,s5314,u2380,Ivory Coast,Web,Sport Live,1,51,0.35,0.51,4782,4336,CDN_ERROR
2026-01-04 16:35:00,s5315,u1927,Senegal,Android TV,Series B,1,53,0.55,0.2,3187,5697,
2026-01-04 16:36:00,s5316,u289,Senegal,Android TV,Sport Live,1,24,0.84,0.44,11022,1942,BUFFERING_ERROR
2026-01-04 16:37:00,s5317,u2022,Tunisia,Smart TV,Kids Show,1,63,0.27,0.08,1387,3509,
2026-01-04 16:38:00,s5318,u1959,France,STB,Series B,1,56,0.86,0.39,3687,4831,
2026-01-04 16:39:00,s5319,u138,Senegal,Web,Series B,1,52,0.11,0.53,9064,4586,
2026-01-04 16:40:00,s5320,u1827,Morocco,Smart TV,Series B,1,79,0.02,0.2,6196,488,BUFFERING_ERROR
2026-01-04 16:41:00,s5321,u317,Morocco,Smart TV,Sport Live,1,16,0.62,0.35,8856,1549,
2026-01-04 16:42:00,s5322,u1844,Tunisia,STB,Series A,1,2,0.25,0.36,9945,2667,
2026-01-04 16:43:00,s5323,u1033,Ivory Coast,STB,Series B,1,85,1.48,0.18,4190,5429,
2026-01-04 16:44:00,s5324,u1157,France,Mobile,Series A,1,82,0.45,0.37,3644,1746,STARTUP_TIMEOUT
2026-01-04 16:45:00,s5325,u1007,Tunisia,Android TV,Kids Show,1,18,0.47,0.37,7900,2244,
2026-01-04 16:46:00,s5326,u1729,Morocco,Mobile,Kids Show,1,54,0.77,0.04,2975,2153,BUFFERING_ERROR
2026-01-04 16:47:00,s5327,u2071,Ivory Coast,iOS,Movie C,1,90,0.44,0.34,5817,1332,CDN_ERROR
2026-01-04 16:48:00,s5328,u311,Tunisia,Smart TV,Series A,1,14,0.98,0.25,7335,2802,
2026-01-04 16:49:00,s5329,u2082,France,Android TV,Series B,1,6,0.57,0.51,11113,2650,BUFFERING_ERROR
2026-01-04 16:50:00,s5330,u130,Senegal,iOS,Series A,1,20,0.68,0.44,11886,5454,AUTH_ERROR
2026-01-04 16:51:00,s5331,u495,Tunisia,iOS,Kids Show,1,52,1.26,0.51,6669,5143,
2026-01-04 16:52:00,s5332,u73,Tunisia,STB,Movie C,1,77,0.18,0.34,4201,2460,CDN_ERROR
2026-01-04 16:53:00,s5333,u1929,Cameroon,Smart TV,Documentary D,1,68,0.89,0.51,510,3967,BUFFERING_ERROR
2026-01-04 16:54:00,s5334,u160,Ivory Coast,Android TV,Kids Show,1,37,0.34,0.49,10755,2383,STARTUP_TIMEOUT
2026-01-04 16:55:00,s5335,u1574,Tunisia,iOS,Documentary D,1,67,1.45,0.34,6670,4509,STARTUP_TIMEOUT
2026-01-04 16:56:00,s5336,u1961,Tunisia,Android TV,Movie C,1,69,1.02,0.55,6685,4877,
2026-01-04 16:57:00,s5337,u538,Ivory Coast,Smart TV,Series B,1,52,0.44,0.47,2915,5119,AUTH_ERROR
2026-01-04 16:58:00,s5338,u686,Cameroon,Android TV,Sport Live,1,7,0.88,0.46,7877,1689,
2026-01-04 16:59:00,s5339,u1324,Ivory Coast,Mobile,Kids Show,1,66,0.42,0.13,2981,5382,AUTH_ERROR
2026-01-04 17:00:00,s5340,u1242,Ivory Coast,Android TV,Series A,1,84,1.28,0.07,1146,2347,AUTH_ERROR
2026-01-04 17:01:00,s5341,u2242,France,STB,Sport Live,1,6,0.16,0.28,7166,5716,
2026-01-04 17:02:00,s5342,u57,Senegal,Mobile,Series B,1,40,0.98,0.07,5374,976,CDN_ERROR
2026-01-04 17:03:00,s5343,u325,Morocco,iOS,Movie C,1,44,0.05,0.43,1123,684,
2026-01-04 17:04:00,s5344,u1479,France,STB,Series A,1,39,0.55,0.24,2005,3321,CDN_ERROR
2026-01-04 17:05:00,s5345,u1769,France,Android TV,Kids Show,1,34,0.94,0.33,2777,1501,LOW_BITRATE
2026-01-04 17:06:00,s5346,u2207,Tunisia,Smart TV,Series A,1,87,0.13,0.5,2383,1523,AUTH_ERROR
2026-01-04 17:07:00,s5347,u108,France,Smart TV,Movie C,1,86,0.45,0.2,3065,2369,AUTH_ERROR
2026-01-04 17:08:00,s5348,u2496,Morocco,iOS,Series B,1,30,0.06,0.52,3139,1277,
2026-01-04 17:09:00,s5349,u1056,Ivory Coast,Mobile,Documentary D,1,83,0.41,0.39,5693,497,
2026-01-04 17:10:00,s5350,u1484,France,Mobile,Documentary D,1,24,1.34,0.19,8660,1358,STARTUP_TIMEOUT
2026-01-04 17:11:00,s5351,u738,France,STB,Kids Show,1,36,0.79,0.45,8996,2814,CDN_ERROR
2026-01-04 17:12:00,s5352,u1819,France,Mobile,Movie C,1,87,0.36,0.46,7832,1367,CDN_ERROR
2026-01-04 17:13:00,s5353,u463,Cameroon,Web,Series B,1,32,0.44,0.32,3790,3897,
2026-01-04 17:14:00,s5354,u1698,Senegal,iOS,Documentary D,1,21,0.38,0.26,5154,1440,
2026-01-04 17:15:00,s5355,u1938,Senegal,iOS,Sport Live,1,50,1.37,0.46,11003,3830,STARTUP_TIMEOUT
2026-01-04 17:16:00,s5356,u2140,Ivory Coast,Web,Sport Live,1,7,1.25,0.13,1930,5982,AUTH_ERROR
2026-01-04 17:17:00,s5357,u2037,Morocco,Web,Series B,1,84,1.42,0.24,7147,5013,CDN_ERROR
2026-01-04 17:18:00,s5358,u1704,Tunisia,Web,Series A,1,54,1.45,0.13,11621,737,AUTH_ERROR
2026-01-04 17:19:00,s5359,u2237,Ivory Coast,Smart TV,Documentary D,1,25,0.73,0.16,2859,3887,BUFFERING_ERROR
2026-01-04 17:20:00,s5360,u1118,Tunisia,Web,Movie C,1,30,0.81,0.28,7875,668,
2026-01-04 17:21:00,s5361,u2201,Ivory Coast,STB,Documentary D,1,15,0.1,0.12,1387,2052,BUFFERING_ERROR
2026-01-04 17:22:00,s5362,u150,Senegal,Mobile,Series A,1,85,1.29,0.3,11216,5666,STARTUP_TIMEOUT
2026-01-04 17:23:00,s5363,u2418,Senegal,STB,Series B,1,65,0.1,0.16,11747,847,STARTUP_TIMEOUT
2026-01-04 17:24:00,s5364,u128,Senegal,Android TV,Series A,1,52,1.41,0.31,11183,480,
2026-01-04 17:25:00,s5365,u2289,Senegal,Smart TV,Sport Live,1,12,0.41,0.5,7226,4899,
2026-01-04 17:26:00,s5366,u1398,Senegal,Web,Movie C,1,1,1.26,0.05,2437,1803,STARTUP_TIMEOUT
2026-01-04 17:27:00,s5367,u369,Cameroon,iOS,Sport Live,1,55,1.13,0.51,9965,3114,STARTUP_TIMEOUT
2026-01-04 17:28:00,s5368,u2346,France,Web,Kids Show,1,43,0.29,0.43,10053,3397,AUTH_ERROR
2026-01-04 17:29:00,s5369,u951,Senegal,Mobile,Kids Show,1,73,0.79,0.55,1042,4401,LOW_BITRATE
2026-01-04 17:30:00,s5370,u1637,France,Web,Sport Live,1,48,0.14,0.37,2079,593,STARTUP_TIMEOUT
2026-01-04 17:31:00,s5371,u2189,Morocco,iOS,Series A,1,48,1.39,0.54,7273,779,
2026-01-04 17:32:00,s5372,u596,Senegal,STB,Kids Show,1,84,1.06,0.17,11230,5001,STARTUP_TIMEOUT
2026-01-04 17:33:00,s5373,u1254,Senegal,STB,Movie C,1,25,1.23,0.32,11157,4858,STARTUP_TIMEOUT
2026-01-04 17:34:00,s5374,u2417,France,Web,Documentary D,1,80,1.3,0.3,1996,5140,LOW_BITRATE
2026-01-04 17:35:00,s5375,u436,Ivory Coast,Smart TV,Kids Show,1,27,1.04,0.12,613,5129,LOW_BITRATE
2026-01-04 17:36:00,s5376,u350,Tunisia,STB,Movie C,1,48,1.38,0.25,1023,3861,CDN_ERROR
2026-01-04 17:37:00,s5377,u2450,Morocco,STB,Sport Live,1,42,1.37,0.07,10743,2556,
2026-01-04 17:38:00,s5378,u1121,Morocco,STB,Movie C,1,44,0.22,0.25,7670,5586,AUTH_ERROR
2026-01-04 17:39:00,s5379,u1078,Ivory Coast,STB,Series A,1,67,0.12,0.46,8610,2053,AUTH_ERROR
2026-01-04 17:40:00,s5380,u2220,Senegal,STB,Series A,1,11,1.47,0.39,2202,3639,LOW_BITRATE
2026-01-04 17:41:00,s5381,u2063,Tunisia,STB,Series B,1,41,1.09,0.33,3338,4198,AUTH_ERROR
2026-01-04 17:42:00,s5382,u1523,Morocco,Web,Kids Show,1,26,0.02,0.28,8759,3030,
2026-01-04 17:43:00,s5383,u2027,Senegal,Smart TV,Documentary D,1,66,0.17,0.43,10340,5560,
2026-01-04 17:44:00,s5384,u887,France,Smart TV,Documentary D,1,52,1.34,0.43,6509,981,CDN_ERROR
2026-01-04 17:45:00,s5385,u886,Morocco,iOS,Documentary D,1,85,1.39,0.07,7229,4313,
2026-01-04 17:46:00,s5386,u1400,Tunisia,Android TV,Series A,1,5,0.37,0.25,7539,3677,CDN_ERROR
2026-01-04 17:47:00,s5387,u423,Morocco,Web,Movie C,1,59,0.22,0.3,1747,1181,LOW_BITRATE
2026-01-04 17:48:00,s5388,u1149,Senegal,Android TV,Documentary D,1,48,1.1,0.1,1170,1651,CDN_ERROR
2026-01-04 17:49:00,s5389,u118,Morocco,Android TV,Movie C,1,21,0.49,0.4,6485,3058,
2026-01-04 17:50:00,s5390,u2208,Senegal,Smart TV,Sport Live,1,7,0.88,0.36,10368,3323,CDN_ERROR
2026-01-04 17:51:00,s5391,u2143,Morocco,Smart TV,Series A,1,19,1.07,0.33,1179,889,
2026-01-04 17:52:00,s5392,u574,Morocco,Mobile,Series B,1,32,0.8,0.52,9031,2167,BUFFERING_ERROR
2026-01-04 17:53:00,s5393,u100,Ivory Coast,Mobile,Movie C,1,86,1.32,0.02,9697,5606,BUFFERING_ERROR
2026-01-04 17:54:00,s5394,u2497,Cameroon,iOS,Sport Live,1,87,0.8,0.34,8371,4180,AUTH_ERROR
2026-01-04 17:55:00,s5395,u759,Cameroon,Mobile,Sport Live,1,56,0.4,0.38,5523,5203,
2026-01-04 17:56:00,s5396,u1102,Tunisia,STB,Sport Live,1,8,0.99,0.38,8442,1829,LOW_BITRATE
2026-01-04 17:57:00,s5397,u1337,Ivory Coast,Mobile,Documentary D,1,36,0.32,0.13,11811,4547,STARTUP_TIMEOUT
2026-01-04 17:58:00,s5398,u504,Cameroon,STB,Documentary D,1,90,0.37,0.53,5555,5423,
2026-01-04 17:59:00,s5399,u885,Cameroon,Web,Movie C,1,4,0.12,0.33,4532,2312,CDN_ERROR
2026-01-04 18:00:00,s5400,u2368,Ivory Coast,iOS,Documentary D,1,80,0.15,0.54,5027,3505,
2026-01-04 18:01:00,s5401,u963,Tunisia,iOS,Sport Live,1,2,0.74,0.39,10756,445,LOW_BITRATE
2026-01-04 18:02:00,s5402,u1680,France,STB,Movie C,1,6,0.71,0.52,4929,3110,AUTH_ERROR
2026-01-04 18:03:00,s5403,u2110,Tunisia,Smart TV,Movie C,1,47,0.46,0.11,6485,3853,
2026-01-04 18:04:00,s5404,u1587,Morocco,STB,Documentary D,1,30,0.44,0.2,2250,757,CDN_ERROR
2026-01-04 18:05:00,s5405,u1584,Cameroon,Android TV,Sport Live,1,10,0.62,0.18,10986,5795,
2026-01-04 18:06:00,s5406,u1681,Cameroon,STB,Series B,1,51,0.39,0.16,2384,1435,LOW_BITRATE
2026-01-04 18:07:00,s5407,u608,Morocco,iOS,Series A,1,84,0.5,0.32,10748,4483,
2026-01-04 18:08:00,s5408,u693,France,Mobile,Movie C,1,21,0.89,0.25,5975,2346,BUFFERING_ERROR
2026-01-04 18:09:00,s5409,u274,France,Android TV,Kids Show,1,9,1.11,0.23,1233,1735,STARTUP_TIMEOUT
2026-01-04 18:10:00,s5410,u772,Morocco,Web,Series B,1,79,0.79,0.43,1882,5215,CDN_ERROR
2026-01-04 18:11:00,s5411,u594,Tunisia,STB,Kids Show,1,71,0.81,0.05,10421,4297,
2026-01-04 18:12:00,s5412,u1714,France,Android TV,Sport Live,1,79,0.91,0.39,6812,2436,
2026-01-04 18:13:00,s5413,u186,Cameroon,Web,Sport Live,1,18,1.19,0.34,7520,4868,LOW_BITRATE
2026-01-04 18:14:00,s5414,u1233,France,iOS,Documentary D,1,14,0.1,0.17,6512,5224,AUTH_ERROR
2026-01-04 18:15:00,s5415,u1406,Cameroon,Mobile,Movie C,1,47,0.88,0.26,1742,2951,CDN_ERROR
2026-01-04 18:16:00,s5416,u1803,Tunisia,Android TV,Series A,1,27,0.73,0.29,10124,5551,BUFFERING_ERROR
2026-01-04 18:17:00,s5417,u1901,Ivory Coast,Mobile,Sport Live,1,75,0.61,0.29,10084,3662,
2026-01-04 18:18:00,s5418,u827,Ivory Coast,Android TV,Sport Live,1,7,0.8,0.28,4389,1378,
2026-01-04 18:19:00,s5419,u374,Tunisia,STB,Kids Show,1,28,0.56,0.16,6468,949,LOW_BITRATE
2026-01-04 18:20:00,s5420,u1988,Tunisia,Smart TV,Sport Live,1,12,1.08,0.15,5950,488,
2026-01-04 18:21:00,s5421,u1028,France,iOS,Series A,1,86,1.03,0.41,1428,966,CDN_ERROR
2026-01-04 18:22:00,s5422,u976,Tunisia,Smart TV,Documentary D,1,59,0.68,0.52,7345,4359,AUTH_ERROR
2026-01-04 18:23:00,s5423,u2428,Morocco,iOS,Kids Show,1,68,1.33,0.25,9320,3388,AUTH_ERROR
2026-01-04 18:24:00,s5424,u2021,Ivory Coast,STB,Series A,1,14,1.05,0.34,4312,4087,
2026-01-04 18:25:00,s5425,u2188,France,STB,Kids Show,1,85,0.84,0.46,2116,1695,
2026-01-04 18:26:00,s5426,u2302,France,Smart TV,Documentary D,1,49,0.37,0.25,4689,4753,
2026-01-04 18:27:00,s5427,u1249,Senegal,STB,Series A,1,47,0.94,0.29,6928,4795,BUFFERING_ERROR
2026-01-04 18:28:00,s5428,u2033,Ivory Coast,Android TV,Series A,1,22,0.23,0.28,7059,2054,STARTUP_TIMEOUT
2026-01-04 18:29:00,s5429,u2137,Tunisia,Web,Kids Show,1,59,1.3,0.12,9424,4276,
2026-01-04 18:30:00,s5430,u1392,France,Mobile,Sport Live,1,36,0.9,0.18,4869,1538,LOW_BITRATE
2026-01-04 18:31:00,s5431,u549,France,STB,Series A,1,59,0.49,0.16,1114,4915,
2026-01-04 18:32:00,s5432,u1108,Morocco,Web,Series B,1,5,0.35,0.42,723,952,
2026-01-04 18:33:00,s5433,u2359,Cameroon,Web,Series B,1,12,0.45,0.18,5779,3812,CDN_ERROR
2026-01-04 18:34:00,s5434,u601,Cameroon,Mobile,Series A,1,83,1.04,0.51,2193,2485,
2026-01-04 18:35:00,s5435,u2492,Tunisia,iOS,Sport Live,1,19,0.08,0.5,5045,2273,BUFFERING_ERROR
2026-01-04 18:36:00,s5436,u1361,Senegal,STB,Movie C,1,64,0.52,0.4,1352,4993,STARTUP_TIMEOUT
2026-01-04 18:37:00,s5437,u1162,Senegal,Mobile,Kids Show,1,77,1.27,0.26,5707,3275,LOW_BITRATE
2026-01-04 18:38:00,s5438,u949,Senegal,Mobile,Series A,1,6,0.58,0.34,5972,3477,
2026-01-04 18:39:00,s5439,u969,Cameroon,Android TV,Kids Show,1,67,0.6,0.16,11127,2741,AUTH_ERROR
2026-01-04 18:40:00,s5440,u2262,Ivory Coast,STB,Series A,1,12,0.06,0.47,9014,4192,
2026-01-04 18:41:00,s5441,u438,Ivory Coast,Android TV,Kids Show,1,54,0.21,0.18,2665,2024,CDN_ERROR
2026-01-04 18:42:00,s5442,u1393,Morocco,STB,Sport Live,1,60,0.11,0.51,7981,4155,
2026-01-04 18:43:00,s5443,u1481,Cameroon,Smart TV,Sport Live,1,44,1.27,0.54,11599,2569,
2026-01-04 18:44:00,s5444,u434,Tunisia,iOS,Series A,1,52,0.79,0.48,3236,1205,STARTUP_TIMEOUT
2026-01-04 18:45:00,s5445,u1589,Ivory Coast,Android TV,Kids Show,1,32,0.89,0.06,10479,2998,STARTUP_TIMEOUT
2026-01-04 18:46:00,s5446,u940,Morocco,Smart TV,Documentary D,1,65,0.98,0.14,7226,3511,
2026-01-04 18:47:00,s5447,u1381,Morocco,Android TV,Documentary D,1,46,0.74,0.09,7509,3786,LOW_BITRATE
2026-01-04 18:48:00,s5448,u97,France,Web,Documentary D,1,33,1.26,0.29,3267,2572,CDN_ERROR
2026-01-04 18:49:00,s5449,u163,Morocco,Mobile,Movie C,1,20,0.28,0.08,11673,1601,BUFFERING_ERROR
2026-01-04 18:50:00,s5450,u2331,Ivory Coast,Web,Movie C,1,81,0.6,0.52,1749,3633,AUTH_ERROR
2026-01-04 18:51:00,s5451,u356,Cameroon,Mobile,Series A,1,48,0.17,0.18,9093,2848,
2026-01-04 18:52:00,s5452,u2245,Cameroon,Android TV,Kids Show,1,67,0.31,0.06,10903,844,LOW_BITRATE
2026-01-04 18:53:00,s5453,u853,Tunisia,Android TV,Documentary D,1,36,0.48,0.52,3883,3167,
2026-01-04 18:54:00,s5454,u861,Ivory Coast,Smart TV,Documentary D,1,26,0.02,0.47,3601,5885,STARTUP_TIMEOUT
2026-01-04 18:55:00,s5455,u2401,Morocco,Android TV,Documentary D,1,55,0.34,0.21,11651,4630,
2026-01-04 18:56:00,s5456,u714,Morocco,Web,Documentary D,1,19,0.56,0.2,4429,4222,LOW_BITRATE
2026-01-04 18:57:00,s5457,u1108,Tunisia,STB,Kids Show,1,88,0.84,0.34,10329,2134,
2026-01-04 18:58:00,s5458,u378,Cameroon,Smart TV,Documentary D,1,69,0.32,0.19,9222,977,BUFFERING_ERROR
2026-01-04 18:59:00,s5459,u1448,Senegal,Web,Movie C,1,65,0.18,0.38,6742,5228,AUTH_ERROR
2026-01-04 19:00:00,s5460,u1221,Ivory Coast,Mobile,Kids Show,1,21,1.09,0.39,10525,5989,
2026-01-04 19:01:00,s5461,u2117,Senegal,Mobile,Sport Live,1,82,1.43,0.34,1706,1068,BUFFERING_ERROR
2026-01-04 19:02:00,s5462,u225,France,Smart TV,Series A,1,66,0.53,0.49,10442,2298,AUTH_ERROR
2026-01-04 19:03:00,s5463,u1354,Morocco,iOS,Kids Show,1,9,1.36,0.48,5679,2392,
2026-01-04 19:04:00,s5464,u163,Morocco,Android TV,Series B,1,22,0.14,0.42,4935,3952,LOW_BITRATE
2026-01-04 19:05:00,s5465,u652,France,STB,Series B,1,26,0.19,0.07,7153,1173,
2026-01-04 19:06:00,s5466,u975,France,Smart TV,Series A,1,14,0.91,0.06,7158,1008,
2026-01-04 19:07:00,s5467,u67,Cameroon,Android TV,Kids Show,1,57,0.87,0.35,3043,4782,
2026-01-04 19:08:00,s5468,u2067,Cameroon,Web,Movie C,1,70,0.86,0.08,6177,1229,BUFFERING_ERROR
2026-01-04 19:09:00,s5469,u1821,Cameroon,Web,Series A,1,69,0.01,0.25,2361,3814,AUTH_ERROR
2026-01-04 19:10:00,s5470,u1871,Cameroon,iOS,Series A,1,55,0.54,0.18,11102,4720,BUFFERING_ERROR
2026-01-04 19:11:00,s5471,u1990,Ivory Coast,Smart TV,Series B,1,87,0.41,0.5,11475,2964,
2026-01-04 19:12:00,s5472,u213,Tunisia,Smart TV,Sport Live,1,3,1.41,0.03,8548,2171,
2026-01-04 19:13:00,s5473,u1038,Cameroon,Smart TV,Sport Live,1,88,0.65,0.07,856,1154,
2026-01-04 19:14:00,s5474,u1626,Senegal,iOS,Series B,1,90,1.18,0.4,5337,956,STARTUP_TIMEOUT
2026-01-04 19:15:00,s5475,u1148,Tunisia,Web,Series A,1,41,1.35,0.54,10480,3049,
2026-01-04 19:16:00,s5476,u733,Senegal,Mobile,Kids Show,1,3,1.32,0.4,4255,1466,LOW_BITRATE
2026-01-04 19:17:00,s5477,u561,France,STB,Sport Live,1,40,0.27,0.38,7827,2182,
2026-01-04 19:18:00,s5478,u162,France,Smart TV,Series A,1,73,0.75,0.53,10331,1162,LOW_BITRATE
2026-01-04 19:19:00,s5479,u958,Tunisia,Smart TV,Series B,1,61,0.98,0.19,10559,1489,STARTUP_TIMEOUT
2026-01-04 19:20:00,s5480,u160,Tunisia,Mobile,Series A,1,89,0.93,0.47,3299,897,
2026-01-04 19:21:00,s5481,u150,Ivory Coast,Mobile,Series A,1,38,0.72,0.38,11724,5358,STARTUP_TIMEOUT
2026-01-04 19:22:00,s5482,u827,France,Android TV,Series A,1,23,1.0,0.54,3063,3730,
2026-01-04 19:23:00,s5483,u541,Tunisia,iOS,Documentary D,1,12,1.36,0.09,8558,3470,STARTUP_TIMEOUT
2026-01-04 19:24:00,s5484,u1262,Morocco,iOS,Movie C,1,32,0.39,0.23,2340,1592,STARTUP_TIMEOUT
2026-01-04 19:25:00,s5485,u118,Ivory Coast,Web,Movie C,1,78,0.93,0.06,8805,1560,BUFFERING_ERROR
2026-01-04 19:26:00,s5486,u684,Ivory Coast,Web,Kids Show,1,6,0.6,0.5,3943,1670,
2026-01-04 19:27:00,s5487,u1892,Senegal,Smart TV,Series A,1,39,1.5,0.03,1150,3470,
2026-01-04 19:28:00,s5488,u1648,Senegal,Web,Kids Show,1,47,0.69,0.41,8850,5131,
2026-01-04 19:29:00,s5489,u2347,Tunisia,iOS,Documentary D,1,39,0.21,0.01,8616,4353,
2026-01-04 19:30:00,s5490,u2021,Morocco,iOS,Documentary D,1,6,0.73,0.52,8763,1284,
2026-01-04 19:31:00,s5491,u1916,Ivory Coast,Web,Sport Live,1,76,0.01,0.08,1650,2613,AUTH_ERROR
2026-01-04 19:32:00,s5492,u1891,Senegal,STB,Kids Show,1,88,1.33,0.24,1997,1962,
2026-01-04 19:33:00,s5493,u59,Cameroon,Web,Documentary D,1,71,0.83,0.26,5933,1047,
2026-01-04 19:34:00,s5494,u519,Cameroon,Android TV,Movie C,1,70,0.02,0.13,11836,2200,
2026-01-04 19:35:00,s5495,u1697,Morocco,Android TV,Series A,1,90,0.47,0.38,5398,966,AUTH_ERROR
2026-01-04 19:36:00,s5496,u2337,Ivory Coast,Smart TV,Series A,1,75,0.52,0.1,2101,5136,CDN_ERROR
2026-01-04 19:37:00,s5497,u1407,Senegal,Smart TV,Kids Show,1,11,0.94,0.15,4003,586,STARTUP_TIMEOUT
2026-01-04 19:38:00,s5498,u1840,Ivory Coast,Web,Movie C,1,73,0.39,0.19,5736,786,
2026-01-04 19:39:00,s5499,u1702,Morocco,Mobile,Movie C,1,15,0.43,0.45,4988,3024,
2026-01-04 19:40:00,s5500,u2031,Senegal,STB,Series B,1,56,0.8,0.41,7311,1249,
2026-01-04 19:41:00,s5501,u1484,Cameroon,iOS,Series A,1,69,0.54,0.3,5048,5281,STARTUP_TIMEOUT
2026-01-04 19:42:00,s5502,u2157,Tunisia,Mobile,Documentary D,1,43,0.48,0.43,6717,1617,STARTUP_TIMEOUT
2026-01-04 19:43:00,s5503,u1323,Ivory Coast,Web,Kids Show,1,52,0.4,0.35,4056,3769,CDN_ERROR
2026-01-04 19:44:00,s5504,u752,Senegal,Mobile,Sport Live,1,76,1.36,0.07,3323,1589,
2026-01-04 19:45:00,s5505,u1780,Morocco,Mobile,Documentary D,1,40,0.2,0.1,2718,1746,CDN_ERROR
2026-01-04 19:46:00,s5506,u1628,Senegal,iOS,Documentary D,1,18,0.76,0.11,1884,1278,AUTH_ERROR
2026-01-04 19:47:00,s5507,u1505,Cameroon,Web,Documentary D,1,75,1.21,0.41,4197,5801,LOW_BITRATE
2026-01-04 19:48:00,s5508,u2390,Morocco,Android TV,Kids Show,1,5,0.54,0.31,6171,3533,AUTH_ERROR
2026-01-04 19:49:00,s5509,u1154,France,STB,Movie C,1,15,1.13,0.2,8192,3672,
2026-01-04 19:50:00,s5510,u1290,France,Mobile,Movie C,1,41,0.17,0.15,1600,3599,
2026-01-04 19:51:00,s5511,u2188,Ivory Coast,Smart TV,Movie C,1,28,0.43,0.32,11228,5233,BUFFERING_ERROR
2026-01-04 19:52:00,s5512,u2315,Ivory Coast,Smart TV,Documentary D,1,26,0.74,0.26,10762,2467,BUFFERING_ERROR
2026-01-04 19:53:00,s5513,u793,Tunisia,Mobile,Documentary D,1,26,0.24,0.39,11031,2005,BUFFERING_ERROR
2026-01-04 19:54:00,s5514,u1116,Morocco,Web,Sport Live,1,77,1.28,0.07,7213,4229,
2026-01-04 19:55:00,s5515,u59,Tunisia,iOS,Series A,1,69,0.07,0.05,3181,1025,BUFFERING_ERROR
2026-01-04 19:56:00,s5516,u1794,Tunisia,STB,Series B,1,52,1.32,0.11,5259,4699,LOW_BITRATE
2026-01-04 19:57:00,s5517,u271,Tunisia,Web,Movie C,1,75,1.47,0.54,1552,2449,
2026-01-04 19:58:00,s5518,u1338,France,Android TV,Kids Show,1,67,0.68,0.17,2278,4077,
2026-01-04 19:59:00,s5519,u323,Senegal,iOS,Documentary D,1,53,0.78,0.43,7867,3641,CDN_ERROR
2026-01-04 20:00:00,s5520,u1767,France,Android TV,Series B,1,19,0.02,0.47,8636,4710,
2026-01-04 20:01:00,s5521,u275,Senegal,STB,Movie C,1,39,0.06,0.23,2678,1626,BUFFERING_ERROR
2026-01-04 20:02:00,s5522,u1234,France,STB,Documentary D,1,86,0.6,0.49,8821,1912,
2026-01-04 20:03:00,s5523,u675,Senegal,Smart TV,Kids Show,1,64,0.47,0.31,4963,5298,AUTH_ERROR
2026-01-04 20:04:00,s5524,u2357,Tunisia,Smart TV,Kids Show,1,13,1.47,0.17,5208,4243,BUFFERING_ERROR
2026-01-04 20:05:00,s5525,u501,Tunisia,Web,Sport Live,1,43,0.05,0.24,2879,5483,STARTUP_TIMEOUT
2026-01-04 20:06:00,s5526,u2194,Morocco,Android TV,Movie C,1,20,0.9,0.48,9370,2351,STARTUP_TIMEOUT
2026-01-04 20:07:00,s5527,u1029,Tunisia,Smart TV,Series B,1,21,1.23,0.15,4922,4814,LOW_BITRATE
2026-01-04 20:08:00,s5528,u2434,Cameroon,Smart TV,Movie C,1,48,1.02,0.48,5655,4076,
2026-01-04 20:09:00,s5529,u602,Morocco,iOS,Sport Live,1,70,1.18,0.24,7667,5766,BUFFERING_ERROR
2026-01-04 20:10:00,s5530,u2143,Ivory Coast,iOS,Movie C,1,81,0.23,0.51,9649,5199,
2026-01-04 20:11:00,s5531,u334,Cameroon,STB,Sport Live,1,28,0.24,0.44,4804,1773,
2026-01-04 20:12:00,s5532,u1728,Tunisia,Web,Series B,1,23,0.51,0.27,2546,3034,LOW_BITRATE
2026-01-04 20:13:00,s5533,u636,France,STB,Kids Show,1,77,0.02,0.04,1479,3055,
2026-01-04 20:14:00,s5534,u384,Tunisia,Web,Kids Show,1,75,1.23,0.48,8988,1127,CDN_ERROR
2026-01-04 20:15:00,s5535,u1951,Tunisia,Mobile,Movie C,1,55,1.3,0.52,6557,5794,
2026-01-04 20:16:00,s5536,u1161,Tunisia,Smart TV,Movie C,1,45,0.8,0.17,2913,4132,AUTH_ERROR
2026-01-04 20:17:00,s5537,u1904,France,Android TV,Kids Show,1,24,0.52,0.06,1429,1509,AUTH_ERROR
2026-01-04 20:18:00,s5538,u1490,Tunisia,Web,Sport Live,1,29,1.41,0.52,3030,3569,LOW_BITRATE
2026-01-04 20:19:00,s5539,u296,Ivory Coast,Android TV,Series B,1,6,1.18,0.12,6477,3590,STARTUP_TIMEOUT
2026-01-04 20:20:00,s5540,u1862,Ivory Coast,Mobile,Kids Show,1,14,1.06,0.32,11732,1975,LOW_BITRATE
2026-01-04 20:21:00,s5541,u1314,Cameroon,STB,Documentary D,1,30,0.94,0.31,4541,3759,CDN_ERROR
2026-01-04 20:22:00,s5542,u1035,Senegal,Web,Series B,1,53,0.28,0.04,2771,2079,
2026-01-04 20:23:00,s5543,u1802,France,Web,Series B,1,67,0.09,0.05,3682,5942,BUFFERING_ERROR
2026-01-04 20:24:00,s5544,u606,Tunisia,STB,Series B,1,65,0.69,0.09,3359,1735,
2026-01-04 20:25:00,s5545,u1864,Senegal,Mobile,Movie C,1,8,1.04,0.33,5324,3020,STARTUP_TIMEOUT
2026-01-04 20:26:00,s5546,u201,Morocco,Mobile,Series B,1,17,1.17,0.14,6101,5693,
2026-01-04 20:27:00,s5547,u478,Cameroon,Smart TV,Series A,1,30,1.33,0.53,9373,2157,STARTUP_TIMEOUT
2026-01-04 20:28:00,s5548,u2280,Ivory Coast,STB,Movie C,1,7,0.33,0.24,1630,3278,
2026-01-04 20:29:00,s5549,u2355,Morocco,Smart TV,Documentary D,1,69,0.97,0.2,10705,2757,STARTUP_TIMEOUT
2026-01-04 20:30:00,s5550,u1886,France,Android TV,Series A,1,64,0.96,0.02,5909,3454,AUTH_ERROR
2026-01-04 20:31:00,s5551,u1988,Ivory Coast,iOS,Kids Show,1,73,0.52,0.37,4130,3786,BUFFERING_ERROR
2026-01-04 20:32:00,s5552,u1773,Cameroon,Android TV,Documentary D,1,28,0.37,0.46,9995,2855,AUTH_ERROR
2026-01-04 20:33:00,s5553,u1966,Morocco,STB,Sport Live,1,63,0.26,0.17,9523,3206,AUTH_ERROR
2026-01-04 20:34:00,s5554,u1200,Cameroon,iOS,Series B,1,48,0.78,0.51,9222,2068,AUTH_ERROR
2026-01-04 20:35:00,s5555,u2272,Senegal,Web,Movie C,1,22,0.93,0.26,8550,1403,LOW_BITRATE
2026-01-04 20:36:00,s5556,u412,Ivory Coast,Smart TV,Sport Live,1,86,0.32,0.27,7730,5524,LOW_BITRATE
2026-01-04 20:37:00,s5557,u608,Cameroon,Web,Kids Show,1,62,1.17,0.27,11019,3804,STARTUP_TIMEOUT
2026-01-04 20:38:00,s5558,u1871,Senegal,Smart TV,Documentary D,1,55,0.38,0.07,10532,941,BUFFERING_ERROR
2026-01-04 20:39:00,s5559,u2230,Cameroon,Web,Series B,1,35,1.17,0.45,4906,1940,
2026-01-04 20:40:00,s5560,u672,Morocco,iOS,Movie C,1,4,0.87,0.27,9856,2442,BUFFERING_ERROR
2026-01-04 20:41:00,s5561,u1159,France,iOS,Sport Live,1,51,0.85,0.35,10210,2389,BUFFERING_ERROR
2026-01-04 20:42:00,s5562,u423,Cameroon,Android TV,Documentary D,1,20,1.26,0.54,11745,1960,BUFFERING_ERROR
2026-01-04 20:43:00,s5563,u1698,Tunisia,STB,Movie C,1,19,0.32,0.43,3226,965,AUTH_ERROR
2026-01-04 20:44:00,s5564,u1054,Tunisia,iOS,Kids Show,1,28,1.41,0.21,8644,4159,AUTH_ERROR
2026-01-04 20:45:00,s5565,u182,Ivory Coast,STB,Series A,1,4,1.22,0.48,945,2690,STARTUP_TIMEOUT
2026-01-04 20:46:00,s5566,u1203,Morocco,iOS,Series A,1,30,1.4,0.26,5791,2061,BUFFERING_ERROR
2026-01-04 20:47:00,s5567,u2220,Cameroon,Smart TV,Documentary D,1,13,1.3,0.09,7485,539,LOW_BITRATE
2026-01-04 20:48:00,s5568,u519,Senegal,Mobile,Kids Show,1,65,0.21,0.52,4893,2380,BUFFERING_ERROR
2026-01-04 20:49:00,s5569,u470,Morocco,iOS,Series B,1,68,0.7,0.03,10485,1186,BUFFERING_ERROR
2026-01-04 20:50:00,s5570,u794,Tunisia,Web,Kids Show,1,13,0.27,0.48,1842,1169,CDN_ERROR
2026-01-04 20:51:00,s5571,u779,Cameroon,iOS,Series B,1,30,1.01,0.43,8325,3554,CDN_ERROR
2026-01-04 20:52:00,s5572,u977,France,Smart TV,Series B,1,71,0.08,0.2,4743,2506,AUTH_ERROR
2026-01-04 20:53:00,s5573,u1871,Cameroon,Web,Kids Show,1,60,0.94,0.51,6543,2804,
2026-01-04 20:54:00,s5574,u1325,Cameroon,Smart TV,Series A,1,27,0.85,0.31,3540,2738,
2026-01-04 20:55:00,s5575,u63,Cameroon,iOS,Series A,1,39,1.42,0.03,7678,1930,
2026-01-04 20:56:00,s5576,u48,Senegal,Android TV,Movie C,1,32,0.52,0.26,865,557,AUTH_ERROR
2026-01-04 20:57:00,s5577,u645,Cameroon,iOS,Series B,1,19,1.17,0.08,1307,4356,LOW_BITRATE
2026-01-04 20:58:00,s5578,u1044,Morocco,STB,Series B,1,31,0.15,0.54,2115,5643,
2026-01-04 20:59:00,s5579,u1216,Senegal,iOS,Kids Show,1,47,0.37,0.22,6881,2875,
2026-01-04 21:00:00,s5580,u296,France,STB,Series B,1,10,0.56,0.03,4000,2541,
2026-01-04 21:01:00,s5581,u589,Ivory Coast,iOS,Kids Show,1,20,1.14,0.35,11610,918,CDN_ERROR
2026-01-04 21:02:00,s5582,u1675,Ivory Coast,STB,Sport Live,1,83,0.22,0.3,11251,2278,
2026-01-04 21:03:00,s5583,u1794,Senegal,iOS,Movie C,1,90,0.12,0.32,10028,4342,
2026-01-04 21:04:00,s5584,u1881,Tunisia,Android TV,Documentary D,1,10,0.08,0.22,545,2575,STARTUP_TIMEOUT
2026-01-04 21:05:00,s5585,u1663,Tunisia,Web,Sport Live,1,87,0.79,0.23,4270,2040,LOW_BITRATE
2026-01-04 21:06:00,s5586,u2153,France,Mobile,Documentary D,1,28,0.33,0.54,1400,632,CDN_ERROR
2026-01-04 21:07:00,s5587,u1941,Cameroon,Android TV,Kids Show,1,51,0.35,0.34,3875,4642,CDN_ERROR
2026-01-04 21:08:00,s5588,u1267,Senegal,Web,Series B,1,8,1.22,0.5,10341,1080,LOW_BITRATE
2026-01-04 21:09:00,s5589,u1451,Tunisia,STB,Series B,1,36,1.29,0.22,4872,1285,CDN_ERROR
2026-01-04 21:10:00,s5590,u2364,Tunisia,iOS,Movie C,1,31,0.33,0.04,2642,4763,LOW_BITRATE
2026-01-04 21:11:00,s5591,u1834,Cameroon,Mobile,Kids Show,1,67,0.07,0.1,1660,4073,CDN_ERROR
2026-01-04 21:12:00,s5592,u1287,Senegal,Smart TV,Sport Live,1,3,0.19,0.05,11035,5999,STARTUP_TIMEOUT
2026-01-04 21:13:00,s5593,u375,Cameroon,Smart TV,Sport Live,1,82,1.44,0.13,11705,2170,AUTH_ERROR
2026-01-04 21:14:00,s5594,u522,Tunisia,STB,Series B,1,49,0.13,0.09,2588,3729,LOW_BITRATE
2026-01-04 21:15:00,s5595,u134,Tunisia,Smart TV,Documentary D,1,10,0.66,0.53,1861,1164,BUFFERING_ERROR
2026-01-04 21:16:00,s5596,u990,Morocco,iOS,Series B,1,78,0.03,0.3,4725,2190,AUTH_ERROR
2026-01-04 21:17:00,s5597,u917,Senegal,Android TV,Series A,1,77,0.84,0.03,1872,1641,BUFFERING_ERROR
2026-01-04 21:18:00,s5598,u1990,Morocco,Web,Sport Live,1,89,0.77,0.34,3117,832,CDN_ERROR
2026-01-04 21:19:00,s5599,u1297,Cameroon,Mobile,Sport Live,1,16,0.09,0.21,1928,5081,
2026-01-04 21:20:00,s5600,u2132,Tunisia,Web,Series B,1,85,0.37,0.35,2461,3703,
2026-01-04 21:21:00,s5601,u2196,Senegal,Mobile,Series A,1,73,0.16,0.22,815,2091,BUFFERING_ERROR
2026-01-04 21:22:00,s5602,u2380,France,iOS,Series B,1,53,1.35,0.5,10265,5673,CDN_ERROR
2026-01-04 21:23:00,s5603,u2126,Senegal,STB,Series B,1,66,0.77,0.21,9236,5230,AUTH_ERROR
2026-01-04 21:24:00,s5604,u1852,Senegal,Smart TV,Kids Show,1,47,0.71,0.1,3698,3798,
2026-01-04 21:25:00,s5605,u1568,Ivory Coast,iOS,Documentary D,1,34,0.27,0.03,11914,2234,STARTUP_TIMEOUT
2026-01-04 21:26:00,s5606,u848,France,Android TV,Series A,1,44,1.47,0.49,3852,3972,AUTH_ERROR
2026-01-04 21:27:00,s5607,u1794,Morocco,Web,Series A,1,77,0.99,0.23,9238,3076,BUFFERING_ERROR
2026-01-04 21:28:00,s5608,u19,Senegal,Mobile,Series A,1,64,0.8,0.19,7146,5179,
2026-01-04 21:29:00,s5609,u1513,Senegal,Android TV,Documentary D,1,89,1.42,0.03,5360,500,LOW_BITRATE
2026-01-04 21:30:00,s5610,u1542,Ivory Coast,Smart TV,Series A,1,17,0.82,0.43,1586,1534,CDN_ERROR
2026-01-04 21:31:00,s5611,u2223,Senegal,Smart TV,Series B,1,70,0.87,0.17,4189,2751,CDN_ERROR
2026-01-04 21:32:00,s5612,u1485,Senegal,Android TV,Sport Live,1,25,1.38,0.13,3130,1496,
2026-01-04 21:33:00,s5613,u884,Tunisia,Android TV,Documentary D,1,76,1.14,0.39,10473,1332,BUFFERING_ERROR
2026-01-04 21:34:00,s5614,u689,Senegal,Smart TV,Kids Show,1,70,0.64,0.11,4134,2123,CDN_ERROR
2026-01-04 21:35:00,s5615,u854,Tunisia,Smart TV,Sport Live,1,71,1.19,0.19,6709,1433,STARTUP_TIMEOUT
2026-01-04 21:36:00,s5616,u2118,Ivory Coast,Smart TV,Series B,1,12,0.5,0.19,10760,1190,CDN_ERROR
2026-01-04 21:37:00,s5617,u1494,France,Android TV,Kids Show,1,58,1.45,0.4,7305,978,
2026-01-04 21:38:00,s5618,u686,Morocco,STB,Series A,1,34,0.43,0.07,7382,3205,
2026-01-04 21:39:00,s5619,u1859,Cameroon,Smart TV,Series A,1,67,0.71,0.36,7721,3672,AUTH_ERROR
2026-01-04 21:40:00,s5620,u2361,Senegal,Web,Documentary D,1,33,0.94,0.12,2007,2875,STARTUP_TIMEOUT
2026-01-04 21:41:00,s5621,u261,Ivory Coast,Android TV,Movie C,1,80,0.4,0.24,11169,2428,LOW_BITRATE
2026-01-04 21:42:00,s5622,u1644,Ivory Coast,iOS,Kids Show,1,20,0.74,0.13,10758,5924,CDN_ERROR
2026-01-04 21:43:00,s5623,u1174,Tunisia,Web,Kids Show,1,19,0.52,0.16,2998,2431,
2026-01-04 21:44:00,s5624,u1326,Senegal,Mobile,Movie C,1,23,0.14,0.08,2309,1758,
2026-01-04 21:45:00,s5625,u153,Tunisia,Web,Series B,1,90,1.23,0.51,3129,5429,STARTUP_TIMEOUT
2026-01-04 21:46:00,s5626,u1293,Ivory Coast,Web,Series B,1,4,0.5,0.09,4255,5992,
2026-01-04 21:47:00,s5627,u1319,Tunisia,Mobile,Documentary D,1,47,1.15,0.11,10495,1656,BUFFERING_ERROR
2026-01-04 21:48:00,s5628,u1522,Senegal,Mobile,Documentary D,1,61,0.05,0.49,8378,3634,
2026-01-04 21:49:00,s5629,u2423,Cameroon,iOS,Sport Live,1,38,0.74,0.11,9957,1073,LOW_BITRATE
2026-01-04 21:50:00,s5630,u109,Senegal,iOS,Series A,1,14,0.08,0.17,10769,2334,AUTH_ERROR
2026-01-04 21:51:00,s5631,u229,Ivory Coast,Mobile,Kids Show,1,7,0.85,0.07,9876,1786,
2026-01-04 21:52:00,s5632,u1910,France,Android TV,Series A,1,33,0.25,0.16,5769,4670,
2026-01-04 21:53:00,s5633,u1053,Senegal,Smart TV,Movie C,1,35,1.44,0.44,5282,1002,
2026-01-04 21:54:00,s5634,u301,Morocco,Android TV,Series A,1,69,1.05,0.14,545,3305,LOW_BITRATE
2026-01-04 21:55:00,s5635,u1979,Cameroon,STB,Documentary D,1,52,1.49,0.48,3029,4242,AUTH_ERROR
2026-01-04 21:56:00,s5636,u2116,Senegal,iOS,Series B,1,44,1.17,0.08,9535,5523,
2026-01-04 21:57:00,s5637,u651,Ivory Coast,Smart TV,Series B,1,43,0.83,0.48,9756,1949,
2026-01-04 21:58:00,s5638,u38,Ivory Coast,iOS,Kids Show,1,57,0.03,0.42,598,5398,AUTH_ERROR
2026-01-04 21:59:00,s5639,u848,Ivory Coast,Web,Series B,1,25,0.22,0.28,3920,5887,
2026-01-04 22:00:00,s5640,u705,Tunisia,Android TV,Movie C,1,68,1.17,0.11,10900,1268,AUTH_ERROR
2026-01-04 22:01:00,s5641,u557,Tunisia,STB,Documentary D,1,38,1.46,0.08,3455,1948,BUFFERING_ERROR
2026-01-04 22:02:00,s5642,u1052,Ivory Coast,Mobile,Documentary D,1,59,0.99,0.51,8743,2240,CDN_ERROR
2026-01-04 22:03:00,s5643,u35,Ivory Coast,Web,Series A,1,81,0.92,0.21,9186,1294,BUFFERING_ERROR
2026-01-04 22:04:00,s5644,u1566,Morocco,Smart TV,Movie C,1,90,1.08,0.47,11962,3449,
2026-01-04 22:05:00,s5645,u1592,Tunisia,Android TV,Series B,1,62,0.43,0.52,7702,3843,BUFFERING_ERROR
2026-01-04 22:06:00,s5646,u2464,Tunisia,Web,Series B,1,62,0.45,0.32,9139,2650,CDN_ERROR
2026-01-04 22:07:00,s5647,u25,Cameroon,Android TV,Series B,1,12,0.63,0.39,10606,2062,BUFFERING_ERROR
2026-01-04 22:08:00,s5648,u361,Ivory Coast,Smart TV,Series A,1,47,1.42,0.36,5423,3900,AUTH_ERROR
2026-01-04 22:09:00,s5649,u1746,Senegal,Smart TV,Movie C,1,63,0.09,0.29,3959,1215,BUFFERING_ERROR
2026-01-04 22:10:00,s5650,u564,Cameroon,Web,Sport Live,1,86,0.22,0.43,5440,1081,BUFFERING_ERROR
2026-01-04 22:11:00,s5651,u123,Ivory Coast,iOS,Series B,1,55,0.78,0.35,1340,3823,CDN_ERROR
2026-01-04 22:12:00,s5652,u2153,Senegal,Smart TV,Series A,1,7,0.3,0.53,9132,937,
2026-01-04 22:13:00,s5653,u1121,France,Mobile,Sport Live,1,53,0.94,0.19,11255,4266,LOW_BITRATE
2026-01-04 22:14:00,s5654,u1555,Cameroon,Smart TV,Series A,1,56,0.66,0.51,9166,2442,
2026-01-04 22:15:00,s5655,u1166,Ivory Coast,Web,Series B,1,49,1.16,0.06,8042,3827,
2026-01-04 22:16:00,s5656,u232,France,Web,Kids Show,1,79,1.08,0.2,4827,790,
2026-01-04 22:17:00,s5657,u2279,Cameroon,Mobile,Series B,1,23,0.63,0.16,1978,3231,
2026-01-04 22:18:00,s5658,u1501,France,Mobile,Series A,1,2,0.79,0.07,1202,4349,
2026-01-04 22:19:00,s5659,u1316,Senegal,Android TV,Series A,1,73,1.4,0.48,5410,3353,
2026-01-04 22:20:00,s5660,u2068,Ivory Coast,Android TV,Kids Show,1,2,0.07,0.42,11928,3760,
2026-01-04 22:21:00,s5661,u1443,Senegal,STB,Series B,1,47,0.77,0.45,4210,1428,
2026-01-04 22:22:00,s5662,u1427,Ivory Coast,Web,Series B,1,73,0.41,0.42,3746,3406,
2026-01-04 22:23:00,s5663,u1523,Senegal,Web,Series B,1,67,0.15,0.22,6116,4448,LOW_BITRATE
2026-01-04 22:24:00,s5664,u535,Tunisia,Smart TV,Series A,1,79,0.36,0.4,5534,2128,LOW_BITRATE
2026-01-04 22:25:00,s5665,u480,Cameroon,STB,Series B,1,21,0.94,0.27,6831,4345,LOW_BITRATE
2026-01-04 22:26:00,s5666,u1942,Morocco,iOS,Series B,1,81,0.58,0.18,2443,4168,
2026-01-04 22:27:00,s5667,u2310,Senegal,iOS,Documentary D,1,74,0.18,0.07,7277,3896,STARTUP_TIMEOUT
2026-01-04 22:28:00,s5668,u834,Cameroon,Web,Documentary D,1,68,0.05,0.43,7626,5117,BUFFERING_ERROR
2026-01-04 22:29:00,s5669,u2189,Tunisia,STB,Sport Live,1,56,0.89,0.41,1888,4088,
2026-01-04 22:30:00,s5670,u2489,Senegal,iOS,Sport Live,1,9,0.93,0.02,9868,3717,AUTH_ERROR
2026-01-04 22:31:00,s5671,u328,Ivory Coast,Android TV,Kids Show,1,82,1.32,0.39,3354,524,
2026-01-04 22:32:00,s5672,u1685,Morocco,Smart TV,Kids Show,1,28,1.24,0.54,520,468,LOW_BITRATE
2026-01-04 22:33:00,s5673,u2432,France,iOS,Movie C,1,65,1.31,0.14,5756,5077,LOW_BITRATE
2026-01-04 22:34:00,s5674,u72,Ivory Coast,Android TV,Sport Live,1,69,1.49,0.17,9478,1265,
2026-01-04 22:35:00,s5675,u676,Cameroon,iOS,Kids Show,1,14,0.91,0.02,3694,4020,
2026-01-04 22:36:00,s5676,u1818,Ivory Coast,Web,Movie C,1,10,0.48,0.17,6892,1589,BUFFERING_ERROR
2026-01-04 22:37:00,s5677,u1307,France,Web,Series A,1,81,0.83,0.05,2888,5541,BUFFERING_ERROR
2026-01-04 22:38:00,s5678,u365,Ivory Coast,STB,Series B,1,53,0.67,0.26,8611,936,AUTH_ERROR
2026-01-04 22:39:00,s5679,u708,Ivory Coast,Web,Documentary D,1,86,0.25,0.33,898,5077,LOW_BITRATE
2026-01-04 22:40:00,s5680,u526,Ivory Coast,Mobile,Series B,1,26,0.23,0.2,8791,3619,BUFFERING_ERROR
2026-01-04 22:41:00,s5681,u1947,Cameroon,iOS,Series B,1,84,0.25,0.11,3243,4637,
2026-01-04 22:42:00,s5682,u509,Tunisia,Android TV,Documentary D,1,70,0.48,0.25,2779,2302,
2026-01-04 22:43:00,s5683,u2428,France,Mobile,Kids Show,1,37,0.57,0.15,8521,3974,
2026-01-04 22:44:00,s5684,u475,Senegal,Smart TV,Sport Live,1,19,0.45,0.21,8882,1994,STARTUP_TIMEOUT
2026-01-04 22:45:00,s5685,u1648,Tunisia,iOS,Series B,1,80,0.32,0.1,9796,4438,AUTH_ERROR
2026-01-04 22:46:00,s5686,u2371,Senegal,iOS,Movie C,1,65,0.45,0.08,1782,1802,AUTH_ERROR
2026-01-04 22:47:00,s5687,u460,Ivory Coast,Mobile,Movie C,1,33,0.93,0.49,7143,927,BUFFERING_ERROR
2026-01-04 22:48:00,s5688,u696,Tunisia,iOS,Series B,1,59,1.4,0.24,8035,3106,
2026-01-04 22:49:00,s5689,u1548,France,Smart TV,Sport Live,1,12,0.31,0.39,7002,4200,CDN_ERROR
2026-01-04 22:50:00,s5690,u1746,France,STB,Sport Live,1,47,1.16,0.34,5444,4941,BUFFERING_ERROR
2026-01-04 22:51:00,s5691,u1657,Morocco,Smart TV,Series B,1,39,1.38,0.47,5768,3351,AUTH_ERROR
2026-01-04 22:52:00,s5692,u95,Senegal,Mobile,Documentary D,1,50,0.94,0.24,8366,3252,STARTUP_TIMEOUT
2026-01-04 22:53:00,s5693,u1433,Ivory Coast,Android TV,Documentary D,1,89,0.81,0.18,11193,2845,
2026-01-04 22:54:00,s5694,u2245,Tunisia,Smart TV,Series A,1,52,0.13,0.34,9537,1003,
2026-01-04 22:55:00,s5695,u299,Cameroon,Web,Series A,1,75,0.33,0.3,1421,685,AUTH_ERROR
2026-01-04 22:56:00,s5696,u707,Morocco,STB,Movie C,1,65,0.8,0.49,2206,3144,
2026-01-04 22:57:00,s5697,u2168,Morocco,iOS,Series B,1,27,1.34,0.31,9686,5189,
2026-01-04 22:58:00,s5698,u1582,Senegal,Mobile,Movie C,1,86,0.69,0.09,3968,1664,
2026-01-04 22:59:00,s5699,u2446,Morocco,Mobile,Kids Show,1,42,1.27,0.2,7957,3088,
2026-01-04 23:00:00,s5700,u2047,Tunisia,STB,Kids Show,1,3,0.55,0.08,7425,1020,
2026-01-04 23:01:00,s5701,u1425,Cameroon,iOS,Series A,1,23,0.57,0.25,9551,5885,STARTUP_TIMEOUT
2026-01-04 23:02:00,s5702,u1475,Cameroon,STB,Sport Live,1,42,1.05,0.3,10232,3586,CDN_ERROR
2026-01-04 23:03:00,s5703,u1787,Ivory Coast,STB,Movie C,1,74,1.05,0.15,6381,5399,LOW_BITRATE
2026-01-04 23:04:00,s5704,u550,Senegal,Web,Kids Show,1,51,0.52,0.34,8372,3255,CDN_ERROR
2026-01-04 23:05:00,s5705,u672,Morocco,iOS,Kids Show,1,18,1.29,0.24,3040,2476,AUTH_ERROR
2026-01-04 23:06:00,s5706,u2073,Cameroon,Smart TV,Series B,1,32,0.43,0.5,2575,3123,BUFFERING_ERROR
2026-01-04 23:07:00,s5707,u311,France,Mobile,Movie C,1,21,1.42,0.45,4823,3350,CDN_ERROR
2026-01-04 23:08:00,s5708,u634,Ivory Coast,Android TV,Documentary D,1,45,1.17,0.32,11128,3771,CDN_ERROR
2026-01-04 23:09:00,s5709,u820,France,Mobile,Series B,1,34,1.12,0.41,9315,4422,
2026-01-04 23:10:00,s5710,u263,Cameroon,Web,Kids Show,1,9,1.22,0.45,8763,3296,BUFFERING_ERROR
2026-01-04 23:11:00,s5711,u1895,Cameroon,Smart TV,Documentary D,1,32,0.35,0.19,897,3168,
2026-01-04 23:12:00,s5712,u124,France,Smart TV,Sport Live,1,86,0.15,0.3,2977,5962,
2026-01-04 23:13:00,s5713,u2119,Cameroon,Mobile,Sport Live,1,69,1.44,0.1,1435,2502,STARTUP_TIMEOUT
2026-01-04 23:14:00,s5714,u1177,Cameroon,Mobile,Documentary D,1,21,0.31,0.23,10133,1447,
2026-01-04 23:15:00,s5715,u1286,Cameroon,iOS,Series A,1,43,1.38,0.4,6662,2442,
2026-01-04 23:16:00,s5716,u1958,Ivory Coast,Web,Movie C,1,8,0.41,0.21,1871,2848,LOW_BITRATE
2026-01-04 23:17:00,s5717,u2303,Ivory Coast,Web,Movie C,1,31,0.67,0.27,3081,4494,LOW_BITRATE
2026-01-04 23:18:00,s5718,u2206,Morocco,Mobile,Kids Show,1,61,0.07,0.43,2610,470,STARTUP_TIMEOUT
2026-01-04 23:19:00,s5719,u1024,Tunisia,STB,Series A,1,26,1.12,0.42,1007,3335,AUTH_ERROR
2026-01-04 23:20:00,s5720,u185,Senegal,Android TV,Kids Show,1,30,1.05,0.09,5215,2700,AUTH_ERROR
2026-01-04 23:21:00,s5721,u1164,Ivory Coast,Android TV,Documentary D,1,5,0.9,0.29,8141,411,
2026-01-04 23:22:00,s5722,u1504,Tunisia,Web,Series A,1,64,0.86,0.24,6043,1897,
2026-01-04 23:23:00,s5723,u458,Ivory Coast,Web,Documentary D,1,40,0.33,0.31,5389,942,
2026-01-04 23:24:00,s5724,u320,Senegal,iOS,Series A,1,55,0.83,0.2,11402,3579,STARTUP_TIMEOUT
2026-01-04 23:25:00,s5725,u1520,France,Mobile,Kids Show,1,16,0.38,0.5,3875,460,
2026-01-04 23:26:00,s5726,u1022,Senegal,iOS,Sport Live,1,54,0.62,0.09,8884,1478,
2026-01-04 23:27:00,s5727,u727,Morocco,Smart TV,Series A,1,44,1.3,0.42,10420,1814,
2026-01-04 23:28:00,s5728,u2175,Ivory Coast,iOS,Documentary D,1,13,0.54,0.51,11931,5427,BUFFERING_ERROR
2026-01-04 23:29:00,s5729,u284,Cameroon,Web,Sport Live,1,65,1.01,0.11,4371,543,STARTUP_TIMEOUT
2026-01-04 23:30:00,s5730,u1337,France,Mobile,Series B,1,89,1.28,0.35,1622,962,AUTH_ERROR
2026-01-04 23:31:00,s5731,u1861,Tunisia,Smart TV,Movie C,1,26,0.6,0.3,3505,1209,
2026-01-04 23:32:00,s5732,u1741,Senegal,Web,Kids Show,1,85,0.86,0.1,7378,1753,CDN_ERROR
2026-01-04 23:33:00,s5733,u1546,Cameroon,Web,Movie C,1,74,1.44,0.43,8827,1142,AUTH_ERROR
2026-01-04 23:34:00,s5734,u771,Ivory Coast,Android TV,Kids Show,1,9,0.93,0.4,10954,492,
2026-01-04 23:35:00,s5735,u2230,Tunisia,Smart TV,Series A,1,57,1.35,0.53,2480,4821,LOW_BITRATE
2026-01-04 23:36:00,s5736,u1501,France,Android TV,Documentary D,1,23,1.3,0.42,1946,4552,STARTUP_TIMEOUT
2026-01-04 23:37:00,s5737,u907,Senegal,iOS,Sport Live,1,32,1.0,0.27,826,4760,
2026-01-04 23:38:00,s5738,u1144,France,STB,Series B,1,85,0.65,0.26,5108,5352,
2026-01-04 23:39:00,s5739,u1068,Ivory Coast,Smart TV,Kids Show,1,75,0.25,0.44,2875,872,
2026-01-04 23:40:00,s5740,u1036,Cameroon,Mobile,Documentary D,1,51,0.52,0.43,3253,3326,LOW_BITRATE
2026-01-04 23:41:00,s5741,u530,Morocco,Mobile,Series A,1,4,1.25,0.26,9107,5766,AUTH_ERROR
2026-01-04 23:42:00,s5742,u1946,Morocco,Web,Movie C,1,48,0.14,0.55,5283,1209,
2026-01-04 23:43:00,s5743,u615,Morocco,Android TV,Sport Live,1,39,0.06,0.5,10625,2234,LOW_BITRATE
2026-01-04 23:44:00,s5744,u484,Morocco,STB,Documentary D,1,78,0.53,0.16,6021,5632,
2026-01-04 23:45:00,s5745,u614,Tunisia,STB,Documentary D,1,68,1.04,0.51,8606,576,
2026-01-04 23:46:00,s5746,u561,Morocco,Mobile,Sport Live,1,14,1.43,0.53,9091,2141,STARTUP_TIMEOUT
2026-01-04 23:47:00,s5747,u2133,Tunisia,Web,Series A,1,84,1.24,0.38,5957,4432,BUFFERING_ERROR
2026-01-04 23:48:00,s5748,u2401,Senegal,iOS,Kids Show,1,64,0.31,0.24,6366,5826,CDN_ERROR
2026-01-04 23:49:00,s5749,u1946,Senegal,STB,Series A,1,13,0.42,0.31,11111,758,
2026-01-04 23:50:00,s5750,u1864,Morocco,iOS,Movie C,1,55,1.37,0.29,3441,1073,BUFFERING_ERROR
2026-01-04 23:51:00,s5751,u1990,Senegal,Smart TV,Documentary D,1,11,1.03,0.43,7778,5439,
2026-01-04 23:52:00,s5752,u656,Morocco,Android TV,Documentary D,1,19,1.08,0.06,7849,5287,
2026-01-04 23:53:00,s5753,u1010,Morocco,Android TV,Sport Live,1,48,1.42,0.34,9003,4542,LOW_BITRATE
2026-01-04 23:54:00,s5754,u1876,Cameroon,iOS,Movie C,1,82,0.1,0.1,2399,5550,
2026-01-04 23:55:00,s5755,u221,Tunisia,Android TV,Kids Show,1,6,0.78,0.15,2670,2593,
2026-01-04 23:56:00,s5756,u1639,France,STB,Kids Show,1,7,0.64,0.43,5856,1514,
2026-01-04 23:57:00,s5757,u524,Cameroon,Android TV,Documentary D,1,68,1.17,0.37,5047,5200,
2026-01-04 23:58:00,s5758,u2427,Tunisia,Android TV,Sport Live,1,13,0.65,0.05,2973,2097,BUFFERING_ERROR
2026-01-04 23:59:00,s5759,u2057,France,Web,Kids Show,1,35,0.29,0.23,4485,1407,
2026-01-05 00:00:00,s5760,u1206,Tunisia,Smart TV,Documentary D,1,28,0.18,0.29,2005,2807,
2026-01-05 00:01:00,s5761,u1314,France,Smart TV,Series A,1,42,0.22,0.34,1615,660,CDN_ERROR
2026-01-05 00:02:00,s5762,u1758,Tunisia,Mobile,Sport Live,1,76,0.88,0.5,8995,1543,
2026-01-05 00:03:00,s5763,u976,France,Web,Series B,1,36,0.66,0.22,6205,4471,
2026-01-05 00:04:00,s5764,u1038,Cameroon,Smart TV,Series A,1,62,1.15,0.08,962,873,
2026-01-05 00:05:00,s5765,u1487,Ivory Coast,STB,Series A,1,56,1.05,0.45,7038,4567,
2026-01-05 00:06:00,s5766,u1937,Ivory Coast,iOS,Movie C,1,67,0.97,0.31,10344,4113,
2026-01-05 00:07:00,s5767,u1262,Ivory Coast,Android TV,Series A,1,46,0.22,0.12,6773,1683,
2026-01-05 00:08:00,s5768,u1254,France,iOS,Sport Live,1,77,0.07,0.44,6980,517,
2026-01-05 00:09:00,s5769,u1461,Morocco,Web,Documentary D,1,11,0.71,0.22,6369,2321,STARTUP_TIMEOUT
2026-01-05 00:10:00,s5770,u1905,France,Android TV,Series B,1,34,1.18,0.27,10926,1040,CDN_ERROR
2026-01-05 00:11:00,s5771,u662,Ivory Coast,iOS,Movie C,1,61,1.47,0.46,9970,1961,LOW_BITRATE
2026-01-05 00:12:00,s5772,u819,Morocco,iOS,Series B,1,86,1.46,0.4,10458,3458,
2026-01-05 00:13:00,s5773,u1026,France,Web,Kids Show,1,1,1.03,0.44,9911,1584,
2026-01-05 00:14:00,s5774,u2370,Tunisia,Android TV,Sport Live,1,56,1.27,0.51,1294,2645,
2026-01-05 00:15:00,s5775,u867,Morocco,Web,Kids Show,1,32,0.11,0.15,9069,5702,
2026-01-05 00:16:00,s5776,u554,Senegal,Mobile,Movie C,1,4,1.23,0.13,1663,4596,
2026-01-05 00:17:00,s5777,u1949,Morocco,Smart TV,Series A,1,5,0.87,0.55,4408,2924,CDN_ERROR
2026-01-05 00:18:00,s5778,u1712,France,Smart TV,Kids Show,1,1,1.17,0.25,6269,5821,LOW_BITRATE
2026-01-05 00:19:00,s5779,u2469,France,Smart TV,Sport Live,1,66,0.89,0.05,3039,2586,
2026-01-05 00:20:00,s5780,u1262,Ivory Coast,Android TV,Series A,1,45,1.06,0.29,8252,5558,
2026-01-05 00:21:00,s5781,u406,Tunisia,Mobile,Series A,1,40,0.63,0.53,2465,801,
2026-01-05 00:22:00,s5782,u2126,Senegal,Smart TV,Series B,1,20,0.89,0.5,11871,2069,AUTH_ERROR
2026-01-05 00:23:00,s5783,u1001,Morocco,STB,Movie C,1,79,0.86,0.21,4735,2662,
2026-01-05 00:24:00,s5784,u2226,Cameroon,Web,Kids Show,1,2,0.92,0.19,3977,5922,
2026-01-05 00:25:00,s5785,u833,Ivory Coast,Android TV,Series A,1,57,0.86,0.27,5896,3133,BUFFERING_ERROR
2026-01-05 00:26:00,s5786,u950,Tunisia,Android TV,Documentary D,1,73,1.48,0.23,7699,1376,AUTH_ERROR
2026-01-05 00:27:00,s5787,u2320,Senegal,Web,Series A,1,11,1.15,0.36,10495,5082,AUTH_ERROR
2026-01-05 00:28:00,s5788,u1278,Senegal,Web,Movie C,1,36,0.02,0.13,7474,1017,CDN_ERROR
2026-01-05 00:29:00,s5789,u1607,Morocco,iOS,Movie C,1,77,0.84,0.43,2041,904,
2026-01-05 00:30:00,s5790,u2347,France,Smart TV,Kids Show,1,53,0.52,0.11,7359,3083,
2026-01-05 00:31:00,s5791,u1180,Tunisia,STB,Sport Live,1,12,1.13,0.52,6781,5149,
2026-01-05 00:32:00,s5792,u2383,Morocco,Smart TV,Kids Show,1,35,0.14,0.2,6482,2036,AUTH_ERROR
2026-01-05 00:33:00,s5793,u2306,Tunisia,Smart TV,Documentary D,1,59,0.41,0.28,7421,4375,AUTH_ERROR
2026-01-05 00:34:00,s5794,u597,Tunisia,Mobile,Sport Live,1,29,1.21,0.26,6534,1363,
2026-01-05 00:35:00,s5795,u170,France,Mobile,Sport Live,1,34,0.67,0.11,1860,2202,LOW_BITRATE
2026-01-05 00:36:00,s5796,u1130,Morocco,STB,Movie C,1,65,0.56,0.52,7534,4360,
2026-01-05 00:37:00,s5797,u337,France,STB,Movie C,1,42,0.04,0.5,1333,5068,LOW_BITRATE
2026-01-05 00:38:00,s5798,u1459,France,Web,Series A,1,29,1.05,0.52,10128,5673,LOW_BITRATE
2026-01-05 00:39:00,s5799,u2045,Tunisia,iOS,Documentary D,1,53,0.81,0.42,7971,3757,
2026-01-05 00:40:00,s5800,u1236,Senegal,Smart TV,Documentary D,1,75,0.26,0.16,7928,2225,
2026-01-05 00:41:00,s5801,u2427,Morocco,Mobile,Sport Live,1,61,1.49,0.21,1285,2325,LOW_BITRATE
2026-01-05 00:42:00,s5802,u794,Cameroon,Web,Series B,1,47,0.1,0.15,5547,4743,CDN_ERROR
2026-01-05 00:43:00,s5803,u2150,Senegal,Web,Documentary D,1,32,1.47,0.23,11681,3632,
2026-01-05 00:44:00,s5804,u1774,France,Android TV,Kids Show,1,18,0.08,0.26,5983,2037,CDN_ERROR
2026-01-05 00:45:00,s5805,u1940,Cameroon,iOS,Series B,1,48,0.62,0.15,8496,3030,
2026-01-05 00:46:00,s5806,u1620,Ivory Coast,Android TV,Series A,1,27,0.67,0.05,2851,3724,
2026-01-05 00:47:00,s5807,u2214,Ivory Coast,Smart TV,Series A,1,66,0.29,0.39,4586,4241,
2026-01-05 00:48:00,s5808,u791,Morocco,Mobile,Series B,1,11,1.48,0.36,4815,5971,CDN_ERROR
2026-01-05 00:49:00,s5809,u1485,Cameroon,Smart TV,Series A,1,59,1.18,0.11,6467,3000,LOW_BITRATE
2026-01-05 00:50:00,s5810,u930,France,STB,Sport Live,1,57,0.43,0.15,1545,2518,CDN_ERROR
2026-01-05 00:51:00,s5811,u314,Cameroon,Mobile,Movie C,1,80,0.85,0.17,9211,3547,CDN_ERROR
2026-01-05 00:52:00,s5812,u553,Tunisia,iOS,Documentary D,1,51,0.76,0.05,6944,2527,
2026-01-05 00:53:00,s5813,u710,Tunisia,STB,Documentary D,1,79,0.08,0.09,10394,4917,CDN_ERROR
2026-01-05 00:54:00,s5814,u2178,Tunisia,Android TV,Movie C,1,9,1.23,0.5,11982,1387,CDN_ERROR
2026-01-05 00:55:00,s5815,u1053,Morocco,Mobile,Sport Live,1,89,0.75,0.09,7507,4377,
2026-01-05 00:56:00,s5816,u2270,Tunisia,iOS,Movie C,1,28,1.43,0.39,8149,5008,CDN_ERROR
2026-01-05 00:57:00,s5817,u839,France,STB,Kids Show,1,39,0.83,0.5,6431,553,
2026-01-05 00:58:00,s5818,u1173,Tunisia,Web,Movie C,1,79,1.37,0.19,7368,4752,AUTH_ERROR
2026-01-05 00:59:00,s5819,u1224,Ivory Coast,Web,Sport Live,1,75,0.69,0.46,8550,2520,LOW_BITRATE
2026-01-05 01:00:00,s5820,u1846,Ivory Coast,STB,Documentary D,1,82,1.32,0.02,2644,5528,CDN_ERROR
2026-01-05 01:01:00,s5821,u1967,Senegal,Mobile,Series B,1,65,0.26,0.34,8589,1666,AUTH_ERROR
2026-01-05 01:02:00,s5822,u2198,Cameroon,iOS,Movie C,1,69,0.48,0.46,6901,940,AUTH_ERROR
2026-01-05 01:03:00,s5823,u1352,Morocco,Mobile,Kids Show,1,76,0.55,0.47,3473,5292,
2026-01-05 01:04:00,s5824,u520,Senegal,STB,Documentary D,1,56,0.81,0.2,9042,3729,
2026-01-05 01:05:00,s5825,u1171,Tunisia,iOS,Series A,1,7,1.32,0.37,5497,4291,CDN_ERROR
2026-01-05 01:06:00,s5826,u1807,Senegal,iOS,Sport Live,1,11,0.72,0.12,2523,4272,
2026-01-05 01:07:00,s5827,u267,Cameroon,iOS,Documentary D,1,28,0.86,0.54,2443,2851,
2026-01-05 01:08:00,s5828,u1497,Senegal,Web,Sport Live,1,72,0.37,0.23,9339,5776,CDN_ERROR
2026-01-05 01:09:00,s5829,u2200,Tunisia,Mobile,Documentary D,1,45,0.25,0.36,3036,5339,LOW_BITRATE
2026-01-05 01:10:00,s5830,u2182,Tunisia,iOS,Documentary D,1,71,0.04,0.12,8333,5171,BUFFERING_ERROR
2026-01-05 01:11:00,s5831,u2302,Ivory Coast,iOS,Sport Live,1,73,1.11,0.54,7748,1384,
2026-01-05 01:12:00,s5832,u1536,Senegal,Web,Movie C,1,59,0.9,0.36,11404,1404,AUTH_ERROR
2026-01-05 01:13:00,s5833,u519,Cameroon,Android TV,Kids Show,1,90,0.08,0.08,5155,536,STARTUP_TIMEOUT
2026-01-05 01:14:00,s5834,u48,Cameroon,Android TV,Series B,1,54,0.76,0.4,3395,738,
2026-01-05 01:15:00,s5835,u1263,France,STB,Series B,1,73,1.25,0.06,4708,5236,CDN_ERROR
2026-01-05 01:16:00,s5836,u211,Ivory Coast,Smart TV,Series A,1,23,0.69,0.4,5466,1450,LOW_BITRATE
2026-01-05 01:17:00,s5837,u274,Senegal,Web,Series A,1,7,0.99,0.06,9328,3811,
2026-01-05 01:18:00,s5838,u1675,Tunisia,Web,Series A,1,40,0.29,0.02,1998,1691,LOW_BITRATE
2026-01-05 01:19:00,s5839,u1378,France,Mobile,Kids Show,1,63,0.73,0.45,5086,4841,AUTH_ERROR
2026-01-05 01:20:00,s5840,u856,Ivory Coast,Mobile,Series B,1,29,0.8,0.41,9445,4469,
2026-01-05 01:21:00,s5841,u1539,France,Android TV,Documentary D,1,67,0.74,0.43,916,1310,AUTH_ERROR
2026-01-05 01:22:00,s5842,u510,Tunisia,Android TV,Documentary D,1,57,1.28,0.08,4877,3998,
2026-01-05 01:23:00,s5843,u2337,Tunisia,Mobile,Sport Live,1,39,0.55,0.25,7770,505,
2026-01-05 01:24:00,s5844,u1064,Tunisia,Web,Series A,1,16,0.61,0.47,643,4930,
2026-01-05 01:25:00,s5845,u1567,France,STB,Series A,1,46,0.92,0.05,10205,692,AUTH_ERROR
2026-01-05 01:26:00,s5846,u1574,Morocco,Web,Documentary D,1,29,0.55,0.09,896,2137,BUFFERING_ERROR
2026-01-05 01:27:00,s5847,u1811,Tunisia,Mobile,Kids Show,1,73,0.15,0.31,5850,2212,BUFFERING_ERROR
2026-01-05 01:28:00,s5848,u977,France,Android TV,Documentary D,1,36,0.26,0.15,11500,3684,STARTUP_TIMEOUT
2026-01-05 01:29:00,s5849,u2003,Cameroon,Smart TV,Documentary D,1,15,0.99,0.28,11373,3132,AUTH_ERROR
2026-01-05 01:30:00,s5850,u2360,Tunisia,Mobile,Sport Live,1,22,0.61,0.43,5855,1307,
2026-01-05 01:31:00,s5851,u298,Morocco,Android TV,Kids Show,1,10,0.95,0.2,9808,3640,
2026-01-05 01:32:00,s5852,u446,Senegal,Mobile,Movie C,1,7,0.14,0.09,10739,794,LOW_BITRATE
2026-01-05 01:33:00,s5853,u1867,Cameroon,Web,Movie C,1,48,0.22,0.41,10782,3951,AUTH_ERROR
2026-01-05 01:34:00,s5854,u2394,Senegal,Mobile,Sport Live,1,52,1.26,0.3,2728,5712,CDN_ERROR
2026-01-05 01:35:00,s5855,u1842,Ivory Coast,iOS,Series A,1,23,1.33,0.37,875,5624,STARTUP_TIMEOUT
2026-01-05 01:36:00,s5856,u2361,France,Android TV,Movie C,1,29,1.34,0.39,2234,592,AUTH_ERROR
2026-01-05 01:37:00,s5857,u465,Senegal,Android TV,Sport Live,1,1,0.59,0.22,11245,1657,
2026-01-05 01:38:00,s5858,u916,France,Web,Kids Show,1,68,0.58,0.28,8379,2047,
2026-01-05 01:39:00,s5859,u1417,Cameroon,Android TV,Sport Live,1,46,0.27,0.54,8900,4843,AUTH_ERROR
2026-01-05 01:40:00,s5860,u1451,Ivory Coast,iOS,Sport Live,1,27,0.55,0.48,9609,4294,STARTUP_TIMEOUT
2026-01-05 01:41:00,s5861,u1810,Senegal,Mobile,Series A,1,10,0.59,0.03,1991,3277,BUFFERING_ERROR
2026-01-05 01:42:00,s5862,u2044,France,Android TV,Documentary D,1,20,0.72,0.13,9733,3792,
2026-01-05 01:43:00,s5863,u750,Cameroon,Mobile,Series B,1,21,1.13,0.55,5042,1619,
2026-01-05 01:44:00,s5864,u2153,Senegal,Mobile,Movie C,1,1,0.7,0.03,5725,2692,STARTUP_TIMEOUT
2026-01-05 01:45:00,s5865,u1502,Cameroon,iOS,Series B,1,10,0.56,0.27,6043,5384,STARTUP_TIMEOUT
2026-01-05 01:46:00,s5866,u611,Tunisia,STB,Sport Live,1,88,0.13,0.29,7700,4655,CDN_ERROR
2026-01-05 01:47:00,s5867,u438,Morocco,STB,Documentary D,1,84,0.58,0.06,10631,2928,STARTUP_TIMEOUT
2026-01-05 01:48:00,s5868,u713,Cameroon,STB,Series B,1,83,1.06,0.51,8750,1652,
2026-01-05 01:49:00,s5869,u1592,France,Web,Series B,1,70,0.63,0.34,7531,4938,STARTUP_TIMEOUT
2026-01-05 01:50:00,s5870,u1702,Senegal,Android TV,Sport Live,1,67,1.43,0.44,9160,3434,CDN_ERROR
2026-01-05 01:51:00,s5871,u2083,Senegal,Web,Kids Show,1,22,1.45,0.35,4658,2279,
2026-01-05 01:52:00,s5872,u85,Senegal,STB,Kids Show,1,38,0.05,0.31,10412,2651,
2026-01-05 01:53:00,s5873,u2151,Tunisia,Smart TV,Movie C,1,76,1.17,0.49,6361,4625,LOW_BITRATE
2026-01-05 01:54:00,s5874,u1646,Ivory Coast,Mobile,Documentary D,1,45,0.46,0.12,11199,581,
2026-01-05 01:55:00,s5875,u30,Ivory Coast,Smart TV,Kids Show,1,69,0.98,0.13,9920,4153,
2026-01-05 01:56:00,s5876,u764,Morocco,Android TV,Kids Show,1,62,0.88,0.38,8259,3272,
2026-01-05 01:57:00,s5877,u1094,Cameroon,STB,Series A,1,39,1.39,0.18,10588,3677,AUTH_ERROR
2026-01-05 01:58:00,s5878,u1605,Morocco,iOS,Movie C,1,5,0.39,0.19,9595,3994,
2026-01-05 01:59:00,s5879,u283,France,iOS,Kids Show,1,46,0.53,0.11,4654,451,
2026-01-05 02:00:00,s5880,u2317,Tunisia,STB,Series A,1,68,1.03,0.53,2454,774,
2026-01-05 02:01:00,s5881,u2012,Cameroon,Mobile,Sport Live,1,28,1.26,0.32,7280,2802,BUFFERING_ERROR
2026-01-05 02:02:00,s5882,u1559,Morocco,Web,Series B,1,29,1.16,0.28,9433,5048,AUTH_ERROR
2026-01-05 02:03:00,s5883,u420,Morocco,Web,Documentary D,1,29,1.41,0.15,4670,3085,
2026-01-05 02:04:00,s5884,u678,Cameroon,Web,Movie C,1,22,0.67,0.02,4628,2275,AUTH_ERROR
2026-01-05 02:05:00,s5885,u2098,Ivory Coast,STB,Documentary D,1,21,0.03,0.53,8742,3157,
2026-01-05 02:06:00,s5886,u701,Cameroon,Android TV,Movie C,1,35,0.04,0.11,8607,589,
2026-01-05 02:07:00,s5887,u190,Ivory Coast,iOS,Kids Show,1,4,0.63,0.24,1881,5435,
2026-01-05 02:08:00,s5888,u690,Ivory Coast,iOS,Sport Live,1,79,1.22,0.2,4536,3880,CDN_ERROR
2026-01-05 02:09:00,s5889,u398,Senegal,Smart TV,Kids Show,1,85,1.28,0.54,8160,743,
2026-01-05 02:10:00,s5890,u2100,France,Smart TV,Sport Live,1,5,0.42,0.17,6984,1673,AUTH_ERROR
2026-01-05 02:11:00,s5891,u792,Ivory Coast,iOS,Documentary D,1,17,0.96,0.14,1499,2229,AUTH_ERROR
2026-01-05 02:12:00,s5892,u441,Senegal,STB,Movie C,1,88,0.2,0.39,4914,3103,
2026-01-05 02:13:00,s5893,u2005,France,iOS,Series A,1,15,0.85,0.47,9068,2623,AUTH_ERROR
2026-01-05 02:14:00,s5894,u143,Tunisia,iOS,Documentary D,1,44,1.49,0.18,10507,1225,
2026-01-05 02:15:00,s5895,u170,Tunisia,iOS,Series B,1,34,1.17,0.43,7554,1753,
2026-01-05 02:16:00,s5896,u105,Cameroon,Android TV,Documentary D,1,29,0.27,0.05,4738,1906,LOW_BITRATE
2026-01-05 02:17:00,s5897,u1620,Tunisia,Smart TV,Movie C,1,86,1.34,0.3,8760,4313,BUFFERING_ERROR
2026-01-05 02:18:00,s5898,u1109,Cameroon,STB,Kids Show,1,82,1.28,0.43,4554,1226,LOW_BITRATE
2026-01-05 02:19:00,s5899,u1749,Senegal,Android TV,Sport Live,1,28,1.01,0.39,9008,4834,
2026-01-05 02:20:00,s5900,u2406,Tunisia,Web,Series A,1,12,0.63,0.15,9985,838,
2026-01-05 02:21:00,s5901,u2307,Senegal,Android TV,Series B,1,88,1.29,0.09,2924,5673,
2026-01-05 02:22:00,s5902,u2308,France,Web,Sport Live,1,16,0.9,0.23,8255,421,STARTUP_TIMEOUT
2026-01-05 02:23:00,s5903,u212,Ivory Coast,Mobile,Series B,1,64,1.13,0.09,11154,4157,
2026-01-05 02:24:00,s5904,u35,Tunisia,STB,Movie C,1,57,1.11,0.26,1551,915,STARTUP_TIMEOUT
2026-01-05 02:25:00,s5905,u825,France,iOS,Documentary D,1,72,1.04,0.3,11640,4169,CDN_ERROR
2026-01-05 02:26:00,s5906,u1161,Tunisia,Smart TV,Series A,1,44,0.8,0.55,4005,2576,
2026-01-05 02:27:00,s5907,u1599,Ivory Coast,Web,Movie C,1,54,1.44,0.3,8281,1943,AUTH_ERROR
2026-01-05 02:28:00,s5908,u1479,Morocco,STB,Sport Live,1,30,1.13,0.41,4868,2371,STARTUP_TIMEOUT
2026-01-05 02:29:00,s5909,u1888,Senegal,Android TV,Documentary D,1,18,0.21,0.53,3611,2495,AUTH_ERROR
2026-01-05 02:30:00,s5910,u351,Tunisia,Mobile,Sport Live,1,35,0.7,0.14,4273,2453,
2026-01-05 02:31:00,s5911,u1583,Senegal,Web,Movie C,1,78,0.92,0.38,7600,5429,LOW_BITRATE
2026-01-05 02:32:00,s5912,u1185,France,Smart TV,Documentary D,1,42,1.33,0.52,9381,1907,LOW_BITRATE
2026-01-05 02:33:00,s5913,u600,Ivory Coast,Web,Kids Show,1,45,0.79,0.12,2279,1167,
2026-01-05 02:34:00,s5914,u332,Senegal,Web,Series B,1,35,0.94,0.49,4667,2544,
2026-01-05 02:35:00,s5915,u931,Cameroon,iOS,Kids Show,1,14,1.01,0.06,9439,754,LOW_BITRATE
2026-01-05 02:36:00,s5916,u350,Cameroon,Android TV,Documentary D,1,75,0.63,0.04,9947,1619,BUFFERING_ERROR
2026-01-05 02:37:00,s5917,u1935,Senegal,Web,Series A,1,58,0.06,0.16,647,4466,LOW_BITRATE
2026-01-05 02:38:00,s5918,u2304,France,STB,Kids Show,1,61,0.63,0.44,2325,1896,LOW_BITRATE
2026-01-05 02:39:00,s5919,u671,Tunisia,STB,Documentary D,1,29,0.72,0.25,5881,4991,BUFFERING_ERROR
2026-01-05 02:40:00,s5920,u167,Cameroon,Web,Documentary D,1,17,1.49,0.25,10235,4064,
2026-01-05 02:41:00,s5921,u182,Ivory Coast,Mobile,Movie C,1,24,1.1,0.18,4800,847,CDN_ERROR
2026-01-05 02:42:00,s5922,u896,Cameroon,Android TV,Series A,1,4,1.42,0.53,1306,431,AUTH_ERROR
2026-01-05 02:43:00,s5923,u964,Senegal,Mobile,Kids Show,1,28,1.03,0.53,1023,1148,BUFFERING_ERROR
2026-01-05 02:44:00,s5924,u1124,Cameroon,Smart TV,Movie C,1,69,1.19,0.34,6825,1457,AUTH_ERROR
2026-01-05 02:45:00,s5925,u1164,France,STB,Kids Show,1,14,0.74,0.09,11408,3473,CDN_ERROR
2026-01-05 02:46:00,s5926,u517,Tunisia,iOS,Series B,1,54,0.26,0.15,7975,4757,CDN_ERROR
2026-01-05 02:47:00,s5927,u530,Morocco,iOS,Series B,1,26,0.27,0.47,5662,3505,STARTUP_TIMEOUT
2026-01-05 02:48:00,s5928,u2210,Cameroon,Web,Series B,1,24,0.95,0.31,8650,462,
2026-01-05 02:49:00,s5929,u319,Senegal,STB,Documentary D,1,3,0.84,0.4,3950,2895,
2026-01-05 02:50:00,s5930,u556,Morocco,STB,Series A,1,38,0.91,0.27,6506,5836,STARTUP_TIMEOUT
2026-01-05 02:51:00,s5931,u2334,Cameroon,STB,Movie C,1,24,1.36,0.02,8065,827,
2026-01-05 02:52:00,s5932,u1280,France,STB,Movie C,1,32,0.35,0.55,7711,1473,AUTH_ERROR
2026-01-05 02:53:00,s5933,u1948,Ivory Coast,Web,Kids Show,1,26,1.02,0.02,545,4537,
2026-01-05 02:54:00,s5934,u1338,Senegal,Mobile,Movie C,1,72,0.58,0.05,6404,3847,AUTH_ERROR
2026-01-05 02:55:00,s5935,u1914,Ivory Coast,Web,Kids Show,1,50,0.46,0.34,6183,1149,LOW_BITRATE
2026-01-05 02:56:00,s5936,u455,Tunisia,Mobile,Documentary D,1,26,1.36,0.39,5781,3276,STARTUP_TIMEOUT
2026-01-05 02:57:00,s5937,u204,Ivory Coast,Smart TV,Documentary D,1,1,0.9,0.25,4107,1589,BUFFERING_ERROR
2026-01-05 02:58:00,s5938,u449,Ivory Coast,STB,Sport Live,1,62,1.48,0.23,4740,3488,BUFFERING_ERROR
2026-01-05 02:59:00,s5939,u2321,Morocco,Mobile,Documentary D,1,55,0.31,0.26,4083,2265,
2026-01-05 03:00:00,s5940,u2366,Senegal,Web,Series B,1,62,1.13,0.53,742,3634,BUFFERING_ERROR
2026-01-05 03:01:00,s5941,u578,Ivory Coast,iOS,Series B,1,28,0.08,0.46,8505,2714,AUTH_ERROR
2026-01-05 03:02:00,s5942,u406,France,iOS,Series B,1,72,0.69,0.28,6231,4597,CDN_ERROR
2026-01-05 03:03:00,s5943,u929,France,STB,Series A,1,31,0.66,0.16,9594,1584,
2026-01-05 03:04:00,s5944,u750,Tunisia,Mobile,Series B,1,37,0.59,0.03,9545,3148,AUTH_ERROR
2026-01-05 03:05:00,s5945,u1304,Morocco,iOS,Sport Live,1,36,0.5,0.25,920,3055,
2026-01-05 03:06:00,s5946,u1146,Cameroon,STB,Documentary D,1,10,0.85,0.42,4082,3913,STARTUP_TIMEOUT
2026-01-05 03:07:00,s5947,u1289,Senegal,Web,Series A,1,68,1.05,0.49,3693,5883,
2026-01-05 03:08:00,s5948,u991,Ivory Coast,Mobile,Series A,1,27,1.39,0.26,7187,1053,STARTUP_TIMEOUT
2026-01-05 03:09:00,s5949,u1258,Tunisia,Android TV,Series B,1,37,1.19,0.35,6567,1980,AUTH_ERROR
2026-01-05 03:10:00,s5950,u989,Cameroon,Smart TV,Series B,1,52,0.55,0.54,4235,4296,
2026-01-05 03:11:00,s5951,u1613,Cameroon,Mobile,Movie C,1,8,0.83,0.45,1469,2480,STARTUP_TIMEOUT
2026-01-05 03:12:00,s5952,u397,Cameroon,Web,Series A,1,79,1.33,0.29,3342,4514,STARTUP_TIMEOUT
2026-01-05 03:13:00,s5953,u2147,Tunisia,Mobile,Series B,1,13,0.29,0.42,8159,5806,CDN_ERROR
2026-01-05 03:14:00,s5954,u1252,France,Mobile,Kids Show,1,37,1.34,0.31,3753,1352,
2026-01-05 03:15:00,s5955,u749,Tunisia,Web,Kids Show,1,28,0.62,0.16,5078,2756,STARTUP_TIMEOUT
2026-01-05 03:16:00,s5956,u2102,Tunisia,Mobile,Series B,1,15,0.8,0.02,5238,1486,AUTH_ERROR
2026-01-05 03:17:00,s5957,u1443,Morocco,Mobile,Kids Show,1,64,1.48,0.17,11054,532,AUTH_ERROR
2026-01-05 03:18:00,s5958,u2007,Ivory Coast,Web,Series A,1,71,0.53,0.13,923,3950,
2026-01-05 03:19:00,s5959,u1999,France,STB,Movie C,1,10,1.37,0.5,11558,2521,
2026-01-05 03:20:00,s5960,u1774,France,STB,Series B,1,13,0.39,0.4,8304,5704,CDN_ERROR
2026-01-05 03:21:00,s5961,u1078,Ivory Coast,iOS,Sport Live,1,18,0.23,0.35,935,5833,
2026-01-05 03:22:00,s5962,u123,Cameroon,Smart TV,Series B,1,49,0.36,0.4,6841,1354,
2026-01-05 03:23:00,s5963,u921,Morocco,Mobile,Sport Live,1,35,0.78,0.06,7946,2823,AUTH_ERROR
2026-01-05 03:24:00,s5964,u576,Tunisia,Web,Kids Show,1,67,1.46,0.08,11719,4557,
2026-01-05 03:25:00,s5965,u1017,Tunisia,STB,Documentary D,1,23,0.4,0.18,2201,969,
2026-01-05 03:26:00,s5966,u46,Morocco,Web,Movie C,1,54,0.38,0.43,10108,4735,
2026-01-05 03:27:00,s5967,u1197,Cameroon,Android TV,Documentary D,1,36,1.27,0.13,9210,3026,
2026-01-05 03:28:00,s5968,u2223,France,Smart TV,Documentary D,1,11,0.69,0.49,5473,957,AUTH_ERROR
2026-01-05 03:29:00,s5969,u93,Tunisia,Mobile,Series A,1,65,0.34,0.3,5655,2521,
2026-01-05 03:30:00,s5970,u273,Senegal,Smart TV,Series B,1,17,0.82,0.27,6573,4118,
2026-01-05 03:31:00,s5971,u493,France,iOS,Sport Live,1,14,0.75,0.41,2117,5349,STARTUP_TIMEOUT
2026-01-05 03:32:00,s5972,u1205,Morocco,Android TV,Sport Live,1,13,0.57,0.07,10955,807,LOW_BITRATE
2026-01-05 03:33:00,s5973,u1988,Cameroon,iOS,Kids Show,1,8,1.41,0.13,3622,5424,
2026-01-05 03:34:00,s5974,u1016,Senegal,Smart TV,Series B,1,45,0.37,0.29,7309,1316,STARTUP_TIMEOUT
2026-01-05 03:35:00,s5975,u2257,Senegal,Android TV,Movie C,1,11,0.63,0.16,2242,1767,
2026-01-05 03:36:00,s5976,u2132,Tunisia,Smart TV,Series A,1,22,0.84,0.23,10720,734,AUTH_ERROR
2026-01-05 03:37:00,s5977,u140,France,iOS,Documentary D,1,9,1.41,0.24,6957,2685,
2026-01-05 03:38:00,s5978,u354,Cameroon,Mobile,Sport Live,1,48,0.7,0.04,789,809,
2026-01-05 03:39:00,s5979,u1602,Cameroon,Android TV,Series B,1,35,1.14,0.33,10499,5927,
2026-01-05 03:40:00,s5980,u1625,France,STB,Documentary D,1,88,1.42,0.1,6297,1360,LOW_BITRATE
2026-01-05 03:41:00,s5981,u882,Tunisia,STB,Series A,1,61,0.11,0.32,9553,2741,BUFFERING_ERROR
2026-01-05 03:42:00,s5982,u617,France,Mobile,Movie C,1,68,0.62,0.55,11919,3691,AUTH_ERROR
2026-01-05 03:43:00,s5983,u171,Morocco,STB,Documentary D,1,40,0.47,0.1,5084,1802,STARTUP_TIMEOUT
2026-01-05 03:44:00,s5984,u638,Senegal,Mobile,Series B,1,38,1.42,0.4,6155,2888,AUTH_ERROR
2026-01-05 03:45:00,s5985,u26,Tunisia,Android TV,Kids Show,1,68,1.25,0.21,8856,3092,
2026-01-05 03:46:00,s5986,u1234,Senegal,STB,Movie C,1,43,0.48,0.43,802,564,BUFFERING_ERROR
2026-01-05 03:47:00,s5987,u611,Tunisia,Android TV,Series B,1,6,0.4,0.38,6896,2019,CDN_ERROR
2026-01-05 03:48:00,s5988,u1430,Tunisia,Mobile,Series B,1,84,0.91,0.08,4147,4427,LOW_BITRATE
2026-01-05 03:49:00,s5989,u697,Senegal,iOS,Movie C,1,4,0.14,0.15,1863,1609,STARTUP_TIMEOUT
2026-01-05 03:50:00,s5990,u1305,Ivory Coast,Web,Movie C,1,73,1.12,0.38,11184,2789,BUFFERING_ERROR
2026-01-05 03:51:00,s5991,u970,Ivory Coast,Smart TV,Sport Live,1,62,0.23,0.47,7243,4645,AUTH_ERROR
2026-01-05 03:52:00,s5992,u1577,Cameroon,Web,Sport Live,1,80,1.14,0.39,10422,476,AUTH_ERROR
2026-01-05 03:53:00,s5993,u1817,Ivory Coast,Android TV,Movie C,1,2,1.49,0.39,10899,5045,
2026-01-05 03:54:00,s5994,u1356,Tunisia,Web,Series B,1,42,0.06,0.43,7904,2199,AUTH_ERROR
2026-01-05 03:55:00,s5995,u1426,Senegal,Smart TV,Series B,1,75,0.1,0.34,3303,4266,AUTH_ERROR
2026-01-05 03:56:00,s5996,u962,Tunisia,Smart TV,Documentary D,1,88,0.73,0.52,7952,5854,CDN_ERROR
2026-01-05 03:57:00,s5997,u1547,France,Mobile,Series B,1,30,0.69,0.2,4975,1961,
2026-01-05 03:58:00,s5998,u2234,Morocco,Smart TV,Documentary D,1,21,1.04,0.4,8696,5229,STARTUP_TIMEOUT
2026-01-05 03:59:00,s5999,u2265,Senegal,Web,Documentary D,1,76,0.77,0.17,7697,5549,AUTH_ERROR
2026-01-05 04:00:00,s6000,u1027,Tunisia,Smart TV,Series A,1,87,0.39,0.15,3777,543,
2026-01-05 04:01:00,s6001,u1923,France,Android TV,Series B,1,25,0.73,0.34,5383,4151,
2026-01-05 04:02:00,s6002,u558,Senegal,Web,Kids Show,1,53,1.49,0.54,7210,500,
2026-01-05 04:03:00,s6003,u541,Senegal,Web,Movie C,1,48,0.72,0.4,7129,3085,CDN_ERROR
2026-01-05 04:04:00,s6004,u1082,Senegal,STB,Series B,1,16,0.8,0.11,11495,1301,
2026-01-05 04:05:00,s6005,u191,Ivory Coast,Android TV,Kids Show,1,52,0.6,0.41,6639,3671,BUFFERING_ERROR
2026-01-05 04:06:00,s6006,u1090,Tunisia,Web,Series B,1,28,0.26,0.39,3932,4563,BUFFERING_ERROR
2026-01-05 04:07:00,s6007,u733,Ivory Coast,Smart TV,Series B,1,68,0.99,0.21,7070,5058,LOW_BITRATE
2026-01-05 04:08:00,s6008,u1215,Ivory Coast,Mobile,Documentary D,1,18,0.58,0.37,10625,3095,
2026-01-05 04:09:00,s6009,u1419,Cameroon,Mobile,Series A,1,75,0.87,0.28,5436,2713,
2026-01-05 04:10:00,s6010,u1441,Tunisia,Web,Documentary D,1,3,0.16,0.09,1997,1149,
2026-01-05 04:11:00,s6011,u711,Senegal,Android TV,Series A,1,89,0.28,0.54,9866,1402,AUTH_ERROR
2026-01-05 04:12:00,s6012,u215,Morocco,iOS,Series A,1,75,0.24,0.42,2455,4808,LOW_BITRATE
2026-01-05 04:13:00,s6013,u2455,Senegal,Web,Documentary D,1,42,0.27,0.23,6243,5710,
2026-01-05 04:14:00,s6014,u1279,Ivory Coast,iOS,Series B,1,41,0.68,0.09,4521,4659,STARTUP_TIMEOUT
2026-01-05 04:15:00,s6015,u248,Tunisia,iOS,Documentary D,1,17,1.42,0.2,2335,2384,CDN_ERROR
2026-01-05 04:16:00,s6016,u35,France,Mobile,Documentary D,1,19,1.15,0.22,4851,5807,BUFFERING_ERROR
2026-01-05 04:17:00,s6017,u1936,Tunisia,iOS,Kids Show,1,67,0.26,0.44,6168,1104,BUFFERING_ERROR
2026-01-05 04:18:00,s6018,u674,Morocco,iOS,Series A,1,28,1.19,0.01,7152,3768,CDN_ERROR
2026-01-05 04:19:00,s6019,u1922,Ivory Coast,STB,Documentary D,1,6,0.64,0.36,625,3965,AUTH_ERROR
2026-01-05 04:20:00,s6020,u604,Ivory Coast,Android TV,Sport Live,1,22,0.74,0.21,7030,4187,BUFFERING_ERROR
2026-01-05 04:21:00,s6021,u700,Morocco,STB,Sport Live,1,25,0.74,0.4,6068,972,AUTH_ERROR
2026-01-05 04:22:00,s6022,u765,Senegal,Smart TV,Series A,1,30,0.12,0.47,10365,5870,AUTH_ERROR
2026-01-05 04:23:00,s6023,u330,Ivory Coast,Mobile,Documentary D,1,46,0.44,0.45,6456,5290,LOW_BITRATE
2026-01-05 04:24:00,s6024,u1328,Morocco,Android TV,Kids Show,1,90,1.47,0.32,3248,1572,
2026-01-05 04:25:00,s6025,u2061,Senegal,iOS,Movie C,1,87,0.15,0.09,10068,3307,CDN_ERROR
2026-01-05 04:26:00,s6026,u2291,Cameroon,Android TV,Series B,1,24,0.44,0.48,7921,3891,AUTH_ERROR
2026-01-05 04:27:00,s6027,u2222,Tunisia,Smart TV,Documentary D,1,17,1.27,0.4,3837,4290,LOW_BITRATE
2026-01-05 04:28:00,s6028,u167,France,STB,Documentary D,1,62,1.38,0.47,5406,3885,STARTUP_TIMEOUT
2026-01-05 04:29:00,s6029,u543,Ivory Coast,Mobile,Documentary D,1,39,0.6,0.52,8578,4236,
2026-01-05 04:30:00,s6030,u2122,France,Mobile,Series B,1,13,0.18,0.29,8745,4482,
2026-01-05 04:31:00,s6031,u1477,Cameroon,Smart TV,Sport Live,1,25,0.89,0.12,8751,5425,STARTUP_TIMEOUT
2026-01-05 04:32:00,s6032,u460,France,Smart TV,Series B,1,71,1.47,0.44,6452,1023,STARTUP_TIMEOUT
2026-01-05 04:33:00,s6033,u962,France,Mobile,Documentary D,1,13,0.92,0.42,2686,3328,
2026-01-05 04:34:00,s6034,u1046,Cameroon,STB,Series A,1,36,1.33,0.46,2020,3702,BUFFERING_ERROR
2026-01-05 04:35:00,s6035,u1230,Cameroon,Android TV,Movie C,1,58,0.76,0.08,774,3750,
2026-01-05 04:36:00,s6036,u2373,Cameroon,Android TV,Sport Live,1,69,0.13,0.15,3339,4385,STARTUP_TIMEOUT
2026-01-05 04:37:00,s6037,u1694,France,Android TV,Sport Live,1,22,1.11,0.2,4505,4323,
2026-01-05 04:38:00,s6038,u2381,France,STB,Series B,1,43,0.84,0.16,7022,750,STARTUP_TIMEOUT
2026-01-05 04:39:00,s6039,u774,Cameroon,Android TV,Series A,1,13,0.73,0.23,10513,1145,LOW_BITRATE
2026-01-05 04:40:00,s6040,u36,Ivory Coast,Android TV,Series A,1,62,0.18,0.28,9862,4455,LOW_BITRATE
2026-01-05 04:41:00,s6041,u964,Morocco,Android TV,Sport Live,1,70,1.44,0.46,3670,5131,BUFFERING_ERROR
2026-01-05 04:42:00,s6042,u1714,Senegal,Mobile,Kids Show,1,28,1.49,0.4,4378,3998,CDN_ERROR
2026-01-05 04:43:00,s6043,u99,Senegal,iOS,Movie C,1,63,0.98,0.47,7631,2238,BUFFERING_ERROR
2026-01-05 04:44:00,s6044,u655,France,Smart TV,Series A,1,45,1.39,0.11,1607,1089,LOW_BITRATE
2026-01-05 04:45:00,s6045,u2367,Morocco,Web,Movie C,1,64,0.69,0.02,9552,2591,AUTH_ERROR
2026-01-05 04:46:00,s6046,u591,Senegal,iOS,Series A,1,52,0.79,0.35,11042,838,
2026-01-05 04:47:00,s6047,u376,Senegal,iOS,Documentary D,1,34,1.03,0.36,10403,2772,
2026-01-05 04:48:00,s6048,u447,Cameroon,Mobile,Series A,1,28,1.15,0.19,10567,3192,
2026-01-05 04:49:00,s6049,u954,Tunisia,Android TV,Documentary D,1,21,0.64,0.5,3005,3217,
2026-01-05 04:50:00,s6050,u2318,Ivory Coast,iOS,Documentary D,1,86,0.45,0.09,9533,5281,
2026-01-05 04:51:00,s6051,u2260,France,Smart TV,Series B,1,27,0.93,0.05,5095,2382,STARTUP_TIMEOUT
2026-01-05 04:52:00,s6052,u1125,Tunisia,STB,Series A,1,76,0.77,0.31,8424,5742,LOW_BITRATE
2026-01-05 04:53:00,s6053,u110,Ivory Coast,Smart TV,Documentary D,1,69,0.65,0.15,6862,4810,
2026-01-05 04:54:00,s6054,u524,France,Mobile,Movie C,1,48,0.11,0.37,11646,4687,
2026-01-05 04:55:00,s6055,u979,France,Mobile,Kids Show,1,81,0.08,0.35,10971,1512,
2026-01-05 04:56:00,s6056,u2296,France,Web,Series B,1,32,1.24,0.04,8955,5901,AUTH_ERROR
2026-01-05 04:57:00,s6057,u1728,Tunisia,STB,Series B,1,20,0.77,0.37,9714,5333,STARTUP_TIMEOUT
2026-01-05 04:58:00,s6058,u924,Senegal,Web,Series A,1,73,1.39,0.49,1050,2135,
2026-01-05 04:59:00,s6059,u1256,Cameroon,iOS,Kids Show,1,85,0.57,0.3,2519,5045,
2026-01-05 05:00:00,s6060,u1105,Cameroon,STB,Kids Show,1,33,0.35,0.17,6883,2058,
2026-01-05 05:01:00,s6061,u2193,Morocco,Mobile,Movie C,1,45,1.43,0.04,4836,4338,STARTUP_TIMEOUT
2026-01-05 05:02:00,s6062,u2021,France,Mobile,Sport Live,1,57,0.36,0.05,2639,3563,BUFFERING_ERROR
2026-01-05 05:03:00,s6063,u195,Ivory Coast,Web,Series B,1,21,0.54,0.53,6723,5515,STARTUP_TIMEOUT
2026-01-05 05:04:00,s6064,u1107,Ivory Coast,Android TV,Series B,1,49,0.62,0.35,5497,1012,AUTH_ERROR
2026-01-05 05:05:00,s6065,u1704,Ivory Coast,Android TV,Sport Live,1,23,1.37,0.45,4641,1883,STARTUP_TIMEOUT
2026-01-05 05:06:00,s6066,u1059,France,Mobile,Movie C,1,64,0.52,0.23,9730,1028,CDN_ERROR
2026-01-05 05:07:00,s6067,u1742,France,STB,Series A,1,13,1.23,0.39,770,1878,
2026-01-05 05:08:00,s6068,u43,Cameroon,Web,Kids Show,1,50,0.21,0.21,9540,5830,BUFFERING_ERROR
2026-01-05 05:09:00,s6069,u1999,Ivory Coast,Web,Sport Live,1,32,1.44,0.53,6052,1861,
2026-01-05 05:10:00,s6070,u1662,France,Mobile,Series A,1,19,0.93,0.24,10184,3041,CDN_ERROR
2026-01-05 05:11:00,s6071,u1692,Senegal,Android TV,Kids Show,1,29,1.09,0.34,4410,852,
2026-01-05 05:12:00,s6072,u1939,Cameroon,iOS,Movie C,1,63,1.29,0.01,11657,3397,BUFFERING_ERROR
2026-01-05 05:13:00,s6073,u1713,Ivory Coast,Mobile,Kids Show,1,48,1.44,0.5,1344,2252,AUTH_ERROR
2026-01-05 05:14:00,s6074,u1066,Tunisia,Web,Kids Show,1,87,0.64,0.27,2652,1554,
2026-01-05 05:15:00,s6075,u1292,Tunisia,STB,Series B,1,63,0.42,0.22,7447,960,STARTUP_TIMEOUT
2026-01-05 05:16:00,s6076,u2024,Senegal,Web,Series B,1,25,0.83,0.06,11760,5552,CDN_ERROR
2026-01-05 05:17:00,s6077,u1575,Tunisia,iOS,Sport Live,1,75,0.57,0.21,7128,3356,STARTUP_TIMEOUT
2026-01-05 05:18:00,s6078,u456,Senegal,Mobile,Series A,1,39,1.33,0.48,7589,3777,STARTUP_TIMEOUT
2026-01-05 05:19:00,s6079,u187,Tunisia,Android TV,Series A,1,67,0.35,0.24,8407,1617,CDN_ERROR
2026-01-05 05:20:00,s6080,u648,Ivory Coast,Web,Documentary D,1,21,0.45,0.34,1453,3090,
2026-01-05 05:21:00,s6081,u422,Ivory Coast,iOS,Series B,1,72,0.4,0.06,1217,546,LOW_BITRATE
2026-01-05 05:22:00,s6082,u2200,France,iOS,Documentary D,1,85,0.27,0.08,1653,624,
2026-01-05 05:23:00,s6083,u1991,Ivory Coast,STB,Series A,1,63,0.18,0.14,4631,5574,AUTH_ERROR
2026-01-05 05:24:00,s6084,u1457,Ivory Coast,Mobile,Movie C,1,80,0.97,0.27,6376,1917,CDN_ERROR
2026-01-05 05:25:00,s6085,u2323,France,Mobile,Movie C,1,89,0.05,0.35,4872,1131,BUFFERING_ERROR
2026-01-05 05:26:00,s6086,u1532,France,Android TV,Movie C,1,13,0.05,0.53,2877,5576,
2026-01-05 05:27:00,s6087,u1836,Morocco,STB,Movie C,1,4,0.95,0.04,10620,4429,CDN_ERROR
2026-01-05 05:28:00,s6088,u801,France,iOS,Kids Show,1,61,0.27,0.38,3279,775,STARTUP_TIMEOUT
2026-01-05 05:29:00,s6089,u2453,Ivory Coast,Web,Sport Live,1,52,0.24,0.03,11798,1950,AUTH_ERROR
2026-01-05 05:30:00,s6090,u238,Tunisia,Web,Series A,1,55,0.89,0.15,9311,3244,
2026-01-05 05:31:00,s6091,u2411,Morocco,Smart TV,Movie C,1,85,1.48,0.06,1308,1871,CDN_ERROR
2026-01-05 05:32:00,s6092,u1553,Ivory Coast,Web,Sport Live,1,74,1.17,0.01,11425,3277,CDN_ERROR
2026-01-05 05:33:00,s6093,u1149,France,Mobile,Movie C,1,29,0.36,0.29,7278,5911,AUTH_ERROR
2026-01-05 05:34:00,s6094,u2256,Ivory Coast,Smart TV,Series B,1,9,0.54,0.19,7504,1475,BUFFERING_ERROR
2026-01-05 05:35:00,s6095,u198,France,Web,Sport Live,1,51,1.46,0.52,4364,5903,BUFFERING_ERROR
2026-01-05 05:36:00,s6096,u605,Tunisia,Web,Kids Show,1,64,0.63,0.12,7675,3413,LOW_BITRATE
2026-01-05 05:37:00,s6097,u265,Senegal,Smart TV,Series B,1,28,0.7,0.07,11636,2039,STARTUP_TIMEOUT
2026-01-05 05:38:00,s6098,u1104,France,iOS,Series A,1,39,1.08,0.04,11994,2000,CDN_ERROR
2026-01-05 05:39:00,s6099,u455,Tunisia,iOS,Series B,1,1,1.08,0.07,1597,4581,STARTUP_TIMEOUT
2026-01-05 05:40:00,s6100,u1872,France,STB,Kids Show,1,30,1.34,0.38,594,4843,
2026-01-05 05:41:00,s6101,u1422,Tunisia,Mobile,Kids Show,1,78,0.61,0.04,10250,5251,LOW_BITRATE
2026-01-05 05:42:00,s6102,u1919,Cameroon,STB,Series A,1,66,1.21,0.4,8298,2007,BUFFERING_ERROR
2026-01-05 05:43:00,s6103,u1360,France,Mobile,Sport Live,1,23,0.09,0.29,1422,4265,BUFFERING_ERROR
2026-01-05 05:44:00,s6104,u1877,Ivory Coast,Web,Series B,1,29,0.42,0.18,5777,3956,
2026-01-05 05:45:00,s6105,u2497,Tunisia,iOS,Series B,1,4,0.46,0.33,3955,1819,CDN_ERROR
2026-01-05 05:46:00,s6106,u36,France,STB,Series A,1,18,1.26,0.45,8472,1496,LOW_BITRATE
2026-01-05 05:47:00,s6107,u2408,Senegal,iOS,Series B,1,37,0.49,0.21,8292,5321,
2026-01-05 05:48:00,s6108,u1837,Ivory Coast,Mobile,Movie C,1,9,1.24,0.09,11849,4711,AUTH_ERROR
2026-01-05 05:49:00,s6109,u1349,Tunisia,Android TV,Series B,1,45,0.93,0.34,9227,1294,LOW_BITRATE
2026-01-05 05:50:00,s6110,u438,France,STB,Movie C,1,17,1.38,0.28,2147,542,AUTH_ERROR
2026-01-05 05:51:00,s6111,u232,Cameroon,iOS,Kids Show,1,8,0.89,0.44,4831,2822,
2026-01-05 05:52:00,s6112,u824,Tunisia,STB,Sport Live,1,68,0.38,0.08,9449,4395,STARTUP_TIMEOUT
2026-01-05 05:53:00,s6113,u2499,Tunisia,Android TV,Movie C,1,34,1.03,0.52,9179,3778,
2026-01-05 05:54:00,s6114,u1586,Tunisia,iOS,Series B,1,42,1.43,0.15,2805,466,BUFFERING_ERROR
2026-01-05 05:55:00,s6115,u1877,Ivory Coast,Mobile,Kids Show,1,76,1.18,0.17,6473,2507,BUFFERING_ERROR
2026-01-05 05:56:00,s6116,u2139,Ivory Coast,iOS,Kids Show,1,38,0.71,0.33,10828,5192,BUFFERING_ERROR
2026-01-05 05:57:00,s6117,u267,Cameroon,Web,Series B,1,57,1.09,0.42,7534,1196,LOW_BITRATE
2026-01-05 05:58:00,s6118,u1448,Tunisia,iOS,Sport Live,1,87,0.03,0.29,10570,1484,CDN_ERROR
2026-01-05 05:59:00,s6119,u1051,Morocco,Android TV,Documentary D,1,51,1.1,0.24,3672,2420,CDN_ERROR
2026-01-05 06:00:00,s6120,u319,Senegal,Web,Series A,1,64,1.04,0.48,11288,2760,STARTUP_TIMEOUT
2026-01-05 06:01:00,s6121,u353,Ivory Coast,STB,Kids Show,1,63,1.48,0.5,7861,3487,CDN_ERROR
2026-01-05 06:02:00,s6122,u1037,Morocco,Smart TV,Sport Live,1,66,0.1,0.21,6496,4430,
2026-01-05 06:03:00,s6123,u234,Morocco,STB,Series A,1,41,0.04,0.42,6917,2954,CDN_ERROR
2026-01-05 06:04:00,s6124,u1315,Morocco,iOS,Series A,1,63,0.49,0.22,1079,1573,
2026-01-05 06:05:00,s6125,u717,France,Android TV,Documentary D,1,56,0.94,0.16,6817,2716,CDN_ERROR
2026-01-05 06:06:00,s6126,u2096,Morocco,Mobile,Documentary D,1,35,1.15,0.29,2237,3066,
2026-01-05 06:07:00,s6127,u917,Ivory Coast,Web,Kids Show,1,9,0.3,0.18,9578,664,BUFFERING_ERROR
2026-01-05 06:08:00,s6128,u2302,Senegal,Mobile,Series B,1,45,0.65,0.22,6905,3622,
2026-01-05 06:09:00,s6129,u396,Tunisia,STB,Sport Live,1,39,1.22,0.32,9985,4997,
2026-01-05 06:10:00,s6130,u1868,France,Web,Movie C,1,73,0.37,0.45,3151,3950,BUFFERING_ERROR
2026-01-05 06:11:00,s6131,u2264,Ivory Coast,Smart TV,Series B,1,7,0.81,0.22,11244,3954,AUTH_ERROR
2026-01-05 06:12:00,s6132,u2464,Senegal,Android TV,Series B,1,24,1.33,0.26,8580,5665,BUFFERING_ERROR
2026-01-05 06:13:00,s6133,u1086,France,Smart TV,Sport Live,1,76,1.15,0.21,10748,2781,CDN_ERROR
2026-01-05 06:14:00,s6134,u182,Senegal,Android TV,Series A,1,62,1.34,0.3,11272,3543,LOW_BITRATE
2026-01-05 06:15:00,s6135,u2287,Tunisia,STB,Series B,1,19,1.2,0.06,1934,5451,
2026-01-05 06:16:00,s6136,u810,France,Web,Series A,1,59,0.33,0.39,4241,2626,
2026-01-05 06:17:00,s6137,u1908,Morocco,STB,Series A,1,21,0.89,0.47,5917,5930,STARTUP_TIMEOUT
2026-01-05 06:18:00,s6138,u693,Ivory Coast,Web,Series B,1,78,0.12,0.53,2640,3535,BUFFERING_ERROR
2026-01-05 06:19:00,s6139,u2289,Cameroon,iOS,Series A,1,4,0.6,0.26,8432,2550,STARTUP_TIMEOUT
2026-01-05 06:20:00,s6140,u917,Tunisia,Smart TV,Movie C,1,52,0.35,0.49,1472,2295,LOW_BITRATE
2026-01-05 06:21:00,s6141,u697,Cameroon,STB,Kids Show,1,71,1.25,0.27,8122,4209,
2026-01-05 06:22:00,s6142,u1699,Cameroon,iOS,Movie C,1,17,0.19,0.03,6392,5271,
2026-01-05 06:23:00,s6143,u476,Senegal,Web,Documentary D,1,58,0.37,0.55,5811,3245,
2026-01-05 06:24:00,s6144,u1998,Morocco,STB,Series B,1,13,0.96,0.42,9490,1472,
2026-01-05 06:25:00,s6145,u61,Morocco,Smart TV,Kids Show,1,67,0.42,0.48,5501,750,LOW_BITRATE
2026-01-05 06:26:00,s6146,u1148,Cameroon,Mobile,Sport Live,1,84,0.99,0.2,7563,3986,LOW_BITRATE
2026-01-05 06:27:00,s6147,u82,Senegal,Mobile,Kids Show,1,20,1.33,0.53,1595,4005,STARTUP_TIMEOUT
2026-01-05 06:28:00,s6148,u1966,Senegal,Web,Kids Show,1,39,1.25,0.01,2758,3382,LOW_BITRATE
2026-01-05 06:29:00,s6149,u173,Cameroon,Web,Documentary D,1,48,1.36,0.51,7510,5668,LOW_BITRATE
2026-01-05 06:30:00,s6150,u2196,Morocco,Mobile,Kids Show,1,73,0.34,0.18,4527,1841,
2026-01-05 06:31:00,s6151,u791,Cameroon,Smart TV,Kids Show,1,25,1.2,0.46,6997,1814,CDN_ERROR
2026-01-05 06:32:00,s6152,u2117,Cameroon,Mobile,Series B,1,49,0.69,0.16,8915,1700,STARTUP_TIMEOUT
2026-01-05 06:33:00,s6153,u769,France,STB,Sport Live,1,59,0.14,0.03,4619,4071,CDN_ERROR
2026-01-05 06:34:00,s6154,u1482,Ivory Coast,Web,Kids Show,1,46,0.91,0.27,11417,1168,LOW_BITRATE
2026-01-05 06:35:00,s6155,u191,Senegal,Web,Kids Show,1,40,1.12,0.35,1096,4723,
2026-01-05 06:36:00,s6156,u155,Ivory Coast,Android TV,Documentary D,1,80,1.36,0.49,2595,3352,
2026-01-05 06:37:00,s6157,u280,Morocco,iOS,Series A,1,59,1.11,0.24,4410,525,
2026-01-05 06:38:00,s6158,u2468,Ivory Coast,Mobile,Movie C,1,60,0.63,0.48,6191,4153,
2026-01-05 06:39:00,s6159,u471,Cameroon,Smart TV,Series A,1,79,0.96,0.43,1003,5048,AUTH_ERROR
2026-01-05 06:40:00,s6160,u532,France,STB,Kids Show,1,40,1.14,0.17,5487,1680,BUFFERING_ERROR
2026-01-05 06:41:00,s6161,u1006,Tunisia,Android TV,Kids Show,1,45,0.81,0.46,9673,5575,BUFFERING_ERROR
2026-01-05 06:42:00,s6162,u997,Tunisia,iOS,Series B,1,57,0.91,0.21,10243,613,
2026-01-05 06:43:00,s6163,u2028,France,Smart TV,Series A,1,39,0.06,0.38,6415,5219,
2026-01-05 06:44:00,s6164,u277,Tunisia,Mobile,Documentary D,1,82,0.81,0.33,5570,2823,CDN_ERROR
2026-01-05 06:45:00,s6165,u2264,Morocco,Web,Series A,1,18,0.27,0.41,6154,546,
2026-01-05 06:46:00,s6166,u55,Tunisia,Android TV,Movie C,1,11,0.41,0.04,5334,5991,
2026-01-05 06:47:00,s6167,u763,Ivory Coast,STB,Series A,1,37,0.71,0.15,5080,4075,AUTH_ERROR
2026-01-05 06:48:00,s6168,u1118,Senegal,iOS,Movie C,1,59,1.29,0.25,3798,5910,
2026-01-05 06:49:00,s6169,u470,Ivory Coast,Web,Documentary D,1,74,1.25,0.46,6993,4564,AUTH_ERROR
2026-01-05 06:50:00,s6170,u724,Morocco,Smart TV,Kids Show,1,35,0.69,0.08,6087,3181,
2026-01-05 06:51:00,s6171,u2392,Ivory Coast,Android TV,Documentary D,1,39,1.36,0.04,6733,1768,
2026-01-05 06:52:00,s6172,u1751,Morocco,iOS,Movie C,1,56,1.09,0.23,7094,604,
2026-01-05 06:53:00,s6173,u635,Morocco,Web,Series B,1,77,0.06,0.22,8641,4317,
2026-01-05 06:54:00,s6174,u1494,Morocco,Android TV,Sport Live,1,53,1.02,0.11,11018,2818,AUTH_ERROR
2026-01-05 06:55:00,s6175,u355,Morocco,Web,Kids Show,1,29,0.4,0.46,7355,1635,
2026-01-05 06:56:00,s6176,u960,France,STB,Movie C,1,12,0.39,0.27,4429,818,LOW_BITRATE
2026-01-05 06:57:00,s6177,u458,France,Smart TV,Series A,1,68,0.62,0.29,5992,3756,
2026-01-05 06:58:00,s6178,u1480,France,iOS,Sport Live,1,85,1.19,0.51,3122,3746,CDN_ERROR
2026-01-05 06:59:00,s6179,u1877,Tunisia,Smart TV,Series B,1,86,0.96,0.39,3061,2439,
2026-01-05 07:00:00,s6180,u2443,Ivory Coast,Android TV,Documentary D,1,51,1.45,0.44,7122,2964,
2026-01-05 07:01:00,s6181,u1233,Morocco,STB,Documentary D,1,9,1.38,0.13,1674,510,LOW_BITRATE
2026-01-05 07:02:00,s6182,u606,Ivory Coast,STB,Series A,1,76,0.2,0.17,9303,1349,BUFFERING_ERROR
2026-01-05 07:03:00,s6183,u1462,Tunisia,iOS,Movie C,1,65,0.66,0.05,6400,2359,
2026-01-05 07:04:00,s6184,u2194,Tunisia,Smart TV,Series B,1,40,0.57,0.35,11292,4084,
2026-01-05 07:05:00,s6185,u1040,Tunisia,Smart TV,Sport Live,1,36,0.43,0.27,822,2842,AUTH_ERROR
2026-01-05 07:06:00,s6186,u1439,Cameroon,Smart TV,Kids Show,1,25,1.39,0.1,7648,3604,BUFFERING_ERROR
2026-01-05 07:07:00,s6187,u1448,Morocco,Mobile,Series A,1,56,0.75,0.48,5887,5785,
2026-01-05 07:08:00,s6188,u672,Morocco,Smart TV,Documentary D,1,57,1.25,0.54,6859,2841,
2026-01-05 07:09:00,s6189,u304,Cameroon,Web,Series B,1,41,0.03,0.43,1700,5778,
2026-01-05 07:10:00,s6190,u2469,Cameroon,iOS,Series A,1,12,0.15,0.45,757,1570,BUFFERING_ERROR
2026-01-05 07:11:00,s6191,u1956,Tunisia,Web,Movie C,1,34,1.49,0.45,11432,3687,
2026-01-05 07:12:00,s6192,u214,France,STB,Series B,1,30,0.04,0.48,6221,5116,
2026-01-05 07:13:00,s6193,u1231,France,Web,Movie C,1,35,1.22,0.12,9107,1134,
2026-01-05 07:14:00,s6194,u1193,Morocco,Mobile,Documentary D,1,24,1.48,0.03,1371,4877,CDN_ERROR
2026-01-05 07:15:00,s6195,u1735,Tunisia,Mobile,Series B,1,88,0.3,0.53,2797,1486,AUTH_ERROR
2026-01-05 07:16:00,s6196,u1520,Morocco,Web,Documentary D,1,3,0.56,0.41,8742,3553,LOW_BITRATE
2026-01-05 07:17:00,s6197,u492,Ivory Coast,Android TV,Kids Show,1,27,1.36,0.39,11948,4856,LOW_BITRATE
2026-01-05 07:18:00,s6198,u889,Tunisia,Web,Documentary D,1,84,1.48,0.17,4549,4941,
2026-01-05 07:19:00,s6199,u668,Cameroon,STB,Series B,1,68,0.42,0.21,2502,4237,
2026-01-05 07:20:00,s6200,u1625,Senegal,Android TV,Documentary D,1,14,0.8,0.05,10980,409,LOW_BITRATE
2026-01-05 07:21:00,s6201,u2202,Senegal,Mobile,Sport Live,1,1,0.22,0.24,5186,2239,
2026-01-05 07:22:00,s6202,u91,Cameroon,Smart TV,Kids Show,1,78,0.67,0.47,10524,5324,AUTH_ERROR
2026-01-05 07:23:00,s6203,u1138,Senegal,Web,Kids Show,1,7,0.86,0.18,2335,2083,AUTH_ERROR
2026-01-05 07:24:00,s6204,u1193,Senegal,Web,Sport Live,1,17,0.43,0.16,8085,3460,LOW_BITRATE
2026-01-05 07:25:00,s6205,u1924,Cameroon,Smart TV,Documentary D,1,70,1.1,0.26,10425,1597,
2026-01-05 07:26:00,s6206,u2300,France,Mobile,Kids Show,1,88,0.75,0.23,8169,715,STARTUP_TIMEOUT
2026-01-05 07:27:00,s6207,u2456,Ivory Coast,Web,Series B,1,6,0.97,0.11,5594,3422,
2026-01-05 07:28:00,s6208,u423,Morocco,Smart TV,Movie C,1,44,1.46,0.16,4888,797,LOW_BITRATE
2026-01-05 07:29:00,s6209,u2227,Morocco,Web,Kids Show,1,20,1.12,0.18,8202,4239,STARTUP_TIMEOUT
2026-01-05 07:30:00,s6210,u376,France,Smart TV,Sport Live,1,8,1.11,0.46,10570,1264,AUTH_ERROR
2026-01-05 07:31:00,s6211,u1417,Tunisia,iOS,Series B,1,4,1.0,0.41,4973,5368,
2026-01-05 07:32:00,s6212,u965,Senegal,iOS,Movie C,1,22,1.37,0.08,11184,5699,CDN_ERROR
2026-01-05 07:33:00,s6213,u51,Cameroon,STB,Documentary D,1,61,0.09,0.09,11033,833,LOW_BITRATE
2026-01-05 07:34:00,s6214,u948,Senegal,STB,Documentary D,1,73,0.96,0.35,8987,4962,CDN_ERROR
2026-01-05 07:35:00,s6215,u1197,Ivory Coast,STB,Series A,1,15,1.49,0.36,10672,5076,
2026-01-05 07:36:00,s6216,u236,Morocco,Mobile,Series B,1,16,1.11,0.17,6724,3312,CDN_ERROR
2026-01-05 07:37:00,s6217,u1176,Senegal,iOS,Series A,1,80,0.84,0.33,5620,5283,
2026-01-05 07:38:00,s6218,u1249,Senegal,Android TV,Series A,1,34,0.74,0.05,9856,4954,AUTH_ERROR
2026-01-05 07:39:00,s6219,u1795,Morocco,Android TV,Sport Live,1,41,0.39,0.16,4911,3779,
2026-01-05 07:40:00,s6220,u1490,Senegal,Smart TV,Kids Show,1,25,0.66,0.16,7395,4965,
2026-01-05 07:41:00,s6221,u326,Tunisia,iOS,Documentary D,1,73,0.9,0.26,8068,472,BUFFERING_ERROR
2026-01-05 07:42:00,s6222,u538,Cameroon,Mobile,Movie C,1,32,1.1,0.34,3616,3171,LOW_BITRATE
2026-01-05 07:43:00,s6223,u1788,Senegal,Android TV,Kids Show,1,11,0.65,0.54,1691,580,BUFFERING_ERROR
2026-01-05 07:44:00,s6224,u2252,Ivory Coast,Mobile,Documentary D,1,5,1.24,0.45,4323,2184,STARTUP_TIMEOUT
2026-01-05 07:45:00,s6225,u433,Morocco,Mobile,Series A,1,1,0.48,0.33,10614,3355,CDN_ERROR
2026-01-05 07:46:00,s6226,u87,Senegal,Web,Series B,1,41,1.4,0.05,8295,2959,
2026-01-05 07:47:00,s6227,u1744,Senegal,iOS,Documentary D,1,46,0.76,0.39,542,2824,LOW_BITRATE
2026-01-05 07:48:00,s6228,u1844,Senegal,Smart TV,Movie C,1,22,0.17,0.23,11073,4892,CDN_ERROR
2026-01-05 07:49:00,s6229,u1525,Cameroon,iOS,Series A,1,26,0.58,0.37,3523,4902,STARTUP_TIMEOUT
2026-01-05 07:50:00,s6230,u1260,Senegal,Web,Movie C,1,2,0.76,0.47,2509,1655,
2026-01-05 07:51:00,s6231,u2466,Ivory Coast,iOS,Movie C,1,11,0.76,0.55,3134,1992,AUTH_ERROR
2026-01-05 07:52:00,s6232,u158,Cameroon,STB,Kids Show,1,11,0.71,0.36,4762,1263,CDN_ERROR
2026-01-05 07:53:00,s6233,u1131,Morocco,Smart TV,Kids Show,1,55,1.14,0.21,7525,1099,LOW_BITRATE
2026-01-05 07:54:00,s6234,u481,Tunisia,Smart TV,Sport Live,1,27,0.83,0.51,9813,2256,
2026-01-05 07:55:00,s6235,u966,Cameroon,iOS,Movie C,1,6,0.78,0.04,1439,4788,STARTUP_TIMEOUT
2026-01-05 07:56:00,s6236,u1377,Morocco,STB,Sport Live,1,27,0.66,0.39,4214,3166,
2026-01-05 07:57:00,s6237,u1652,Tunisia,Android TV,Documentary D,1,87,1.37,0.14,4495,712,
2026-01-05 07:58:00,s6238,u1942,Senegal,Smart TV,Series B,1,12,1.5,0.25,7438,2477,
2026-01-05 07:59:00,s6239,u1535,Morocco,Smart TV,Series B,1,1,0.78,0.41,8817,3488,
2026-01-05 08:00:00,s6240,u2240,Ivory Coast,Mobile,Movie C,1,51,1.04,0.12,11539,4052,
2026-01-05 08:01:00,s6241,u475,Tunisia,iOS,Documentary D,1,20,0.67,0.12,6560,2341,STARTUP_TIMEOUT
2026-01-05 08:02:00,s6242,u166,Ivory Coast,Android TV,Series B,1,66,1.08,0.1,1922,2552,STARTUP_TIMEOUT
2026-01-05 08:03:00,s6243,u609,France,Web,Movie C,1,54,0.29,0.14,1076,5224,BUFFERING_ERROR
2026-01-05 08:04:00,s6244,u1020,Ivory Coast,Web,Movie C,1,18,1.24,0.5,5795,881,STARTUP_TIMEOUT
2026-01-05 08:05:00,s6245,u1579,Senegal,iOS,Documentary D,1,45,0.6,0.11,4631,5199,
2026-01-05 08:06:00,s6246,u2424,Ivory Coast,STB,Kids Show,1,28,1.12,0.07,9570,1314,STARTUP_TIMEOUT
2026-01-05 08:07:00,s6247,u704,Cameroon,Web,Series A,1,57,0.22,0.46,10434,590,
2026-01-05 08:08:00,s6248,u962,Tunisia,iOS,Series B,1,74,0.26,0.27,4933,3137,
2026-01-05 08:09:00,s6249,u1563,Tunisia,Mobile,Series B,1,18,1.03,0.51,10762,5167,AUTH_ERROR
2026-01-05 08:10:00,s6250,u1200,Tunisia,Smart TV,Documentary D,1,14,0.53,0.44,5694,3253,
2026-01-05 08:11:00,s6251,u289,Morocco,Web,Series B,1,75,1.0,0.42,7994,1884,CDN_ERROR
2026-01-05 08:12:00,s6252,u250,Ivory Coast,Android TV,Sport Live,1,56,0.3,0.5,9018,5902,STARTUP_TIMEOUT
2026-01-05 08:13:00,s6253,u607,Tunisia,Android TV,Movie C,1,7,0.51,0.12,4905,3520,BUFFERING_ERROR
2026-01-05 08:14:00,s6254,u1881,France,STB,Series A,1,2,0.66,0.13,3940,5232,
2026-01-05 08:15:00,s6255,u283,Cameroon,Smart TV,Series B,1,20,1.04,0.45,10953,2988,BUFFERING_ERROR
2026-01-05 08:16:00,s6256,u742,Cameroon,iOS,Sport Live,1,89,1.37,0.45,8558,5773,
2026-01-05 08:17:00,s6257,u1784,France,Web,Series A,1,15,1.42,0.37,2190,782,AUTH_ERROR
2026-01-05 08:18:00,s6258,u1598,Senegal,Smart TV,Series A,1,36,0.34,0.29,1780,779,
2026-01-05 08:19:00,s6259,u799,Senegal,iOS,Series A,1,38,0.85,0.31,1284,5882,LOW_BITRATE
2026-01-05 08:20:00,s6260,u489,France,iOS,Sport Live,1,86,0.59,0.33,4918,1338,
2026-01-05 08:21:00,s6261,u1164,France,Mobile,Series A,1,56,1.03,0.26,1293,4129,BUFFERING_ERROR
2026-01-05 08:22:00,s6262,u2005,Cameroon,Mobile,Movie C,1,19,0.96,0.09,7887,1335,LOW_BITRATE
2026-01-05 08:23:00,s6263,u1888,France,Smart TV,Kids Show,1,24,0.15,0.22,6323,4060,CDN_ERROR
2026-01-05 08:24:00,s6264,u496,Tunisia,Mobile,Series B,1,67,1.43,0.49,4291,855,AUTH_ERROR
2026-01-05 08:25:00,s6265,u1094,France,Smart TV,Documentary D,1,15,1.19,0.52,1221,1025,STARTUP_TIMEOUT
2026-01-05 08:26:00,s6266,u370,Ivory Coast,iOS,Series A,1,11,0.53,0.08,10395,1514,AUTH_ERROR
2026-01-05 08:27:00,s6267,u1284,Morocco,Mobile,Series B,1,80,0.59,0.35,726,4386,
2026-01-05 08:28:00,s6268,u268,Ivory Coast,Smart TV,Documentary D,1,44,0.24,0.16,5546,2473,
2026-01-05 08:29:00,s6269,u2423,Cameroon,Web,Kids Show,1,20,0.38,0.18,7761,998,CDN_ERROR
2026-01-05 08:30:00,s6270,u1223,France,Mobile,Documentary D,1,11,1.47,0.5,6394,3234,LOW_BITRATE
2026-01-05 08:31:00,s6271,u922,Senegal,Mobile,Series A,1,73,0.28,0.46,6645,4826,STARTUP_TIMEOUT
2026-01-05 08:32:00,s6272,u2302,Senegal,STB,Series B,1,36,1.26,0.5,6438,5205,
2026-01-05 08:33:00,s6273,u1709,Tunisia,Mobile,Kids Show,1,56,0.46,0.21,8402,5648,STARTUP_TIMEOUT
2026-01-05 08:34:00,s6274,u1966,Ivory Coast,Smart TV,Sport Live,1,20,0.3,0.22,5214,1474,LOW_BITRATE
2026-01-05 08:35:00,s6275,u1214,Cameroon,Web,Sport Live,1,47,0.88,0.21,9877,5971,
2026-01-05 08:36:00,s6276,u1430,Morocco,STB,Movie C,1,18,0.83,0.34,8492,5544,BUFFERING_ERROR
2026-01-05 08:37:00,s6277,u575,Cameroon,Mobile,Series A,1,51,1.15,0.23,4864,3437,LOW_BITRATE
2026-01-05 08:38:00,s6278,u2032,Morocco,Smart TV,Movie C,1,18,1.09,0.3,10222,464,CDN_ERROR
2026-01-05 08:39:00,s6279,u1671,Cameroon,Web,Series A,1,47,1.33,0.04,1439,1890,
2026-01-05 08:40:00,s6280,u388,Tunisia,STB,Kids Show,1,11,0.93,0.05,7386,865,LOW_BITRATE
2026-01-05 08:41:00,s6281,u1165,Senegal,Android TV,Movie C,1,23,0.01,0.31,1815,2124,STARTUP_TIMEOUT
2026-01-05 08:42:00,s6282,u1370,Morocco,Android TV,Series A,1,87,0.6,0.46,1373,4852,AUTH_ERROR
2026-01-05 08:43:00,s6283,u951,Tunisia,Web,Series B,1,21,1.03,0.29,2789,3137,LOW_BITRATE
2026-01-05 08:44:00,s6284,u1319,Cameroon,STB,Kids Show,1,84,0.77,0.26,6345,5784,LOW_BITRATE
2026-01-05 08:45:00,s6285,u716,France,STB,Sport Live,1,35,1.27,0.11,5812,5283,BUFFERING_ERROR
2026-01-05 08:46:00,s6286,u1613,Ivory Coast,iOS,Series A,1,64,1.26,0.33,6541,3089,AUTH_ERROR
2026-01-05 08:47:00,s6287,u941,Cameroon,Mobile,Movie C,1,82,0.37,0.4,8454,3013,AUTH_ERROR
2026-01-05 08:48:00,s6288,u2320,Senegal,Mobile,Series B,1,56,1.19,0.03,11831,5095,AUTH_ERROR
2026-01-05 08:49:00,s6289,u1478,Senegal,Web,Series B,1,30,0.56,0.07,10375,3495,BUFFERING_ERROR
2026-01-05 08:50:00,s6290,u1330,Morocco,Web,Series B,1,36,0.56,0.36,10482,2513,AUTH_ERROR
2026-01-05 08:51:00,s6291,u1207,Senegal,Smart TV,Series A,1,70,0.79,0.21,11069,3259,CDN_ERROR
2026-01-05 08:52:00,s6292,u1746,Tunisia,Web,Series B,1,54,1.03,0.09,5742,2044,BUFFERING_ERROR
2026-01-05 08:53:00,s6293,u1253,Cameroon,STB,Series A,1,19,1.22,0.34,10496,560,CDN_ERROR
2026-01-05 08:54:00,s6294,u1921,Tunisia,iOS,Movie C,1,34,1.43,0.43,3726,5369,AUTH_ERROR
2026-01-05 08:55:00,s6295,u1661,Ivory Coast,Android TV,Movie C,1,84,0.75,0.01,11687,4013,
2026-01-05 08:56:00,s6296,u630,Tunisia,Android TV,Movie C,1,14,0.11,0.44,655,4843,
2026-01-05 08:57:00,s6297,u1492,Senegal,STB,Sport Live,1,70,1.41,0.49,2794,2748,AUTH_ERROR
2026-01-05 08:58:00,s6298,u1568,France,STB,Movie C,1,4,1.22,0.3,9069,1523,
2026-01-05 08:59:00,s6299,u945,Cameroon,STB,Series B,1,57,0.09,0.1,2833,2919,STARTUP_TIMEOUT
2026-01-05 09:00:00,s6300,u1628,Tunisia,iOS,Documentary D,1,79,1.4,0.05,6365,4362,
2026-01-05 09:01:00,s6301,u1347,Morocco,Android TV,Documentary D,1,54,0.07,0.26,6603,937,AUTH_ERROR
2026-01-05 09:02:00,s6302,u1756,Senegal,Mobile,Sport Live,1,30,0.7,0.29,5533,2951,LOW_BITRATE
2026-01-05 09:03:00,s6303,u1137,Tunisia,Android TV,Movie C,1,42,0.07,0.49,6274,1997,BUFFERING_ERROR
2026-01-05 09:04:00,s6304,u394,Senegal,Web,Documentary D,1,11,0.18,0.09,6404,1471,
2026-01-05 09:05:00,s6305,u1316,Morocco,Smart TV,Documentary D,1,41,1.16,0.33,3961,2114,
2026-01-05 09:06:00,s6306,u2177,Senegal,Web,Series A,1,38,1.38,0.27,2902,1434,
2026-01-05 09:07:00,s6307,u2166,Ivory Coast,Smart TV,Series B,1,33,0.18,0.52,5763,4107,
2026-01-05 09:08:00,s6308,u787,Ivory Coast,iOS,Series B,1,23,0.55,0.22,11296,4850,AUTH_ERROR
2026-01-05 09:09:00,s6309,u1366,Cameroon,Mobile,Series A,1,67,0.48,0.23,5946,2697,AUTH_ERROR
2026-01-05 09:10:00,s6310,u1009,Ivory Coast,Mobile,Sport Live,1,25,0.35,0.51,3891,4105,AUTH_ERROR
2026-01-05 09:11:00,s6311,u408,Ivory Coast,Web,Movie C,1,23,0.65,0.03,9182,4395,CDN_ERROR
2026-01-05 09:12:00,s6312,u134,Cameroon,STB,Movie C,1,39,1.43,0.12,4219,3261,STARTUP_TIMEOUT
2026-01-05 09:13:00,s6313,u1295,Ivory Coast,Smart TV,Sport Live,1,10,0.81,0.36,8200,2905,BUFFERING_ERROR
2026-01-05 09:14:00,s6314,u1487,Senegal,Web,Series B,1,62,0.95,0.12,3867,2053,
2026-01-05 09:15:00,s6315,u1549,Cameroon,Mobile,Documentary D,1,41,1.03,0.52,3308,4433,AUTH_ERROR
2026-01-05 09:16:00,s6316,u30,France,Smart TV,Documentary D,1,23,0.42,0.35,8084,2428,
2026-01-05 09:17:00,s6317,u859,Ivory Coast,STB,Series B,1,87,0.11,0.26,9224,5481,BUFFERING_ERROR
2026-01-05 09:18:00,s6318,u1852,Morocco,STB,Series A,1,86,0.54,0.43,6802,5101,
2026-01-05 09:19:00,s6319,u1085,Ivory Coast,STB,Kids Show,1,42,0.17,0.25,6321,1939,AUTH_ERROR
2026-01-05 09:20:00,s6320,u1155,Cameroon,Web,Documentary D,1,65,0.3,0.04,8000,5382,LOW_BITRATE
2026-01-05 09:21:00,s6321,u75,Cameroon,Smart TV,Sport Live,1,24,0.82,0.17,6348,1938,BUFFERING_ERROR
2026-01-05 09:22:00,s6322,u1986,France,Android TV,Kids Show,1,70,0.47,0.1,6238,2973,
2026-01-05 09:23:00,s6323,u250,Cameroon,STB,Series A,1,72,0.02,0.32,6329,4029,BUFFERING_ERROR
2026-01-05 09:24:00,s6324,u1195,Morocco,Smart TV,Sport Live,1,89,0.42,0.11,3624,2363,LOW_BITRATE
2026-01-05 09:25:00,s6325,u699,Cameroon,Smart TV,Sport Live,1,68,0.65,0.15,1232,2611,BUFFERING_ERROR
2026-01-05 09:26:00,s6326,u1466,Ivory Coast,STB,Movie C,1,81,0.31,0.12,10474,5654,STARTUP_TIMEOUT
2026-01-05 09:27:00,s6327,u2223,Morocco,Smart TV,Documentary D,1,28,1.22,0.43,3832,4457,STARTUP_TIMEOUT
2026-01-05 09:28:00,s6328,u22,Senegal,iOS,Documentary D,1,72,1.01,0.2,7203,2544,AUTH_ERROR
2026-01-05 09:29:00,s6329,u318,Ivory Coast,Smart TV,Sport Live,1,10,1.09,0.49,615,4134,
2026-01-05 09:30:00,s6330,u1406,France,Web,Series A,1,28,0.85,0.28,10021,3525,LOW_BITRATE
2026-01-05 09:31:00,s6331,u424,Ivory Coast,Android TV,Kids Show,1,4,0.74,0.33,2251,2131,
2026-01-05 09:32:00,s6332,u1863,Cameroon,Smart TV,Series B,1,60,0.39,0.5,10538,3345,
2026-01-05 09:33:00,s6333,u341,Cameroon,Android TV,Series B,1,82,1.02,0.55,4145,2131,BUFFERING_ERROR
2026-01-05 09:34:00,s6334,u761,Ivory Coast,iOS,Sport Live,1,17,0.54,0.03,7792,1402,AUTH_ERROR
2026-01-05 09:35:00,s6335,u2333,Cameroon,STB,Documentary D,1,22,0.64,0.11,8288,2738,
2026-01-05 09:36:00,s6336,u734,Cameroon,Mobile,Series B,1,25,0.42,0.17,3809,556,LOW_BITRATE
2026-01-05 09:37:00,s6337,u1363,Ivory Coast,Web,Documentary D,1,10,0.3,0.13,7244,4795,LOW_BITRATE
2026-01-05 09:38:00,s6338,u731,Tunisia,Mobile,Series B,1,75,0.91,0.13,508,5628,AUTH_ERROR
2026-01-05 09:39:00,s6339,u1989,Senegal,Web,Documentary D,1,64,0.82,0.19,3939,3791,CDN_ERROR
2026-01-05 09:40:00,s6340,u814,Tunisia,iOS,Kids Show,1,1,0.09,0.4,1727,2071,AUTH_ERROR
2026-01-05 09:41:00,s6341,u724,Morocco,Web,Series B,1,89,0.97,0.3,2674,1649,LOW_BITRATE
2026-01-05 09:42:00,s6342,u1076,Ivory Coast,iOS,Movie C,1,78,0.91,0.03,7710,2519,BUFFERING_ERROR
2026-01-05 09:43:00,s6343,u2283,Morocco,Web,Movie C,1,61,0.62,0.28,6395,5401,AUTH_ERROR
2026-01-05 09:44:00,s6344,u1062,Senegal,STB,Kids Show,1,52,0.44,0.44,11037,5708,STARTUP_TIMEOUT
2026-01-05 09:45:00,s6345,u361,Tunisia,Smart TV,Series B,1,72,0.25,0.35,5229,4961,CDN_ERROR
2026-01-05 09:46:00,s6346,u2354,Tunisia,STB,Documentary D,1,37,0.77,0.21,8053,5868,
2026-01-05 09:47:00,s6347,u489,Cameroon,STB,Sport Live,1,89,1.15,0.04,7547,2767,
2026-01-05 09:48:00,s6348,u666,France,Smart TV,Sport Live,1,48,0.95,0.5,11612,2573,
2026-01-05 09:49:00,s6349,u1889,Tunisia,Mobile,Kids Show,1,21,1.11,0.25,10414,1065,
2026-01-05 09:50:00,s6350,u1531,Cameroon,Android TV,Series B,1,39,1.05,0.39,1429,4824,BUFFERING_ERROR
2026-01-05 09:51:00,s6351,u2227,France,Mobile,Kids Show,1,8,1.48,0.05,10820,3050,
2026-01-05 09:52:00,s6352,u1840,Morocco,Mobile,Kids Show,1,30,1.31,0.18,3960,3170,BUFFERING_ERROR
2026-01-05 09:53:00,s6353,u2449,France,Android TV,Kids Show,1,48,1.32,0.23,3820,5429,CDN_ERROR
2026-01-05 09:54:00,s6354,u486,Cameroon,Android TV,Documentary D,1,28,0.79,0.44,4710,2146,BUFFERING_ERROR
2026-01-05 09:55:00,s6355,u1043,France,Android TV,Series B,1,4,0.74,0.04,4403,1434,AUTH_ERROR
2026-01-05 09:56:00,s6356,u2372,Tunisia,Smart TV,Sport Live,1,43,0.1,0.07,4789,4347,STARTUP_TIMEOUT
2026-01-05 09:57:00,s6357,u1787,Cameroon,Smart TV,Series B,1,63,1.47,0.34,4939,3052,STARTUP_TIMEOUT
2026-01-05 09:58:00,s6358,u636,France,Android TV,Documentary D,1,66,0.26,0.19,6875,2226,STARTUP_TIMEOUT
2026-01-05 09:59:00,s6359,u1620,Morocco,Web,Kids Show,1,35,0.6,0.39,1813,5661,BUFFERING_ERROR
2026-01-05 10:00:00,s6360,u1192,Senegal,Android TV,Movie C,1,13,0.31,0.52,4706,622,
2026-01-05 10:01:00,s6361,u823,Ivory Coast,Web,Kids Show,1,9,1.06,0.23,1078,1636,STARTUP_TIMEOUT
2026-01-05 10:02:00,s6362,u1699,Cameroon,Web,Series B,1,77,0.96,0.15,1163,5972,CDN_ERROR
2026-01-05 10:03:00,s6363,u93,Senegal,STB,Movie C,1,41,0.41,0.08,1796,1614,
2026-01-05 10:04:00,s6364,u1835,Ivory Coast,Mobile,Movie C,1,3,0.29,0.5,11108,445,STARTUP_TIMEOUT
2026-01-05 10:05:00,s6365,u738,Ivory Coast,Android TV,Movie C,1,64,0.32,0.22,10353,3724,STARTUP_TIMEOUT
2026-01-05 10:06:00,s6366,u134,Ivory Coast,Smart TV,Movie C,1,31,0.91,0.09,4766,1475,BUFFERING_ERROR
2026-01-05 10:07:00,s6367,u1473,Morocco,Smart TV,Series A,1,65,1.24,0.3,6288,1492,STARTUP_TIMEOUT
2026-01-05 10:08:00,s6368,u1570,France,iOS,Sport Live,1,33,1.21,0.55,3187,635,STARTUP_TIMEOUT
2026-01-05 10:09:00,s6369,u341,Ivory Coast,Android TV,Kids Show,1,81,1.18,0.46,9595,2007,CDN_ERROR
2026-01-05 10:10:00,s6370,u442,Cameroon,STB,Series B,1,46,0.38,0.23,8252,425,CDN_ERROR
2026-01-05 10:11:00,s6371,u739,Senegal,Smart TV,Kids Show,1,78,0.37,0.29,5783,1629,CDN_ERROR
2026-01-05 10:12:00,s6372,u959,Senegal,Android TV,Movie C,1,27,0.14,0.43,4232,2459,AUTH_ERROR
2026-01-05 10:13:00,s6373,u901,France,Smart TV,Kids Show,1,75,0.86,0.42,7489,2562,
2026-01-05 10:14:00,s6374,u2474,Morocco,Android TV,Series B,1,17,1.1,0.39,9846,2628,LOW_BITRATE
2026-01-05 10:15:00,s6375,u463,Cameroon,STB,Movie C,1,15,0.83,0.36,6029,1457,BUFFERING_ERROR
2026-01-05 10:16:00,s6376,u13,Ivory Coast,Web,Movie C,1,52,1.35,0.32,10600,5216,CDN_ERROR
2026-01-05 10:17:00,s6377,u1183,Ivory Coast,Web,Kids Show,1,45,0.4,0.26,10498,5955,STARTUP_TIMEOUT
2026-01-05 10:18:00,s6378,u1656,Senegal,Android TV,Kids Show,1,28,1.47,0.35,7375,1432,
2026-01-05 10:19:00,s6379,u1778,Tunisia,Android TV,Documentary D,1,38,0.47,0.21,7882,4117,BUFFERING_ERROR
2026-01-05 10:20:00,s6380,u330,France,STB,Series B,1,66,1.33,0.49,3672,3496,
2026-01-05 10:21:00,s6381,u1485,Senegal,Android TV,Kids Show,1,26,0.96,0.03,4877,4928,STARTUP_TIMEOUT
2026-01-05 10:22:00,s6382,u2360,France,Mobile,Documentary D,1,47,1.42,0.05,4746,716,
2026-01-05 10:23:00,s6383,u886,Senegal,Mobile,Series B,1,85,0.69,0.24,5052,1017,STARTUP_TIMEOUT
2026-01-05 10:24:00,s6384,u960,France,Android TV,Series A,1,32,1.21,0.22,4602,1149,LOW_BITRATE
2026-01-05 10:25:00,s6385,u75,Ivory Coast,iOS,Movie C,1,3,0.21,0.05,7154,1977,LOW_BITRATE
2026-01-05 10:26:00,s6386,u1954,Senegal,iOS,Sport Live,1,79,1.14,0.11,11752,2100,
2026-01-05 10:27:00,s6387,u906,Senegal,STB,Movie C,1,65,1.2,0.25,10196,5447,AUTH_ERROR
2026-01-05 10:28:00,s6388,u1140,Tunisia,STB,Sport Live,1,20,1.25,0.08,3526,703,
2026-01-05 10:29:00,s6389,u1244,Senegal,Android TV,Sport Live,1,61,0.75,0.19,2097,2341,LOW_BITRATE
2026-01-05 10:30:00,s6390,u1850,Ivory Coast,Smart TV,Kids Show,1,15,1.37,0.46,1834,2061,LOW_BITRATE
2026-01-05 10:31:00,s6391,u1543,Ivory Coast,iOS,Sport Live,1,27,1.34,0.19,5089,1797,BUFFERING_ERROR
2026-01-05 10:32:00,s6392,u768,Senegal,Android TV,Series A,1,60,0.61,0.44,11236,3205,LOW_BITRATE
2026-01-05 10:33:00,s6393,u170,Tunisia,Android TV,Series A,1,82,0.75,0.51,1488,3031,
2026-01-05 10:34:00,s6394,u2047,France,iOS,Documentary D,1,58,1.14,0.01,5073,4662,
2026-01-05 10:35:00,s6395,u1026,Senegal,Smart TV,Sport Live,1,33,0.94,0.33,4016,2967,LOW_BITRATE
2026-01-05 10:36:00,s6396,u219,Tunisia,STB,Documentary D,1,24,1.48,0.03,8196,927,
2026-01-05 10:37:00,s6397,u2091,Ivory Coast,iOS,Sport Live,1,3,1.07,0.49,6371,3872,
2026-01-05 10:38:00,s6398,u554,Senegal,iOS,Sport Live,1,4,0.61,0.33,8038,3247,LOW_BITRATE
2026-01-05 10:39:00,s6399,u493,Senegal,STB,Kids Show,1,74,1.29,0.1,5296,1426,
2026-01-05 10:40:00,s6400,u1756,Senegal,Android TV,Movie C,1,45,1.0,0.37,6089,4449,
2026-01-05 10:41:00,s6401,u939,Ivory Coast,Android TV,Sport Live,1,84,0.59,0.43,6872,5353,
2026-01-05 10:42:00,s6402,u1152,Senegal,STB,Series A,1,14,0.26,0.14,11774,1009,
2026-01-05 10:43:00,s6403,u873,Ivory Coast,Mobile,Series B,1,42,1.07,0.54,11535,580,
2026-01-05 10:44:00,s6404,u1906,Morocco,Mobile,Documentary D,1,81,1.29,0.31,11241,1549,
2026-01-05 10:45:00,s6405,u1085,Senegal,Android TV,Series A,1,78,0.82,0.38,9210,1450,STARTUP_TIMEOUT
2026-01-05 10:46:00,s6406,u1868,Senegal,Mobile,Kids Show,1,25,0.54,0.09,3517,2601,AUTH_ERROR
2026-01-05 10:47:00,s6407,u1901,Morocco,Web,Series A,1,30,0.16,0.29,4728,5129,
2026-01-05 10:48:00,s6408,u574,Morocco,Android TV,Sport Live,1,37,1.36,0.18,10349,2221,
2026-01-05 10:49:00,s6409,u622,Morocco,STB,Documentary D,1,34,1.36,0.22,2104,5320,STARTUP_TIMEOUT
2026-01-05 10:50:00,s6410,u768,Cameroon,STB,Movie C,1,51,0.74,0.21,7204,488,BUFFERING_ERROR
2026-01-05 10:51:00,s6411,u1182,Cameroon,Mobile,Series A,1,60,0.92,0.27,8532,4867,
2026-01-05 10:52:00,s6412,u685,Tunisia,Web,Kids Show,1,1,0.33,0.39,2934,3637,
2026-01-05 10:53:00,s6413,u1332,Cameroon,Mobile,Series B,1,53,1.49,0.46,1445,1247,STARTUP_TIMEOUT
2026-01-05 10:54:00,s6414,u1131,Cameroon,Mobile,Documentary D,1,21,0.23,0.19,7928,5952,STARTUP_TIMEOUT
2026-01-05 10:55:00,s6415,u1848,Tunisia,Smart TV,Series B,1,3,0.87,0.28,4252,3116,LOW_BITRATE
2026-01-05 10:56:00,s6416,u1330,Ivory Coast,Web,Series A,1,3,1.19,0.15,2507,875,
2026-01-05 10:57:00,s6417,u2383,France,STB,Series A,1,58,0.43,0.1,8313,1362,CDN_ERROR
2026-01-05 10:58:00,s6418,u2303,Senegal,iOS,Kids Show,1,18,0.35,0.17,7507,3564,STARTUP_TIMEOUT
2026-01-05 10:59:00,s6419,u402,Cameroon,Smart TV,Series B,1,39,0.76,0.53,1911,1060,
2026-01-05 11:00:00,s6420,u254,Senegal,Mobile,Documentary D,1,33,1.34,0.47,6631,5972,
2026-01-05 11:01:00,s6421,u780,France,STB,Kids Show,1,57,1.18,0.25,3508,709,AUTH_ERROR
2026-01-05 11:02:00,s6422,u957,Ivory Coast,Web,Movie C,1,7,0.61,0.28,3986,2400,
2026-01-05 11:03:00,s6423,u748,Senegal,Mobile,Kids Show,1,1,0.9,0.49,6482,3589,
2026-01-05 11:04:00,s6424,u1134,Tunisia,Android TV,Series A,1,65,0.7,0.33,10591,1120,CDN_ERROR
2026-01-05 11:05:00,s6425,u178,Morocco,Smart TV,Sport Live,1,40,1.33,0.02,4054,2912,
2026-01-05 11:06:00,s6426,u728,Cameroon,Android TV,Documentary D,1,33,0.19,0.54,7882,3135,
2026-01-05 11:07:00,s6427,u1497,Ivory Coast,Smart TV,Series A,1,54,0.83,0.29,1190,486,
2026-01-05 11:08:00,s6428,u1326,Morocco,iOS,Series B,1,70,1.39,0.42,6192,883,
2026-01-05 11:09:00,s6429,u411,Cameroon,Mobile,Sport Live,1,59,1.22,0.41,6217,4165,
2026-01-05 11:10:00,s6430,u1348,France,Web,Series B,1,6,1.05,0.02,4815,4352,AUTH_ERROR
2026-01-05 11:11:00,s6431,u1391,France,iOS,Movie C,1,76,0.45,0.03,960,3001,CDN_ERROR
2026-01-05 11:12:00,s6432,u1453,France,Smart TV,Series A,1,36,1.01,0.49,7962,4135,AUTH_ERROR
2026-01-05 11:13:00,s6433,u562,Morocco,STB,Series A,1,16,0.06,0.33,7491,1549,STARTUP_TIMEOUT
2026-01-05 11:14:00,s6434,u78,Senegal,iOS,Sport Live,1,41,0.52,0.38,2218,2632,
2026-01-05 11:15:00,s6435,u217,France,STB,Series A,1,60,1.11,0.4,6327,3506,
2026-01-05 11:16:00,s6436,u1373,Tunisia,STB,Series A,1,47,0.04,0.16,8741,5635,
2026-01-05 11:17:00,s6437,u699,France,STB,Kids Show,1,75,0.39,0.16,2308,1760,AUTH_ERROR
2026-01-05 11:18:00,s6438,u1011,Ivory Coast,iOS,Movie C,1,31,0.46,0.17,9448,4955,STARTUP_TIMEOUT
2026-01-05 11:19:00,s6439,u2092,Tunisia,Android TV,Documentary D,1,3,0.43,0.38,5954,2987,CDN_ERROR
2026-01-05 11:20:00,s6440,u128,Ivory Coast,Web,Series B,1,9,0.13,0.07,11843,2348,
2026-01-05 11:21:00,s6441,u465,Ivory Coast,STB,Movie C,1,46,0.76,0.36,6416,1219,
2026-01-05 11:22:00,s6442,u418,Cameroon,iOS,Series A,1,32,1.27,0.03,1699,1342,
2026-01-05 11:23:00,s6443,u1615,Tunisia,Android TV,Series A,1,84,0.03,0.33,2739,3900,BUFFERING_ERROR
2026-01-05 11:24:00,s6444,u192,Tunisia,iOS,Kids Show,1,60,1.1,0.09,3919,3528,STARTUP_TIMEOUT
2026-01-05 11:25:00,s6445,u215,France,Smart TV,Kids Show,1,54,1.1,0.5,9560,1380,
2026-01-05 11:26:00,s6446,u198,Ivory Coast,Smart TV,Documentary D,1,40,1.34,0.3,8825,5484,CDN_ERROR
2026-01-05 11:27:00,s6447,u1004,France,Mobile,Sport Live,1,20,0.63,0.42,1300,3915,
2026-01-05 11:28:00,s6448,u1275,Senegal,STB,Documentary D,1,27,0.62,0.03,10339,5606,LOW_BITRATE
2026-01-05 11:29:00,s6449,u3,Tunisia,Web,Sport Live,1,56,0.07,0.01,6659,4460,BUFFERING_ERROR
2026-01-05 11:30:00,s6450,u1905,Senegal,Web,Sport Live,1,20,1.12,0.27,6427,5350,CDN_ERROR
2026-01-05 11:31:00,s6451,u2120,France,STB,Series A,1,42,0.31,0.05,7559,1946,BUFFERING_ERROR
2026-01-05 11:32:00,s6452,u489,Ivory Coast,Smart TV,Sport Live,1,49,0.62,0.55,740,572,
2026-01-05 11:33:00,s6453,u153,Senegal,Mobile,Sport Live,1,49,0.61,0.36,7719,2020,
2026-01-05 11:34:00,s6454,u2281,Cameroon,Web,Movie C,1,81,0.78,0.09,11373,3464,
2026-01-05 11:35:00,s6455,u2182,Ivory Coast,STB,Documentary D,1,79,1.22,0.24,11890,1511,
2026-01-05 11:36:00,s6456,u1311,Tunisia,Smart TV,Series A,1,77,1.01,0.15,5445,3196,BUFFERING_ERROR
2026-01-05 11:37:00,s6457,u850,Cameroon,Smart TV,Series B,1,33,0.91,0.15,10669,891,CDN_ERROR
2026-01-05 11:38:00,s6458,u2163,Tunisia,Web,Movie C,1,5,1.38,0.23,8932,3701,LOW_BITRATE
2026-01-05 11:39:00,s6459,u1131,France,STB,Series B,1,64,0.75,0.03,6801,5549,AUTH_ERROR
2026-01-05 11:40:00,s6460,u77,Tunisia,iOS,Movie C,1,2,0.68,0.13,11593,4421,LOW_BITRATE
2026-01-05 11:41:00,s6461,u879,France,Android TV,Series B,1,26,1.33,0.09,3959,2061,
2026-01-05 11:42:00,s6462,u459,Ivory Coast,Smart TV,Documentary D,1,48,1.14,0.1,10361,5720,
2026-01-05 11:43:00,s6463,u566,Cameroon,iOS,Kids Show,1,8,0.83,0.11,2235,4989,CDN_ERROR
2026-01-05 11:44:00,s6464,u2229,Senegal,iOS,Documentary D,1,70,1.3,0.35,3416,1778,
2026-01-05 11:45:00,s6465,u1153,Senegal,iOS,Movie C,1,4,1.25,0.54,8443,2873,LOW_BITRATE
2026-01-05 11:46:00,s6466,u2116,Tunisia,STB,Series A,1,79,0.45,0.39,8047,1356,
2026-01-05 11:47:00,s6467,u1044,Ivory Coast,Smart TV,Series B,1,57,0.05,0.39,11196,4471,
2026-01-05 11:48:00,s6468,u249,Morocco,iOS,Documentary D,1,81,0.69,0.43,9358,2410,BUFFERING_ERROR
2026-01-05 11:49:00,s6469,u783,Tunisia,Smart TV,Series A,1,25,0.49,0.47,7534,3945,
2026-01-05 11:50:00,s6470,u1384,Cameroon,Web,Movie C,1,77,0.02,0.52,3099,5003,STARTUP_TIMEOUT
2026-01-05 11:51:00,s6471,u18,Senegal,Web,Movie C,1,89,1.38,0.17,4789,997,BUFFERING_ERROR
2026-01-05 11:52:00,s6472,u1257,Morocco,Mobile,Movie C,1,78,0.8,0.32,9151,1589,
2026-01-05 11:53:00,s6473,u138,Tunisia,Smart TV,Documentary D,1,72,0.46,0.39,2430,644,
2026-01-05 11:54:00,s6474,u1359,Cameroon,STB,Series A,1,90,1.15,0.28,10233,1818,AUTH_ERROR
2026-01-05 11:55:00,s6475,u1221,Morocco,Smart TV,Series B,1,49,0.04,0.18,2895,5158,BUFFERING_ERROR
2026-01-05 11:56:00,s6476,u1794,Senegal,Smart TV,Series B,1,45,0.07,0.36,7335,4935,
2026-01-05 11:57:00,s6477,u2275,Cameroon,STB,Kids Show,1,43,0.79,0.15,548,5345,
2026-01-05 11:58:00,s6478,u2119,France,Smart TV,Movie C,1,86,0.23,0.11,6283,5899,
2026-01-05 11:59:00,s6479,u178,Tunisia,STB,Series B,1,64,1.08,0.12,9593,5061,
2026-01-05 12:00:00,s6480,u1720,Morocco,STB,Movie C,1,12,1.38,0.52,9663,854,
2026-01-05 12:01:00,s6481,u1777,Senegal,Web,Series A,1,6,0.45,0.4,1911,2307,
2026-01-05 12:02:00,s6482,u680,France,Smart TV,Series B,1,12,1.18,0.43,5260,4502,BUFFERING_ERROR
2026-01-05 12:03:00,s6483,u1116,Tunisia,Smart TV,Documentary D,1,14,0.49,0.51,9198,2491,CDN_ERROR
2026-01-05 12:04:00,s6484,u1504,Morocco,iOS,Series B,1,12,0.51,0.43,10778,5811,LOW_BITRATE
2026-01-05 12:05:00,s6485,u154,Morocco,Web,Sport Live,1,48,0.7,0.01,3579,4158,AUTH_ERROR
2026-01-05 12:06:00,s6486,u1776,France,Mobile,Series B,1,58,0.12,0.25,8145,4366,
2026-01-05 12:07:00,s6487,u1793,Tunisia,Smart TV,Kids Show,1,46,0.29,0.14,1997,4384,AUTH_ERROR
2026-01-05 12:08:00,s6488,u1430,France,Smart TV,Series A,1,53,0.38,0.51,6020,3212,STARTUP_TIMEOUT
2026-01-05 12:09:00,s6489,u141,France,Web,Movie C,1,54,0.41,0.06,6760,3795,
2026-01-05 12:10:00,s6490,u1658,Ivory Coast,iOS,Series B,1,15,1.33,0.45,7014,3030,
2026-01-05 12:11:00,s6491,u31,Cameroon,Mobile,Kids Show,1,78,1.45,0.31,4725,4922,CDN_ERROR
2026-01-05 12:12:00,s6492,u606,Cameroon,STB,Kids Show,1,33,0.25,0.21,6029,5947,LOW_BITRATE
2026-01-05 12:13:00,s6493,u2190,Morocco,iOS,Sport Live,1,41,1.13,0.37,11439,3311,STARTUP_TIMEOUT
2026-01-05 12:14:00,s6494,u1503,Cameroon,Web,Sport Live,1,37,0.67,0.39,9306,1033,
2026-01-05 12:15:00,s6495,u1968,Morocco,STB,Sport Live,1,53,0.21,0.16,1522,5131,STARTUP_TIMEOUT
2026-01-05 12:16:00,s6496,u515,Cameroon,Web,Series B,1,90,0.8,0.43,7091,2998,
2026-01-05 12:17:00,s6497,u2441,Ivory Coast,Smart TV,Documentary D,1,14,0.22,0.53,5376,5321,BUFFERING_ERROR
2026-01-05 12:18:00,s6498,u1631,Tunisia,STB,Series B,1,3,1.46,0.3,5031,3283,BUFFERING_ERROR
2026-01-05 12:19:00,s6499,u637,Tunisia,Web,Kids Show,1,23,1.22,0.46,8491,1816,STARTUP_TIMEOUT
2026-01-05 12:20:00,s6500,u1076,Senegal,iOS,Series B,1,80,1.02,0.4,5492,918,
2026-01-05 12:21:00,s6501,u1361,Tunisia,Android TV,Movie C,1,14,0.98,0.48,10531,3045,CDN_ERROR
2026-01-05 12:22:00,s6502,u1232,France,Web,Kids Show,1,22,0.03,0.31,2170,2012,
2026-01-05 12:23:00,s6503,u1378,Tunisia,iOS,Kids Show,1,5,0.81,0.02,1687,2454,LOW_BITRATE
2026-01-05 12:24:00,s6504,u704,Morocco,iOS,Sport Live,1,42,0.82,0.43,5639,3339,BUFFERING_ERROR
2026-01-05 12:25:00,s6505,u148,Cameroon,Mobile,Movie C,1,46,0.98,0.25,9266,3601,
2026-01-05 12:26:00,s6506,u648,France,Smart TV,Series A,1,20,0.52,0.5,3979,4525,
2026-01-05 12:27:00,s6507,u533,Cameroon,Mobile,Series B,1,52,0.97,0.11,8574,4790,
2026-01-05 12:28:00,s6508,u1126,Morocco,iOS,Kids Show,1,64,0.19,0.01,9968,3221,
2026-01-05 12:29:00,s6509,u425,Senegal,Mobile,Kids Show,1,77,0.49,0.28,930,1958,BUFFERING_ERROR
2026-01-05 12:30:00,s6510,u142,Tunisia,iOS,Series A,1,56,1.2,0.23,3285,1513,
2026-01-05 12:31:00,s6511,u2007,Cameroon,Web,Series A,1,70,0.09,0.23,5878,699,LOW_BITRATE
2026-01-05 12:32:00,s6512,u257,Tunisia,Web,Series B,1,75,0.62,0.44,11552,1566,
2026-01-05 12:33:00,s6513,u2347,France,Smart TV,Movie C,1,85,0.66,0.03,4013,3078,
2026-01-05 12:34:00,s6514,u768,Senegal,STB,Series B,1,88,0.7,0.22,8222,5020,LOW_BITRATE
2026-01-05 12:35:00,s6515,u1923,Cameroon,Web,Sport Live,1,61,0.25,0.06,2952,3600,
2026-01-05 12:36:00,s6516,u1274,France,Android TV,Series A,1,11,1.32,0.27,6109,3548,AUTH_ERROR
2026-01-05 12:37:00,s6517,u655,Ivory Coast,iOS,Series B,1,75,1.42,0.25,9153,1995,LOW_BITRATE
2026-01-05 12:38:00,s6518,u1053,Cameroon,Smart TV,Kids Show,1,4,0.78,0.45,3434,2104,LOW_BITRATE
2026-01-05 12:39:00,s6519,u1036,Tunisia,Mobile,Documentary D,1,11,0.69,0.49,8084,4049,LOW_BITRATE
2026-01-05 12:40:00,s6520,u1745,France,STB,Series A,1,11,0.05,0.22,9686,413,AUTH_ERROR
2026-01-05 12:41:00,s6521,u871,France,Android TV,Movie C,1,22,1.43,0.26,538,2024,CDN_ERROR
2026-01-05 12:42:00,s6522,u655,Tunisia,iOS,Kids Show,1,35,0.22,0.55,5480,1874,AUTH_ERROR
2026-01-05 12:43:00,s6523,u2024,Senegal,Android TV,Sport Live,1,5,1.06,0.01,1814,2719,
2026-01-05 12:44:00,s6524,u667,Morocco,STB,Series B,1,68,0.96,0.16,6769,5102,STARTUP_TIMEOUT
2026-01-05 12:45:00,s6525,u2202,Ivory Coast,Web,Series B,1,60,0.02,0.41,3225,5599,
2026-01-05 12:46:00,s6526,u2326,Ivory Coast,Smart TV,Kids Show,1,6,1.34,0.12,5212,4971,BUFFERING_ERROR
2026-01-05 12:47:00,s6527,u2092,Ivory Coast,Smart TV,Series B,1,37,1.12,0.31,5459,1800,
2026-01-05 12:48:00,s6528,u462,Cameroon,iOS,Sport Live,1,16,1.01,0.11,3081,3313,
2026-01-05 12:49:00,s6529,u1420,Senegal,Android TV,Movie C,1,65,0.24,0.27,3285,1140,AUTH_ERROR
2026-01-05 12:50:00,s6530,u658,Cameroon,Mobile,Documentary D,1,24,0.45,0.02,3429,2957,BUFFERING_ERROR
2026-01-05 12:51:00,s6531,u756,France,Mobile,Movie C,1,39,0.46,0.11,5770,1736,CDN_ERROR
2026-01-05 12:52:00,s6532,u1411,Tunisia,Smart TV,Documentary D,1,16,0.54,0.4,7268,5827,CDN_ERROR
2026-01-05 12:53:00,s6533,u1833,France,Smart TV,Movie C,1,19,0.48,0.54,2342,2458,BUFFERING_ERROR
2026-01-05 12:54:00,s6534,u1791,Tunisia,Web,Movie C,1,83,0.63,0.01,11061,4414,
2026-01-05 12:55:00,s6535,u1124,Cameroon,Mobile,Series B,1,25,0.26,0.48,4880,5647,
2026-01-05 12:56:00,s6536,u1852,Cameroon,STB,Kids Show,1,60,0.36,0.13,10677,1139,
2026-01-05 12:57:00,s6537,u859,Morocco,Mobile,Sport Live,1,52,1.34,0.07,7137,956,LOW_BITRATE
2026-01-05 12:58:00,s6538,u1053,Cameroon,Smart TV,Movie C,1,65,0.51,0.13,3512,5397,
2026-01-05 12:59:00,s6539,u883,Cameroon,Mobile,Series B,1,76,0.2,0.23,5383,5028,
2026-01-05 13:00:00,s6540,u2399,Tunisia,STB,Kids Show,1,51,0.82,0.44,5246,5155,
2026-01-05 13:01:00,s6541,u20,Morocco,Smart TV,Documentary D,1,66,0.53,0.41,4559,474,STARTUP_TIMEOUT
2026-01-05 13:02:00,s6542,u873,Ivory Coast,Android TV,Movie C,1,52,1.0,0.13,5455,4411,
2026-01-05 13:03:00,s6543,u1407,Tunisia,STB,Series B,1,86,0.74,0.53,1032,4447,
2026-01-05 13:04:00,s6544,u1773,Ivory Coast,STB,Series B,1,9,0.59,0.43,5990,1745,
2026-01-05 13:05:00,s6545,u212,Tunisia,Smart TV,Movie C,1,56,0.32,0.43,4097,4091,
2026-01-05 13:06:00,s6546,u1859,Senegal,Android TV,Series A,1,80,0.59,0.35,4372,1483,
2026-01-05 13:07:00,s6547,u900,Cameroon,Mobile,Documentary D,1,62,0.71,0.38,9812,1475,AUTH_ERROR
2026-01-05 13:08:00,s6548,u532,France,iOS,Movie C,1,47,0.48,0.48,7815,1437,
2026-01-05 13:09:00,s6549,u349,Cameroon,Android TV,Documentary D,1,48,0.5,0.14,5090,1845,AUTH_ERROR
2026-01-05 13:10:00,s6550,u2330,Tunisia,Mobile,Series B,1,88,1.49,0.37,2323,4160,BUFFERING_ERROR
2026-01-05 13:11:00,s6551,u1396,France,Android TV,Series A,1,39,1.47,0.27,7492,2455,STARTUP_TIMEOUT
2026-01-05 13:12:00,s6552,u521,Senegal,Mobile,Documentary D,1,67,1.43,0.23,9192,5682,
2026-01-05 13:13:00,s6553,u864,Morocco,Android TV,Series A,1,38,1.25,0.01,8549,1584,
2026-01-05 13:14:00,s6554,u881,Cameroon,Mobile,Series B,1,40,0.78,0.43,1542,2287,CDN_ERROR
2026-01-05 13:15:00,s6555,u377,Senegal,Android TV,Sport Live,1,52,1.3,0.44,6898,4155,
2026-01-05 13:16:00,s6556,u983,France,Web,Documentary D,1,16,0.1,0.46,1326,1497,CDN_ERROR
2026-01-05 13:17:00,s6557,u659,Cameroon,iOS,Series A,1,73,0.85,0.26,805,4390,
2026-01-05 13:18:00,s6558,u2012,France,Web,Series A,1,74,1.36,0.24,11472,3440,CDN_ERROR
2026-01-05 13:19:00,s6559,u1320,Ivory Coast,Android TV,Movie C,1,18,1.48,0.07,5587,3466,
2026-01-05 13:20:00,s6560,u748,Morocco,iOS,Documentary D,1,32,1.33,0.38,9330,5536,
2026-01-05 13:21:00,s6561,u1838,Cameroon,Smart TV,Movie C,1,31,0.37,0.32,10907,3893,
2026-01-05 13:22:00,s6562,u1172,Ivory Coast,Android TV,Movie C,1,13,1.2,0.23,2542,2693,AUTH_ERROR
2026-01-05 13:23:00,s6563,u423,Morocco,Web,Series A,1,33,0.7,0.51,5487,5924,
2026-01-05 13:24:00,s6564,u96,Cameroon,Android TV,Series A,1,74,1.49,0.24,5192,5550,STARTUP_TIMEOUT
2026-01-05 13:25:00,s6565,u2136,Senegal,Android TV,Documentary D,1,77,0.95,0.53,7057,4676,
2026-01-05 13:26:00,s6566,u512,Ivory Coast,Web,Kids Show,1,24,0.87,0.33,3908,746,
2026-01-05 13:27:00,s6567,u38,Ivory Coast,Mobile,Series A,1,7,0.48,0.14,551,2237,
2026-01-05 13:28:00,s6568,u1320,Ivory Coast,Android TV,Series B,1,36,0.41,0.37,11144,1418,BUFFERING_ERROR
2026-01-05 13:29:00,s6569,u1416,Tunisia,Web,Movie C,1,51,1.34,0.25,6961,4404,
2026-01-05 13:30:00,s6570,u513,Senegal,Smart TV,Sport Live,1,74,1.45,0.13,568,4303,CDN_ERROR
2026-01-05 13:31:00,s6571,u1162,Senegal,Smart TV,Series B,1,30,0.83,0.46,7040,3443,CDN_ERROR
2026-01-05 13:32:00,s6572,u630,France,Mobile,Series B,1,50,1.5,0.21,11490,5851,CDN_ERROR
2026-01-05 13:33:00,s6573,u769,Morocco,Smart TV,Documentary D,1,12,1.24,0.38,6703,3464,AUTH_ERROR
2026-01-05 13:34:00,s6574,u2288,Cameroon,Smart TV,Movie C,1,19,0.68,0.19,2966,2335,STARTUP_TIMEOUT
2026-01-05 13:35:00,s6575,u2404,Cameroon,STB,Series A,1,23,0.5,0.2,5373,4092,CDN_ERROR
2026-01-05 13:36:00,s6576,u1174,Senegal,Android TV,Documentary D,1,22,0.76,0.18,1639,1543,BUFFERING_ERROR
2026-01-05 13:37:00,s6577,u789,Tunisia,Smart TV,Series A,1,20,0.71,0.2,7835,3713,BUFFERING_ERROR
2026-01-05 13:38:00,s6578,u1806,Ivory Coast,Android TV,Kids Show,1,26,0.04,0.48,6124,3735,
2026-01-05 13:39:00,s6579,u316,Tunisia,Mobile,Kids Show,1,81,0.58,0.51,9464,3688,AUTH_ERROR
2026-01-05 13:40:00,s6580,u185,Senegal,STB,Series B,1,80,0.94,0.15,8157,4217,
2026-01-05 13:41:00,s6581,u2072,Cameroon,iOS,Sport Live,1,53,0.88,0.4,11114,5346,CDN_ERROR
2026-01-05 13:42:00,s6582,u1000,Morocco,iOS,Series A,1,48,1.38,0.14,3305,3774,
2026-01-05 13:43:00,s6583,u879,Cameroon,Web,Sport Live,1,38,1.26,0.24,7251,3789,AUTH_ERROR
2026-01-05 13:44:00,s6584,u454,France,Web,Sport Live,1,25,0.65,0.05,5707,4737,BUFFERING_ERROR
2026-01-05 13:45:00,s6585,u564,Morocco,Smart TV,Kids Show,1,25,0.76,0.08,2568,3823,LOW_BITRATE
2026-01-05 13:46:00,s6586,u1262,Cameroon,Web,Sport Live,1,53,0.7,0.05,2491,2728,
2026-01-05 13:47:00,s6587,u2470,Cameroon,iOS,Sport Live,1,4,0.33,0.1,11279,4094,
2026-01-05 13:48:00,s6588,u1706,Cameroon,Mobile,Kids Show,1,33,0.26,0.14,2148,1770,
2026-01-05 13:49:00,s6589,u986,Morocco,Mobile,Series A,1,67,0.51,0.32,5240,4533,
2026-01-05 13:50:00,s6590,u2346,Cameroon,Smart TV,Series A,1,34,1.07,0.05,4267,5968,CDN_ERROR
2026-01-05 13:51:00,s6591,u976,Ivory Coast,Mobile,Sport Live,1,50,1.19,0.26,2547,1410,BUFFERING_ERROR
2026-01-05 13:52:00,s6592,u1354,Senegal,iOS,Series A,1,90,0.03,0.51,2932,4801,
2026-01-05 13:53:00,s6593,u510,France,Android TV,Kids Show,1,54,0.95,0.23,6666,5745,
2026-01-05 13:54:00,s6594,u807,Cameroon,Android TV,Movie C,1,2,0.22,0.31,7991,2448,STARTUP_TIMEOUT
2026-01-05 13:55:00,s6595,u1213,Morocco,Web,Series B,1,18,0.75,0.08,11142,3652,LOW_BITRATE
2026-01-05 13:56:00,s6596,u676,Ivory Coast,Android TV,Series B,1,2,1.05,0.16,9406,2732,LOW_BITRATE
2026-01-05 13:57:00,s6597,u2357,Senegal,iOS,Movie C,1,21,0.6,0.25,6210,1505,STARTUP_TIMEOUT
2026-01-05 13:58:00,s6598,u1918,Ivory Coast,Smart TV,Documentary D,1,31,1.06,0.35,7947,1282,CDN_ERROR
2026-01-05 13:59:00,s6599,u980,France,iOS,Series B,1,29,0.54,0.42,6457,5099,
2026-01-05 14:00:00,s6600,u2294,Morocco,Android TV,Series A,1,55,0.09,0.48,7434,5646,BUFFERING_ERROR
2026-01-05 14:01:00,s6601,u1797,Ivory Coast,Smart TV,Movie C,1,87,0.43,0.08,4151,5139,
2026-01-05 14:02:00,s6602,u1748,Senegal,Smart TV,Documentary D,1,65,0.97,0.44,4936,2664,BUFFERING_ERROR
2026-01-05 14:03:00,s6603,u2351,Cameroon,Mobile,Sport Live,1,31,0.96,0.24,2374,646,
2026-01-05 14:04:00,s6604,u1582,France,Web,Series B,1,64,0.62,0.29,6047,5264,STARTUP_TIMEOUT
2026-01-05 14:05:00,s6605,u2416,Senegal,Android TV,Movie C,1,85,0.72,0.19,2091,4216,BUFFERING_ERROR
2026-01-05 14:06:00,s6606,u246,Senegal,Android TV,Kids Show,1,65,0.51,0.53,2190,4529,STARTUP_TIMEOUT
2026-01-05 14:07:00,s6607,u2265,France,Android TV,Kids Show,1,83,0.7,0.5,7834,5360,BUFFERING_ERROR
2026-01-05 14:08:00,s6608,u1715,Morocco,Mobile,Sport Live,1,32,1.2,0.21,2617,1300,CDN_ERROR
2026-01-05 14:09:00,s6609,u298,Morocco,Web,Documentary D,1,85,0.65,0.25,6951,3184,
2026-01-05 14:10:00,s6610,u364,Senegal,iOS,Documentary D,1,87,1.09,0.37,10926,5424,AUTH_ERROR
2026-01-05 14:11:00,s6611,u573,France,Smart TV,Documentary D,1,81,0.89,0.41,10634,4687,STARTUP_TIMEOUT
2026-01-05 14:12:00,s6612,u760,Senegal,Web,Documentary D,1,86,0.21,0.14,7106,651,STARTUP_TIMEOUT
2026-01-05 14:13:00,s6613,u1814,Tunisia,STB,Kids Show,1,5,1.48,0.41,9433,2000,BUFFERING_ERROR
2026-01-05 14:14:00,s6614,u223,Morocco,STB,Series A,1,71,0.7,0.35,7478,4492,STARTUP_TIMEOUT
2026-01-05 14:15:00,s6615,u261,Senegal,Smart TV,Sport Live,1,34,1.17,0.42,11490,4242,
2026-01-05 14:16:00,s6616,u1954,Tunisia,Web,Documentary D,1,65,0.47,0.17,11502,621,CDN_ERROR
2026-01-05 14:17:00,s6617,u1158,Tunisia,Android TV,Series B,1,70,0.48,0.19,7067,924,BUFFERING_ERROR
2026-01-05 14:18:00,s6618,u312,Ivory Coast,Android TV,Series B,1,21,0.86,0.53,9678,2465,
2026-01-05 14:19:00,s6619,u574,Ivory Coast,Web,Movie C,1,10,0.09,0.34,7033,3485,AUTH_ERROR
2026-01-05 14:20:00,s6620,u855,Morocco,iOS,Series A,1,28,0.33,0.04,2722,1997,
2026-01-05 14:21:00,s6621,u1622,France,STB,Sport Live,1,55,0.1,0.1,9514,1773,
2026-01-05 14:22:00,s6622,u410,Tunisia,Smart TV,Kids Show,1,62,0.64,0.35,6524,4430,
2026-01-05 14:23:00,s6623,u417,Senegal,Smart TV,Sport Live,1,4,1.01,0.23,6357,4607,LOW_BITRATE
2026-01-05 14:24:00,s6624,u1185,Ivory Coast,Mobile,Documentary D,1,21,0.18,0.1,10535,4567,LOW_BITRATE
2026-01-05 14:25:00,s6625,u1577,Tunisia,STB,Sport Live,1,77,1.32,0.46,4075,2592,
2026-01-05 14:26:00,s6626,u2110,Senegal,Android TV,Series A,1,20,1.38,0.2,3764,2778,CDN_ERROR
2026-01-05 14:27:00,s6627,u1399,France,Smart TV,Sport Live,1,34,0.95,0.45,5833,1822,BUFFERING_ERROR
2026-01-05 14:28:00,s6628,u2005,Tunisia,Mobile,Kids Show,1,88,0.09,0.5,4674,3734,
2026-01-05 14:29:00,s6629,u1030,Cameroon,Mobile,Movie C,1,43,0.81,0.14,3484,4865,STARTUP_TIMEOUT
2026-01-05 14:30:00,s6630,u2443,Senegal,Android TV,Series A,1,1,1.22,0.19,5339,2901,
2026-01-05 14:31:00,s6631,u1885,Tunisia,iOS,Sport Live,1,83,0.52,0.32,3713,2249,BUFFERING_ERROR
2026-01-05 14:32:00,s6632,u655,Morocco,Smart TV,Documentary D,1,78,1.37,0.07,2193,1707,LOW_BITRATE
2026-01-05 14:33:00,s6633,u1406,France,STB,Series B,1,22,0.23,0.5,4720,2988,
2026-01-05 14:34:00,s6634,u37,Morocco,Mobile,Sport Live,1,72,1.22,0.17,2616,527,CDN_ERROR
2026-01-05 14:35:00,s6635,u349,Ivory Coast,Web,Sport Live,1,1,0.45,0.44,7740,3391,
2026-01-05 14:36:00,s6636,u1614,France,Web,Kids Show,1,45,0.4,0.48,9652,642,CDN_ERROR
2026-01-05 14:37:00,s6637,u601,France,STB,Documentary D,1,74,1.46,0.22,6672,2819,
2026-01-05 14:38:00,s6638,u1128,Cameroon,Web,Series B,1,42,1.27,0.03,11701,2714,AUTH_ERROR
2026-01-05 14:39:00,s6639,u320,Ivory Coast,STB,Kids Show,1,57,0.52,0.49,1805,5275,BUFFERING_ERROR
2026-01-05 14:40:00,s6640,u806,France,iOS,Series B,1,89,0.97,0.31,9300,4820,LOW_BITRATE
2026-01-05 14:41:00,s6641,u2192,Tunisia,Android TV,Movie C,1,1,0.48,0.32,11876,2154,
2026-01-05 14:42:00,s6642,u671,France,Smart TV,Movie C,1,88,0.82,0.28,3810,3416,AUTH_ERROR
2026-01-05 14:43:00,s6643,u2449,Cameroon,Mobile,Kids Show,1,28,0.22,0.46,3910,1844,LOW_BITRATE
2026-01-05 14:44:00,s6644,u774,Cameroon,Android TV,Series B,1,25,0.95,0.28,10068,2762,AUTH_ERROR
2026-01-05 14:45:00,s6645,u2343,Cameroon,STB,Kids Show,1,52,0.96,0.3,8743,542,STARTUP_TIMEOUT
2026-01-05 14:46:00,s6646,u658,France,iOS,Sport Live,1,5,1.47,0.16,9069,3356,
2026-01-05 14:47:00,s6647,u467,Senegal,Web,Movie C,1,54,0.82,0.41,6093,5759,STARTUP_TIMEOUT
2026-01-05 14:48:00,s6648,u1771,Ivory Coast,Android TV,Series A,1,61,0.99,0.35,8670,5012,
2026-01-05 14:49:00,s6649,u2056,Ivory Coast,Smart TV,Series B,1,46,0.22,0.18,8295,5431,STARTUP_TIMEOUT
2026-01-05 14:50:00,s6650,u411,Cameroon,Mobile,Movie C,1,54,1.4,0.51,634,4996,
2026-01-05 14:51:00,s6651,u1335,Tunisia,iOS,Movie C,1,45,1.32,0.46,6007,3279,
2026-01-05 14:52:00,s6652,u1804,Cameroon,iOS,Series B,1,58,0.59,0.31,7028,5157,CDN_ERROR
2026-01-05 14:53:00,s6653,u2207,Cameroon,iOS,Documentary D,1,66,0.47,0.52,7111,5705,AUTH_ERROR
2026-01-05 14:54:00,s6654,u1917,Senegal,STB,Series A,1,84,1.46,0.53,1692,4771,BUFFERING_ERROR
2026-01-05 14:55:00,s6655,u347,Ivory Coast,Android TV,Movie C,1,13,0.97,0.52,7590,1404,
2026-01-05 14:56:00,s6656,u1377,Morocco,Mobile,Documentary D,1,19,0.15,0.41,7812,430,
2026-01-05 14:57:00,s6657,u386,Senegal,Android TV,Series B,1,38,0.58,0.1,11077,4966,CDN_ERROR
2026-01-05 14:58:00,s6658,u1445,Morocco,iOS,Series B,1,80,1.1,0.25,505,3591,
2026-01-05 14:59:00,s6659,u2108,Morocco,iOS,Kids Show,1,10,1.38,0.47,5031,3549,
2026-01-05 15:00:00,s6660,u1104,Cameroon,Web,Documentary D,1,23,0.14,0.39,5367,3111,BUFFERING_ERROR
2026-01-05 15:01:00,s6661,u1479,Cameroon,Mobile,Series A,1,11,0.48,0.16,9569,2558,
2026-01-05 15:02:00,s6662,u2228,Senegal,Smart TV,Movie C,1,5,0.77,0.19,1513,3039,
2026-01-05 15:03:00,s6663,u2134,Cameroon,Android TV,Movie C,1,5,0.26,0.49,2791,5187,LOW_BITRATE
2026-01-05 15:04:00,s6664,u1982,Ivory Coast,STB,Kids Show,1,15,1.41,0.26,9363,5214,BUFFERING_ERROR
2026-01-05 15:05:00,s6665,u882,Senegal,Web,Sport Live,1,40,1.29,0.33,5256,4071,
2026-01-05 15:06:00,s6666,u1977,Tunisia,STB,Sport Live,1,21,0.41,0.04,6711,2432,BUFFERING_ERROR
2026-01-05 15:07:00,s6667,u2087,Ivory Coast,iOS,Kids Show,1,88,0.34,0.53,6322,3720,BUFFERING_ERROR
2026-01-05 15:08:00,s6668,u1612,Morocco,Android TV,Kids Show,1,27,0.2,0.42,11994,4875,STARTUP_TIMEOUT
2026-01-05 15:09:00,s6669,u111,Cameroon,Android TV,Kids Show,1,17,0.82,0.15,11026,3112,
2026-01-05 15:10:00,s6670,u438,France,iOS,Kids Show,1,22,0.27,0.5,11602,536,CDN_ERROR
2026-01-05 15:11:00,s6671,u233,Cameroon,Android TV,Kids Show,1,22,1.23,0.23,9988,2324,AUTH_ERROR
2026-01-05 15:12:00,s6672,u1369,Morocco,Web,Series A,1,84,1.25,0.28,11500,2185,STARTUP_TIMEOUT
2026-01-05 15:13:00,s6673,u895,Senegal,iOS,Kids Show,1,48,0.57,0.44,7258,5012,AUTH_ERROR
2026-01-05 15:14:00,s6674,u2445,Morocco,iOS,Sport Live,1,71,0.62,0.02,11640,405,STARTUP_TIMEOUT
2026-01-05 15:15:00,s6675,u297,Ivory Coast,Android TV,Movie C,1,79,0.49,0.27,3014,4004,AUTH_ERROR
2026-01-05 15:16:00,s6676,u2103,Tunisia,iOS,Sport Live,1,52,0.42,0.47,1362,3674,AUTH_ERROR
2026-01-05 15:17:00,s6677,u1435,Tunisia,iOS,Series B,1,6,1.38,0.33,1141,5847,
2026-01-05 15:18:00,s6678,u1317,Senegal,Web,Movie C,1,43,0.21,0.35,3529,5048,
2026-01-05 15:19:00,s6679,u1095,Ivory Coast,Smart TV,Sport Live,1,43,1.41,0.53,9320,1457,BUFFERING_ERROR
2026-01-05 15:20:00,s6680,u947,France,Smart TV,Kids Show,1,38,1.3,0.03,8759,3910,
2026-01-05 15:21:00,s6681,u1987,Tunisia,Web,Movie C,1,73,0.59,0.17,4306,956,LOW_BITRATE
2026-01-05 15:22:00,s6682,u287,Senegal,Android TV,Kids Show,1,64,1.39,0.03,9320,1862,
2026-01-05 15:23:00,s6683,u2495,France,Mobile,Movie C,1,76,0.17,0.35,5944,4589,LOW_BITRATE
2026-01-05 15:24:00,s6684,u2109,France,Smart TV,Series B,1,18,0.02,0.22,860,5053,LOW_BITRATE
2026-01-05 15:25:00,s6685,u918,Morocco,STB,Movie C,1,73,0.13,0.52,11269,3437,STARTUP_TIMEOUT
2026-01-05 15:26:00,s6686,u1148,Senegal,Android TV,Series B,1,37,1.09,0.35,6676,767,CDN_ERROR
2026-01-05 15:27:00,s6687,u270,Senegal,Smart TV,Kids Show,1,7,1.22,0.54,7184,1145,CDN_ERROR
2026-01-05 15:28:00,s6688,u2303,Ivory Coast,Web,Documentary D,1,8,0.91,0.24,1979,3658,
2026-01-05 15:29:00,s6689,u977,Morocco,Android TV,Series B,1,34,0.22,0.42,1433,5062,
2026-01-05 15:30:00,s6690,u2348,Morocco,Web,Sport Live,1,41,0.32,0.39,11280,2736,
2026-01-05 15:31:00,s6691,u1067,France,Android TV,Series A,1,26,1.28,0.44,10482,1480,
2026-01-05 15:32:00,s6692,u1623,Senegal,STB,Documentary D,1,7,0.92,0.22,4578,3019,
2026-01-05 15:33:00,s6693,u380,Morocco,iOS,Series B,1,28,0.14,0.49,2675,1780,CDN_ERROR
2026-01-05 15:34:00,s6694,u2376,Cameroon,Smart TV,Sport Live,1,33,0.41,0.4,4079,1055,STARTUP_TIMEOUT
2026-01-05 15:35:00,s6695,u2448,Tunisia,STB,Sport Live,1,10,0.85,0.11,10919,4215,
2026-01-05 15:36:00,s6696,u1060,Morocco,Android TV,Kids Show,1,30,1.46,0.25,6889,4922,CDN_ERROR
2026-01-05 15:37:00,s6697,u892,Cameroon,Smart TV,Sport Live,1,24,0.53,0.1,3973,4245,
2026-01-05 15:38:00,s6698,u903,Senegal,iOS,Kids Show,1,67,0.92,0.36,1226,5140,LOW_BITRATE
2026-01-05 15:39:00,s6699,u1800,Morocco,Smart TV,Kids Show,1,8,0.99,0.46,6968,3333,LOW_BITRATE
2026-01-05 15:40:00,s6700,u1380,Ivory Coast,STB,Kids Show,1,45,0.83,0.48,9030,2519,AUTH_ERROR
2026-01-05 15:41:00,s6701,u336,Ivory Coast,Web,Series A,1,13,1.02,0.45,8635,5829,
2026-01-05 15:42:00,s6702,u1642,Ivory Coast,Web,Sport Live,1,53,0.54,0.25,4055,3270,
2026-01-05 15:43:00,s6703,u2431,Morocco,STB,Sport Live,1,77,0.38,0.07,7129,3122,CDN_ERROR
2026-01-05 15:44:00,s6704,u1088,Ivory Coast,Mobile,Documentary D,1,58,0.07,0.53,8303,2704,LOW_BITRATE
2026-01-05 15:45:00,s6705,u1823,Cameroon,iOS,Kids Show,1,20,0.23,0.04,5115,1481,BUFFERING_ERROR
2026-01-05 15:46:00,s6706,u476,Ivory Coast,Android TV,Kids Show,1,47,0.75,0.08,6194,1459,AUTH_ERROR
2026-01-05 15:47:00,s6707,u2265,Cameroon,Web,Sport Live,1,7,0.87,0.3,7718,1418,
2026-01-05 15:48:00,s6708,u1796,Senegal,STB,Series B,1,32,1.08,0.4,3189,2718,AUTH_ERROR
2026-01-05 15:49:00,s6709,u754,Senegal,Mobile,Series B,1,22,0.03,0.2,3961,533,STARTUP_TIMEOUT
2026-01-05 15:50:00,s6710,u1941,Tunisia,Mobile,Kids Show,1,47,0.98,0.08,2005,5429,
2026-01-05 15:51:00,s6711,u590,Ivory Coast,Mobile,Series A,1,73,1.3,0.36,10795,4270,STARTUP_TIMEOUT
2026-01-05 15:52:00,s6712,u2105,France,Mobile,Series A,1,51,1.12,0.41,2565,1433,
2026-01-05 15:53:00,s6713,u422,Tunisia,Smart TV,Sport Live,1,88,1.48,0.37,7764,3555,STARTUP_TIMEOUT
2026-01-05 15:54:00,s6714,u2374,France,Smart TV,Series B,1,11,0.79,0.39,1826,4923,LOW_BITRATE
2026-01-05 15:55:00,s6715,u1346,Ivory Coast,Web,Series A,1,77,1.25,0.44,4000,2661,
2026-01-05 15:56:00,s6716,u367,Tunisia,Android TV,Sport Live,1,46,1.06,0.43,2196,3414,
2026-01-05 15:57:00,s6717,u856,Cameroon,Web,Documentary D,1,80,0.46,0.38,11958,3194,AUTH_ERROR
2026-01-05 15:58:00,s6718,u677,Cameroon,STB,Movie C,1,45,1.13,0.27,9110,4205,
2026-01-05 15:59:00,s6719,u894,Tunisia,Web,Sport Live,1,81,1.26,0.11,11430,3175,BUFFERING_ERROR
2026-01-05 16:00:00,s6720,u1140,Senegal,Smart TV,Kids Show,1,55,0.68,0.04,6816,613,AUTH_ERROR
2026-01-05 16:01:00,s6721,u388,Morocco,iOS,Documentary D,1,18,1.46,0.39,1260,4480,CDN_ERROR
2026-01-05 16:02:00,s6722,u1591,Senegal,Web,Series B,1,62,0.37,0.53,3589,3279,
2026-01-05 16:03:00,s6723,u955,Cameroon,iOS,Series B,1,2,0.6,0.03,5233,3855,
2026-01-05 16:04:00,s6724,u381,Morocco,STB,Movie C,1,60,0.76,0.31,5809,4924,LOW_BITRATE
2026-01-05 16:05:00,s6725,u2122,Morocco,iOS,Sport Live,1,12,0.81,0.53,2247,498,
2026-01-05 16:06:00,s6726,u885,Ivory Coast,iOS,Documentary D,1,49,1.07,0.47,4745,1859,AUTH_ERROR
2026-01-05 16:07:00,s6727,u1506,France,Smart TV,Documentary D,1,53,0.82,0.44,6136,1388,BUFFERING_ERROR
2026-01-05 16:08:00,s6728,u1308,Tunisia,iOS,Kids Show,1,13,0.43,0.32,3910,2504,BUFFERING_ERROR
2026-01-05 16:09:00,s6729,u426,Tunisia,Web,Movie C,1,12,0.32,0.28,8080,5251,LOW_BITRATE
2026-01-05 16:10:00,s6730,u1591,France,Smart TV,Documentary D,1,13,1.25,0.33,3211,3913,LOW_BITRATE
2026-01-05 16:11:00,s6731,u918,Cameroon,Android TV,Series A,1,85,0.97,0.31,2060,5494,AUTH_ERROR
2026-01-05 16:12:00,s6732,u817,Cameroon,iOS,Movie C,1,7,0.33,0.49,4960,4148,
2026-01-05 16:13:00,s6733,u1585,Morocco,iOS,Movie C,1,8,1.04,0.19,718,4168,
2026-01-05 16:14:00,s6734,u825,Cameroon,Android TV,Movie C,1,57,0.15,0.13,2336,3196,BUFFERING_ERROR
2026-01-05 16:15:00,s6735,u1732,Morocco,Mobile,Series A,1,32,0.22,0.34,6189,5069,BUFFERING_ERROR
2026-01-05 16:16:00,s6736,u1125,Morocco,Mobile,Kids Show,1,78,0.49,0.2,5199,4466,
2026-01-05 16:17:00,s6737,u629,France,Android TV,Movie C,1,50,1.19,0.13,4550,4298,STARTUP_TIMEOUT
2026-01-05 16:18:00,s6738,u49,Senegal,Mobile,Series A,1,70,0.66,0.16,9442,4399,STARTUP_TIMEOUT
2026-01-05 16:19:00,s6739,u1770,Tunisia,Smart TV,Kids Show,1,64,1.02,0.34,6422,5463,STARTUP_TIMEOUT
2026-01-05 16:20:00,s6740,u2116,Cameroon,STB,Movie C,1,47,1.46,0.11,10244,4235,
2026-01-05 16:21:00,s6741,u82,Senegal,STB,Movie C,1,20,1.19,0.41,10137,1835,
2026-01-05 16:22:00,s6742,u368,France,Android TV,Series A,1,41,1.22,0.19,1592,5358,BUFFERING_ERROR
2026-01-05 16:23:00,s6743,u998,Morocco,Smart TV,Kids Show,1,40,1.08,0.2,4773,3994,STARTUP_TIMEOUT
2026-01-05 16:24:00,s6744,u761,Morocco,Web,Movie C,1,69,0.17,0.06,6804,499,AUTH_ERROR
2026-01-05 16:25:00,s6745,u29,Tunisia,Android TV,Movie C,1,39,1.18,0.43,8962,1886,
2026-01-05 16:26:00,s6746,u1270,France,Smart TV,Kids Show,1,51,1.09,0.51,9752,4729,STARTUP_TIMEOUT
2026-01-05 16:27:00,s6747,u841,Cameroon,Web,Series B,1,86,0.1,0.44,3934,5102,LOW_BITRATE
2026-01-05 16:28:00,s6748,u105,France,Web,Kids Show,1,37,1.01,0.2,1399,2563,
2026-01-05 16:29:00,s6749,u1636,Tunisia,STB,Movie C,1,35,0.17,0.38,8491,2170,BUFFERING_ERROR
2026-01-05 16:30:00,s6750,u1718,Ivory Coast,Android TV,Kids Show,1,13,0.73,0.04,3765,3151,STARTUP_TIMEOUT
2026-01-05 16:31:00,s6751,u2185,Cameroon,iOS,Documentary D,1,59,0.69,0.19,3342,5170,STARTUP_TIMEOUT
2026-01-05 16:32:00,s6752,u772,Tunisia,Android TV,Documentary D,1,3,0.56,0.44,5170,5213,BUFFERING_ERROR
2026-01-05 16:33:00,s6753,u284,Tunisia,iOS,Series A,1,22,1.39,0.16,6101,4197,
2026-01-05 16:34:00,s6754,u789,Morocco,Android TV,Sport Live,1,25,0.42,0.08,2843,5848,CDN_ERROR
2026-01-05 16:35:00,s6755,u218,Tunisia,Android TV,Movie C,1,60,1.03,0.17,1936,3011,
2026-01-05 16:36:00,s6756,u1741,Cameroon,iOS,Series A,1,28,0.09,0.26,8993,4211,BUFFERING_ERROR
2026-01-05 16:37:00,s6757,u2220,Ivory Coast,iOS,Series B,1,75,1.08,0.3,2679,4366,BUFFERING_ERROR
2026-01-05 16:38:00,s6758,u361,Tunisia,Mobile,Series B,1,41,1.05,0.15,9066,4295,LOW_BITRATE
2026-01-05 16:39:00,s6759,u1087,Ivory Coast,Smart TV,Series B,1,90,0.06,0.46,4803,551,LOW_BITRATE
2026-01-05 16:40:00,s6760,u548,Ivory Coast,Mobile,Kids Show,1,84,1.29,0.49,4928,3628,LOW_BITRATE
2026-01-05 16:41:00,s6761,u2065,Tunisia,iOS,Sport Live,1,17,0.68,0.17,11980,1596,AUTH_ERROR
2026-01-05 16:42:00,s6762,u2145,France,Smart TV,Documentary D,1,43,0.22,0.28,5596,1208,STARTUP_TIMEOUT
2026-01-05 16:43:00,s6763,u2111,Ivory Coast,STB,Movie C,1,59,1.27,0.25,6463,3483,BUFFERING_ERROR
2026-01-05 16:44:00,s6764,u512,Morocco,iOS,Movie C,1,27,0.31,0.49,1713,2900,CDN_ERROR
2026-01-05 16:45:00,s6765,u435,Senegal,Mobile,Documentary D,1,67,1.4,0.37,10672,5794,CDN_ERROR
2026-01-05 16:46:00,s6766,u544,France,Smart TV,Kids Show,1,13,1.17,0.46,597,5568,STARTUP_TIMEOUT
2026-01-05 16:47:00,s6767,u1432,Cameroon,Mobile,Kids Show,1,15,0.15,0.25,11954,3344,
2026-01-05 16:48:00,s6768,u1794,France,STB,Kids Show,1,50,0.02,0.1,10837,2203,
2026-01-05 16:49:00,s6769,u467,France,Web,Movie C,1,21,0.21,0.52,2229,4005,STARTUP_TIMEOUT
2026-01-05 16:50:00,s6770,u566,Tunisia,Android TV,Documentary D,1,11,1.09,0.33,10818,3945,STARTUP_TIMEOUT
2026-01-05 16:51:00,s6771,u2158,Tunisia,Android TV,Movie C,1,71,1.04,0.17,7454,2873,
2026-01-05 16:52:00,s6772,u1892,France,Android TV,Series B,1,61,0.55,0.53,10033,2232,
2026-01-05 16:53:00,s6773,u59,Cameroon,STB,Series B,1,49,0.68,0.21,5863,4685,
2026-01-05 16:54:00,s6774,u2144,Cameroon,Smart TV,Sport Live,1,88,1.29,0.38,11359,5358,STARTUP_TIMEOUT
2026-01-05 16:55:00,s6775,u780,Cameroon,iOS,Sport Live,1,23,0.53,0.28,10589,3828,
2026-01-05 16:56:00,s6776,u1043,Morocco,Web,Documentary D,1,7,0.46,0.24,8398,3974,
2026-01-05 16:57:00,s6777,u1607,Morocco,iOS,Sport Live,1,10,1.08,0.26,8537,5434,CDN_ERROR
2026-01-05 16:58:00,s6778,u1441,Ivory Coast,STB,Movie C,1,71,0.52,0.44,7124,5344,
2026-01-05 16:59:00,s6779,u820,Ivory Coast,Android TV,Series B,1,5,1.16,0.07,9682,2838,
2026-01-05 17:00:00,s6780,u568,Tunisia,Smart TV,Sport Live,1,79,0.58,0.11,2636,5984,AUTH_ERROR
2026-01-05 17:01:00,s6781,u2020,Ivory Coast,Web,Documentary D,1,32,0.38,0.35,1215,1467,AUTH_ERROR
2026-01-05 17:02:00,s6782,u806,France,Web,Kids Show,1,11,0.32,0.36,4287,5141,BUFFERING_ERROR
2026-01-05 17:03:00,s6783,u1672,France,STB,Sport Live,1,39,0.34,0.16,1140,2993,LOW_BITRATE
2026-01-05 17:04:00,s6784,u912,Cameroon,STB,Documentary D,1,63,1.24,0.3,9707,1089,CDN_ERROR
2026-01-05 17:05:00,s6785,u873,France,Mobile,Documentary D,1,29,0.63,0.1,7053,1571,AUTH_ERROR
2026-01-05 17:06:00,s6786,u1472,Senegal,Android TV,Sport Live,1,61,0.73,0.36,4377,3913,
2026-01-05 17:07:00,s6787,u656,Senegal,Mobile,Kids Show,1,53,1.39,0.53,9329,2611,STARTUP_TIMEOUT
2026-01-05 17:08:00,s6788,u418,Cameroon,iOS,Kids Show,1,46,1.15,0.1,6658,967,
2026-01-05 17:09:00,s6789,u1965,Ivory Coast,Android TV,Kids Show,1,17,0.11,0.03,11415,1528,CDN_ERROR
2026-01-05 17:10:00,s6790,u141,Senegal,Android TV,Sport Live,1,2,0.1,0.29,928,549,CDN_ERROR
2026-01-05 17:11:00,s6791,u902,Ivory Coast,STB,Series B,1,27,0.1,0.2,10532,942,
2026-01-05 17:12:00,s6792,u35,Morocco,Mobile,Series B,1,64,1.02,0.51,4579,2600,
2026-01-05 17:13:00,s6793,u2210,Ivory Coast,Smart TV,Series B,1,67,0.09,0.04,11923,2512,AUTH_ERROR
2026-01-05 17:14:00,s6794,u866,France,Mobile,Series A,1,70,1.12,0.13,919,1619,
2026-01-05 17:15:00,s6795,u1574,Tunisia,STB,Movie C,1,53,1.41,0.5,5718,3830,AUTH_ERROR
2026-01-05 17:16:00,s6796,u1604,France,STB,Kids Show,1,80,0.66,0.45,8882,5455,BUFFERING_ERROR
2026-01-05 17:17:00,s6797,u1224,Cameroon,Android TV,Sport Live,1,83,1.15,0.14,10268,4045,CDN_ERROR
2026-01-05 17:18:00,s6798,u1596,Morocco,STB,Documentary D,1,22,0.16,0.31,7290,1367,BUFFERING_ERROR
2026-01-05 17:19:00,s6799,u2034,Ivory Coast,Android TV,Series A,1,61,0.79,0.23,7410,1243,CDN_ERROR
2026-01-05 17:20:00,s6800,u2066,Tunisia,iOS,Series A,1,41,1.13,0.05,7006,911,STARTUP_TIMEOUT
2026-01-05 17:21:00,s6801,u247,Morocco,Web,Documentary D,1,70,0.27,0.22,11676,3614,CDN_ERROR
2026-01-05 17:22:00,s6802,u1948,Morocco,Android TV,Series B,1,20,0.87,0.48,8600,2543,
2026-01-05 17:23:00,s6803,u1978,Morocco,STB,Movie C,1,23,1.1,0.3,10145,2852,STARTUP_TIMEOUT
2026-01-05 17:24:00,s6804,u1529,France,STB,Movie C,1,32,1.24,0.31,3186,3436,AUTH_ERROR
2026-01-05 17:25:00,s6805,u1725,Cameroon,Smart TV,Documentary D,1,85,0.71,0.52,4427,5623,
2026-01-05 17:26:00,s6806,u2018,France,STB,Series A,1,84,1.29,0.21,10362,5410,
2026-01-05 17:27:00,s6807,u1518,France,STB,Documentary D,1,17,0.1,0.44,2733,5933,
2026-01-05 17:28:00,s6808,u965,Cameroon,STB,Kids Show,1,63,0.55,0.43,6932,3859,
2026-01-05 17:29:00,s6809,u2467,Cameroon,STB,Series B,1,4,0.57,0.22,9263,1171,LOW_BITRATE
2026-01-05 17:30:00,s6810,u1561,Cameroon,iOS,Series B,1,55,0.85,0.39,2337,1022,LOW_BITRATE
2026-01-05 17:31:00,s6811,u931,France,iOS,Series B,1,27,0.17,0.32,6992,2756,
2026-01-05 17:32:00,s6812,u1986,Cameroon,STB,Series A,1,88,0.67,0.41,4056,944,
2026-01-05 17:33:00,s6813,u2330,Ivory Coast,Smart TV,Movie C,1,51,0.7,0.24,10456,4996,
2026-01-05 17:34:00,s6814,u2302,France,Mobile,Series B,1,22,0.49,0.23,4308,4806,
2026-01-05 17:35:00,s6815,u1826,Senegal,Smart TV,Sport Live,1,13,1.13,0.54,1757,3971,CDN_ERROR
2026-01-05 17:36:00,s6816,u610,France,iOS,Documentary D,1,14,0.5,0.02,11172,5845,BUFFERING_ERROR
2026-01-05 17:37:00,s6817,u1798,France,STB,Series B,1,28,0.38,0.41,2605,5025,
2026-01-05 17:38:00,s6818,u510,Morocco,iOS,Series B,1,32,1.31,0.19,3137,2267,CDN_ERROR
2026-01-05 17:39:00,s6819,u157,France,Web,Sport Live,1,77,1.19,0.23,11568,5348,
2026-01-05 17:40:00,s6820,u832,Cameroon,Smart TV,Series A,1,12,0.8,0.41,11274,2064,
2026-01-05 17:41:00,s6821,u2222,Morocco,Mobile,Series A,1,37,1.11,0.27,6537,1282,LOW_BITRATE
2026-01-05 17:42:00,s6822,u129,Cameroon,STB,Movie C,1,49,1.34,0.52,8967,1958,AUTH_ERROR
2026-01-05 17:43:00,s6823,u1529,Senegal,STB,Kids Show,1,86,0.89,0.1,1141,1938,
2026-01-05 17:44:00,s6824,u375,Cameroon,Smart TV,Kids Show,1,51,1.24,0.06,1965,784,
2026-01-05 17:45:00,s6825,u2102,Ivory Coast,iOS,Series B,1,34,0.98,0.09,10780,1483,
2026-01-05 17:46:00,s6826,u2303,Cameroon,Android TV,Series A,1,63,0.06,0.2,5935,2942,STARTUP_TIMEOUT
2026-01-05 17:47:00,s6827,u744,Ivory Coast,iOS,Documentary D,1,1,1.08,0.18,2780,3880,AUTH_ERROR
2026-01-05 17:48:00,s6828,u1836,Ivory Coast,STB,Series B,1,46,1.21,0.24,4579,3578,CDN_ERROR
2026-01-05 17:49:00,s6829,u2219,Morocco,STB,Series A,1,13,0.25,0.16,8600,3583,BUFFERING_ERROR
2026-01-05 17:50:00,s6830,u1097,Ivory Coast,STB,Kids Show,1,71,0.79,0.35,10167,784,LOW_BITRATE
2026-01-05 17:51:00,s6831,u1065,France,STB,Movie C,1,18,0.45,0.31,9371,905,
2026-01-05 17:52:00,s6832,u1865,Morocco,Web,Series B,1,30,0.73,0.41,2609,2781,
2026-01-05 17:53:00,s6833,u5,Cameroon,Smart TV,Series B,1,73,1.1,0.15,6382,5510,
2026-01-05 17:54:00,s6834,u54,France,Mobile,Documentary D,1,15,1.47,0.53,3194,730,AUTH_ERROR
2026-01-05 17:55:00,s6835,u1892,Tunisia,Web,Series B,1,41,0.82,0.33,2863,2573,BUFFERING_ERROR
2026-01-05 17:56:00,s6836,u1624,France,iOS,Series B,1,13,0.88,0.34,683,4344,LOW_BITRATE
2026-01-05 17:57:00,s6837,u2320,Cameroon,Android TV,Kids Show,1,43,0.67,0.45,1063,3344,STARTUP_TIMEOUT
2026-01-05 17:58:00,s6838,u1298,Ivory Coast,Web,Documentary D,1,36,0.86,0.48,9624,4108,
2026-01-05 17:59:00,s6839,u2061,France,Mobile,Movie C,1,41,0.73,0.27,4566,5587,
2026-01-05 18:00:00,s6840,u1598,Senegal,Web,Series B,1,41,0.92,0.27,9413,1598,CDN_ERROR
2026-01-05 18:01:00,s6841,u1911,Morocco,Web,Kids Show,1,38,1.49,0.22,4865,3044,BUFFERING_ERROR
2026-01-05 18:02:00,s6842,u389,France,STB,Documentary D,1,13,0.4,0.03,11111,1408,LOW_BITRATE
2026-01-05 18:03:00,s6843,u2391,Morocco,Smart TV,Documentary D,1,13,1.4,0.4,5798,3127,STARTUP_TIMEOUT
2026-01-05 18:04:00,s6844,u212,Morocco,STB,Series B,1,90,0.51,0.54,7549,4088,
2026-01-05 18:05:00,s6845,u2435,Morocco,Mobile,Kids Show,1,31,0.44,0.53,11639,2814,
2026-01-05 18:06:00,s6846,u1446,Senegal,Smart TV,Sport Live,1,56,1.35,0.33,9843,4059,
2026-01-05 18:07:00,s6847,u2266,Cameroon,Android TV,Series A,1,42,1.49,0.54,912,3365,LOW_BITRATE
2026-01-05 18:08:00,s6848,u720,Morocco,Android TV,Series B,1,82,1.24,0.06,1900,2561,
2026-01-05 18:09:00,s6849,u938,Ivory Coast,iOS,Series A,1,41,0.9,0.42,4711,2040,LOW_BITRATE
2026-01-05 18:10:00,s6850,u949,Ivory Coast,iOS,Sport Live,1,12,1.41,0.51,6907,5420,
2026-01-05 18:11:00,s6851,u1443,Cameroon,iOS,Kids Show,1,5,0.52,0.08,1072,1511,
2026-01-05 18:12:00,s6852,u1109,Morocco,Android TV,Movie C,1,12,1.3,0.14,11695,2870,LOW_BITRATE
2026-01-05 18:13:00,s6853,u915,Senegal,STB,Movie C,1,89,0.44,0.28,5231,2608,STARTUP_TIMEOUT
2026-01-05 18:14:00,s6854,u1,France,Android TV,Documentary D,1,71,0.18,0.2,10594,2338,LOW_BITRATE
2026-01-05 18:15:00,s6855,u209,France,Android TV,Kids Show,1,46,0.75,0.37,1553,1873,CDN_ERROR
2026-01-05 18:16:00,s6856,u2161,Ivory Coast,Android TV,Series A,1,72,0.7,0.28,5796,2144,CDN_ERROR
2026-01-05 18:17:00,s6857,u994,Tunisia,Web,Series B,1,27,1.45,0.16,3140,5608,STARTUP_TIMEOUT
2026-01-05 18:18:00,s6858,u2179,Senegal,STB,Series A,1,61,1.17,0.23,3264,4492,
2026-01-05 18:19:00,s6859,u432,Morocco,STB,Series A,1,27,0.34,0.36,2746,757,
2026-01-05 18:20:00,s6860,u726,Tunisia,STB,Sport Live,1,30,1.08,0.27,2648,5007,AUTH_ERROR
2026-01-05 18:21:00,s6861,u466,Senegal,STB,Movie C,1,1,0.04,0.22,10785,2031,LOW_BITRATE
2026-01-05 18:22:00,s6862,u922,Senegal,STB,Series A,1,9,1.09,0.24,11238,5028,BUFFERING_ERROR
2026-01-05 18:23:00,s6863,u116,Ivory Coast,Mobile,Movie C,1,46,1.12,0.33,1391,3997,
2026-01-05 18:24:00,s6864,u356,Morocco,STB,Movie C,1,26,0.73,0.25,6555,3732,AUTH_ERROR
2026-01-05 18:25:00,s6865,u2223,Ivory Coast,Android TV,Documentary D,1,63,0.17,0.51,9420,4696,STARTUP_TIMEOUT
2026-01-05 18:26:00,s6866,u1108,Senegal,Smart TV,Documentary D,1,87,0.13,0.14,3747,5959,BUFFERING_ERROR
2026-01-05 18:27:00,s6867,u249,France,Mobile,Sport Live,1,75,1.24,0.22,789,5661,LOW_BITRATE
2026-01-05 18:28:00,s6868,u1449,France,Smart TV,Series B,1,76,1.19,0.38,11870,2418,BUFFERING_ERROR
2026-01-05 18:29:00,s6869,u2380,Tunisia,STB,Kids Show,1,57,0.59,0.27,10973,3523,AUTH_ERROR
2026-01-05 18:30:00,s6870,u1778,Senegal,Mobile,Series A,1,8,0.17,0.47,3488,1234,LOW_BITRATE
2026-01-05 18:31:00,s6871,u763,Ivory Coast,iOS,Sport Live,1,32,0.67,0.38,9589,5040,
2026-01-05 18:32:00,s6872,u180,Cameroon,Web,Kids Show,1,62,0.74,0.39,10060,938,BUFFERING_ERROR
2026-01-05 18:33:00,s6873,u1353,Ivory Coast,Android TV,Series B,1,42,0.43,0.18,3750,4188,
2026-01-05 18:34:00,s6874,u1644,Ivory Coast,Web,Documentary D,1,51,1.14,0.24,2665,1294,BUFFERING_ERROR
2026-01-05 18:35:00,s6875,u692,Morocco,iOS,Sport Live,1,84,0.42,0.25,10588,2143,
2026-01-05 18:36:00,s6876,u1141,Morocco,iOS,Kids Show,1,27,0.44,0.3,1087,732,STARTUP_TIMEOUT
2026-01-05 18:37:00,s6877,u284,Senegal,iOS,Movie C,1,88,1.19,0.32,3996,3431,BUFFERING_ERROR
2026-01-05 18:38:00,s6878,u2415,Cameroon,Mobile,Series A,1,6,0.55,0.1,11813,2655,STARTUP_TIMEOUT
2026-01-05 18:39:00,s6879,u2265,Ivory Coast,STB,Sport Live,1,22,0.6,0.12,7895,2203,
2026-01-05 18:40:00,s6880,u2268,Ivory Coast,Mobile,Movie C,1,20,0.25,0.2,635,5682,
2026-01-05 18:41:00,s6881,u125,Tunisia,Web,Sport Live,1,82,0.71,0.17,7087,3050,CDN_ERROR
2026-01-05 18:42:00,s6882,u1039,France,Smart TV,Kids Show,1,88,0.43,0.3,2737,1728,CDN_ERROR
2026-01-05 18:43:00,s6883,u439,Ivory Coast,Android TV,Series B,1,15,1.26,0.51,6581,3473,AUTH_ERROR
2026-01-05 18:44:00,s6884,u1824,Tunisia,STB,Sport Live,1,61,0.35,0.03,5957,1669,CDN_ERROR
2026-01-05 18:45:00,s6885,u2027,France,Smart TV,Series B,1,65,0.26,0.39,4256,4056,BUFFERING_ERROR
2026-01-05 18:46:00,s6886,u1745,Cameroon,iOS,Documentary D,1,54,0.91,0.05,11660,2927,
2026-01-05 18:47:00,s6887,u1424,France,Android TV,Movie C,1,66,0.78,0.19,6325,4425,CDN_ERROR
2026-01-05 18:48:00,s6888,u950,Ivory Coast,Smart TV,Documentary D,1,86,0.88,0.41,4609,4651,
2026-01-05 18:49:00,s6889,u2478,Morocco,Smart TV,Documentary D,1,4,0.6,0.42,5842,1214,AUTH_ERROR
2026-01-05 18:50:00,s6890,u2166,Senegal,STB,Documentary D,1,45,0.88,0.02,5509,3905,
2026-01-05 18:51:00,s6891,u646,Morocco,STB,Series B,1,2,1.29,0.05,3236,5495,CDN_ERROR
2026-01-05 18:52:00,s6892,u1761,Morocco,Web,Sport Live,1,44,0.35,0.1,2700,4121,
2026-01-05 18:53:00,s6893,u283,Ivory Coast,iOS,Series A,1,80,0.41,0.26,6281,2481,CDN_ERROR
2026-01-05 18:54:00,s6894,u1750,Tunisia,Mobile,Series B,1,20,0.71,0.22,11810,4581,BUFFERING_ERROR
2026-01-05 18:55:00,s6895,u1595,Tunisia,Mobile,Movie C,1,73,1.38,0.07,7738,2623,
2026-01-05 18:56:00,s6896,u2410,Ivory Coast,iOS,Documentary D,1,79,0.12,0.49,5625,4382,
2026-01-05 18:57:00,s6897,u2036,Senegal,STB,Documentary D,1,12,1.14,0.39,8188,5877,CDN_ERROR
2026-01-05 18:58:00,s6898,u979,Cameroon,Web,Series B,1,2,1.31,0.45,9206,2660,
2026-01-05 18:59:00,s6899,u1047,Ivory Coast,Web,Series B,1,79,0.4,0.33,4182,1001,
2026-01-05 19:00:00,s6900,u1642,Cameroon,STB,Movie C,1,50,0.77,0.27,3504,1765,
2026-01-05 19:01:00,s6901,u2070,Tunisia,Web,Series A,1,86,0.96,0.42,11378,4596,CDN_ERROR
2026-01-05 19:02:00,s6902,u218,France,Android TV,Series B,1,32,0.35,0.3,6085,4106,
2026-01-05 19:03:00,s6903,u484,Cameroon,Android TV,Series B,1,35,0.95,0.07,4857,3402,CDN_ERROR
2026-01-05 19:04:00,s6904,u137,Tunisia,Web,Series A,1,84,0.05,0.24,756,5309,
2026-01-05 19:05:00,s6905,u2096,Ivory Coast,STB,Series B,1,46,0.3,0.08,10749,1768,AUTH_ERROR
2026-01-05 19:06:00,s6906,u740,France,Smart TV,Movie C,1,35,1.05,0.31,968,3780,
2026-01-05 19:07:00,s6907,u1458,Cameroon,STB,Movie C,1,43,0.09,0.22,3647,3229,LOW_BITRATE
2026-01-05 19:08:00,s6908,u1122,Morocco,STB,Movie C,1,66,0.87,0.12,2558,4515,
2026-01-05 19:09:00,s6909,u1175,Ivory Coast,Web,Series A,1,41,1.12,0.41,2210,2904,
2026-01-05 19:10:00,s6910,u2449,Tunisia,iOS,Series B,1,52,0.27,0.39,2680,3907,STARTUP_TIMEOUT
2026-01-05 19:11:00,s6911,u1876,France,Android TV,Kids Show,1,57,0.01,0.19,10419,4243,LOW_BITRATE
2026-01-05 19:12:00,s6912,u1495,France,Mobile,Sport Live,1,14,1.31,0.38,4334,5146,BUFFERING_ERROR
2026-01-05 19:13:00,s6913,u186,Tunisia,STB,Movie C,1,41,1.3,0.22,10833,4108,LOW_BITRATE
2026-01-05 19:14:00,s6914,u892,France,Android TV,Documentary D,1,66,0.49,0.09,10914,890,
2026-01-05 19:15:00,s6915,u498,Ivory Coast,Web,Kids Show,1,10,1.48,0.15,3740,3806,STARTUP_TIMEOUT
2026-01-05 19:16:00,s6916,u1581,Tunisia,Mobile,Movie C,1,80,0.49,0.43,9058,2438,AUTH_ERROR
2026-01-05 19:17:00,s6917,u2125,Cameroon,Mobile,Kids Show,1,36,1.3,0.16,9500,3944,
2026-01-05 19:18:00,s6918,u1596,France,Smart TV,Sport Live,1,47,0.26,0.04,5647,1181,
2026-01-05 19:19:00,s6919,u1212,France,Mobile,Series B,1,28,1.46,0.22,3094,5261,AUTH_ERROR
2026-01-05 19:20:00,s6920,u376,Cameroon,STB,Sport Live,1,74,1.28,0.32,5321,1975,
2026-01-05 19:21:00,s6921,u1890,Cameroon,iOS,Series A,1,88,0.98,0.35,1736,4660,
2026-01-05 19:22:00,s6922,u1929,France,Smart TV,Documentary D,1,72,1.31,0.47,3991,2200,
2026-01-05 19:23:00,s6923,u717,Cameroon,iOS,Series B,1,85,1.22,0.02,7796,2229,BUFFERING_ERROR
2026-01-05 19:24:00,s6924,u1266,Cameroon,Android TV,Sport Live,1,40,1.06,0.4,6589,768,AUTH_ERROR
2026-01-05 19:25:00,s6925,u2348,Senegal,Smart TV,Documentary D,1,79,0.69,0.26,772,2303,
2026-01-05 19:26:00,s6926,u583,France,Smart TV,Movie C,1,29,1.01,0.19,11277,1471,CDN_ERROR
2026-01-05 19:27:00,s6927,u1007,Cameroon,Web,Documentary D,1,89,0.34,0.34,6666,3366,LOW_BITRATE
2026-01-05 19:28:00,s6928,u65,Cameroon,Android TV,Documentary D,1,79,1.24,0.46,11910,2963,
2026-01-05 19:29:00,s6929,u2281,France,iOS,Series B,1,28,0.36,0.1,10659,2610,BUFFERING_ERROR
2026-01-05 19:30:00,s6930,u791,France,Smart TV,Movie C,1,84,0.15,0.27,5443,3757,STARTUP_TIMEOUT
2026-01-05 19:31:00,s6931,u1454,France,Smart TV,Kids Show,1,21,0.42,0.52,1358,1851,
2026-01-05 19:32:00,s6932,u619,Ivory Coast,Smart TV,Series A,1,16,0.84,0.52,4509,2592,
2026-01-05 19:33:00,s6933,u1327,France,STB,Series A,1,62,0.33,0.04,8362,1726,
2026-01-05 19:34:00,s6934,u1618,Cameroon,Android TV,Sport Live,1,8,0.31,0.11,5705,499,BUFFERING_ERROR
2026-01-05 19:35:00,s6935,u671,Tunisia,Mobile,Kids Show,1,65,1.4,0.07,9559,5934,STARTUP_TIMEOUT
2026-01-05 19:36:00,s6936,u249,France,Smart TV,Documentary D,1,64,0.16,0.53,1922,633,
2026-01-05 19:37:00,s6937,u2396,Cameroon,STB,Series B,1,3,0.56,0.19,1482,642,CDN_ERROR
2026-01-05 19:38:00,s6938,u633,Morocco,Web,Series B,1,20,0.26,0.12,6323,927,STARTUP_TIMEOUT
2026-01-05 19:39:00,s6939,u172,Senegal,Web,Series B,1,67,0.49,0.44,8205,3578,
2026-01-05 19:40:00,s6940,u257,Ivory Coast,iOS,Sport Live,1,52,0.49,0.03,5814,3549,
2026-01-05 19:41:00,s6941,u400,Tunisia,iOS,Sport Live,1,27,0.2,0.1,626,5389,STARTUP_TIMEOUT
2026-01-05 19:42:00,s6942,u2437,Senegal,Mobile,Kids Show,1,86,0.73,0.16,7436,4865,AUTH_ERROR
2026-01-05 19:43:00,s6943,u892,France,Mobile,Sport Live,1,5,0.32,0.43,4383,2619,AUTH_ERROR
2026-01-05 19:44:00,s6944,u2292,Tunisia,Web,Series A,1,60,1.1,0.29,11459,5082,
2026-01-05 19:45:00,s6945,u2495,Morocco,iOS,Sport Live,1,49,0.97,0.37,11154,537,AUTH_ERROR
2026-01-05 19:46:00,s6946,u1029,France,Web,Sport Live,1,80,1.28,0.31,550,4237,
2026-01-05 19:47:00,s6947,u1907,Senegal,iOS,Series B,1,27,0.55,0.35,7608,3477,
2026-01-05 19:48:00,s6948,u2456,Cameroon,iOS,Series B,1,50,0.84,0.12,1772,2359,STARTUP_TIMEOUT
2026-01-05 19:49:00,s6949,u1838,Ivory Coast,Web,Movie C,1,80,1.4,0.53,6469,2179,
2026-01-05 19:50:00,s6950,u689,France,iOS,Series B,1,30,0.27,0.52,5557,2545,STARTUP_TIMEOUT
2026-01-05 19:51:00,s6951,u1068,Ivory Coast,Web,Documentary D,1,25,1.4,0.34,4222,3488,STARTUP_TIMEOUT
2026-01-05 19:52:00,s6952,u2093,Morocco,Smart TV,Documentary D,1,17,1.29,0.35,8764,3310,BUFFERING_ERROR
2026-01-05 19:53:00,s6953,u2040,Ivory Coast,Smart TV,Sport Live,1,47,0.89,0.45,1269,1711,AUTH_ERROR
2026-01-05 19:54:00,s6954,u1063,France,Mobile,Movie C,1,43,0.39,0.26,11118,3615,
2026-01-05 19:55:00,s6955,u1324,Morocco,Android TV,Series B,1,24,0.68,0.4,3201,1125,AUTH_ERROR
2026-01-05 19:56:00,s6956,u387,Morocco,Web,Series A,1,27,0.96,0.18,3358,1168,LOW_BITRATE
2026-01-05 19:57:00,s6957,u2108,Ivory Coast,Mobile,Series B,1,51,0.64,0.07,10171,4671,CDN_ERROR
2026-01-05 19:58:00,s6958,u1119,Cameroon,STB,Documentary D,1,30,1.19,0.29,1599,1943,LOW_BITRATE
2026-01-05 19:59:00,s6959,u856,Tunisia,Mobile,Documentary D,1,5,1.38,0.21,8483,5662,
2026-01-05 20:00:00,s6960,u248,Ivory Coast,Mobile,Series A,1,23,0.26,0.24,11611,499,STARTUP_TIMEOUT
2026-01-05 20:01:00,s6961,u610,Senegal,Mobile,Kids Show,1,4,0.84,0.17,5512,2435,
2026-01-05 20:02:00,s6962,u2001,Senegal,Web,Series B,1,34,0.01,0.49,9981,3915,CDN_ERROR
2026-01-05 20:03:00,s6963,u2414,Morocco,Web,Series B,1,7,0.57,0.02,6121,2180,BUFFERING_ERROR
2026-01-05 20:04:00,s6964,u699,Morocco,Smart TV,Series B,1,83,1.32,0.06,5046,553,CDN_ERROR
2026-01-05 20:05:00,s6965,u512,Tunisia,Android TV,Sport Live,1,74,1.04,0.32,2860,3814,AUTH_ERROR
2026-01-05 20:06:00,s6966,u1467,Morocco,Android TV,Documentary D,1,88,1.43,0.12,1651,4018,
2026-01-05 20:07:00,s6967,u2230,Senegal,Web,Series A,1,7,0.2,0.1,5197,3560,LOW_BITRATE
2026-01-05 20:08:00,s6968,u1992,Morocco,Android TV,Movie C,1,71,0.57,0.55,578,5361,LOW_BITRATE
2026-01-05 20:09:00,s6969,u1409,Senegal,iOS,Documentary D,1,51,0.61,0.23,3372,3269,
2026-01-05 20:10:00,s6970,u1086,Ivory Coast,Smart TV,Sport Live,1,59,0.72,0.02,4313,1910,BUFFERING_ERROR
2026-01-05 20:11:00,s6971,u1877,Senegal,iOS,Movie C,1,69,0.26,0.11,11831,5658,STARTUP_TIMEOUT
2026-01-05 20:12:00,s6972,u1161,Morocco,STB,Kids Show,1,7,0.41,0.05,8458,569,
2026-01-05 20:13:00,s6973,u249,Tunisia,Smart TV,Kids Show,1,68,0.02,0.05,10140,939,BUFFERING_ERROR
2026-01-05 20:14:00,s6974,u1151,Senegal,Smart TV,Movie C,1,63,0.26,0.53,10383,1115,
2026-01-05 20:15:00,s6975,u1553,Morocco,STB,Kids Show,1,67,0.88,0.24,5647,5862,
2026-01-05 20:16:00,s6976,u195,Tunisia,iOS,Sport Live,1,88,0.37,0.52,9229,486,CDN_ERROR
2026-01-05 20:17:00,s6977,u1897,Ivory Coast,Smart TV,Documentary D,1,25,1.42,0.27,3269,1804,AUTH_ERROR
2026-01-05 20:18:00,s6978,u1697,Morocco,Web,Series A,1,54,0.5,0.29,3660,3282,
2026-01-05 20:19:00,s6979,u292,Ivory Coast,Android TV,Kids Show,1,84,0.92,0.22,5010,5255,LOW_BITRATE
2026-01-05 20:20:00,s6980,u644,Ivory Coast,Android TV,Series A,1,4,1.16,0.12,2111,4933,LOW_BITRATE
2026-01-05 20:21:00,s6981,u2003,Morocco,Smart TV,Movie C,1,17,0.2,0.21,4189,4175,
2026-01-05 20:22:00,s6982,u257,Ivory Coast,STB,Movie C,1,80,1.21,0.46,2998,1248,
2026-01-05 20:23:00,s6983,u2341,Tunisia,Mobile,Documentary D,1,58,0.12,0.39,8691,650,
2026-01-05 20:24:00,s6984,u2291,Tunisia,Smart TV,Series A,1,55,0.26,0.44,11460,3274,BUFFERING_ERROR
2026-01-05 20:25:00,s6985,u2097,France,STB,Documentary D,1,9,0.41,0.25,4626,4405,LOW_BITRATE
2026-01-05 20:26:00,s6986,u1789,Morocco,Smart TV,Kids Show,1,26,0.4,0.32,5007,1245,
2026-01-05 20:27:00,s6987,u1701,France,STB,Sport Live,1,57,1.43,0.2,10378,1374,
2026-01-05 20:28:00,s6988,u237,France,Mobile,Documentary D,1,20,0.33,0.4,785,1396,
2026-01-05 20:29:00,s6989,u847,Ivory Coast,Android TV,Movie C,1,8,0.4,0.44,11650,4434,
2026-01-05 20:30:00,s6990,u1814,Cameroon,Mobile,Kids Show,1,5,1.1,0.16,2194,1169,
2026-01-05 20:31:00,s6991,u1736,Cameroon,Web,Kids Show,1,82,0.69,0.38,11913,4806,LOW_BITRATE
2026-01-05 20:32:00,s6992,u1581,Tunisia,Mobile,Series B,1,13,0.74,0.05,7440,2335,CDN_ERROR
2026-01-05 20:33:00,s6993,u869,Morocco,iOS,Documentary D,1,88,0.73,0.04,8503,2662,
2026-01-05 20:34:00,s6994,u429,France,STB,Sport Live,1,35,1.23,0.03,10602,550,CDN_ERROR
2026-01-05 20:35:00,s6995,u221,Cameroon,Web,Series B,1,88,1.22,0.5,10544,5976,AUTH_ERROR
2026-01-05 20:36:00,s6996,u803,Cameroon,iOS,Series B,1,75,1.31,0.05,10395,4398,BUFFERING_ERROR
2026-01-05 20:37:00,s6997,u2284,Senegal,iOS,Series A,1,71,0.53,0.51,8207,4786,STARTUP_TIMEOUT
2026-01-05 20:38:00,s6998,u352,Tunisia,iOS,Series B,1,13,0.53,0.51,5109,4899,CDN_ERROR
2026-01-05 20:39:00,s6999,u1793,Cameroon,iOS,Documentary D,1,58,0.07,0.54,5993,1191,
2026-01-05 20:40:00,s7000,u188,Tunisia,Mobile,Kids Show,1,22,0.74,0.43,4072,3847,AUTH_ERROR
2026-01-05 20:41:00,s7001,u662,Senegal,Smart TV,Movie C,1,52,1.3,0.15,4576,4727,
2026-01-05 20:42:00,s7002,u1709,France,Smart TV,Sport Live,1,38,0.62,0.49,5909,2950,
2026-01-05 20:43:00,s7003,u2456,Ivory Coast,Web,Movie C,1,82,0.56,0.07,10444,3133,
2026-01-05 20:44:00,s7004,u43,Cameroon,Smart TV,Kids Show,1,31,0.23,0.49,11250,1261,BUFFERING_ERROR
2026-01-05 20:45:00,s7005,u237,Tunisia,Mobile,Series A,1,18,0.1,0.08,8871,5305,CDN_ERROR
2026-01-05 20:46:00,s7006,u2189,France,Smart TV,Documentary D,1,21,0.94,0.42,6172,1224,BUFFERING_ERROR
2026-01-05 20:47:00,s7007,u2268,Morocco,Web,Movie C,1,88,0.89,0.46,5661,4282,BUFFERING_ERROR
2026-01-05 20:48:00,s7008,u1607,Ivory Coast,iOS,Movie C,1,50,1.04,0.03,9101,1306,CDN_ERROR
2026-01-05 20:49:00,s7009,u419,Cameroon,Android TV,Documentary D,1,12,0.71,0.05,1572,1343,
2026-01-05 20:50:00,s7010,u1488,France,Android TV,Sport Live,1,59,0.71,0.02,6247,2274,
2026-01-05 20:51:00,s7011,u912,Ivory Coast,iOS,Sport Live,1,3,0.37,0.06,6625,533,
2026-01-05 20:52:00,s7012,u631,Tunisia,Mobile,Documentary D,1,48,0.95,0.02,3062,1472,LOW_BITRATE
2026-01-05 20:53:00,s7013,u105,Ivory Coast,Mobile,Documentary D,1,89,0.93,0.48,2196,771,LOW_BITRATE
2026-01-05 20:54:00,s7014,u2095,Morocco,STB,Documentary D,1,5,0.95,0.21,3043,3290,
2026-01-05 20:55:00,s7015,u38,Senegal,iOS,Series A,1,27,1.4,0.19,8326,1278,
2026-01-05 20:56:00,s7016,u1674,France,iOS,Series A,1,50,0.79,0.53,3455,5454,LOW_BITRATE
2026-01-05 20:57:00,s7017,u988,Ivory Coast,iOS,Series A,1,3,0.36,0.08,8454,5612,
2026-01-05 20:58:00,s7018,u1492,Senegal,Android TV,Kids Show,1,32,0.87,0.09,3125,4109,
2026-01-05 20:59:00,s7019,u1100,Morocco,STB,Documentary D,1,71,1.46,0.53,11028,5375,LOW_BITRATE
2026-01-05 21:00:00,s7020,u539,Cameroon,STB,Documentary D,1,61,0.69,0.18,11858,1038,
2026-01-05 21:01:00,s7021,u332,Tunisia,Mobile,Documentary D,1,36,1.27,0.09,4676,5643,LOW_BITRATE
2026-01-05 21:02:00,s7022,u2179,Morocco,Web,Movie C,1,20,0.6,0.31,9687,3820,BUFFERING_ERROR
2026-01-05 21:03:00,s7023,u196,Ivory Coast,Mobile,Kids Show,1,51,1.04,0.46,7329,1777,AUTH_ERROR
2026-01-05 21:04:00,s7024,u1094,Ivory Coast,iOS,Documentary D,1,90,0.48,0.44,8639,3783,CDN_ERROR
2026-01-05 21:05:00,s7025,u438,Senegal,iOS,Kids Show,1,61,1.24,0.07,1398,935,
2026-01-05 21:06:00,s7026,u2490,Senegal,Smart TV,Series A,1,76,0.21,0.4,1362,4510,
2026-01-05 21:07:00,s7027,u675,Morocco,Mobile,Series A,1,25,0.99,0.48,954,5503,
2026-01-05 21:08:00,s7028,u1451,France,Web,Kids Show,1,12,0.59,0.05,11380,5692,
2026-01-05 21:09:00,s7029,u408,Ivory Coast,Mobile,Documentary D,1,51,0.47,0.16,5422,4642,AUTH_ERROR
2026-01-05 21:10:00,s7030,u1423,Tunisia,Web,Series B,1,32,0.83,0.27,3743,4511,AUTH_ERROR
2026-01-05 21:11:00,s7031,u1264,Tunisia,Mobile,Series B,1,54,0.45,0.29,7961,4318,AUTH_ERROR
2026-01-05 21:12:00,s7032,u376,Senegal,STB,Documentary D,1,38,1.37,0.31,5975,2326,CDN_ERROR
2026-01-05 21:13:00,s7033,u914,France,Mobile,Documentary D,1,11,0.1,0.29,11630,3543,
2026-01-05 21:14:00,s7034,u460,Ivory Coast,iOS,Documentary D,1,43,0.99,0.1,2952,3267,BUFFERING_ERROR
2026-01-05 21:15:00,s7035,u20,Tunisia,Mobile,Series A,1,85,1.18,0.02,802,1527,LOW_BITRATE
2026-01-05 21:16:00,s7036,u884,France,Web,Series A,1,30,0.72,0.06,8265,838,
2026-01-05 21:17:00,s7037,u2310,Senegal,Web,Documentary D,1,77,1.2,0.52,5492,2045,AUTH_ERROR
2026-01-05 21:18:00,s7038,u506,Tunisia,Web,Documentary D,1,89,1.45,0.32,2447,4654,CDN_ERROR
2026-01-05 21:19:00,s7039,u2344,Senegal,Android TV,Series A,1,76,0.77,0.15,3818,2111,LOW_BITRATE
2026-01-05 21:20:00,s7040,u2120,Ivory Coast,STB,Sport Live,1,2,0.28,0.1,11830,1106,
2026-01-05 21:21:00,s7041,u1029,Senegal,Android TV,Series A,1,82,0.31,0.2,6941,4163,BUFFERING_ERROR
2026-01-05 21:22:00,s7042,u1732,Senegal,STB,Documentary D,1,14,1.26,0.12,2064,4712,STARTUP_TIMEOUT
2026-01-05 21:23:00,s7043,u1882,Tunisia,STB,Movie C,1,4,0.33,0.19,7564,2851,CDN_ERROR
2026-01-05 21:24:00,s7044,u1007,Tunisia,Mobile,Sport Live,1,10,1.35,0.15,6065,5826,
2026-01-05 21:25:00,s7045,u1966,Senegal,Android TV,Series B,1,9,0.54,0.46,5563,494,BUFFERING_ERROR
2026-01-05 21:26:00,s7046,u825,Ivory Coast,iOS,Kids Show,1,54,0.06,0.08,6934,1751,STARTUP_TIMEOUT
2026-01-05 21:27:00,s7047,u819,France,Smart TV,Series B,1,75,1.18,0.53,6167,1789,
2026-01-05 21:28:00,s7048,u1451,Cameroon,Smart TV,Documentary D,1,50,1.19,0.33,7086,2857,AUTH_ERROR
2026-01-05 21:29:00,s7049,u1283,Ivory Coast,Web,Series A,1,7,0.69,0.25,9550,4453,
2026-01-05 21:30:00,s7050,u2265,Ivory Coast,Web,Movie C,1,59,0.52,0.05,2632,4019,
2026-01-05 21:31:00,s7051,u910,Cameroon,STB,Movie C,1,68,1.45,0.51,7201,3483,LOW_BITRATE
2026-01-05 21:32:00,s7052,u1793,Cameroon,Mobile,Series B,1,12,0.37,0.33,4456,5202,
2026-01-05 21:33:00,s7053,u1598,Tunisia,Mobile,Series B,1,74,0.02,0.29,9026,5949,
2026-01-05 21:34:00,s7054,u404,Morocco,STB,Series A,1,79,1.24,0.07,4918,5101,CDN_ERROR
2026-01-05 21:35:00,s7055,u564,Tunisia,Mobile,Series B,1,15,1.05,0.49,7162,3012,STARTUP_TIMEOUT
2026-01-05 21:36:00,s7056,u1435,Tunisia,iOS,Series B,1,25,1.05,0.22,11546,719,CDN_ERROR
2026-01-05 21:37:00,s7057,u214,Ivory Coast,Smart TV,Series B,1,54,0.97,0.45,2193,1789,CDN_ERROR
2026-01-05 21:38:00,s7058,u1754,Ivory Coast,iOS,Sport Live,1,24,1.25,0.55,521,3149,CDN_ERROR
2026-01-05 21:39:00,s7059,u1085,France,Web,Sport Live,1,42,0.57,0.08,1963,437,CDN_ERROR
2026-01-05 21:40:00,s7060,u1915,Senegal,Web,Kids Show,1,22,0.39,0.14,1028,4774,
2026-01-05 21:41:00,s7061,u57,France,STB,Kids Show,1,35,0.66,0.15,5664,5386,CDN_ERROR
2026-01-05 21:42:00,s7062,u1006,Senegal,Mobile,Series A,1,24,1.25,0.19,4987,3273,AUTH_ERROR
2026-01-05 21:43:00,s7063,u942,Ivory Coast,iOS,Sport Live,1,88,0.33,0.26,5932,2083,AUTH_ERROR
2026-01-05 21:44:00,s7064,u303,France,iOS,Movie C,1,30,0.45,0.54,9174,1231,
2026-01-05 21:45:00,s7065,u127,Tunisia,Web,Sport Live,1,4,0.29,0.05,9633,5278,
2026-01-05 21:46:00,s7066,u2493,France,Mobile,Documentary D,1,78,0.12,0.2,5158,1179,
2026-01-05 21:47:00,s7067,u1553,Ivory Coast,Smart TV,Documentary D,1,19,0.42,0.14,9026,2161,
2026-01-05 21:48:00,s7068,u1276,Tunisia,iOS,Sport Live,1,32,0.08,0.03,9045,1330,BUFFERING_ERROR
2026-01-05 21:49:00,s7069,u2077,Tunisia,Web,Documentary D,1,83,0.93,0.14,8180,851,AUTH_ERROR
2026-01-05 21:50:00,s7070,u2024,Ivory Coast,Web,Movie C,1,38,0.88,0.51,7599,1166,BUFFERING_ERROR
2026-01-05 21:51:00,s7071,u731,Tunisia,Web,Kids Show,1,37,0.6,0.04,6217,5959,LOW_BITRATE
2026-01-05 21:52:00,s7072,u1818,Morocco,STB,Series B,1,25,1.23,0.39,1842,3383,LOW_BITRATE
2026-01-05 21:53:00,s7073,u1458,Tunisia,Smart TV,Series A,1,14,0.03,0.06,8182,4316,
2026-01-05 21:54:00,s7074,u1902,Ivory Coast,Mobile,Sport Live,1,80,0.69,0.44,10126,5189,LOW_BITRATE
2026-01-05 21:55:00,s7075,u1651,Ivory Coast,Android TV,Kids Show,1,25,1.26,0.52,5588,2560,STARTUP_TIMEOUT
2026-01-05 21:56:00,s7076,u1604,Senegal,iOS,Series A,1,50,1.45,0.52,2297,2096,LOW_BITRATE
2026-01-05 21:57:00,s7077,u244,Senegal,iOS,Sport Live,1,55,0.03,0.2,6917,2770,CDN_ERROR
2026-01-05 21:58:00,s7078,u639,Ivory Coast,iOS,Kids Show,1,36,0.38,0.31,10711,5095,
2026-01-05 21:59:00,s7079,u564,Cameroon,Smart TV,Series B,1,68,1.11,0.27,7019,5134,
2026-01-05 22:00:00,s7080,u2314,Ivory Coast,Mobile,Movie C,1,71,0.56,0.21,9587,4170,AUTH_ERROR
2026-01-05 22:01:00,s7081,u200,Morocco,STB,Sport Live,1,27,0.02,0.41,9119,5153,CDN_ERROR
2026-01-05 22:02:00,s7082,u594,Ivory Coast,Android TV,Series A,1,33,1.0,0.38,3994,5688,AUTH_ERROR
2026-01-05 22:03:00,s7083,u1606,Ivory Coast,STB,Sport Live,1,27,0.6,0.13,11977,5609,AUTH_ERROR
2026-01-05 22:04:00,s7084,u1401,Tunisia,Android TV,Sport Live,1,85,0.74,0.17,1082,5045,STARTUP_TIMEOUT
2026-01-05 22:05:00,s7085,u2338,Morocco,Smart TV,Series B,1,44,1.32,0.29,6685,5545,BUFFERING_ERROR
2026-01-05 22:06:00,s7086,u434,Senegal,Mobile,Series A,1,59,1.27,0.03,6432,1204,CDN_ERROR
2026-01-05 22:07:00,s7087,u1487,France,Android TV,Movie C,1,87,1.35,0.37,3162,1425,CDN_ERROR
2026-01-05 22:08:00,s7088,u1678,Ivory Coast,iOS,Sport Live,1,86,1.47,0.51,3119,5943,CDN_ERROR
2026-01-05 22:09:00,s7089,u342,Cameroon,Web,Kids Show,1,83,0.46,0.53,3981,2585,BUFFERING_ERROR
2026-01-05 22:10:00,s7090,u1782,Tunisia,Smart TV,Documentary D,1,87,0.52,0.2,9192,4217,AUTH_ERROR
2026-01-05 22:11:00,s7091,u2295,Morocco,Android TV,Series A,1,68,0.6,0.21,11442,2289,STARTUP_TIMEOUT
2026-01-05 22:12:00,s7092,u1519,Senegal,Android TV,Series A,1,44,0.52,0.12,3427,3305,LOW_BITRATE
2026-01-05 22:13:00,s7093,u2380,Senegal,Mobile,Sport Live,1,42,1.28,0.42,10850,566,AUTH_ERROR
2026-01-05 22:14:00,s7094,u1625,Morocco,iOS,Kids Show,1,55,0.82,0.39,1529,1570,
2026-01-05 22:15:00,s7095,u2291,Ivory Coast,Android TV,Series B,1,69,1.16,0.15,7621,4941,
2026-01-05 22:16:00,s7096,u46,Tunisia,Mobile,Series A,1,8,0.78,0.15,594,5039,LOW_BITRATE
2026-01-05 22:17:00,s7097,u779,France,STB,Sport Live,1,75,0.78,0.04,10325,4650,BUFFERING_ERROR
2026-01-05 22:18:00,s7098,u1358,Morocco,Smart TV,Kids Show,1,58,0.07,0.5,10085,5560,CDN_ERROR
2026-01-05 22:19:00,s7099,u278,Morocco,STB,Kids Show,1,71,0.68,0.54,7343,652,CDN_ERROR
2026-01-05 22:20:00,s7100,u1663,Senegal,iOS,Documentary D,1,66,0.91,0.09,6237,5374,LOW_BITRATE
2026-01-05 22:21:00,s7101,u434,France,Smart TV,Series A,1,29,0.72,0.05,3053,4097,AUTH_ERROR
2026-01-05 22:22:00,s7102,u665,Ivory Coast,Mobile,Series B,1,81,0.53,0.13,1206,2043,AUTH_ERROR
2026-01-05 22:23:00,s7103,u1129,Cameroon,Mobile,Movie C,1,74,0.75,0.52,11792,2434,
2026-01-05 22:24:00,s7104,u1228,Cameroon,STB,Movie C,1,19,0.26,0.44,9690,835,CDN_ERROR
2026-01-05 22:25:00,s7105,u189,Ivory Coast,iOS,Kids Show,1,67,1.11,0.41,4406,4882,
2026-01-05 22:26:00,s7106,u881,Tunisia,Web,Series A,1,34,1.11,0.42,6146,2974,AUTH_ERROR
2026-01-05 22:27:00,s7107,u289,Ivory Coast,iOS,Sport Live,1,7,0.83,0.28,9496,874,
2026-01-05 22:28:00,s7108,u1227,Cameroon,iOS,Sport Live,1,61,0.6,0.29,11537,4718,LOW_BITRATE
2026-01-05 22:29:00,s7109,u1093,Ivory Coast,Web,Series A,1,89,1.16,0.5,8533,3369,BUFFERING_ERROR
2026-01-05 22:30:00,s7110,u1637,Senegal,STB,Sport Live,1,48,0.05,0.08,6960,5574,AUTH_ERROR
2026-01-05 22:31:00,s7111,u1890,Cameroon,STB,Sport Live,1,79,0.48,0.16,1353,2049,BUFFERING_ERROR
2026-01-05 22:32:00,s7112,u1000,Ivory Coast,iOS,Documentary D,1,77,0.76,0.08,6805,3785,LOW_BITRATE
2026-01-05 22:33:00,s7113,u484,Senegal,Web,Series A,1,77,1.36,0.29,634,1527,STARTUP_TIMEOUT
2026-01-05 22:34:00,s7114,u2018,Senegal,Web,Series B,1,55,0.89,0.51,4332,1842,CDN_ERROR
2026-01-05 22:35:00,s7115,u1198,Ivory Coast,iOS,Sport Live,1,9,1.48,0.27,4594,4313,AUTH_ERROR
2026-01-05 22:36:00,s7116,u2311,France,Web,Documentary D,1,2,0.67,0.5,3259,2270,CDN_ERROR
2026-01-05 22:37:00,s7117,u1177,Cameroon,Smart TV,Sport Live,1,3,0.42,0.2,7287,1455,CDN_ERROR
2026-01-05 22:38:00,s7118,u220,Morocco,iOS,Sport Live,1,75,0.24,0.22,5720,3000,AUTH_ERROR
2026-01-05 22:39:00,s7119,u1049,Cameroon,Mobile,Kids Show,1,3,0.56,0.26,2523,4411,CDN_ERROR
2026-01-05 22:40:00,s7120,u1479,Cameroon,Mobile,Series B,1,24,1.5,0.39,5669,2809,
2026-01-05 22:41:00,s7121,u1185,Ivory Coast,Mobile,Series B,1,13,1.41,0.44,2317,1678,
2026-01-05 22:42:00,s7122,u69,Cameroon,Web,Series A,1,21,0.15,0.28,2358,5501,BUFFERING_ERROR
2026-01-05 22:43:00,s7123,u792,Ivory Coast,STB,Sport Live,1,14,0.61,0.22,920,4095,CDN_ERROR
2026-01-05 22:44:00,s7124,u1060,Morocco,Mobile,Series B,1,87,0.16,0.29,3971,2273,
2026-01-05 22:45:00,s7125,u1711,Cameroon,Android TV,Sport Live,1,21,0.38,0.13,1608,2565,
2026-01-05 22:46:00,s7126,u833,Morocco,Android TV,Movie C,1,12,0.46,0.53,3825,2286,LOW_BITRATE
2026-01-05 22:47:00,s7127,u1832,Morocco,Smart TV,Kids Show,1,20,0.9,0.3,11411,4644,
2026-01-05 22:48:00,s7128,u983,Ivory Coast,Mobile,Series B,1,75,1.21,0.5,4840,5782,BUFFERING_ERROR
2026-01-05 22:49:00,s7129,u2182,Ivory Coast,Smart TV,Movie C,1,83,1.11,0.19,6212,3782,STARTUP_TIMEOUT
2026-01-05 22:50:00,s7130,u97,Morocco,Android TV,Movie C,1,54,0.91,0.39,7867,5126,
2026-01-05 22:51:00,s7131,u56,Morocco,STB,Kids Show,1,74,0.72,0.54,10396,1627,LOW_BITRATE
2026-01-05 22:52:00,s7132,u888,France,iOS,Kids Show,1,74,1.26,0.41,9621,3526,STARTUP_TIMEOUT
2026-01-05 22:53:00,s7133,u918,Cameroon,Mobile,Series B,1,50,1.24,0.38,3025,2021,AUTH_ERROR
2026-01-05 22:54:00,s7134,u1431,France,Smart TV,Sport Live,1,10,1.03,0.07,1770,4539,BUFFERING_ERROR
2026-01-05 22:55:00,s7135,u1032,Tunisia,Web,Series B,1,35,1.16,0.53,2567,4091,AUTH_ERROR
2026-01-05 22:56:00,s7136,u2447,Ivory Coast,STB,Movie C,1,43,0.43,0.18,10326,3243,LOW_BITRATE
2026-01-05 22:57:00,s7137,u795,France,Smart TV,Kids Show,1,27,1.44,0.05,9984,602,
2026-01-05 22:58:00,s7138,u1517,Tunisia,Android TV,Kids Show,1,9,0.87,0.54,3836,1657,AUTH_ERROR
2026-01-05 22:59:00,s7139,u387,Senegal,Android TV,Documentary D,1,50,0.56,0.22,10665,2027,AUTH_ERROR
2026-01-05 23:00:00,s7140,u1439,Cameroon,Web,Movie C,1,44,1.29,0.08,4712,1908,BUFFERING_ERROR
2026-01-05 23:01:00,s7141,u786,Morocco,Smart TV,Sport Live,1,72,1.13,0.38,3360,4247,
2026-01-05 23:02:00,s7142,u1009,Ivory Coast,Mobile,Series B,1,51,0.02,0.4,7968,967,
2026-01-05 23:03:00,s7143,u551,Morocco,iOS,Series B,1,50,0.59,0.02,831,1770,CDN_ERROR
2026-01-05 23:04:00,s7144,u915,Senegal,STB,Kids Show,1,34,0.47,0.3,3792,5862,AUTH_ERROR
2026-01-05 23:05:00,s7145,u497,Morocco,Android TV,Kids Show,1,30,0.4,0.54,7369,5586,CDN_ERROR
2026-01-05 23:06:00,s7146,u1394,Morocco,Mobile,Series B,1,80,1.23,0.03,9353,2181,
2026-01-05 23:07:00,s7147,u2392,Morocco,Smart TV,Movie C,1,23,0.42,0.45,6560,4822,STARTUP_TIMEOUT
2026-01-05 23:08:00,s7148,u1376,Tunisia,iOS,Series B,1,45,0.71,0.07,537,683,STARTUP_TIMEOUT
2026-01-05 23:09:00,s7149,u2467,Cameroon,Smart TV,Sport Live,1,57,0.42,0.22,6054,562,
2026-01-05 23:10:00,s7150,u1654,Morocco,Smart TV,Movie C,1,38,0.76,0.07,2839,3143,STARTUP_TIMEOUT
2026-01-05 23:11:00,s7151,u2453,France,iOS,Movie C,1,52,1.07,0.43,11714,1779,STARTUP_TIMEOUT
2026-01-05 23:12:00,s7152,u250,Tunisia,STB,Sport Live,1,41,0.52,0.05,8567,5670,STARTUP_TIMEOUT
2026-01-05 23:13:00,s7153,u350,Tunisia,STB,Movie C,1,7,0.11,0.17,10979,1316,
2026-01-05 23:14:00,s7154,u2257,Ivory Coast,Smart TV,Documentary D,1,3,1.5,0.29,11850,2982,LOW_BITRATE
2026-01-05 23:15:00,s7155,u1057,Cameroon,Smart TV,Series A,1,78,1.24,0.11,5617,5602,BUFFERING_ERROR
2026-01-05 23:16:00,s7156,u2068,Cameroon,Android TV,Series A,1,44,0.11,0.55,3924,1603,
2026-01-05 23:17:00,s7157,u1052,Cameroon,STB,Movie C,1,53,0.5,0.13,2945,5308,BUFFERING_ERROR
2026-01-05 23:18:00,s7158,u2124,Ivory Coast,Mobile,Documentary D,1,56,1.44,0.14,6701,2259,
2026-01-05 23:19:00,s7159,u758,France,STB,Series B,1,30,0.03,0.34,1703,3592,AUTH_ERROR
2026-01-05 23:20:00,s7160,u1244,France,Smart TV,Documentary D,1,26,0.28,0.16,11407,3099,
2026-01-05 23:21:00,s7161,u1373,France,Android TV,Series B,1,64,0.24,0.26,2428,4489,AUTH_ERROR
2026-01-05 23:22:00,s7162,u2140,Cameroon,Android TV,Documentary D,1,30,0.26,0.44,2044,3128,LOW_BITRATE
2026-01-05 23:23:00,s7163,u436,Ivory Coast,Mobile,Series B,1,37,1.49,0.48,11863,2173,
2026-01-05 23:24:00,s7164,u2243,Cameroon,Android TV,Series B,1,6,1.01,0.5,9944,5875,
2026-01-05 23:25:00,s7165,u1163,Ivory Coast,Android TV,Kids Show,1,14,0.7,0.37,2827,2742,BUFFERING_ERROR
2026-01-05 23:26:00,s7166,u2217,Senegal,iOS,Kids Show,1,23,0.78,0.05,11742,642,STARTUP_TIMEOUT
2026-01-05 23:27:00,s7167,u2352,Morocco,Mobile,Documentary D,1,59,0.64,0.4,2616,2791,
2026-01-05 23:28:00,s7168,u1463,Morocco,Mobile,Sport Live,1,70,1.14,0.38,8140,4969,CDN_ERROR
2026-01-05 23:29:00,s7169,u184,Tunisia,STB,Documentary D,1,35,1.46,0.01,8880,4463,BUFFERING_ERROR
2026-01-05 23:30:00,s7170,u1218,Cameroon,iOS,Movie C,1,15,0.17,0.33,10198,4292,BUFFERING_ERROR
2026-01-05 23:31:00,s7171,u1442,Cameroon,Android TV,Movie C,1,22,0.08,0.29,8980,1167,AUTH_ERROR
2026-01-05 23:32:00,s7172,u331,Senegal,STB,Kids Show,1,28,0.91,0.37,2577,3109,CDN_ERROR
2026-01-05 23:33:00,s7173,u2074,Ivory Coast,Mobile,Series B,1,28,0.92,0.05,5669,4599,STARTUP_TIMEOUT
2026-01-05 23:34:00,s7174,u1758,Tunisia,Mobile,Documentary D,1,73,0.9,0.23,10756,4192,AUTH_ERROR
2026-01-05 23:35:00,s7175,u579,Senegal,iOS,Documentary D,1,19,0.68,0.34,1292,861,AUTH_ERROR
2026-01-05 23:36:00,s7176,u1423,Senegal,iOS,Series B,1,22,0.05,0.32,9281,616,
2026-01-05 23:37:00,s7177,u1913,Cameroon,Web,Documentary D,1,44,0.24,0.45,10428,5617,STARTUP_TIMEOUT
2026-01-05 23:38:00,s7178,u1112,Senegal,Mobile,Movie C,1,12,0.57,0.12,5098,779,CDN_ERROR
2026-01-05 23:39:00,s7179,u790,Tunisia,Smart TV,Series B,1,60,0.84,0.1,10329,4599,AUTH_ERROR
2026-01-05 23:40:00,s7180,u1460,Senegal,iOS,Documentary D,1,81,1.37,0.07,6927,1688,LOW_BITRATE
2026-01-05 23:41:00,s7181,u935,France,Smart TV,Movie C,1,61,1.46,0.37,2891,734,CDN_ERROR
2026-01-05 23:42:00,s7182,u1243,Tunisia,Smart TV,Kids Show,1,38,1.22,0.22,1393,5041,
2026-01-05 23:43:00,s7183,u1669,Morocco,Android TV,Movie C,1,70,0.84,0.38,9059,5998,CDN_ERROR
2026-01-05 23:44:00,s7184,u2434,Tunisia,Android TV,Movie C,1,1,0.64,0.18,11488,4229,
2026-01-05 23:45:00,s7185,u1003,Tunisia,iOS,Movie C,1,3,0.52,0.18,10697,3924,AUTH_ERROR
2026-01-05 23:46:00,s7186,u852,Ivory Coast,Mobile,Series A,1,21,0.58,0.24,7717,1539,
2026-01-05 23:47:00,s7187,u534,France,STB,Sport Live,1,89,0.71,0.11,6046,4042,BUFFERING_ERROR
2026-01-05 23:48:00,s7188,u1240,Tunisia,Smart TV,Movie C,1,42,0.44,0.18,6488,5477,
2026-01-05 23:49:00,s7189,u2299,Ivory Coast,Android TV,Series A,1,77,1.22,0.5,1084,426,LOW_BITRATE
2026-01-05 23:50:00,s7190,u258,Morocco,Android TV,Kids Show,1,45,0.93,0.38,7135,1454,STARTUP_TIMEOUT
2026-01-05 23:51:00,s7191,u398,Tunisia,Smart TV,Series A,1,64,0.69,0.25,2019,1714,STARTUP_TIMEOUT
2026-01-05 23:52:00,s7192,u797,Tunisia,Android TV,Series A,1,62,1.23,0.41,751,1044,
2026-01-05 23:53:00,s7193,u2398,Senegal,Mobile,Series A,1,34,0.78,0.17,5204,4317,BUFFERING_ERROR
2026-01-05 23:54:00,s7194,u2157,Morocco,Smart TV,Movie C,1,63,0.98,0.21,9943,3703,BUFFERING_ERROR
2026-01-05 23:55:00,s7195,u691,France,STB,Sport Live,1,39,0.32,0.46,3780,4440,STARTUP_TIMEOUT
2026-01-05 23:56:00,s7196,u397,Cameroon,Smart TV,Documentary D,1,1,1.08,0.16,9447,2298,
2026-01-05 23:57:00,s7197,u2094,Cameroon,Mobile,Documentary D,1,23,0.88,0.23,8995,4825,STARTUP_TIMEOUT
2026-01-05 23:58:00,s7198,u2184,Ivory Coast,Mobile,Series A,1,88,0.89,0.11,7053,5232,CDN_ERROR
2026-01-05 23:59:00,s7199,u235,Senegal,Web,Kids Show,1,72,0.76,0.07,733,1546,
2026-01-06 00:00:00,s7200,u2434,Ivory Coast,Web,Series A,1,80,1.3,0.32,4442,1359,STARTUP_TIMEOUT
2026-01-06 00:01:00,s7201,u681,Senegal,iOS,Series A,1,73,0.08,0.31,1901,5181,
2026-01-06 00:02:00,s7202,u68,Tunisia,iOS,Series A,1,16,1.45,0.32,827,1735,LOW_BITRATE
2026-01-06 00:03:00,s7203,u1635,Senegal,iOS,Documentary D,1,18,0.84,0.33,2278,837,
2026-01-06 00:04:00,s7204,u2274,Senegal,iOS,Series B,1,27,1.26,0.49,2657,5107,CDN_ERROR
2026-01-06 00:05:00,s7205,u878,France,Mobile,Kids Show,1,8,1.26,0.28,1458,3485,CDN_ERROR
2026-01-06 00:06:00,s7206,u892,Senegal,Android TV,Documentary D,1,69,0.42,0.39,9942,2450,
2026-01-06 00:07:00,s7207,u1107,Tunisia,STB,Movie C,1,25,0.78,0.22,1545,5327,CDN_ERROR
2026-01-06 00:08:00,s7208,u142,Tunisia,Smart TV,Movie C,1,30,0.08,0.25,5439,2431,BUFFERING_ERROR
2026-01-06 00:09:00,s7209,u2183,Senegal,STB,Series B,1,54,0.88,0.21,5261,884,BUFFERING_ERROR
2026-01-06 00:10:00,s7210,u2185,Senegal,Smart TV,Documentary D,1,18,0.43,0.25,7811,4900,STARTUP_TIMEOUT
2026-01-06 00:11:00,s7211,u714,Tunisia,Web,Movie C,1,25,0.58,0.25,3479,814,CDN_ERROR
2026-01-06 00:12:00,s7212,u184,Cameroon,Android TV,Series A,1,84,0.87,0.19,7109,5143,STARTUP_TIMEOUT
2026-01-06 00:13:00,s7213,u1519,Morocco,Web,Sport Live,1,38,1.34,0.11,5843,401,
2026-01-06 00:14:00,s7214,u151,Tunisia,Smart TV,Kids Show,1,34,0.89,0.44,7216,3455,
2026-01-06 00:15:00,s7215,u394,Morocco,Smart TV,Series A,1,48,0.48,0.27,8756,4581,
2026-01-06 00:16:00,s7216,u1409,Ivory Coast,Android TV,Movie C,1,14,0.81,0.5,6295,4787,CDN_ERROR
2026-01-06 00:17:00,s7217,u300,Tunisia,Web,Documentary D,1,73,1.32,0.33,7035,4353,CDN_ERROR
2026-01-06 00:18:00,s7218,u1789,Cameroon,Mobile,Movie C,1,71,1.44,0.3,3096,3219,AUTH_ERROR
2026-01-06 00:19:00,s7219,u2283,Senegal,Web,Movie C,1,13,1.39,0.22,7423,3748,
2026-01-06 00:20:00,s7220,u1850,France,iOS,Sport Live,1,41,0.64,0.07,7936,3865,STARTUP_TIMEOUT
2026-01-06 00:21:00,s7221,u589,Ivory Coast,Android TV,Kids Show,1,67,0.13,0.05,2295,982,AUTH_ERROR
2026-01-06 00:22:00,s7222,u2263,Morocco,Mobile,Kids Show,1,54,0.77,0.16,2559,4764,STARTUP_TIMEOUT
2026-01-06 00:23:00,s7223,u1853,France,Web,Series A,1,20,1.4,0.11,11896,5080,BUFFERING_ERROR
2026-01-06 00:24:00,s7224,u1042,France,iOS,Kids Show,1,29,0.84,0.47,9925,1599,AUTH_ERROR
2026-01-06 00:25:00,s7225,u1830,Morocco,iOS,Movie C,1,37,1.29,0.27,7718,2686,CDN_ERROR
2026-01-06 00:26:00,s7226,u358,Morocco,Web,Movie C,1,28,0.52,0.5,7836,2629,
2026-01-06 00:27:00,s7227,u2033,France,Mobile,Documentary D,1,39,0.56,0.53,11756,1779,
2026-01-06 00:28:00,s7228,u1254,Ivory Coast,Smart TV,Documentary D,1,89,0.61,0.27,6323,5367,STARTUP_TIMEOUT
2026-01-06 00:29:00,s7229,u2495,Senegal,Web,Sport Live,1,69,1.36,0.04,6511,5084,
2026-01-06 00:30:00,s7230,u237,Cameroon,iOS,Documentary D,1,25,1.39,0.55,7197,4297,
2026-01-06 00:31:00,s7231,u1272,Tunisia,STB,Movie C,1,85,0.84,0.04,2581,2389,CDN_ERROR
2026-01-06 00:32:00,s7232,u1842,Morocco,Mobile,Kids Show,1,84,1.27,0.27,1641,2672,BUFFERING_ERROR
2026-01-06 00:33:00,s7233,u1031,Senegal,STB,Series A,1,65,0.11,0.39,10528,3962,STARTUP_TIMEOUT
2026-01-06 00:34:00,s7234,u1930,Tunisia,iOS,Sport Live,1,4,0.8,0.03,3178,1514,
2026-01-06 00:35:00,s7235,u1613,Tunisia,Smart TV,Sport Live,1,62,0.03,0.28,3759,3906,BUFFERING_ERROR
2026-01-06 00:36:00,s7236,u496,France,Android TV,Documentary D,1,28,0.07,0.01,10242,5325,
2026-01-06 00:37:00,s7237,u2249,France,Smart TV,Movie C,1,39,0.86,0.37,1794,2251,CDN_ERROR
2026-01-06 00:38:00,s7238,u1871,Tunisia,STB,Series A,1,48,0.28,0.28,4024,3332,
2026-01-06 00:39:00,s7239,u2066,Tunisia,Smart TV,Kids Show,1,15,1.0,0.34,11402,5080,BUFFERING_ERROR
2026-01-06 00:40:00,s7240,u46,Cameroon,STB,Sport Live,1,40,0.08,0.22,7041,646,
2026-01-06 00:41:00,s7241,u2166,Tunisia,iOS,Movie C,1,63,0.35,0.36,11373,842,
2026-01-06 00:42:00,s7242,u2326,Senegal,Mobile,Series B,1,76,0.02,0.51,10368,4177,AUTH_ERROR
2026-01-06 00:43:00,s7243,u1995,Cameroon,Android TV,Series B,1,77,0.82,0.09,4286,2248,
2026-01-06 00:44:00,s7244,u2443,France,STB,Movie C,1,58,1.23,0.02,10829,4825,
2026-01-06 00:45:00,s7245,u2302,France,Smart TV,Movie C,1,63,1.37,0.13,701,680,
2026-01-06 00:46:00,s7246,u1526,Cameroon,STB,Series A,1,87,1.1,0.13,6012,3642,CDN_ERROR
2026-01-06 00:47:00,s7247,u573,Cameroon,iOS,Sport Live,1,90,0.69,0.03,3476,3080,
2026-01-06 00:48:00,s7248,u488,Morocco,Mobile,Movie C,1,14,1.32,0.43,1756,1935,LOW_BITRATE
2026-01-06 00:49:00,s7249,u299,Morocco,Android TV,Kids Show,1,87,0.78,0.44,5141,4473,AUTH_ERROR
2026-01-06 00:50:00,s7250,u1170,Cameroon,Smart TV,Movie C,1,11,0.74,0.21,5678,2121,LOW_BITRATE
2026-01-06 00:51:00,s7251,u2377,Tunisia,Web,Sport Live,1,78,0.84,0.1,4608,5454,CDN_ERROR
2026-01-06 00:52:00,s7252,u1580,Morocco,Smart TV,Kids Show,1,50,1.5,0.15,930,3230,STARTUP_TIMEOUT
2026-01-06 00:53:00,s7253,u1313,Tunisia,STB,Series B,1,57,1.11,0.04,4922,3537,
2026-01-06 00:54:00,s7254,u364,Tunisia,iOS,Series B,1,35,1.43,0.21,8198,1312,AUTH_ERROR
2026-01-06 00:55:00,s7255,u721,Cameroon,iOS,Documentary D,1,11,0.89,0.47,7193,4963,
2026-01-06 00:56:00,s7256,u2140,Cameroon,Android TV,Series B,1,5,1.31,0.15,9059,3553,
2026-01-06 00:57:00,s7257,u446,Morocco,Web,Sport Live,1,76,1.02,0.25,7386,1347,AUTH_ERROR
2026-01-06 00:58:00,s7258,u2409,Ivory Coast,Mobile,Kids Show,1,60,0.04,0.12,1725,4707,AUTH_ERROR
2026-01-06 00:59:00,s7259,u949,Ivory Coast,iOS,Series A,1,82,0.05,0.42,7601,3720,AUTH_ERROR
2026-01-06 01:00:00,s7260,u745,France,Smart TV,Kids Show,1,13,1.21,0.53,11901,3965,
2026-01-06 01:01:00,s7261,u531,France,STB,Movie C,1,69,0.72,0.26,10524,463,
2026-01-06 01:02:00,s7262,u1079,Tunisia,Android TV,Series B,1,29,0.89,0.51,9779,1303,BUFFERING_ERROR
2026-01-06 01:03:00,s7263,u1311,Morocco,Mobile,Kids Show,1,25,1.14,0.53,2438,1039,
2026-01-06 01:04:00,s7264,u1975,Senegal,Smart TV,Sport Live,1,42,0.83,0.27,2196,765,BUFFERING_ERROR
2026-01-06 01:05:00,s7265,u635,Tunisia,STB,Movie C,1,47,1.08,0.14,2566,1540,STARTUP_TIMEOUT
2026-01-06 01:06:00,s7266,u1788,Tunisia,STB,Movie C,1,73,0.18,0.06,11679,1242,CDN_ERROR
2026-01-06 01:07:00,s7267,u2467,Tunisia,Smart TV,Series B,1,32,1.33,0.29,3426,4688,STARTUP_TIMEOUT
2026-01-06 01:08:00,s7268,u534,Senegal,Android TV,Series A,1,87,0.3,0.21,2003,741,LOW_BITRATE
2026-01-06 01:09:00,s7269,u923,Cameroon,Web,Series B,1,6,0.07,0.38,5671,4838,
2026-01-06 01:10:00,s7270,u2161,France,Smart TV,Kids Show,1,47,0.31,0.16,7451,4521,STARTUP_TIMEOUT
2026-01-06 01:11:00,s7271,u1828,Morocco,Android TV,Sport Live,1,86,0.49,0.01,4571,5227,CDN_ERROR
2026-01-06 01:12:00,s7272,u181,Cameroon,Mobile,Series A,1,22,1.36,0.22,4864,4671,
2026-01-06 01:13:00,s7273,u1800,Cameroon,Mobile,Series A,1,15,1.26,0.16,9650,5219,AUTH_ERROR
2026-01-06 01:14:00,s7274,u22,Ivory Coast,STB,Series A,1,32,1.13,0.51,10667,4745,STARTUP_TIMEOUT
2026-01-06 01:15:00,s7275,u2387,France,Android TV,Series A,1,46,0.07,0.17,4885,5340,
2026-01-06 01:16:00,s7276,u2264,France,Smart TV,Documentary D,1,83,0.89,0.29,10068,2444,CDN_ERROR
2026-01-06 01:17:00,s7277,u123,Morocco,Android TV,Kids Show,1,39,0.11,0.38,2965,3995,
2026-01-06 01:18:00,s7278,u2094,Morocco,Web,Series A,1,56,0.57,0.44,2079,3825,
2026-01-06 01:19:00,s7279,u1754,Tunisia,Smart TV,Kids Show,1,9,0.76,0.15,1863,1247,
2026-01-06 01:20:00,s7280,u229,Cameroon,STB,Documentary D,1,18,0.47,0.5,11132,5974,
2026-01-06 01:21:00,s7281,u1679,Tunisia,iOS,Series A,1,49,0.99,0.12,3037,1582,AUTH_ERROR
2026-01-06 01:22:00,s7282,u1818,Cameroon,Smart TV,Series B,1,82,0.74,0.34,4970,428,CDN_ERROR
2026-01-06 01:23:00,s7283,u1983,Senegal,Smart TV,Series B,1,4,1.18,0.53,11810,5676,STARTUP_TIMEOUT
2026-01-06 01:24:00,s7284,u854,Tunisia,Android TV,Series A,1,74,0.36,0.3,762,5509,BUFFERING_ERROR
2026-01-06 01:25:00,s7285,u199,Cameroon,iOS,Movie C,1,25,0.72,0.34,1745,5364,
2026-01-06 01:26:00,s7286,u2390,Tunisia,Smart TV,Kids Show,1,11,1.38,0.26,1442,1083,
2026-01-06 01:27:00,s7287,u333,Cameroon,Web,Kids Show,1,61,0.17,0.4,7827,2949,AUTH_ERROR
2026-01-06 01:28:00,s7288,u1003,Ivory Coast,Smart TV,Kids Show,1,57,0.26,0.12,3568,641,STARTUP_TIMEOUT
2026-01-06 01:29:00,s7289,u616,Ivory Coast,Mobile,Documentary D,1,42,0.17,0.11,3359,3162,CDN_ERROR
2026-01-06 01:30:00,s7290,u820,Morocco,Android TV,Series B,1,1,0.04,0.14,3565,766,BUFFERING_ERROR
2026-01-06 01:31:00,s7291,u161,Morocco,STB,Movie C,1,81,1.08,0.2,10010,2521,CDN_ERROR
2026-01-06 01:32:00,s7292,u2127,France,STB,Series A,1,73,1.08,0.42,6744,710,
2026-01-06 01:33:00,s7293,u176,France,Web,Sport Live,1,83,1.22,0.34,8388,1998,
2026-01-06 01:34:00,s7294,u1832,Cameroon,Web,Series A,1,28,0.48,0.21,9570,1973,
2026-01-06 01:35:00,s7295,u82,Morocco,Smart TV,Sport Live,1,82,0.89,0.32,6612,4549,BUFFERING_ERROR
2026-01-06 01:36:00,s7296,u530,Senegal,Android TV,Series A,1,9,1.07,0.29,11391,2212,
2026-01-06 01:37:00,s7297,u61,Morocco,STB,Series A,1,74,0.78,0.52,2894,2796,
2026-01-06 01:38:00,s7298,u180,Senegal,STB,Sport Live,1,82,1.02,0.19,9055,5431,BUFFERING_ERROR
2026-01-06 01:39:00,s7299,u202,France,Android TV,Series A,1,68,0.23,0.02,8009,5855,
2026-01-06 01:40:00,s7300,u2378,Senegal,STB,Series B,1,88,0.09,0.54,4944,2957,STARTUP_TIMEOUT
2026-01-06 01:41:00,s7301,u1205,France,Android TV,Series B,1,63,1.41,0.53,6397,5591,
2026-01-06 01:42:00,s7302,u1442,Morocco,iOS,Movie C,1,24,1.08,0.06,8443,5309,STARTUP_TIMEOUT
2026-01-06 01:43:00,s7303,u921,Senegal,Android TV,Documentary D,1,7,0.22,0.06,3718,5577,STARTUP_TIMEOUT
2026-01-06 01:44:00,s7304,u1085,Morocco,Smart TV,Sport Live,1,71,0.73,0.55,2571,2032,AUTH_ERROR
2026-01-06 01:45:00,s7305,u704,Senegal,iOS,Series B,1,49,1.26,0.15,11325,5682,
2026-01-06 01:46:00,s7306,u122,France,Mobile,Movie C,1,21,1.07,0.18,7290,2730,STARTUP_TIMEOUT
2026-01-06 01:47:00,s7307,u200,Cameroon,iOS,Movie C,1,39,0.07,0.53,10409,3083,
2026-01-06 01:48:00,s7308,u459,Tunisia,Mobile,Documentary D,1,84,0.15,0.41,10719,4407,
2026-01-06 01:49:00,s7309,u1070,Tunisia,STB,Sport Live,1,47,1.44,0.09,1282,1485,STARTUP_TIMEOUT
2026-01-06 01:50:00,s7310,u1654,Senegal,Smart TV,Movie C,1,28,1.41,0.14,9661,3845,AUTH_ERROR
2026-01-06 01:51:00,s7311,u1112,Senegal,Mobile,Series B,1,7,1.21,0.35,5388,5697,
2026-01-06 01:52:00,s7312,u2444,Senegal,iOS,Series B,1,86,1.35,0.04,11719,2995,LOW_BITRATE
2026-01-06 01:53:00,s7313,u1105,Senegal,iOS,Movie C,1,52,0.97,0.32,1128,5171,
2026-01-06 01:54:00,s7314,u733,Senegal,Smart TV,Series B,1,3,1.32,0.51,1091,5814,LOW_BITRATE
2026-01-06 01:55:00,s7315,u1988,Cameroon,Web,Kids Show,1,5,0.51,0.32,6497,5449,
2026-01-06 01:56:00,s7316,u2159,Morocco,Smart TV,Kids Show,1,33,1.13,0.19,1679,4095,
2026-01-06 01:57:00,s7317,u1212,Ivory Coast,Web,Documentary D,1,9,0.33,0.33,1610,4780,CDN_ERROR
2026-01-06 01:58:00,s7318,u167,Tunisia,Smart TV,Sport Live,1,67,0.53,0.21,757,1322,STARTUP_TIMEOUT
2026-01-06 01:59:00,s7319,u561,Tunisia,Smart TV,Series B,1,72,1.46,0.53,8949,3077,
2026-01-06 02:00:00,s7320,u1445,Senegal,Smart TV,Series A,1,32,1.36,0.47,6499,797,AUTH_ERROR
2026-01-06 02:01:00,s7321,u2263,Tunisia,Web,Series A,1,26,0.02,0.23,10527,5193,
2026-01-06 02:02:00,s7322,u886,Morocco,Smart TV,Movie C,1,32,0.83,0.18,4203,4201,AUTH_ERROR
2026-01-06 02:03:00,s7323,u922,Senegal,Mobile,Series B,1,21,0.39,0.08,4578,1393,AUTH_ERROR
2026-01-06 02:04:00,s7324,u2126,Senegal,Smart TV,Documentary D,1,64,1.47,0.19,8504,1818,STARTUP_TIMEOUT
2026-01-06 02:05:00,s7325,u824,Senegal,Web,Sport Live,1,17,0.6,0.33,5772,1433,
2026-01-06 02:06:00,s7326,u2249,Morocco,STB,Kids Show,1,88,0.27,0.43,1863,3747,
2026-01-06 02:07:00,s7327,u2400,France,STB,Kids Show,1,54,0.81,0.37,2924,902,
2026-01-06 02:08:00,s7328,u1511,Senegal,Smart TV,Series B,1,46,0.21,0.16,10555,2041,AUTH_ERROR
2026-01-06 02:09:00,s7329,u368,Morocco,Web,Series A,1,26,0.22,0.23,11292,1743,CDN_ERROR
2026-01-06 02:10:00,s7330,u124,France,Web,Sport Live,1,3,0.54,0.1,11754,5932,STARTUP_TIMEOUT
2026-01-06 02:11:00,s7331,u808,Morocco,iOS,Series B,1,30,0.13,0.07,10884,1353,
2026-01-06 02:12:00,s7332,u1922,Tunisia,STB,Series A,1,67,1.08,0.11,8667,5487,CDN_ERROR
2026-01-06 02:13:00,s7333,u2430,France,Mobile,Sport Live,1,74,0.61,0.41,2427,1562,
2026-01-06 02:14:00,s7334,u1693,Morocco,STB,Kids Show,1,81,0.18,0.45,10949,1997,
2026-01-06 02:15:00,s7335,u2061,Cameroon,Android TV,Documentary D,1,85,1.09,0.24,7721,3958,
2026-01-06 02:16:00,s7336,u2136,Cameroon,Smart TV,Series B,1,86,0.58,0.11,4160,1482,BUFFERING_ERROR
2026-01-06 02:17:00,s7337,u483,Cameroon,Android TV,Kids Show,1,53,1.42,0.43,3041,993,STARTUP_TIMEOUT
2026-01-06 02:18:00,s7338,u415,Ivory Coast,Mobile,Documentary D,1,3,0.87,0.12,10176,3939,
2026-01-06 02:19:00,s7339,u629,Cameroon,Smart TV,Series A,1,38,1.46,0.51,10242,1319,AUTH_ERROR
2026-01-06 02:20:00,s7340,u514,Morocco,Android TV,Sport Live,1,1,0.41,0.2,10517,5167,STARTUP_TIMEOUT
2026-01-06 02:21:00,s7341,u2274,Tunisia,Smart TV,Documentary D,1,40,1.09,0.3,3039,2686,LOW_BITRATE
2026-01-06 02:22:00,s7342,u1439,France,Android TV,Documentary D,1,17,0.21,0.1,10272,3784,STARTUP_TIMEOUT
2026-01-06 02:23:00,s7343,u617,Senegal,iOS,Sport Live,1,2,0.58,0.43,3538,604,
2026-01-06 02:24:00,s7344,u721,France,STB,Sport Live,1,24,1.2,0.51,3915,1420,BUFFERING_ERROR
2026-01-06 02:25:00,s7345,u84,Morocco,Smart TV,Movie C,1,80,0.08,0.34,11297,5229,
2026-01-06 02:26:00,s7346,u519,France,Mobile,Documentary D,1,13,0.56,0.38,3916,5430,
2026-01-06 02:27:00,s7347,u1936,Morocco,STB,Movie C,1,79,0.98,0.08,1284,2746,
2026-01-06 02:28:00,s7348,u2463,Cameroon,Mobile,Kids Show,1,40,0.24,0.09,5269,4321,
2026-01-06 02:29:00,s7349,u2192,Tunisia,Smart TV,Series B,1,67,0.56,0.05,5844,5076,LOW_BITRATE
2026-01-06 02:30:00,s7350,u239,Tunisia,Mobile,Documentary D,1,28,0.03,0.32,9066,4131,LOW_BITRATE
2026-01-06 02:31:00,s7351,u603,Morocco,STB,Documentary D,1,64,0.15,0.46,7495,1929,AUTH_ERROR
2026-01-06 02:32:00,s7352,u137,Cameroon,Mobile,Kids Show,1,89,0.1,0.31,7443,3762,STARTUP_TIMEOUT
2026-01-06 02:33:00,s7353,u2119,France,iOS,Series A,1,49,1.23,0.47,3542,742,BUFFERING_ERROR
2026-01-06 02:34:00,s7354,u1259,Ivory Coast,Android TV,Documentary D,1,69,1.14,0.32,10349,571,
2026-01-06 02:35:00,s7355,u2067,France,Web,Kids Show,1,36,0.66,0.04,6551,5825,AUTH_ERROR
2026-01-06 02:36:00,s7356,u935,Cameroon,Smart TV,Sport Live,1,48,0.36,0.27,5571,2577,STARTUP_TIMEOUT
2026-01-06 02:37:00,s7357,u677,Tunisia,iOS,Documentary D,1,47,0.24,0.47,6820,4030,
2026-01-06 02:38:00,s7358,u2195,Ivory Coast,STB,Documentary D,1,84,0.15,0.44,6957,4031,
2026-01-06 02:39:00,s7359,u592,Tunisia,Web,Series A,1,40,1.11,0.36,5632,4364,
2026-01-06 02:40:00,s7360,u2169,Senegal,Mobile,Sport Live,1,49,0.26,0.38,4238,4165,
2026-01-06 02:41:00,s7361,u494,Tunisia,Mobile,Kids Show,1,39,0.78,0.38,8319,5938,
2026-01-06 02:42:00,s7362,u1520,Cameroon,STB,Documentary D,1,42,0.37,0.25,11711,869,LOW_BITRATE
2026-01-06 02:43:00,s7363,u2359,France,Web,Movie C,1,43,0.17,0.13,6285,491,STARTUP_TIMEOUT
2026-01-06 02:44:00,s7364,u1646,Morocco,Web,Kids Show,1,47,1.26,0.04,3556,1293,AUTH_ERROR
2026-01-06 02:45:00,s7365,u2165,Senegal,Mobile,Movie C,1,51,1.49,0.1,2437,3189,AUTH_ERROR
2026-01-06 02:46:00,s7366,u400,Ivory Coast,Mobile,Sport Live,1,51,0.18,0.47,4130,856,
2026-01-06 02:47:00,s7367,u1898,Tunisia,Mobile,Movie C,1,81,1.32,0.5,837,2315,
2026-01-06 02:48:00,s7368,u337,Tunisia,Smart TV,Sport Live,1,88,0.96,0.37,10868,3883,AUTH_ERROR
2026-01-06 02:49:00,s7369,u1111,Tunisia,iOS,Documentary D,1,42,0.78,0.45,7445,1785,BUFFERING_ERROR
2026-01-06 02:50:00,s7370,u426,Morocco,Android TV,Documentary D,1,46,1.13,0.35,7009,4631,
2026-01-06 02:51:00,s7371,u725,Senegal,Mobile,Kids Show,1,18,0.67,0.22,1429,4580,CDN_ERROR
2026-01-06 02:52:00,s7372,u1956,France,Android TV,Kids Show,1,68,0.8,0.46,6678,3000,LOW_BITRATE
2026-01-06 02:53:00,s7373,u679,Cameroon,STB,Kids Show,1,35,1.27,0.15,6953,4068,CDN_ERROR
2026-01-06 02:54:00,s7374,u1947,Cameroon,Web,Movie C,1,62,0.47,0.41,10453,590,LOW_BITRATE
2026-01-06 02:55:00,s7375,u2442,Tunisia,Web,Series B,1,71,0.2,0.27,7456,4871,LOW_BITRATE
2026-01-06 02:56:00,s7376,u642,Tunisia,Android TV,Movie C,1,5,0.33,0.42,4391,4975,
2026-01-06 02:57:00,s7377,u786,Cameroon,Android TV,Series A,1,48,0.67,0.52,6625,3203,AUTH_ERROR
2026-01-06 02:58:00,s7378,u195,Ivory Coast,STB,Series B,1,65,0.24,0.13,5552,694,
2026-01-06 02:59:00,s7379,u803,Tunisia,iOS,Series B,1,81,1.33,0.39,10186,1379,CDN_ERROR
2026-01-06 03:00:00,s7380,u1132,Ivory Coast,Smart TV,Sport Live,1,81,0.72,0.09,6476,4506,LOW_BITRATE
2026-01-06 03:01:00,s7381,u1911,Senegal,iOS,Kids Show,1,83,1.49,0.15,1937,2492,
2026-01-06 03:02:00,s7382,u59,Tunisia,iOS,Kids Show,1,41,0.98,0.12,11840,2385,STARTUP_TIMEOUT
2026-01-06 03:03:00,s7383,u1587,Cameroon,STB,Kids Show,1,72,1.23,0.22,11651,5052,BUFFERING_ERROR
2026-01-06 03:04:00,s7384,u2138,Tunisia,Web,Series A,1,59,1.31,0.19,4675,4975,CDN_ERROR
2026-01-06 03:05:00,s7385,u1155,Cameroon,iOS,Sport Live,1,74,0.88,0.47,6782,880,CDN_ERROR
2026-01-06 03:06:00,s7386,u1965,Morocco,STB,Documentary D,1,78,1.15,0.35,6362,2456,LOW_BITRATE
2026-01-06 03:07:00,s7387,u844,Ivory Coast,Smart TV,Movie C,1,36,1.09,0.5,5047,2643,LOW_BITRATE
2026-01-06 03:08:00,s7388,u2125,Senegal,Android TV,Documentary D,1,44,0.61,0.52,9448,2691,AUTH_ERROR
2026-01-06 03:09:00,s7389,u418,Cameroon,Android TV,Movie C,1,57,1.23,0.23,9970,5512,
2026-01-06 03:10:00,s7390,u55,Ivory Coast,iOS,Series B,1,45,0.08,0.16,6175,1142,STARTUP_TIMEOUT
2026-01-06 03:11:00,s7391,u2163,France,STB,Kids Show,1,25,0.13,0.12,1593,2745,LOW_BITRATE
2026-01-06 03:12:00,s7392,u131,France,iOS,Documentary D,1,83,1.4,0.5,4581,5375,CDN_ERROR
2026-01-06 03:13:00,s7393,u36,Cameroon,Mobile,Series A,1,63,0.11,0.04,6845,2518,
2026-01-06 03:14:00,s7394,u1552,Tunisia,Web,Series A,1,65,0.55,0.12,3483,4692,
2026-01-06 03:15:00,s7395,u858,Morocco,Smart TV,Documentary D,1,32,0.05,0.39,8356,1706,AUTH_ERROR
2026-01-06 03:16:00,s7396,u2458,Ivory Coast,STB,Documentary D,1,58,0.9,0.2,8831,3563,
2026-01-06 03:17:00,s7397,u977,Ivory Coast,STB,Documentary D,1,34,0.75,0.07,1237,3790,BUFFERING_ERROR
2026-01-06 03:18:00,s7398,u2142,Morocco,Mobile,Series A,1,11,0.76,0.16,2140,5422,LOW_BITRATE
2026-01-06 03:19:00,s7399,u63,Ivory Coast,Android TV,Sport Live,1,34,0.55,0.24,5178,2742,BUFFERING_ERROR
2026-01-06 03:20:00,s7400,u2291,Ivory Coast,Web,Kids Show,1,80,1.43,0.12,1438,3883,
2026-01-06 03:21:00,s7401,u1087,Ivory Coast,Web,Series B,1,56,0.62,0.07,9520,1544,BUFFERING_ERROR
2026-01-06 03:22:00,s7402,u1159,Ivory Coast,iOS,Documentary D,1,5,0.17,0.15,1240,643,
2026-01-06 03:23:00,s7403,u1380,Tunisia,STB,Documentary D,1,10,0.91,0.35,2259,4243,BUFFERING_ERROR
2026-01-06 03:24:00,s7404,u2314,France,Web,Series B,1,66,0.36,0.33,4341,783,AUTH_ERROR
2026-01-06 03:25:00,s7405,u2013,France,Mobile,Series A,1,19,0.17,0.16,11376,1347,LOW_BITRATE
2026-01-06 03:26:00,s7406,u2333,Morocco,iOS,Series B,1,8,0.97,0.23,7927,3630,AUTH_ERROR
2026-01-06 03:27:00,s7407,u1225,France,STB,Kids Show,1,27,1.19,0.21,8949,4139,AUTH_ERROR
2026-01-06 03:28:00,s7408,u806,Cameroon,STB,Documentary D,1,77,0.74,0.03,11828,5122,
2026-01-06 03:29:00,s7409,u1788,Senegal,STB,Documentary D,1,60,0.07,0.49,9393,5501,AUTH_ERROR
2026-01-06 03:30:00,s7410,u1243,Tunisia,Web,Sport Live,1,72,0.59,0.18,7984,2418,
2026-01-06 03:31:00,s7411,u934,Tunisia,iOS,Sport Live,1,81,0.91,0.31,1326,1466,BUFFERING_ERROR
2026-01-06 03:32:00,s7412,u1430,Morocco,Web,Kids Show,1,37,1.01,0.29,5906,5419,AUTH_ERROR
2026-01-06 03:33:00,s7413,u626,Morocco,Smart TV,Movie C,1,6,0.37,0.12,7250,1325,
2026-01-06 03:34:00,s7414,u1805,Morocco,Web,Documentary D,1,75,0.31,0.43,6338,4851,
2026-01-06 03:35:00,s7415,u1519,Morocco,STB,Sport Live,1,28,0.43,0.5,3736,5460,CDN_ERROR
2026-01-06 03:36:00,s7416,u1821,Morocco,Mobile,Documentary D,1,65,0.5,0.55,9892,424,BUFFERING_ERROR
2026-01-06 03:37:00,s7417,u479,Ivory Coast,Smart TV,Series A,1,44,0.49,0.09,6683,1610,
2026-01-06 03:38:00,s7418,u796,Tunisia,Android TV,Sport Live,1,31,0.33,0.27,2123,3516,STARTUP_TIMEOUT
2026-01-06 03:39:00,s7419,u394,Cameroon,Smart TV,Documentary D,1,1,0.58,0.34,6017,3776,
2026-01-06 03:40:00,s7420,u1509,Tunisia,Web,Series A,1,8,1.5,0.4,7613,5897,BUFFERING_ERROR
2026-01-06 03:41:00,s7421,u1082,Cameroon,Android TV,Series A,1,32,1.03,0.28,5445,3728,
2026-01-06 03:42:00,s7422,u34,Morocco,Android TV,Sport Live,1,66,0.84,0.39,10106,1109,AUTH_ERROR
2026-01-06 03:43:00,s7423,u2243,Tunisia,Web,Kids Show,1,31,0.38,0.24,8935,993,AUTH_ERROR
2026-01-06 03:44:00,s7424,u1402,Morocco,Smart TV,Kids Show,1,11,0.09,0.16,11089,4203,LOW_BITRATE
2026-01-06 03:45:00,s7425,u418,Senegal,Smart TV,Movie C,1,56,0.78,0.29,7566,1660,
2026-01-06 03:46:00,s7426,u1759,Morocco,iOS,Documentary D,1,21,0.14,0.17,2273,592,CDN_ERROR
2026-01-06 03:47:00,s7427,u2421,Senegal,Android TV,Sport Live,1,67,0.68,0.51,9882,1723,BUFFERING_ERROR
2026-01-06 03:48:00,s7428,u1082,Senegal,Web,Documentary D,1,38,0.49,0.43,4680,652,LOW_BITRATE
2026-01-06 03:49:00,s7429,u1840,Morocco,Smart TV,Sport Live,1,39,1.45,0.41,5617,2636,
2026-01-06 03:50:00,s7430,u294,Senegal,STB,Sport Live,1,84,0.08,0.42,4964,5843,
2026-01-06 03:51:00,s7431,u1196,Senegal,Mobile,Series A,1,12,0.17,0.17,9654,834,
2026-01-06 03:52:00,s7432,u871,Senegal,Android TV,Kids Show,1,61,1.09,0.23,9337,2386,BUFFERING_ERROR
2026-01-06 03:53:00,s7433,u1412,Cameroon,Android TV,Series B,1,80,1.33,0.28,9773,4980,BUFFERING_ERROR
2026-01-06 03:54:00,s7434,u1286,Ivory Coast,iOS,Kids Show,1,68,1.26,0.52,6347,2876,
2026-01-06 03:55:00,s7435,u1491,Ivory Coast,iOS,Series B,1,83,0.31,0.06,5618,5984,
2026-01-06 03:56:00,s7436,u1468,Senegal,Mobile,Series B,1,87,0.75,0.28,1455,460,LOW_BITRATE
2026-01-06 03:57:00,s7437,u1959,Morocco,Android TV,Sport Live,1,67,0.93,0.02,869,1330,BUFFERING_ERROR
2026-01-06 03:58:00,s7438,u2351,Cameroon,Web,Sport Live,1,76,0.77,0.22,8014,5554,STARTUP_TIMEOUT
2026-01-06 03:59:00,s7439,u2380,Tunisia,Smart TV,Series B,1,17,1.12,0.33,11337,4143,STARTUP_TIMEOUT
2026-01-06 04:00:00,s7440,u465,France,Mobile,Sport Live,1,26,1.32,0.3,3775,2500,BUFFERING_ERROR
2026-01-06 04:01:00,s7441,u385,Senegal,Android TV,Kids Show,1,83,1.21,0.39,4117,4992,STARTUP_TIMEOUT
2026-01-06 04:02:00,s7442,u437,Morocco,Web,Documentary D,1,49,0.45,0.43,5355,591,
2026-01-06 04:03:00,s7443,u173,Tunisia,Web,Movie C,1,14,0.55,0.31,5019,3944,
2026-01-06 04:04:00,s7444,u680,Morocco,iOS,Documentary D,1,72,0.28,0.14,4360,2237,AUTH_ERROR
2026-01-06 04:05:00,s7445,u1927,Senegal,Mobile,Movie C,1,27,1.49,0.42,4874,4390,
2026-01-06 04:06:00,s7446,u1599,Morocco,Web,Sport Live,1,52,1.39,0.32,11525,5369,CDN_ERROR
2026-01-06 04:07:00,s7447,u132,Morocco,Android TV,Sport Live,1,15,0.01,0.16,8899,2894,CDN_ERROR
2026-01-06 04:08:00,s7448,u2083,France,STB,Movie C,1,32,0.53,0.13,5363,5053,
2026-01-06 04:09:00,s7449,u1886,Morocco,iOS,Series B,1,38,0.44,0.39,1291,1119,
2026-01-06 04:10:00,s7450,u2234,Senegal,iOS,Movie C,1,34,1.05,0.09,4980,2027,CDN_ERROR
2026-01-06 04:11:00,s7451,u1754,Ivory Coast,Smart TV,Documentary D,1,74,1.27,0.46,5543,5522,CDN_ERROR
2026-01-06 04:12:00,s7452,u498,Senegal,Mobile,Documentary D,1,69,1.11,0.12,10097,2167,
2026-01-06 04:13:00,s7453,u2162,Senegal,Mobile,Documentary D,1,3,1.15,0.49,9275,3525,BUFFERING_ERROR
2026-01-06 04:14:00,s7454,u2241,Tunisia,Web,Series A,1,25,1.2,0.51,7409,2283,
2026-01-06 04:15:00,s7455,u2163,Ivory Coast,Smart TV,Kids Show,1,76,0.19,0.4,10934,4528,BUFFERING_ERROR
2026-01-06 04:16:00,s7456,u1901,Morocco,iOS,Documentary D,1,85,1.28,0.1,11951,1484,
2026-01-06 04:17:00,s7457,u2361,Senegal,STB,Movie C,1,88,0.85,0.4,6453,2619,AUTH_ERROR
2026-01-06 04:18:00,s7458,u2436,Tunisia,Mobile,Kids Show,1,53,0.65,0.4,1414,2928,LOW_BITRATE
2026-01-06 04:19:00,s7459,u1792,Ivory Coast,Smart TV,Sport Live,1,16,0.3,0.41,2788,4368,
2026-01-06 04:20:00,s7460,u1123,Senegal,Smart TV,Series B,1,87,1.08,0.15,7719,5830,STARTUP_TIMEOUT
2026-01-06 04:21:00,s7461,u2431,Senegal,Web,Series A,1,56,0.31,0.04,1006,4687,AUTH_ERROR
2026-01-06 04:22:00,s7462,u365,Ivory Coast,Mobile,Series B,1,5,0.45,0.49,2009,2000,AUTH_ERROR
2026-01-06 04:23:00,s7463,u2184,France,Mobile,Movie C,1,22,0.64,0.44,6084,845,
2026-01-06 04:24:00,s7464,u1906,Tunisia,Smart TV,Series B,1,29,1.5,0.51,1868,1527,
2026-01-06 04:25:00,s7465,u363,Morocco,iOS,Series B,1,26,0.26,0.09,4072,4133,STARTUP_TIMEOUT
2026-01-06 04:26:00,s7466,u663,Cameroon,Mobile,Series B,1,57,0.6,0.34,9259,1010,STARTUP_TIMEOUT
2026-01-06 04:27:00,s7467,u194,Morocco,STB,Documentary D,1,59,0.64,0.25,1135,5571,CDN_ERROR
2026-01-06 04:28:00,s7468,u127,France,Web,Documentary D,1,34,0.54,0.37,6361,5428,
2026-01-06 04:29:00,s7469,u774,Ivory Coast,Android TV,Documentary D,1,28,1.17,0.29,6106,3679,AUTH_ERROR
2026-01-06 04:30:00,s7470,u1692,Ivory Coast,iOS,Series A,1,86,0.29,0.05,6063,2058,BUFFERING_ERROR
2026-01-06 04:31:00,s7471,u303,Ivory Coast,Web,Sport Live,1,47,0.74,0.37,3531,5979,LOW_BITRATE
2026-01-06 04:32:00,s7472,u537,France,iOS,Series A,1,79,0.55,0.52,7135,2162,LOW_BITRATE
2026-01-06 04:33:00,s7473,u941,Senegal,Web,Sport Live,1,88,0.45,0.2,5225,1596,CDN_ERROR
2026-01-06 04:34:00,s7474,u2424,France,Smart TV,Documentary D,1,47,0.7,0.54,7119,2381,
2026-01-06 04:35:00,s7475,u2171,Ivory Coast,iOS,Movie C,1,29,1.06,0.41,7266,523,
2026-01-06 04:36:00,s7476,u2145,Tunisia,iOS,Documentary D,1,55,0.27,0.36,4543,4584,CDN_ERROR
2026-01-06 04:37:00,s7477,u30,Morocco,STB,Series B,1,14,0.61,0.07,10040,3559,
2026-01-06 04:38:00,s7478,u92,Ivory Coast,Smart TV,Documentary D,1,82,1.43,0.2,1750,3928,BUFFERING_ERROR
2026-01-06 04:39:00,s7479,u2424,Tunisia,STB,Series A,1,74,1.4,0.08,7654,2242,CDN_ERROR
2026-01-06 04:40:00,s7480,u1318,Morocco,iOS,Sport Live,1,58,0.59,0.14,8344,5835,
2026-01-06 04:41:00,s7481,u41,Tunisia,Smart TV,Movie C,1,15,1.43,0.47,5275,5974,
2026-01-06 04:42:00,s7482,u1073,Cameroon,iOS,Movie C,1,32,0.6,0.27,9274,3899,STARTUP_TIMEOUT
2026-01-06 04:43:00,s7483,u385,Tunisia,Mobile,Movie C,1,56,0.43,0.33,5549,3379,LOW_BITRATE
2026-01-06 04:44:00,s7484,u9,France,Mobile,Sport Live,1,55,0.47,0.3,7916,1932,BUFFERING_ERROR
2026-01-06 04:45:00,s7485,u2344,Senegal,Android TV,Series B,1,42,0.12,0.48,6077,559,
2026-01-06 04:46:00,s7486,u214,Ivory Coast,STB,Sport Live,1,52,0.2,0.32,1807,1773,AUTH_ERROR
2026-01-06 04:47:00,s7487,u2461,Ivory Coast,iOS,Series A,1,69,1.0,0.42,9510,4119,STARTUP_TIMEOUT
2026-01-06 04:48:00,s7488,u1866,Tunisia,Smart TV,Series B,1,76,0.62,0.21,3190,3878,
2026-01-06 04:49:00,s7489,u311,Morocco,Mobile,Movie C,1,82,1.19,0.31,2965,4469,
2026-01-06 04:50:00,s7490,u1691,Senegal,iOS,Kids Show,1,69,1.36,0.38,7439,3229,CDN_ERROR
2026-01-06 04:51:00,s7491,u591,Ivory Coast,Android TV,Series B,1,71,0.39,0.44,11369,2069,BUFFERING_ERROR
2026-01-06 04:52:00,s7492,u1138,Cameroon,Mobile,Series B,1,39,1.12,0.11,8776,4136,STARTUP_TIMEOUT
2026-01-06 04:53:00,s7493,u969,France,iOS,Documentary D,1,75,1.35,0.42,4548,3730,BUFFERING_ERROR
2026-01-06 04:54:00,s7494,u1054,Senegal,Smart TV,Documentary D,1,4,0.95,0.54,2625,3324,CDN_ERROR
2026-01-06 04:55:00,s7495,u1020,Senegal,Smart TV,Documentary D,1,24,1.37,0.11,5811,1353,STARTUP_TIMEOUT
2026-01-06 04:56:00,s7496,u1028,Ivory Coast,Smart TV,Kids Show,1,23,0.56,0.03,4000,2219,STARTUP_TIMEOUT
2026-01-06 04:57:00,s7497,u453,Tunisia,Mobile,Series B,1,50,0.9,0.11,6784,5088,
2026-01-06 04:58:00,s7498,u1586,Tunisia,Smart TV,Movie C,1,57,0.21,0.31,10135,3283,
2026-01-06 04:59:00,s7499,u592,Senegal,STB,Series A,1,53,0.27,0.25,11581,5719,
2026-01-06 05:00:00,s7500,u2204,France,STB,Series A,1,55,0.13,0.28,5770,1962,
2026-01-06 05:01:00,s7501,u157,Cameroon,STB,Series B,1,44,0.6,0.06,4881,3197,LOW_BITRATE
2026-01-06 05:02:00,s7502,u214,Senegal,Mobile,Series A,1,36,0.3,0.5,10905,2007,
2026-01-06 05:03:00,s7503,u2142,Tunisia,Mobile,Series B,1,69,1.49,0.33,2483,2228,STARTUP_TIMEOUT
2026-01-06 05:04:00,s7504,u1204,Morocco,Android TV,Movie C,1,89,1.29,0.29,6743,5508,STARTUP_TIMEOUT
2026-01-06 05:05:00,s7505,u2231,Ivory Coast,Android TV,Series A,1,10,0.64,0.42,4955,433,STARTUP_TIMEOUT
2026-01-06 05:06:00,s7506,u1858,Cameroon,Android TV,Movie C,1,12,0.36,0.07,5719,4110,LOW_BITRATE
2026-01-06 05:07:00,s7507,u1786,Tunisia,Smart TV,Kids Show,1,23,1.29,0.05,3354,5405,
2026-01-06 05:08:00,s7508,u906,Tunisia,Smart TV,Movie C,1,39,0.91,0.08,10222,2015,CDN_ERROR
2026-01-06 05:09:00,s7509,u856,Ivory Coast,Mobile,Series A,1,90,0.9,0.23,3242,5665,AUTH_ERROR
2026-01-06 05:10:00,s7510,u433,Morocco,Smart TV,Documentary D,1,5,0.66,0.46,7885,455,LOW_BITRATE
2026-01-06 05:11:00,s7511,u2185,Cameroon,Mobile,Series B,1,49,0.38,0.33,7975,4862,STARTUP_TIMEOUT
2026-01-06 05:12:00,s7512,u1718,Ivory Coast,Mobile,Sport Live,1,23,1.32,0.09,1951,2764,CDN_ERROR
2026-01-06 05:13:00,s7513,u2246,France,Web,Sport Live,1,47,1.08,0.24,8204,5340,BUFFERING_ERROR
2026-01-06 05:14:00,s7514,u2415,Ivory Coast,STB,Series A,1,90,0.33,0.51,9921,1207,LOW_BITRATE
2026-01-06 05:15:00,s7515,u1020,Cameroon,Android TV,Series B,1,70,0.85,0.54,3504,3216,
2026-01-06 05:16:00,s7516,u2249,Ivory Coast,Android TV,Series A,1,46,0.34,0.4,6873,3449,
2026-01-06 05:17:00,s7517,u1869,Senegal,Smart TV,Sport Live,1,46,0.79,0.52,957,967,BUFFERING_ERROR
2026-01-06 05:18:00,s7518,u1187,Cameroon,STB,Kids Show,1,90,0.33,0.19,8988,4131,
2026-01-06 05:19:00,s7519,u385,Tunisia,Android TV,Series B,1,2,0.5,0.1,8083,1643,LOW_BITRATE
2026-01-06 05:20:00,s7520,u2235,France,Mobile,Kids Show,1,71,0.33,0.17,8860,912,STARTUP_TIMEOUT
2026-01-06 05:21:00,s7521,u37,France,iOS,Kids Show,1,4,0.17,0.36,10946,1859,BUFFERING_ERROR
2026-01-06 05:22:00,s7522,u2052,Morocco,Smart TV,Kids Show,1,11,0.13,0.19,6898,2595,
2026-01-06 05:23:00,s7523,u1657,Senegal,Android TV,Series B,1,53,0.27,0.13,2955,1554,AUTH_ERROR
2026-01-06 05:24:00,s7524,u374,Morocco,Mobile,Documentary D,1,86,1.37,0.12,3471,3311,LOW_BITRATE
2026-01-06 05:25:00,s7525,u2469,France,Web,Series A,1,58,1.31,0.41,6915,2630,BUFFERING_ERROR
2026-01-06 05:26:00,s7526,u1781,Senegal,Smart TV,Documentary D,1,16,1.34,0.31,2922,2831,LOW_BITRATE
2026-01-06 05:27:00,s7527,u1801,Senegal,Mobile,Series A,1,81,1.09,0.37,1360,3153,AUTH_ERROR
2026-01-06 05:28:00,s7528,u630,Morocco,Smart TV,Documentary D,1,71,1.3,0.12,11622,4277,
2026-01-06 05:29:00,s7529,u331,France,Web,Movie C,1,54,1.39,0.17,8149,3345,
2026-01-06 05:30:00,s7530,u71,Ivory Coast,STB,Documentary D,1,78,0.21,0.08,11416,5393,
2026-01-06 05:31:00,s7531,u1896,Tunisia,STB,Movie C,1,60,0.29,0.25,2117,2847,
2026-01-06 05:32:00,s7532,u1439,Tunisia,Android TV,Documentary D,1,51,1.15,0.15,927,2025,
2026-01-06 05:33:00,s7533,u1695,Senegal,Web,Documentary D,1,89,0.6,0.39,9878,2244,
2026-01-06 05:34:00,s7534,u2071,Morocco,Web,Series A,1,6,1.31,0.55,814,2668,LOW_BITRATE
2026-01-06 05:35:00,s7535,u133,France,Smart TV,Documentary D,1,12,0.03,0.45,2932,628,AUTH_ERROR
2026-01-06 05:36:00,s7536,u551,Senegal,Mobile,Series B,1,80,1.28,0.26,1634,2206,
2026-01-06 05:37:00,s7537,u985,Cameroon,Mobile,Sport Live,1,64,1.45,0.28,7735,1977,
2026-01-06 05:38:00,s7538,u331,Morocco,iOS,Sport Live,1,74,0.48,0.38,535,535,LOW_BITRATE
2026-01-06 05:39:00,s7539,u743,Senegal,Android TV,Series A,1,28,0.74,0.01,3456,4453,
2026-01-06 05:40:00,s7540,u2211,Ivory Coast,Mobile,Documentary D,1,25,1.3,0.31,11268,1385,
2026-01-06 05:41:00,s7541,u1987,Ivory Coast,Smart TV,Documentary D,1,80,1.39,0.03,4715,3535,CDN_ERROR
2026-01-06 05:42:00,s7542,u1604,Senegal,iOS,Documentary D,1,66,0.99,0.52,6257,2664,AUTH_ERROR
2026-01-06 05:43:00,s7543,u42,Tunisia,STB,Kids Show,1,8,1.24,0.22,3909,2294,BUFFERING_ERROR
2026-01-06 05:44:00,s7544,u1758,Tunisia,Smart TV,Series A,1,72,0.82,0.27,2844,5942,
2026-01-06 05:45:00,s7545,u1320,Morocco,Android TV,Kids Show,1,90,0.54,0.5,1819,4353,BUFFERING_ERROR
2026-01-06 05:46:00,s7546,u77,France,Mobile,Sport Live,1,83,0.46,0.46,11369,3386,CDN_ERROR
2026-01-06 05:47:00,s7547,u1383,Morocco,iOS,Kids Show,1,84,0.14,0.3,1237,911,
2026-01-06 05:48:00,s7548,u2482,France,Android TV,Sport Live,1,58,1.24,0.02,6251,2533,
2026-01-06 05:49:00,s7549,u2058,Cameroon,iOS,Series B,1,50,0.86,0.52,1690,1499,
2026-01-06 05:50:00,s7550,u1897,France,STB,Series B,1,24,1.4,0.35,6174,5319,CDN_ERROR
2026-01-06 05:51:00,s7551,u2380,Senegal,iOS,Series A,1,85,1.15,0.36,2647,1787,STARTUP_TIMEOUT
2026-01-06 05:52:00,s7552,u988,Tunisia,Mobile,Sport Live,1,69,0.78,0.53,10987,1352,
2026-01-06 05:53:00,s7553,u936,Senegal,iOS,Movie C,1,4,1.01,0.52,798,2863,LOW_BITRATE
2026-01-06 05:54:00,s7554,u1968,Senegal,STB,Series A,1,31,0.2,0.13,8689,2808,AUTH_ERROR
2026-01-06 05:55:00,s7555,u1757,Senegal,iOS,Kids Show,1,29,1.07,0.44,8469,5423,LOW_BITRATE
2026-01-06 05:56:00,s7556,u365,Morocco,Web,Movie C,1,40,0.92,0.24,1317,2477,LOW_BITRATE
2026-01-06 05:57:00,s7557,u1814,Cameroon,STB,Series A,1,70,0.96,0.4,3595,3077,
2026-01-06 05:58:00,s7558,u801,Morocco,STB,Series A,1,58,0.91,0.45,10294,5176,LOW_BITRATE
2026-01-06 05:59:00,s7559,u1374,France,iOS,Kids Show,1,43,1.0,0.43,1723,881,
2026-01-06 06:00:00,s7560,u256,Cameroon,Web,Kids Show,1,5,0.83,0.2,1751,3608,
2026-01-06 06:01:00,s7561,u993,France,Smart TV,Series B,1,33,0.93,0.43,8944,707,STARTUP_TIMEOUT
2026-01-06 06:02:00,s7562,u2429,Tunisia,Mobile,Kids Show,1,2,1.2,0.35,9999,3769,
2026-01-06 06:03:00,s7563,u1377,Cameroon,Web,Sport Live,1,36,0.71,0.45,2330,1851,STARTUP_TIMEOUT
2026-01-06 06:04:00,s7564,u1128,Cameroon,STB,Documentary D,1,24,0.24,0.19,5385,5367,AUTH_ERROR
2026-01-06 06:05:00,s7565,u264,France,Mobile,Documentary D,1,46,0.93,0.18,8123,3842,LOW_BITRATE
2026-01-06 06:06:00,s7566,u1105,Morocco,Android TV,Movie C,1,53,1.2,0.14,10283,5980,BUFFERING_ERROR
2026-01-06 06:07:00,s7567,u1559,Cameroon,Smart TV,Sport Live,1,44,0.21,0.14,8923,5356,CDN_ERROR
2026-01-06 06:08:00,s7568,u1766,Ivory Coast,Smart TV,Series A,1,79,0.34,0.27,3455,947,
2026-01-06 06:09:00,s7569,u2293,France,STB,Kids Show,1,81,0.27,0.28,2577,3419,STARTUP_TIMEOUT
2026-01-06 06:10:00,s7570,u2202,Ivory Coast,iOS,Sport Live,1,26,0.01,0.21,3737,2846,
2026-01-06 06:11:00,s7571,u521,Senegal,Android TV,Sport Live,1,15,0.4,0.4,893,3407,
2026-01-06 06:12:00,s7572,u1238,Tunisia,STB,Documentary D,1,60,1.22,0.11,6323,2682,
2026-01-06 06:13:00,s7573,u15,Morocco,iOS,Series B,1,80,1.05,0.5,11447,5642,CDN_ERROR
2026-01-06 06:14:00,s7574,u2296,France,STB,Series A,1,59,1.3,0.33,10047,3033,BUFFERING_ERROR
2026-01-06 06:15:00,s7575,u1362,Cameroon,iOS,Kids Show,1,89,0.45,0.15,11636,2352,
2026-01-06 06:16:00,s7576,u820,Morocco,iOS,Documentary D,1,15,1.17,0.16,2324,4124,STARTUP_TIMEOUT
2026-01-06 06:17:00,s7577,u558,Senegal,Android TV,Sport Live,1,46,0.68,0.54,9999,3483,
2026-01-06 06:18:00,s7578,u343,Tunisia,Android TV,Kids Show,1,20,0.78,0.21,10424,5601,BUFFERING_ERROR
2026-01-06 06:19:00,s7579,u2015,France,iOS,Movie C,1,8,0.44,0.39,2662,3095,
2026-01-06 06:20:00,s7580,u374,Senegal,iOS,Series B,1,58,0.02,0.09,9674,5938,
2026-01-06 06:21:00,s7581,u669,Ivory Coast,Android TV,Documentary D,1,55,1.47,0.03,9024,5179,
2026-01-06 06:22:00,s7582,u180,Morocco,Android TV,Series A,1,11,1.35,0.01,654,3598,AUTH_ERROR
2026-01-06 06:23:00,s7583,u2036,Cameroon,STB,Documentary D,1,76,0.82,0.41,7365,3204,BUFFERING_ERROR
2026-01-06 06:24:00,s7584,u532,Tunisia,Mobile,Kids Show,1,58,1.45,0.2,2419,3587,
2026-01-06 06:25:00,s7585,u847,Ivory Coast,Smart TV,Kids Show,1,14,0.77,0.1,7483,3677,BUFFERING_ERROR
2026-01-06 06:26:00,s7586,u575,Senegal,Smart TV,Series B,1,48,1.11,0.11,7787,2990,AUTH_ERROR
2026-01-06 06:27:00,s7587,u1814,Tunisia,Android TV,Kids Show,1,53,0.07,0.5,2609,3640,AUTH_ERROR
2026-01-06 06:28:00,s7588,u788,Tunisia,iOS,Sport Live,1,72,1.44,0.03,7228,4707,CDN_ERROR
2026-01-06 06:29:00,s7589,u414,Cameroon,Web,Kids Show,1,88,1.46,0.29,1359,2418,STARTUP_TIMEOUT
2026-01-06 06:30:00,s7590,u660,Ivory Coast,iOS,Series B,1,28,0.55,0.35,10473,2604,AUTH_ERROR
2026-01-06 06:31:00,s7591,u1454,Tunisia,Mobile,Sport Live,1,76,0.5,0.22,1593,3791,
2026-01-06 06:32:00,s7592,u2191,Morocco,Mobile,Series B,1,44,0.7,0.35,10816,1840,AUTH_ERROR
2026-01-06 06:33:00,s7593,u894,Morocco,iOS,Movie C,1,62,0.92,0.42,9665,5061,CDN_ERROR
2026-01-06 06:34:00,s7594,u1136,Ivory Coast,STB,Documentary D,1,80,0.75,0.5,2910,3835,
2026-01-06 06:35:00,s7595,u216,Cameroon,Android TV,Series A,1,54,0.28,0.38,5705,2141,
2026-01-06 06:36:00,s7596,u344,Tunisia,Smart TV,Movie C,1,41,0.61,0.52,9179,3632,
2026-01-06 06:37:00,s7597,u1064,France,STB,Sport Live,1,70,1.47,0.11,8356,1695,CDN_ERROR
2026-01-06 06:38:00,s7598,u802,Senegal,Android TV,Sport Live,1,14,0.41,0.37,3680,5768,STARTUP_TIMEOUT
2026-01-06 06:39:00,s7599,u371,Senegal,Mobile,Sport Live,1,83,1.41,0.4,2860,3138,CDN_ERROR
2026-01-06 06:40:00,s7600,u532,Cameroon,STB,Movie C,1,47,1.23,0.38,2512,4968,LOW_BITRATE
2026-01-06 06:41:00,s7601,u882,Morocco,Mobile,Kids Show,1,70,0.51,0.42,10682,4093,BUFFERING_ERROR
2026-01-06 06:42:00,s7602,u2460,Tunisia,Android TV,Movie C,1,43,0.44,0.42,5199,4978,BUFFERING_ERROR
2026-01-06 06:43:00,s7603,u90,France,iOS,Series B,1,13,1.16,0.32,5060,2992,CDN_ERROR
2026-01-06 06:44:00,s7604,u2378,Senegal,Mobile,Series A,1,37,0.42,0.38,6245,4661,STARTUP_TIMEOUT
2026-01-06 06:45:00,s7605,u1499,Senegal,STB,Sport Live,1,28,1.36,0.14,2436,1996,
2026-01-06 06:46:00,s7606,u379,Tunisia,Mobile,Documentary D,1,63,1.45,0.33,10232,3259,CDN_ERROR
2026-01-06 06:47:00,s7607,u363,Tunisia,Smart TV,Series A,1,41,0.82,0.01,10828,670,STARTUP_TIMEOUT
2026-01-06 06:48:00,s7608,u1298,Morocco,iOS,Kids Show,1,84,1.32,0.02,3756,3201,AUTH_ERROR
2026-01-06 06:49:00,s7609,u1909,Senegal,iOS,Series B,1,80,1.17,0.16,10736,994,
2026-01-06 06:50:00,s7610,u1531,France,iOS,Documentary D,1,74,1.29,0.35,9192,5416,LOW_BITRATE
2026-01-06 06:51:00,s7611,u2349,Cameroon,Android TV,Movie C,1,36,1.07,0.49,10801,2662,BUFFERING_ERROR
2026-01-06 06:52:00,s7612,u1693,Senegal,Android TV,Sport Live,1,64,0.41,0.54,8205,2814,BUFFERING_ERROR
2026-01-06 06:53:00,s7613,u1031,Morocco,iOS,Kids Show,1,89,0.73,0.48,10241,3115,AUTH_ERROR
2026-01-06 06:54:00,s7614,u1748,Tunisia,Smart TV,Movie C,1,75,0.13,0.42,4019,3259,STARTUP_TIMEOUT
2026-01-06 06:55:00,s7615,u1097,Cameroon,Smart TV,Movie C,1,25,1.21,0.02,11149,4352,
2026-01-06 06:56:00,s7616,u33,Senegal,iOS,Series A,1,4,0.86,0.39,2412,4151,
2026-01-06 06:57:00,s7617,u2002,Ivory Coast,iOS,Sport Live,1,8,1.15,0.55,7750,5725,STARTUP_TIMEOUT
2026-01-06 06:58:00,s7618,u206,Morocco,Mobile,Series A,1,71,0.89,0.5,7935,783,CDN_ERROR
2026-01-06 06:59:00,s7619,u903,Senegal,Smart TV,Kids Show,1,51,1.36,0.4,9676,3950,BUFFERING_ERROR
2026-01-06 07:00:00,s7620,u859,Cameroon,Android TV,Series A,1,64,0.74,0.25,1251,4595,AUTH_ERROR
2026-01-06 07:01:00,s7621,u1291,France,iOS,Documentary D,1,34,0.83,0.2,10751,866,STARTUP_TIMEOUT
2026-01-06 07:02:00,s7622,u1720,Morocco,Android TV,Documentary D,1,78,1.38,0.37,10830,3660,
2026-01-06 07:03:00,s7623,u2361,France,iOS,Documentary D,1,56,0.76,0.35,3252,2203,STARTUP_TIMEOUT
2026-01-06 07:04:00,s7624,u1170,Ivory Coast,Web,Series B,1,35,0.28,0.22,7354,2881,LOW_BITRATE
2026-01-06 07:05:00,s7625,u2135,Senegal,Smart TV,Movie C,1,82,1.32,0.28,6101,523,CDN_ERROR
2026-01-06 07:06:00,s7626,u1178,Senegal,STB,Series B,1,62,1.34,0.27,10440,3227,
2026-01-06 07:07:00,s7627,u2427,France,Web,Movie C,1,78,1.21,0.48,5181,1583,
2026-01-06 07:08:00,s7628,u502,Ivory Coast,Web,Series B,1,17,0.49,0.18,7243,5721,STARTUP_TIMEOUT
2026-01-06 07:09:00,s7629,u1991,Morocco,STB,Movie C,1,75,0.09,0.54,2288,5735,
2026-01-06 07:10:00,s7630,u1017,Morocco,Mobile,Movie C,1,29,1.19,0.21,513,2486,CDN_ERROR
2026-01-06 07:11:00,s7631,u1228,Senegal,STB,Sport Live,1,88,1.22,0.36,4925,2435,BUFFERING_ERROR
2026-01-06 07:12:00,s7632,u1388,Ivory Coast,iOS,Documentary D,1,31,0.87,0.41,3002,5420,LOW_BITRATE
2026-01-06 07:13:00,s7633,u2369,Morocco,STB,Documentary D,1,61,1.41,0.26,11676,2432,BUFFERING_ERROR
2026-01-06 07:14:00,s7634,u481,Ivory Coast,Mobile,Kids Show,1,51,0.95,0.19,6854,2712,AUTH_ERROR
2026-01-06 07:15:00,s7635,u2121,Morocco,Android TV,Documentary D,1,84,0.64,0.31,1315,2144,STARTUP_TIMEOUT
2026-01-06 07:16:00,s7636,u1339,Cameroon,iOS,Movie C,1,26,0.07,0.21,2699,2299,
2026-01-06 07:17:00,s7637,u2222,France,Smart TV,Series B,1,63,0.31,0.5,3771,418,LOW_BITRATE
2026-01-06 07:18:00,s7638,u716,France,Android TV,Sport Live,1,63,0.89,0.51,4982,1607,
2026-01-06 07:19:00,s7639,u1683,France,STB,Kids Show,1,69,0.45,0.22,6413,2848,
2026-01-06 07:20:00,s7640,u1418,Morocco,Web,Sport Live,1,73,0.21,0.13,4859,1726,CDN_ERROR
2026-01-06 07:21:00,s7641,u458,Cameroon,Mobile,Series A,1,3,0.99,0.49,4006,5287,
2026-01-06 07:22:00,s7642,u1747,Tunisia,Mobile,Documentary D,1,33,0.58,0.2,7965,4722,AUTH_ERROR
2026-01-06 07:23:00,s7643,u314,Morocco,Mobile,Sport Live,1,44,1.5,0.5,2256,3974,CDN_ERROR
2026-01-06 07:24:00,s7644,u297,Cameroon,Android TV,Series B,1,17,0.64,0.49,10696,2564,
2026-01-06 07:25:00,s7645,u1572,France,Smart TV,Documentary D,1,39,1.46,0.48,1246,5935,
2026-01-06 07:26:00,s7646,u2013,Ivory Coast,Web,Series A,1,58,0.23,0.23,5108,661,
2026-01-06 07:27:00,s7647,u108,Tunisia,STB,Series B,1,33,1.18,0.05,3922,4650,BUFFERING_ERROR
2026-01-06 07:28:00,s7648,u1473,Cameroon,Web,Series B,1,31,1.47,0.12,6076,4493,STARTUP_TIMEOUT
2026-01-06 07:29:00,s7649,u333,Tunisia,Mobile,Series A,1,51,1.31,0.33,11839,4353,BUFFERING_ERROR
2026-01-06 07:30:00,s7650,u1107,Tunisia,iOS,Movie C,1,17,0.04,0.51,4908,1513,STARTUP_TIMEOUT
2026-01-06 07:31:00,s7651,u1844,Senegal,Smart TV,Documentary D,1,4,1.43,0.25,7101,2050,LOW_BITRATE
2026-01-06 07:32:00,s7652,u1291,France,Android TV,Sport Live,1,7,0.04,0.45,2492,3213,LOW_BITRATE
2026-01-06 07:33:00,s7653,u1203,France,Smart TV,Sport Live,1,23,0.89,0.12,2282,5636,BUFFERING_ERROR
2026-01-06 07:34:00,s7654,u1277,Tunisia,Smart TV,Series B,1,50,1.1,0.35,10086,4800,
2026-01-06 07:35:00,s7655,u2415,France,Smart TV,Kids Show,1,23,0.42,0.4,5553,4134,
2026-01-06 07:36:00,s7656,u30,Ivory Coast,Mobile,Series B,1,48,0.55,0.26,3149,2574,
2026-01-06 07:37:00,s7657,u501,Tunisia,Web,Series B,1,76,1.21,0.11,6202,4399,
2026-01-06 07:38:00,s7658,u444,Morocco,Web,Kids Show,1,80,0.88,0.47,7669,5941,STARTUP_TIMEOUT
2026-01-06 07:39:00,s7659,u1451,France,Smart TV,Series B,1,33,0.9,0.51,9104,3472,
2026-01-06 07:40:00,s7660,u635,France,Smart TV,Documentary D,1,80,0.99,0.2,1412,5811,
2026-01-06 07:41:00,s7661,u2031,Tunisia,Web,Sport Live,1,12,0.81,0.09,1809,3757,
2026-01-06 07:42:00,s7662,u572,Tunisia,Web,Movie C,1,5,1.3,0.27,5803,4390,CDN_ERROR
2026-01-06 07:43:00,s7663,u483,Ivory Coast,Web,Series B,1,51,0.78,0.22,6132,4130,STARTUP_TIMEOUT
2026-01-06 07:44:00,s7664,u2413,Morocco,Web,Series A,1,84,1.46,0.39,2503,2976,STARTUP_TIMEOUT
2026-01-06 07:45:00,s7665,u1892,Ivory Coast,iOS,Movie C,1,80,0.93,0.04,5817,2905,BUFFERING_ERROR
2026-01-06 07:46:00,s7666,u2500,Morocco,Android TV,Movie C,1,72,0.67,0.1,10943,944,
2026-01-06 07:47:00,s7667,u814,France,Mobile,Kids Show,1,30,1.02,0.04,2576,3208,
2026-01-06 07:48:00,s7668,u940,Senegal,Web,Series A,1,21,0.58,0.28,11095,4803,BUFFERING_ERROR
2026-01-06 07:49:00,s7669,u792,France,Mobile,Movie C,1,20,1.23,0.29,11293,999,STARTUP_TIMEOUT
2026-01-06 07:50:00,s7670,u534,Cameroon,Mobile,Kids Show,1,48,1.16,0.09,9105,4705,LOW_BITRATE
2026-01-06 07:51:00,s7671,u1534,France,Mobile,Movie C,1,2,0.38,0.2,4565,4969,AUTH_ERROR
2026-01-06 07:52:00,s7672,u601,Ivory Coast,Web,Series A,1,47,0.15,0.01,5659,3096,LOW_BITRATE
2026-01-06 07:53:00,s7673,u88,Tunisia,iOS,Documentary D,1,9,1.22,0.51,746,2326,
2026-01-06 07:54:00,s7674,u496,Cameroon,Web,Movie C,1,67,0.04,0.08,11151,1611,STARTUP_TIMEOUT
2026-01-06 07:55:00,s7675,u1754,Tunisia,iOS,Series A,1,62,1.25,0.12,7655,3243,LOW_BITRATE
2026-01-06 07:56:00,s7676,u603,Morocco,Smart TV,Kids Show,1,14,1.06,0.07,11708,1417,LOW_BITRATE
2026-01-06 07:57:00,s7677,u1188,France,Android TV,Movie C,1,79,0.57,0.06,8793,4170,
2026-01-06 07:58:00,s7678,u1504,Tunisia,Smart TV,Series A,1,84,1.4,0.31,7946,3755,
2026-01-06 07:59:00,s7679,u1891,France,Mobile,Series B,1,69,0.94,0.08,7592,5676,
2026-01-06 08:00:00,s7680,u174,Ivory Coast,Web,Series B,1,49,1.45,0.3,4579,5292,BUFFERING_ERROR
2026-01-06 08:01:00,s7681,u1970,Senegal,iOS,Movie C,1,2,0.16,0.55,1177,3515,
2026-01-06 08:02:00,s7682,u1527,Tunisia,Android TV,Movie C,1,40,0.3,0.34,11004,2770,LOW_BITRATE
2026-01-06 08:03:00,s7683,u1987,Morocco,Smart TV,Documentary D,1,86,0.06,0.26,6371,1059,CDN_ERROR
2026-01-06 08:04:00,s7684,u1032,Cameroon,iOS,Series B,1,40,0.33,0.36,6182,4558,BUFFERING_ERROR
2026-01-06 08:05:00,s7685,u2051,Morocco,iOS,Sport Live,1,5,0.14,0.48,875,1491,
2026-01-06 08:06:00,s7686,u2380,Ivory Coast,iOS,Documentary D,1,38,0.7,0.4,1142,5459,
2026-01-06 08:07:00,s7687,u1551,Ivory Coast,Smart TV,Movie C,1,86,0.73,0.48,845,913,LOW_BITRATE
2026-01-06 08:08:00,s7688,u1441,Cameroon,Web,Movie C,1,84,1.19,0.42,4211,1709,
2026-01-06 08:09:00,s7689,u2459,Senegal,Smart TV,Series A,1,67,0.72,0.29,11730,4080,
2026-01-06 08:10:00,s7690,u1239,Ivory Coast,Android TV,Series A,1,2,1.32,0.04,5163,5822,AUTH_ERROR
2026-01-06 08:11:00,s7691,u2379,Cameroon,Smart TV,Kids Show,1,2,0.91,0.35,5279,5725,CDN_ERROR
2026-01-06 08:12:00,s7692,u674,Ivory Coast,STB,Documentary D,1,35,0.33,0.53,929,528,AUTH_ERROR
2026-01-06 08:13:00,s7693,u223,Morocco,Web,Series B,1,48,0.33,0.1,820,1092,LOW_BITRATE
2026-01-06 08:14:00,s7694,u259,Cameroon,STB,Documentary D,1,42,1.39,0.5,8549,5295,
2026-01-06 08:15:00,s7695,u185,Tunisia,Smart TV,Sport Live,1,74,1.32,0.53,6813,661,STARTUP_TIMEOUT
2026-01-06 08:16:00,s7696,u1376,Tunisia,Android TV,Series B,1,37,1.38,0.46,9009,3130,
2026-01-06 08:17:00,s7697,u1576,Morocco,Web,Kids Show,1,16,0.22,0.31,8056,2493,
2026-01-06 08:18:00,s7698,u681,Morocco,iOS,Series B,1,49,1.12,0.51,4064,2999,
2026-01-06 08:19:00,s7699,u1420,Ivory Coast,Mobile,Kids Show,1,88,1.01,0.15,502,5574,LOW_BITRATE
2026-01-06 08:20:00,s7700,u282,Senegal,iOS,Kids Show,1,21,1.28,0.1,4709,5025,
2026-01-06 08:21:00,s7701,u151,Senegal,iOS,Movie C,1,86,1.14,0.02,5091,687,CDN_ERROR
2026-01-06 08:22:00,s7702,u2006,Morocco,Mobile,Movie C,1,5,0.25,0.24,10649,4140,BUFFERING_ERROR
2026-01-06 08:23:00,s7703,u2327,France,Smart TV,Sport Live,1,68,0.42,0.53,7739,2411,
2026-01-06 08:24:00,s7704,u874,Cameroon,Android TV,Series A,1,41,1.36,0.21,3953,3656,BUFFERING_ERROR
2026-01-06 08:25:00,s7705,u1818,Morocco,Smart TV,Sport Live,1,3,1.28,0.34,1738,1894,CDN_ERROR
2026-01-06 08:26:00,s7706,u565,Tunisia,Smart TV,Series A,1,74,0.91,0.34,1045,3129,STARTUP_TIMEOUT
2026-01-06 08:27:00,s7707,u2105,Senegal,iOS,Kids Show,1,52,0.33,0.05,6716,4262,STARTUP_TIMEOUT
2026-01-06 08:28:00,s7708,u525,Senegal,Android TV,Kids Show,1,14,0.55,0.24,2975,1671,CDN_ERROR
2026-01-06 08:29:00,s7709,u1317,Cameroon,iOS,Sport Live,1,85,1.23,0.4,7734,4175,STARTUP_TIMEOUT
2026-01-06 08:30:00,s7710,u147,Ivory Coast,iOS,Series B,1,45,0.5,0.21,9468,1032,
2026-01-06 08:31:00,s7711,u355,Tunisia,Web,Movie C,1,64,1.18,0.27,6163,3762,CDN_ERROR
2026-01-06 08:32:00,s7712,u932,Tunisia,iOS,Documentary D,1,28,1.39,0.19,940,2060,STARTUP_TIMEOUT
2026-01-06 08:33:00,s7713,u160,Tunisia,Smart TV,Series B,1,85,0.25,0.25,1436,4870,STARTUP_TIMEOUT
2026-01-06 08:34:00,s7714,u1177,Tunisia,iOS,Series B,1,13,1.38,0.45,1944,2664,LOW_BITRATE
2026-01-06 08:35:00,s7715,u123,Morocco,iOS,Series A,1,62,0.91,0.05,1351,934,
2026-01-06 08:36:00,s7716,u1241,Ivory Coast,STB,Movie C,1,13,1.14,0.5,7029,5516,CDN_ERROR
2026-01-06 08:37:00,s7717,u362,Senegal,Smart TV,Sport Live,1,5,0.49,0.31,9759,2884,BUFFERING_ERROR
2026-01-06 08:38:00,s7718,u119,Cameroon,iOS,Series B,1,35,0.12,0.28,918,1139,LOW_BITRATE
2026-01-06 08:39:00,s7719,u701,France,Smart TV,Kids Show,1,64,0.32,0.39,5972,3078,
2026-01-06 08:40:00,s7720,u60,Senegal,iOS,Documentary D,1,80,1.2,0.38,11119,4119,STARTUP_TIMEOUT
2026-01-06 08:41:00,s7721,u156,Morocco,iOS,Series A,1,32,1.48,0.08,6055,2668,STARTUP_TIMEOUT
2026-01-06 08:42:00,s7722,u707,Cameroon,iOS,Series A,1,42,0.85,0.32,4485,3601,CDN_ERROR
2026-01-06 08:43:00,s7723,u719,France,Android TV,Series B,1,40,1.44,0.3,3656,5553,STARTUP_TIMEOUT
2026-01-06 08:44:00,s7724,u1553,France,iOS,Documentary D,1,56,0.44,0.26,11918,3146,
2026-01-06 08:45:00,s7725,u1624,Morocco,Mobile,Documentary D,1,84,1.2,0.32,5936,2452,
2026-01-06 08:46:00,s7726,u1460,Cameroon,Smart TV,Sport Live,1,2,0.06,0.43,1683,2514,STARTUP_TIMEOUT
2026-01-06 08:47:00,s7727,u242,France,Android TV,Movie C,1,44,1.1,0.27,1679,4339,
2026-01-06 08:48:00,s7728,u920,France,Android TV,Series A,1,15,0.58,0.51,3381,5564,
2026-01-06 08:49:00,s7729,u1819,Senegal,Smart TV,Documentary D,1,29,0.89,0.08,4858,888,AUTH_ERROR
2026-01-06 08:50:00,s7730,u859,Morocco,STB,Kids Show,1,12,1.13,0.16,10164,844,BUFFERING_ERROR
2026-01-06 08:51:00,s7731,u797,Cameroon,Mobile,Kids Show,1,28,0.26,0.51,8727,1829,
2026-01-06 08:52:00,s7732,u1931,Morocco,Web,Documentary D,1,78,1.15,0.02,9606,5344,LOW_BITRATE
2026-01-06 08:53:00,s7733,u447,France,Mobile,Kids Show,1,45,1.13,0.37,7686,4829,
2026-01-06 08:54:00,s7734,u217,France,STB,Series A,1,86,0.6,0.23,7929,2785,
2026-01-06 08:55:00,s7735,u297,Tunisia,Mobile,Series B,1,1,0.46,0.19,5702,4010,
2026-01-06 08:56:00,s7736,u2365,Ivory Coast,Android TV,Series A,1,3,0.93,0.41,11643,1928,
2026-01-06 08:57:00,s7737,u547,Ivory Coast,Smart TV,Series A,1,32,0.21,0.03,11823,1072,
2026-01-06 08:58:00,s7738,u678,Cameroon,STB,Movie C,1,78,1.42,0.48,9267,3351,
2026-01-06 08:59:00,s7739,u2168,Senegal,Android TV,Kids Show,1,25,0.53,0.04,11552,5387,
2026-01-06 09:00:00,s7740,u456,Morocco,STB,Kids Show,1,29,0.88,0.32,8113,5496,STARTUP_TIMEOUT
2026-01-06 09:01:00,s7741,u1528,Morocco,iOS,Sport Live,1,41,0.86,0.22,8985,4344,LOW_BITRATE
2026-01-06 09:02:00,s7742,u920,Cameroon,Mobile,Kids Show,1,28,0.6,0.25,5509,3916,LOW_BITRATE
2026-01-06 09:03:00,s7743,u1107,Cameroon,STB,Documentary D,1,41,1.1,0.3,4183,829,BUFFERING_ERROR
2026-01-06 09:04:00,s7744,u1726,Tunisia,Android TV,Series A,1,37,1.15,0.11,6737,2428,
2026-01-06 09:05:00,s7745,u1236,Morocco,Smart TV,Sport Live,1,9,1.05,0.46,6117,4555,LOW_BITRATE
2026-01-06 09:06:00,s7746,u1854,Ivory Coast,Smart TV,Kids Show,1,25,0.26,0.2,6113,1668,BUFFERING_ERROR
2026-01-06 09:07:00,s7747,u2495,Ivory Coast,STB,Movie C,1,16,0.34,0.24,1936,3314,
2026-01-06 09:08:00,s7748,u984,Tunisia,Mobile,Sport Live,1,39,1.21,0.38,3335,5482,
2026-01-06 09:09:00,s7749,u1650,Senegal,iOS,Movie C,1,86,0.59,0.09,8749,4481,
2026-01-06 09:10:00,s7750,u1841,Morocco,Android TV,Series B,1,55,0.23,0.06,5428,599,
2026-01-06 09:11:00,s7751,u1407,France,Mobile,Sport Live,1,83,1.15,0.53,6280,4426,
2026-01-06 09:12:00,s7752,u563,Morocco,Android TV,Kids Show,1,24,0.65,0.06,10047,2459,
2026-01-06 09:13:00,s7753,u1745,France,Mobile,Series A,1,12,0.9,0.42,8303,1295,BUFFERING_ERROR
2026-01-06 09:14:00,s7754,u1404,Morocco,Mobile,Documentary D,1,35,0.5,0.05,3150,5802,
2026-01-06 09:15:00,s7755,u328,France,Android TV,Series A,1,34,0.97,0.41,8262,5880,
2026-01-06 09:16:00,s7756,u551,Senegal,STB,Series B,1,8,0.43,0.27,8341,5451,CDN_ERROR
2026-01-06 09:17:00,s7757,u419,France,Android TV,Movie C,1,83,0.63,0.46,5776,5681,STARTUP_TIMEOUT
2026-01-06 09:18:00,s7758,u1982,Senegal,STB,Series A,1,65,0.38,0.53,6300,2878,AUTH_ERROR
2026-01-06 09:19:00,s7759,u216,Tunisia,Web,Series A,1,54,0.39,0.38,4285,5467,
2026-01-06 09:20:00,s7760,u1588,Senegal,Smart TV,Kids Show,1,77,1.47,0.02,2043,1577,LOW_BITRATE
2026-01-06 09:21:00,s7761,u43,Morocco,iOS,Series A,1,83,0.79,0.28,8635,2003,CDN_ERROR
2026-01-06 09:22:00,s7762,u1256,Ivory Coast,Smart TV,Series A,1,22,0.16,0.2,7492,1952,CDN_ERROR
2026-01-06 09:23:00,s7763,u324,Tunisia,STB,Documentary D,1,86,0.71,0.44,9397,4658,
2026-01-06 09:24:00,s7764,u2374,Ivory Coast,Android TV,Documentary D,1,11,0.55,0.16,11158,5813,LOW_BITRATE
2026-01-06 09:25:00,s7765,u1304,Senegal,STB,Sport Live,1,39,0.89,0.21,7753,3598,AUTH_ERROR
2026-01-06 09:26:00,s7766,u1304,Senegal,Android TV,Kids Show,1,25,0.71,0.52,3192,2104,
2026-01-06 09:27:00,s7767,u772,Senegal,Android TV,Series B,1,44,1.39,0.05,4504,2982,
2026-01-06 09:28:00,s7768,u307,Ivory Coast,iOS,Movie C,1,76,0.02,0.41,8595,1148,
2026-01-06 09:29:00,s7769,u2134,Tunisia,Smart TV,Kids Show,1,80,0.45,0.43,9609,2093,
2026-01-06 09:30:00,s7770,u31,Tunisia,Mobile,Series A,1,56,1.15,0.54,6589,2116,CDN_ERROR
2026-01-06 09:31:00,s7771,u1014,Tunisia,Android TV,Series A,1,82,0.11,0.27,11293,3411,AUTH_ERROR
2026-01-06 09:32:00,s7772,u945,Cameroon,STB,Movie C,1,48,0.77,0.24,4486,5991,
2026-01-06 09:33:00,s7773,u1913,Senegal,Android TV,Series B,1,10,1.46,0.31,3107,1864,AUTH_ERROR
2026-01-06 09:34:00,s7774,u1462,Tunisia,iOS,Sport Live,1,43,1.47,0.42,5172,2221,
2026-01-06 09:35:00,s7775,u267,Tunisia,Smart TV,Movie C,1,46,0.9,0.43,1439,2006,
2026-01-06 09:36:00,s7776,u832,Cameroon,STB,Kids Show,1,51,1.41,0.02,9851,3088,
2026-01-06 09:37:00,s7777,u2165,Ivory Coast,Smart TV,Series A,1,22,0.6,0.13,5389,1296,LOW_BITRATE
2026-01-06 09:38:00,s7778,u981,France,Mobile,Kids Show,1,72,1.14,0.4,1973,5266,STARTUP_TIMEOUT
2026-01-06 09:39:00,s7779,u1106,Ivory Coast,Smart TV,Kids Show,1,17,0.4,0.01,7169,4454,LOW_BITRATE
2026-01-06 09:40:00,s7780,u276,Senegal,Android TV,Kids Show,1,50,1.0,0.44,6944,640,AUTH_ERROR
2026-01-06 09:41:00,s7781,u13,Senegal,Smart TV,Documentary D,1,18,0.49,0.43,964,1677,BUFFERING_ERROR
2026-01-06 09:42:00,s7782,u714,France,Android TV,Series B,1,44,0.53,0.19,6648,2375,
2026-01-06 09:43:00,s7783,u659,Morocco,STB,Movie C,1,39,0.22,0.34,5816,4083,BUFFERING_ERROR
2026-01-06 09:44:00,s7784,u1175,Morocco,iOS,Series A,1,29,1.0,0.17,7452,4292,
2026-01-06 09:45:00,s7785,u73,Senegal,Mobile,Kids Show,1,10,1.49,0.47,2313,3594,CDN_ERROR
2026-01-06 09:46:00,s7786,u671,Morocco,Web,Documentary D,1,52,0.28,0.17,8921,2776,AUTH_ERROR
2026-01-06 09:47:00,s7787,u610,Senegal,Mobile,Documentary D,1,58,1.27,0.21,6869,2503,
2026-01-06 09:48:00,s7788,u2486,Cameroon,Web,Series B,1,9,0.41,0.16,6035,2848,BUFFERING_ERROR
2026-01-06 09:49:00,s7789,u2214,Ivory Coast,Mobile,Sport Live,1,49,0.23,0.06,11468,408,AUTH_ERROR
2026-01-06 09:50:00,s7790,u1355,France,Android TV,Series A,1,72,1.06,0.05,3615,4261,
2026-01-06 09:51:00,s7791,u1959,Tunisia,STB,Documentary D,1,10,0.15,0.35,1093,941,CDN_ERROR
2026-01-06 09:52:00,s7792,u2317,Cameroon,Android TV,Movie C,1,61,0.57,0.5,10569,3783,AUTH_ERROR
2026-01-06 09:53:00,s7793,u2238,Morocco,STB,Movie C,1,87,1.46,0.43,9837,5682,
2026-01-06 09:54:00,s7794,u2284,Morocco,iOS,Series B,1,75,0.77,0.08,3635,1732,
2026-01-06 09:55:00,s7795,u130,Cameroon,Android TV,Series B,1,32,0.99,0.02,2542,4178,CDN_ERROR
2026-01-06 09:56:00,s7796,u2163,Tunisia,iOS,Documentary D,1,62,1.0,0.22,6128,533,AUTH_ERROR
2026-01-06 09:57:00,s7797,u1693,Morocco,Web,Movie C,1,23,1.14,0.51,11835,2771,CDN_ERROR
2026-01-06 09:58:00,s7798,u390,France,iOS,Kids Show,1,42,0.2,0.14,3008,1672,
2026-01-06 09:59:00,s7799,u2482,Ivory Coast,Web,Movie C,1,33,1.04,0.09,2528,1671,LOW_BITRATE
2026-01-06 10:00:00,s7800,u1644,Senegal,STB,Series A,1,77,0.98,0.27,2603,3781,
2026-01-06 10:01:00,s7801,u2231,Tunisia,iOS,Series B,1,45,1.08,0.05,545,619,LOW_BITRATE
2026-01-06 10:02:00,s7802,u926,Cameroon,iOS,Documentary D,1,34,0.77,0.02,10093,4594,
2026-01-06 10:03:00,s7803,u2264,Tunisia,Web,Series B,1,89,1.24,0.38,11379,2343,
2026-01-06 10:04:00,s7804,u2267,France,STB,Sport Live,1,25,0.18,0.42,4382,1812,
2026-01-06 10:05:00,s7805,u1949,Tunisia,Smart TV,Kids Show,1,34,0.36,0.24,2834,4329,LOW_BITRATE
2026-01-06 10:06:00,s7806,u933,Morocco,Mobile,Series B,1,29,0.55,0.3,2456,4445,AUTH_ERROR
2026-01-06 10:07:00,s7807,u340,Tunisia,STB,Kids Show,1,33,1.49,0.18,10484,2154,
2026-01-06 10:08:00,s7808,u1637,France,iOS,Series B,1,20,0.55,0.15,4919,1019,BUFFERING_ERROR
2026-01-06 10:09:00,s7809,u521,Tunisia,Android TV,Movie C,1,64,0.44,0.44,3865,4197,STARTUP_TIMEOUT
2026-01-06 10:10:00,s7810,u12,Morocco,STB,Movie C,1,9,1.17,0.12,8979,5665,CDN_ERROR
2026-01-06 10:11:00,s7811,u1122,Senegal,iOS,Movie C,1,70,0.76,0.15,2946,4601,LOW_BITRATE
2026-01-06 10:12:00,s7812,u46,Cameroon,Web,Sport Live,1,39,0.29,0.46,8342,3324,
2026-01-06 10:13:00,s7813,u2279,Ivory Coast,Web,Sport Live,1,81,0.59,0.29,10968,4609,AUTH_ERROR
2026-01-06 10:14:00,s7814,u530,Cameroon,Web,Movie C,1,69,0.19,0.43,8690,5677,LOW_BITRATE
2026-01-06 10:15:00,s7815,u699,France,Web,Series A,1,35,0.09,0.38,5881,1715,
2026-01-06 10:16:00,s7816,u2466,Senegal,iOS,Documentary D,1,9,0.42,0.06,3744,5785,
2026-01-06 10:17:00,s7817,u321,Ivory Coast,Mobile,Series A,1,64,0.33,0.4,9466,704,BUFFERING_ERROR
2026-01-06 10:18:00,s7818,u2388,Morocco,STB,Series B,1,9,0.82,0.18,6352,3429,
2026-01-06 10:19:00,s7819,u2133,Senegal,Mobile,Series A,1,65,0.32,0.49,9530,3112,AUTH_ERROR
2026-01-06 10:20:00,s7820,u103,Tunisia,Web,Series A,1,31,0.59,0.19,8136,3403,
2026-01-06 10:21:00,s7821,u795,Senegal,Smart TV,Sport Live,1,10,0.8,0.03,3809,5113,LOW_BITRATE
2026-01-06 10:22:00,s7822,u891,Senegal,iOS,Sport Live,1,75,1.1,0.03,10281,3300,LOW_BITRATE
2026-01-06 10:23:00,s7823,u566,Morocco,Android TV,Documentary D,1,51,0.23,0.2,6426,4422,
2026-01-06 10:24:00,s7824,u767,France,Android TV,Series A,1,9,1.43,0.25,3583,675,
2026-01-06 10:25:00,s7825,u1595,Ivory Coast,STB,Kids Show,1,40,0.63,0.25,9729,2243,STARTUP_TIMEOUT
2026-01-06 10:26:00,s7826,u1710,Tunisia,Web,Kids Show,1,35,0.95,0.17,4591,928,
2026-01-06 10:27:00,s7827,u2351,Ivory Coast,Web,Movie C,1,82,0.18,0.03,2433,2124,
2026-01-06 10:28:00,s7828,u1870,Senegal,Android TV,Movie C,1,81,0.96,0.34,9938,1058,AUTH_ERROR
2026-01-06 10:29:00,s7829,u17,Tunisia,Android TV,Kids Show,1,43,1.02,0.38,2206,5830,STARTUP_TIMEOUT
2026-01-06 10:30:00,s7830,u1292,Morocco,Web,Series B,1,89,1.26,0.02,3727,5635,
2026-01-06 10:31:00,s7831,u671,France,Web,Movie C,1,48,1.09,0.53,5167,4029,STARTUP_TIMEOUT
2026-01-06 10:32:00,s7832,u2403,Tunisia,Mobile,Movie C,1,70,0.61,0.24,4494,1906,CDN_ERROR
2026-01-06 10:33:00,s7833,u1271,France,iOS,Movie C,1,37,0.58,0.07,9621,2667,CDN_ERROR
2026-01-06 10:34:00,s7834,u231,France,iOS,Movie C,1,58,0.01,0.11,6224,5899,LOW_BITRATE
2026-01-06 10:35:00,s7835,u1467,Tunisia,Smart TV,Series B,1,21,0.26,0.38,1285,1839,CDN_ERROR
2026-01-06 10:36:00,s7836,u1476,Tunisia,STB,Kids Show,1,73,0.92,0.28,7820,1397,CDN_ERROR
2026-01-06 10:37:00,s7837,u2292,Cameroon,Mobile,Series B,1,31,0.95,0.12,1009,683,
2026-01-06 10:38:00,s7838,u2337,Tunisia,Smart TV,Series B,1,6,1.2,0.17,10293,5601,
2026-01-06 10:39:00,s7839,u911,Ivory Coast,Mobile,Series B,1,46,0.19,0.11,7419,663,LOW_BITRATE
2026-01-06 10:40:00,s7840,u1184,Cameroon,Smart TV,Sport Live,1,77,0.82,0.44,2434,1992,
2026-01-06 10:41:00,s7841,u1094,Morocco,iOS,Kids Show,1,84,0.28,0.21,10665,3851,
2026-01-06 10:42:00,s7842,u612,Morocco,Web,Kids Show,1,63,1.41,0.18,7407,1151,
2026-01-06 10:43:00,s7843,u16,Ivory Coast,Web,Series B,1,67,0.61,0.07,11338,889,
2026-01-06 10:44:00,s7844,u1884,Ivory Coast,Smart TV,Series B,1,30,0.55,0.05,9410,4384,CDN_ERROR
2026-01-06 10:45:00,s7845,u665,France,Mobile,Movie C,1,19,0.44,0.17,4083,2731,BUFFERING_ERROR
2026-01-06 10:46:00,s7846,u2054,France,Mobile,Series A,1,90,0.6,0.07,5288,1367,STARTUP_TIMEOUT
2026-01-06 10:47:00,s7847,u2115,Cameroon,iOS,Series B,1,68,0.13,0.33,4221,4786,CDN_ERROR
2026-01-06 10:48:00,s7848,u500,France,Mobile,Series A,1,20,1.09,0.4,9586,3404,CDN_ERROR
2026-01-06 10:49:00,s7849,u138,Cameroon,iOS,Kids Show,1,35,0.66,0.46,10558,4475,
2026-01-06 10:50:00,s7850,u248,Senegal,iOS,Sport Live,1,62,1.33,0.06,11566,5479,
2026-01-06 10:51:00,s7851,u2207,Senegal,STB,Movie C,1,78,0.26,0.16,4016,1902,BUFFERING_ERROR
2026-01-06 10:52:00,s7852,u557,Morocco,STB,Movie C,1,85,1.25,0.34,10029,3815,BUFFERING_ERROR
2026-01-06 10:53:00,s7853,u318,Senegal,Android TV,Kids Show,1,88,0.57,0.41,1499,1423,
2026-01-06 10:54:00,s7854,u269,Ivory Coast,Mobile,Series A,1,84,0.1,0.5,5790,5860,STARTUP_TIMEOUT
2026-01-06 10:55:00,s7855,u1928,Tunisia,Android TV,Sport Live,1,66,1.26,0.27,3666,1167,LOW_BITRATE
2026-01-06 10:56:00,s7856,u1934,France,Smart TV,Movie C,1,75,0.67,0.55,8575,2555,BUFFERING_ERROR
2026-01-06 10:57:00,s7857,u91,Cameroon,Mobile,Series B,1,71,0.51,0.16,5681,1571,
2026-01-06 10:58:00,s7858,u2356,Senegal,Smart TV,Series A,1,37,0.53,0.54,2170,2514,
2026-01-06 10:59:00,s7859,u2469,Cameroon,Android TV,Series B,1,71,1.46,0.06,2842,3131,BUFFERING_ERROR
2026-01-06 11:00:00,s7860,u637,Senegal,Mobile,Series A,1,79,1.16,0.42,10588,2240,STARTUP_TIMEOUT
2026-01-06 11:01:00,s7861,u1709,Cameroon,STB,Sport Live,1,67,0.88,0.23,6513,3442,
2026-01-06 11:02:00,s7862,u59,Tunisia,Mobile,Series B,1,7,0.34,0.16,9489,1629,
2026-01-06 11:03:00,s7863,u1065,Ivory Coast,iOS,Sport Live,1,71,0.28,0.23,11619,5593,AUTH_ERROR
2026-01-06 11:04:00,s7864,u1996,Cameroon,STB,Movie C,1,33,0.31,0.13,3888,2377,
2026-01-06 11:05:00,s7865,u1226,Senegal,iOS,Movie C,1,38,0.87,0.24,11591,2904,AUTH_ERROR
2026-01-06 11:06:00,s7866,u1001,Tunisia,Mobile,Documentary D,1,71,0.44,0.02,5947,5645,
2026-01-06 11:07:00,s7867,u2147,France,STB,Movie C,1,28,0.5,0.08,8672,5208,STARTUP_TIMEOUT
2026-01-06 11:08:00,s7868,u1789,France,Android TV,Documentary D,1,25,0.97,0.35,9776,4953,CDN_ERROR
2026-01-06 11:09:00,s7869,u2183,Morocco,STB,Series B,1,3,0.69,0.14,1148,4655,STARTUP_TIMEOUT
2026-01-06 11:10:00,s7870,u161,Tunisia,STB,Sport Live,1,24,0.84,0.15,7892,2286,STARTUP_TIMEOUT
2026-01-06 11:11:00,s7871,u554,Ivory Coast,Web,Kids Show,1,10,0.94,0.19,7836,5129,CDN_ERROR
2026-01-06 11:12:00,s7872,u192,Cameroon,Android TV,Kids Show,1,37,1.37,0.46,1117,3000,AUTH_ERROR
2026-01-06 11:13:00,s7873,u974,Tunisia,iOS,Documentary D,1,48,0.66,0.38,2840,5849,LOW_BITRATE
2026-01-06 11:14:00,s7874,u796,Morocco,Mobile,Series A,1,54,1.46,0.34,3749,4768,AUTH_ERROR
2026-01-06 11:15:00,s7875,u147,France,Mobile,Series B,1,41,1.44,0.27,6419,2512,
2026-01-06 11:16:00,s7876,u1517,France,Web,Documentary D,1,53,0.46,0.25,10658,3134,BUFFERING_ERROR
2026-01-06 11:17:00,s7877,u1199,Senegal,iOS,Movie C,1,67,1.3,0.37,10646,2011,
2026-01-06 11:18:00,s7878,u768,Tunisia,iOS,Sport Live,1,46,1.47,0.09,8154,4993,
2026-01-06 11:19:00,s7879,u400,Tunisia,STB,Series B,1,40,0.72,0.03,8981,3045,CDN_ERROR
2026-01-06 11:20:00,s7880,u713,France,Smart TV,Kids Show,1,88,1.41,0.35,6748,3643,
2026-01-06 11:21:00,s7881,u362,France,STB,Series B,1,88,0.71,0.43,5631,5221,LOW_BITRATE
2026-01-06 11:22:00,s7882,u2406,Cameroon,iOS,Documentary D,1,19,1.3,0.19,5402,3736,STARTUP_TIMEOUT
2026-01-06 11:23:00,s7883,u1600,Cameroon,STB,Documentary D,1,79,0.34,0.03,991,1850,
2026-01-06 11:24:00,s7884,u1504,Cameroon,Smart TV,Documentary D,1,25,0.09,0.06,9745,2194,AUTH_ERROR
2026-01-06 11:25:00,s7885,u982,Cameroon,STB,Movie C,1,67,0.38,0.28,9501,3933,CDN_ERROR
2026-01-06 11:26:00,s7886,u1620,Tunisia,STB,Sport Live,1,82,0.84,0.42,1793,4613,CDN_ERROR
2026-01-06 11:27:00,s7887,u131,Ivory Coast,STB,Series B,1,62,1.4,0.43,2048,5569,
2026-01-06 11:28:00,s7888,u1405,Senegal,STB,Series A,1,83,0.78,0.2,10384,904,
2026-01-06 11:29:00,s7889,u302,Cameroon,Android TV,Movie C,1,60,0.54,0.38,5566,5091,CDN_ERROR
2026-01-06 11:30:00,s7890,u1732,France,iOS,Series B,1,85,1.06,0.51,8504,2261,AUTH_ERROR
2026-01-06 11:31:00,s7891,u119,France,STB,Documentary D,1,65,0.94,0.2,3986,4501,
2026-01-06 11:32:00,s7892,u830,Morocco,Mobile,Series B,1,29,0.3,0.51,2002,4622,STARTUP_TIMEOUT
2026-01-06 11:33:00,s7893,u1232,Ivory Coast,Mobile,Kids Show,1,50,1.38,0.55,4868,1981,LOW_BITRATE
2026-01-06 11:34:00,s7894,u102,France,Android TV,Movie C,1,17,1.44,0.54,7647,1811,
2026-01-06 11:35:00,s7895,u785,Morocco,Android TV,Series B,1,28,1.43,0.28,6485,1061,BUFFERING_ERROR
2026-01-06 11:36:00,s7896,u1252,Morocco,Android TV,Series B,1,80,1.34,0.23,11027,2749,AUTH_ERROR
2026-01-06 11:37:00,s7897,u2465,France,Smart TV,Movie C,1,70,0.44,0.4,10341,5918,LOW_BITRATE
2026-01-06 11:38:00,s7898,u1197,Tunisia,Smart TV,Series B,1,17,0.21,0.45,2889,5845,LOW_BITRATE
2026-01-06 11:39:00,s7899,u1829,Senegal,Mobile,Sport Live,1,70,0.91,0.45,5078,3328,
2026-01-06 11:40:00,s7900,u590,Senegal,Mobile,Kids Show,1,65,0.23,0.21,10954,2860,
2026-01-06 11:41:00,s7901,u1461,Morocco,Android TV,Sport Live,1,41,0.88,0.02,716,4811,BUFFERING_ERROR
2026-01-06 11:42:00,s7902,u344,Ivory Coast,STB,Movie C,1,7,1.14,0.03,8172,3837,
2026-01-06 11:43:00,s7903,u721,Cameroon,Android TV,Series A,1,21,1.19,0.32,10632,795,
2026-01-06 11:44:00,s7904,u1108,Senegal,Web,Documentary D,1,62,0.95,0.39,1909,5576,BUFFERING_ERROR
2026-01-06 11:45:00,s7905,u419,Ivory Coast,iOS,Kids Show,1,83,1.19,0.02,9620,4662,
2026-01-06 11:46:00,s7906,u485,Cameroon,Mobile,Series A,1,13,0.57,0.15,2163,1728,
2026-01-06 11:47:00,s7907,u13,Tunisia,STB,Kids Show,1,48,0.92,0.47,1735,5474,
2026-01-06 11:48:00,s7908,u867,Tunisia,iOS,Series B,1,81,0.19,0.06,8304,3388,CDN_ERROR
2026-01-06 11:49:00,s7909,u2245,Cameroon,STB,Sport Live,1,15,0.24,0.09,8134,3264,
2026-01-06 11:50:00,s7910,u1742,France,Mobile,Sport Live,1,46,0.79,0.31,6236,4078,AUTH_ERROR
2026-01-06 11:51:00,s7911,u1143,Morocco,Android TV,Sport Live,1,69,0.89,0.04,8229,5900,CDN_ERROR
2026-01-06 11:52:00,s7912,u2220,Ivory Coast,iOS,Sport Live,1,75,1.19,0.28,3882,1964,
2026-01-06 11:53:00,s7913,u1790,Tunisia,Android TV,Series B,1,47,1.09,0.26,8888,2514,
2026-01-06 11:54:00,s7914,u1317,Morocco,STB,Kids Show,1,28,0.02,0.07,6792,4674,CDN_ERROR
2026-01-06 11:55:00,s7915,u1990,Cameroon,Smart TV,Movie C,1,89,0.79,0.36,5500,1852,CDN_ERROR
2026-01-06 11:56:00,s7916,u557,Tunisia,Mobile,Kids Show,1,63,0.1,0.02,2044,4547,
2026-01-06 11:57:00,s7917,u662,France,Android TV,Kids Show,1,41,1.3,0.49,8458,5318,BUFFERING_ERROR
2026-01-06 11:58:00,s7918,u1501,Tunisia,iOS,Series B,1,85,0.69,0.13,1273,4971,LOW_BITRATE
2026-01-06 11:59:00,s7919,u1190,Cameroon,Web,Sport Live,1,32,0.56,0.11,4550,2675,LOW_BITRATE
2026-01-06 12:00:00,s7920,u514,Morocco,Mobile,Movie C,1,64,1.31,0.4,2726,3231,LOW_BITRATE
2026-01-06 12:01:00,s7921,u1434,Senegal,iOS,Documentary D,1,30,1.44,0.19,6049,4856,LOW_BITRATE
2026-01-06 12:02:00,s7922,u895,Ivory Coast,Web,Movie C,1,39,0.35,0.24,616,3592,
2026-01-06 12:03:00,s7923,u2272,Cameroon,Web,Sport Live,1,48,0.63,0.43,11750,1144,
2026-01-06 12:04:00,s7924,u1998,France,Smart TV,Documentary D,1,27,1.44,0.43,9298,2438,AUTH_ERROR
2026-01-06 12:05:00,s7925,u1890,Ivory Coast,iOS,Series B,1,45,1.46,0.11,7331,3029,LOW_BITRATE
2026-01-06 12:06:00,s7926,u606,Ivory Coast,STB,Series B,1,8,1.0,0.39,10864,4932,
2026-01-06 12:07:00,s7927,u805,Ivory Coast,Smart TV,Documentary D,1,84,1.13,0.1,7252,800,
2026-01-06 12:08:00,s7928,u2173,Ivory Coast,Mobile,Series A,1,58,0.41,0.31,2887,2762,BUFFERING_ERROR
2026-01-06 12:09:00,s7929,u1122,Ivory Coast,Android TV,Movie C,1,64,0.96,0.37,9096,5961,
2026-01-06 12:10:00,s7930,u292,France,Android TV,Series A,1,22,0.03,0.22,1554,3117,BUFFERING_ERROR
2026-01-06 12:11:00,s7931,u541,Senegal,Android TV,Movie C,1,7,0.09,0.22,1060,2060,AUTH_ERROR
2026-01-06 12:12:00,s7932,u1498,Morocco,iOS,Kids Show,1,42,1.06,0.39,5033,4634,
2026-01-06 12:13:00,s7933,u661,Senegal,Android TV,Kids Show,1,57,0.52,0.43,5679,1533,LOW_BITRATE
2026-01-06 12:14:00,s7934,u28,France,Web,Movie C,1,52,0.05,0.37,3501,4058,STARTUP_TIMEOUT
2026-01-06 12:15:00,s7935,u2464,Ivory Coast,Android TV,Documentary D,1,38,1.1,0.38,6955,2673,BUFFERING_ERROR
2026-01-06 12:16:00,s7936,u416,Senegal,STB,Series A,1,45,1.29,0.33,4550,2166,
2026-01-06 12:17:00,s7937,u897,Morocco,iOS,Documentary D,1,13,1.17,0.54,6549,1541,
2026-01-06 12:18:00,s7938,u1896,Ivory Coast,Smart TV,Kids Show,1,4,0.45,0.51,3689,4050,
2026-01-06 12:19:00,s7939,u1181,Tunisia,Android TV,Series B,1,72,0.96,0.35,6021,5618,STARTUP_TIMEOUT
2026-01-06 12:20:00,s7940,u2196,France,Android TV,Sport Live,1,4,0.58,0.28,3260,4034,LOW_BITRATE
2026-01-06 12:21:00,s7941,u1553,France,Web,Sport Live,1,72,1.48,0.38,9377,1519,
2026-01-06 12:22:00,s7942,u789,Cameroon,Web,Kids Show,1,17,1.32,0.1,3776,4527,BUFFERING_ERROR
2026-01-06 12:23:00,s7943,u1395,Senegal,STB,Kids Show,1,29,1.42,0.19,11877,2649,
2026-01-06 12:24:00,s7944,u1786,France,Mobile,Movie C,1,38,0.6,0.5,4313,601,
2026-01-06 12:25:00,s7945,u512,France,STB,Documentary D,1,56,0.51,0.48,2833,1853,STARTUP_TIMEOUT
2026-01-06 12:26:00,s7946,u2235,Cameroon,Smart TV,Kids Show,1,82,1.18,0.51,9399,1077,
2026-01-06 12:27:00,s7947,u340,Cameroon,Web,Sport Live,1,60,0.93,0.43,4959,3280,
2026-01-06 12:28:00,s7948,u1549,Ivory Coast,Smart TV,Kids Show,1,12,0.39,0.22,5006,1411,LOW_BITRATE
2026-01-06 12:29:00,s7949,u112,Cameroon,Web,Kids Show,1,47,0.9,0.4,9586,3299,LOW_BITRATE
2026-01-06 12:30:00,s7950,u2021,Senegal,iOS,Series B,1,34,0.68,0.34,2395,5390,LOW_BITRATE
2026-01-06 12:31:00,s7951,u928,Cameroon,Smart TV,Series B,1,14,0.52,0.37,3104,2859,CDN_ERROR
2026-01-06 12:32:00,s7952,u1153,Tunisia,Web,Movie C,1,10,1.08,0.43,6628,5055,CDN_ERROR
2026-01-06 12:33:00,s7953,u2028,Tunisia,Mobile,Kids Show,1,86,1.39,0.14,9797,4336,STARTUP_TIMEOUT
2026-01-06 12:34:00,s7954,u1039,Tunisia,iOS,Series B,1,12,1.1,0.2,6191,2365,STARTUP_TIMEOUT
2026-01-06 12:35:00,s7955,u1690,Cameroon,Smart TV,Sport Live,1,76,1.26,0.04,3803,3018,LOW_BITRATE
2026-01-06 12:36:00,s7956,u1353,Cameroon,STB,Sport Live,1,62,0.9,0.38,7615,3427,
2026-01-06 12:37:00,s7957,u2068,Cameroon,iOS,Series B,1,87,0.77,0.1,3182,967,AUTH_ERROR
2026-01-06 12:38:00,s7958,u596,Ivory Coast,Web,Sport Live,1,53,0.93,0.53,4364,4385,STARTUP_TIMEOUT
2026-01-06 12:39:00,s7959,u567,Morocco,Web,Series A,1,16,1.32,0.25,1015,5105,
2026-01-06 12:40:00,s7960,u1027,Tunisia,Android TV,Kids Show,1,16,0.31,0.24,11948,5548,STARTUP_TIMEOUT
2026-01-06 12:41:00,s7961,u2395,France,Smart TV,Documentary D,1,64,0.2,0.19,3987,2291,
2026-01-06 12:42:00,s7962,u2179,Cameroon,Smart TV,Movie C,1,22,0.94,0.54,676,3747,CDN_ERROR
2026-01-06 12:43:00,s7963,u1872,France,iOS,Series A,1,72,0.97,0.23,6636,2527,AUTH_ERROR
2026-01-06 12:44:00,s7964,u657,Morocco,Web,Series A,1,70,0.28,0.45,2608,5531,
2026-01-06 12:45:00,s7965,u1185,Tunisia,Web,Series B,1,54,0.48,0.15,1066,5265,CDN_ERROR
2026-01-06 12:46:00,s7966,u2440,Cameroon,Web,Series A,1,82,0.59,0.49,10095,3967,CDN_ERROR
2026-01-06 12:47:00,s7967,u1056,Tunisia,Android TV,Sport Live,1,67,1.26,0.31,4206,4828,
2026-01-06 12:48:00,s7968,u28,Tunisia,STB,Series B,1,1,0.55,0.48,5619,2209,LOW_BITRATE
2026-01-06 12:49:00,s7969,u1603,Tunisia,STB,Documentary D,1,47,0.95,0.5,7890,4828,STARTUP_TIMEOUT
2026-01-06 12:50:00,s7970,u202,Tunisia,STB,Series A,1,51,0.19,0.38,9695,1519,
2026-01-06 12:51:00,s7971,u2208,Cameroon,STB,Series B,1,18,0.32,0.54,9706,4602,
2026-01-06 12:52:00,s7972,u2042,Ivory Coast,Mobile,Series A,1,24,1.48,0.14,4441,589,
2026-01-06 12:53:00,s7973,u1417,Senegal,Web,Movie C,1,25,1.3,0.25,8193,1103,AUTH_ERROR
2026-01-06 12:54:00,s7974,u957,Senegal,Smart TV,Kids Show,1,24,0.82,0.32,8045,854,
2026-01-06 12:55:00,s7975,u1125,Cameroon,Smart TV,Documentary D,1,28,0.49,0.25,2137,4851,
2026-01-06 12:56:00,s7976,u75,Cameroon,Web,Documentary D,1,90,0.36,0.26,3888,4220,
2026-01-06 12:57:00,s7977,u716,Ivory Coast,iOS,Sport Live,1,29,0.58,0.26,3537,1286,
2026-01-06 12:58:00,s7978,u469,Morocco,Mobile,Sport Live,1,78,0.02,0.05,6131,3197,
2026-01-06 12:59:00,s7979,u1097,Cameroon,Web,Documentary D,1,18,0.67,0.16,9890,5919,
2026-01-06 13:00:00,s7980,u1734,Cameroon,STB,Series A,1,21,0.25,0.26,6284,1104,
2026-01-06 13:01:00,s7981,u1553,France,STB,Documentary D,1,52,0.77,0.52,6971,2402,BUFFERING_ERROR
2026-01-06 13:02:00,s7982,u716,Tunisia,STB,Series B,1,86,0.22,0.43,3063,2594,
2026-01-06 13:03:00,s7983,u2405,Senegal,Mobile,Documentary D,1,85,0.57,0.38,9358,4751,CDN_ERROR
2026-01-06 13:04:00,s7984,u2029,Ivory Coast,Smart TV,Movie C,1,39,0.16,0.55,2271,2747,
2026-01-06 13:05:00,s7985,u135,France,Android TV,Series B,1,66,1.16,0.11,2495,2227,LOW_BITRATE
2026-01-06 13:06:00,s7986,u1390,Morocco,Mobile,Series A,1,32,1.44,0.03,5136,3268,AUTH_ERROR
2026-01-06 13:07:00,s7987,u2267,France,iOS,Documentary D,1,59,1.48,0.36,5091,3573,LOW_BITRATE
2026-01-06 13:08:00,s7988,u2273,Senegal,Android TV,Documentary D,1,37,0.26,0.17,6522,4380,CDN_ERROR
2026-01-06 13:09:00,s7989,u20,Senegal,iOS,Documentary D,1,85,0.25,0.28,10056,5883,BUFFERING_ERROR
2026-01-06 13:10:00,s7990,u2196,Morocco,Smart TV,Sport Live,1,34,0.17,0.35,8509,4365,
2026-01-06 13:11:00,s7991,u2069,Cameroon,Web,Sport Live,1,18,0.63,0.34,820,1945,CDN_ERROR
2026-01-06 13:12:00,s7992,u457,Morocco,Web,Kids Show,1,86,0.06,0.13,10208,2933,AUTH_ERROR
2026-01-06 13:13:00,s7993,u1867,Morocco,iOS,Sport Live,1,89,0.24,0.41,3731,4221,BUFFERING_ERROR
2026-01-06 13:14:00,s7994,u105,Cameroon,Mobile,Series A,1,8,0.11,0.18,8108,1931,AUTH_ERROR
2026-01-06 13:15:00,s7995,u1174,Ivory Coast,Android TV,Movie C,1,39,1.48,0.08,11887,3527,LOW_BITRATE
2026-01-06 13:16:00,s7996,u1756,Tunisia,Android TV,Series B,1,8,1.16,0.44,2011,5124,
2026-01-06 13:17:00,s7997,u1681,Senegal,Web,Series B,1,85,0.95,0.17,3344,2160,
2026-01-06 13:18:00,s7998,u912,Ivory Coast,iOS,Series A,1,37,0.85,0.23,3124,3861,
2026-01-06 13:19:00,s7999,u1655,Senegal,iOS,Documentary D,1,71,1.09,0.06,10385,3602,
2026-01-06 13:20:00,s8000,u1277,Tunisia,Android TV,Movie C,1,20,0.07,0.41,8611,642,BUFFERING_ERROR
2026-01-06 13:21:00,s8001,u1161,Senegal,iOS,Kids Show,1,84,1.07,0.34,9326,3665,STARTUP_TIMEOUT
2026-01-06 13:22:00,s8002,u935,Tunisia,Android TV,Series B,1,30,0.58,0.42,8599,4481,LOW_BITRATE
2026-01-06 13:23:00,s8003,u1528,Tunisia,Web,Sport Live,1,33,1.49,0.32,11362,2613,CDN_ERROR
2026-01-06 13:24:00,s8004,u1506,Cameroon,Android TV,Sport Live,1,81,1.09,0.06,5249,2419,
2026-01-06 13:25:00,s8005,u2281,Cameroon,Mobile,Sport Live,1,30,0.26,0.07,1062,3710,CDN_ERROR
2026-01-06 13:26:00,s8006,u1294,Senegal,Smart TV,Series A,1,37,0.26,0.21,5828,5086,LOW_BITRATE
2026-01-06 13:27:00,s8007,u2178,France,Android TV,Movie C,1,75,0.81,0.4,6367,4109,
2026-01-06 13:28:00,s8008,u344,Cameroon,Mobile,Sport Live,1,76,1.2,0.11,6282,2090,
2026-01-06 13:29:00,s8009,u2008,Ivory Coast,Android TV,Series A,1,78,1.2,0.03,1879,4279,
2026-01-06 13:30:00,s8010,u112,Tunisia,iOS,Kids Show,1,47,0.61,0.48,4638,2606,LOW_BITRATE
2026-01-06 13:31:00,s8011,u954,Morocco,Mobile,Series B,1,61,0.96,0.53,4822,781,
2026-01-06 13:32:00,s8012,u783,Senegal,Mobile,Movie C,1,72,1.03,0.46,6532,1160,AUTH_ERROR
2026-01-06 13:33:00,s8013,u165,Senegal,iOS,Movie C,1,54,0.83,0.23,5196,3398,CDN_ERROR
2026-01-06 13:34:00,s8014,u2370,Cameroon,Mobile,Documentary D,1,4,1.31,0.41,9866,2975,
2026-01-06 13:35:00,s8015,u2449,Ivory Coast,Mobile,Series A,1,21,0.59,0.03,8914,5272,
2026-01-06 13:36:00,s8016,u521,Cameroon,STB,Series B,1,89,0.51,0.49,791,2693,LOW_BITRATE
2026-01-06 13:37:00,s8017,u852,Morocco,Smart TV,Series A,1,47,0.58,0.23,1750,4628,CDN_ERROR
2026-01-06 13:38:00,s8018,u468,Morocco,Mobile,Movie C,1,41,0.93,0.16,4671,4157,
2026-01-06 13:39:00,s8019,u2257,Ivory Coast,Smart TV,Movie C,1,67,1.23,0.18,3560,3249,CDN_ERROR
2026-01-06 13:40:00,s8020,u2385,Morocco,iOS,Documentary D,1,48,1.14,0.55,7023,5370,
2026-01-06 13:41:00,s8021,u202,Morocco,STB,Series A,1,4,0.24,0.34,5930,1533,STARTUP_TIMEOUT
2026-01-06 13:42:00,s8022,u1807,France,Web,Movie C,1,10,1.49,0.12,1553,5466,BUFFERING_ERROR
2026-01-06 13:43:00,s8023,u682,Tunisia,Web,Series A,1,45,0.7,0.49,7572,1017,BUFFERING_ERROR
2026-01-06 13:44:00,s8024,u1238,Morocco,Android TV,Documentary D,1,34,0.65,0.17,11844,3030,
2026-01-06 13:45:00,s8025,u2225,Cameroon,Smart TV,Series B,1,26,1.37,0.2,6320,4722,CDN_ERROR
2026-01-06 13:46:00,s8026,u1953,Tunisia,Mobile,Kids Show,1,63,1.34,0.07,6529,1887,STARTUP_TIMEOUT
2026-01-06 13:47:00,s8027,u84,Ivory Coast,STB,Kids Show,1,67,0.49,0.51,10856,4059,
2026-01-06 13:48:00,s8028,u967,Cameroon,Web,Sport Live,1,61,1.22,0.04,11472,2484,
2026-01-06 13:49:00,s8029,u2013,Morocco,STB,Documentary D,1,65,1.15,0.38,2916,1083,BUFFERING_ERROR
2026-01-06 13:50:00,s8030,u1456,Morocco,Android TV,Series B,1,35,1.4,0.23,867,4818,STARTUP_TIMEOUT
2026-01-06 13:51:00,s8031,u1474,Tunisia,Android TV,Series B,1,4,1.26,0.02,9552,619,
2026-01-06 13:52:00,s8032,u2034,Tunisia,Smart TV,Series A,1,21,0.46,0.09,7582,2216,STARTUP_TIMEOUT
2026-01-06 13:53:00,s8033,u192,Senegal,iOS,Documentary D,1,60,0.95,0.38,10655,1039,
2026-01-06 13:54:00,s8034,u1492,Tunisia,Android TV,Sport Live,1,11,0.89,0.16,6694,3018,
2026-01-06 13:55:00,s8035,u2227,Morocco,STB,Sport Live,1,62,0.01,0.22,1890,2816,STARTUP_TIMEOUT
2026-01-06 13:56:00,s8036,u1482,Ivory Coast,Mobile,Sport Live,1,20,0.3,0.08,9818,816,STARTUP_TIMEOUT
2026-01-06 13:57:00,s8037,u1843,Morocco,Android TV,Documentary D,1,58,0.66,0.15,2435,5630,BUFFERING_ERROR
2026-01-06 13:58:00,s8038,u179,Tunisia,STB,Series A,1,25,0.78,0.13,9108,4313,CDN_ERROR
2026-01-06 13:59:00,s8039,u1450,Senegal,Mobile,Sport Live,1,7,0.37,0.3,4216,5685,
2026-01-06 14:00:00,s8040,u1328,Morocco,iOS,Series A,1,44,1.34,0.1,9448,3631,BUFFERING_ERROR
2026-01-06 14:01:00,s8041,u1512,Cameroon,iOS,Sport Live,1,39,0.48,0.36,2083,2825,CDN_ERROR
2026-01-06 14:02:00,s8042,u1340,France,STB,Sport Live,1,36,0.49,0.22,10711,3499,AUTH_ERROR
2026-01-06 14:03:00,s8043,u1034,Ivory Coast,STB,Series B,1,67,0.15,0.21,1610,521,CDN_ERROR
2026-01-06 14:04:00,s8044,u750,Senegal,Mobile,Documentary D,1,25,0.98,0.37,5738,5606,AUTH_ERROR
2026-01-06 14:05:00,s8045,u2026,France,Mobile,Series B,1,31,0.95,0.42,6513,1350,
2026-01-06 14:06:00,s8046,u1587,France,STB,Documentary D,1,38,1.34,0.22,3518,3461,LOW_BITRATE
2026-01-06 14:07:00,s8047,u1009,Tunisia,STB,Sport Live,1,16,1.4,0.16,11520,3730,BUFFERING_ERROR
2026-01-06 14:08:00,s8048,u22,Senegal,Smart TV,Series A,1,27,0.74,0.2,1306,1501,LOW_BITRATE
2026-01-06 14:09:00,s8049,u1155,Ivory Coast,Android TV,Kids Show,1,31,1.29,0.14,10899,3200,
2026-01-06 14:10:00,s8050,u1722,France,Web,Kids Show,1,46,0.23,0.26,4593,5746,STARTUP_TIMEOUT
2026-01-06 14:11:00,s8051,u1061,Tunisia,Smart TV,Series B,1,72,0.6,0.21,7593,1509,
2026-01-06 14:12:00,s8052,u1570,Cameroon,STB,Documentary D,1,31,0.95,0.47,7881,2574,
2026-01-06 14:13:00,s8053,u558,Cameroon,Web,Documentary D,1,68,1.41,0.37,10323,1614,LOW_BITRATE
2026-01-06 14:14:00,s8054,u506,Ivory Coast,Android TV,Series A,1,20,1.42,0.4,11519,3518,BUFFERING_ERROR
2026-01-06 14:15:00,s8055,u505,Tunisia,Smart TV,Series B,1,66,0.76,0.14,3840,4083,CDN_ERROR
2026-01-06 14:16:00,s8056,u408,Senegal,iOS,Documentary D,1,35,1.12,0.07,1713,2647,LOW_BITRATE
2026-01-06 14:17:00,s8057,u842,Cameroon,Web,Sport Live,1,22,0.12,0.1,5231,1236,LOW_BITRATE
2026-01-06 14:18:00,s8058,u1142,Tunisia,Web,Kids Show,1,7,0.7,0.34,3050,4066,CDN_ERROR
2026-01-06 14:19:00,s8059,u1417,Senegal,Web,Documentary D,1,42,1.47,0.45,5387,4789,BUFFERING_ERROR
2026-01-06 14:20:00,s8060,u2351,Tunisia,Mobile,Kids Show,1,67,0.85,0.06,3382,2504,CDN_ERROR
2026-01-06 14:21:00,s8061,u1039,France,Mobile,Series A,1,69,0.23,0.5,5118,4748,STARTUP_TIMEOUT
2026-01-06 14:22:00,s8062,u1505,Ivory Coast,Mobile,Sport Live,1,82,0.5,0.36,10069,2888,LOW_BITRATE
2026-01-06 14:23:00,s8063,u1806,Ivory Coast,STB,Kids Show,1,25,0.33,0.24,1510,3622,
2026-01-06 14:24:00,s8064,u1948,Senegal,Android TV,Series A,1,11,1.01,0.31,6086,4031,STARTUP_TIMEOUT
2026-01-06 14:25:00,s8065,u1725,Morocco,STB,Kids Show,1,13,0.99,0.18,5571,3926,
2026-01-06 14:26:00,s8066,u2298,Tunisia,Web,Movie C,1,84,1.16,0.34,3629,4447,AUTH_ERROR
2026-01-06 14:27:00,s8067,u411,Cameroon,Android TV,Kids Show,1,22,0.21,0.4,10603,825,
2026-01-06 14:28:00,s8068,u627,Ivory Coast,Smart TV,Documentary D,1,79,1.08,0.5,10787,4886,CDN_ERROR
2026-01-06 14:29:00,s8069,u182,Ivory Coast,Mobile,Series A,1,69,0.49,0.35,4251,2866,
2026-01-06 14:30:00,s8070,u2233,Tunisia,Android TV,Sport Live,1,29,0.27,0.31,5900,2921,
2026-01-06 14:31:00,s8071,u2395,Cameroon,Web,Documentary D,1,9,1.03,0.13,1904,2388,AUTH_ERROR
2026-01-06 14:32:00,s8072,u42,Cameroon,Android TV,Movie C,1,73,0.15,0.47,2350,5500,
2026-01-06 14:33:00,s8073,u1936,Tunisia,Web,Movie C,1,43,0.74,0.38,11094,1656,
2026-01-06 14:34:00,s8074,u54,Senegal,Android TV,Series B,1,50,0.97,0.49,5537,3365,
2026-01-06 14:35:00,s8075,u1234,Senegal,Web,Movie C,1,73,0.25,0.46,7190,3756,
2026-01-06 14:36:00,s8076,u2234,Senegal,Smart TV,Series B,1,29,0.65,0.03,2678,936,STARTUP_TIMEOUT
2026-01-06 14:37:00,s8077,u1867,Tunisia,Mobile,Documentary D,1,21,0.05,0.05,11057,4729,AUTH_ERROR
2026-01-06 14:38:00,s8078,u382,France,Android TV,Movie C,1,60,0.84,0.08,1326,2105,AUTH_ERROR
2026-01-06 14:39:00,s8079,u40,Morocco,iOS,Sport Live,1,7,1.21,0.47,4851,2682,LOW_BITRATE
2026-01-06 14:40:00,s8080,u2422,Tunisia,Smart TV,Sport Live,1,37,0.46,0.05,5941,1576,LOW_BITRATE
2026-01-06 14:41:00,s8081,u342,Ivory Coast,Smart TV,Movie C,1,34,0.79,0.17,10821,591,LOW_BITRATE
2026-01-06 14:42:00,s8082,u685,Morocco,Android TV,Series A,1,81,0.17,0.18,2141,2010,
2026-01-06 14:43:00,s8083,u1987,Senegal,Android TV,Documentary D,1,38,1.44,0.23,10962,489,
2026-01-06 14:44:00,s8084,u119,Ivory Coast,STB,Documentary D,1,53,0.39,0.41,7625,1012,BUFFERING_ERROR
2026-01-06 14:45:00,s8085,u1325,Morocco,Web,Series B,1,31,0.48,0.38,6981,1443,CDN_ERROR
2026-01-06 14:46:00,s8086,u279,Senegal,Mobile,Documentary D,1,50,1.35,0.38,1554,4310,
2026-01-06 14:47:00,s8087,u1381,Tunisia,Web,Movie C,1,75,1.45,0.23,4796,3757,LOW_BITRATE
2026-01-06 14:48:00,s8088,u553,Morocco,Mobile,Documentary D,1,31,0.93,0.18,5690,593,BUFFERING_ERROR
2026-01-06 14:49:00,s8089,u1442,Morocco,Smart TV,Kids Show,1,87,0.92,0.07,4154,4837,BUFFERING_ERROR
2026-01-06 14:50:00,s8090,u1774,Senegal,Web,Sport Live,1,65,1.18,0.06,7808,2832,LOW_BITRATE
2026-01-06 14:51:00,s8091,u1518,Tunisia,Web,Series A,1,7,1.2,0.36,4971,755,AUTH_ERROR
2026-01-06 14:52:00,s8092,u367,Morocco,Web,Series A,1,11,0.21,0.26,2443,3426,STARTUP_TIMEOUT
2026-01-06 14:53:00,s8093,u1248,Morocco,iOS,Movie C,1,37,0.01,0.33,6610,4000,LOW_BITRATE
2026-01-06 14:54:00,s8094,u1131,Tunisia,iOS,Movie C,1,21,1.4,0.26,9061,2238,
2026-01-06 14:55:00,s8095,u1587,Ivory Coast,Android TV,Kids Show,1,52,1.16,0.03,881,2082,
2026-01-06 14:56:00,s8096,u2384,Tunisia,Android TV,Sport Live,1,31,1.15,0.29,831,1335,AUTH_ERROR
2026-01-06 14:57:00,s8097,u2125,Morocco,STB,Movie C,1,67,1.43,0.41,807,828,AUTH_ERROR
2026-01-06 14:58:00,s8098,u2428,Tunisia,Smart TV,Movie C,1,62,0.9,0.42,6903,3085,
2026-01-06 14:59:00,s8099,u534,Senegal,STB,Series B,1,58,1.13,0.21,5244,1858,
2026-01-06 15:00:00,s8100,u218,Tunisia,iOS,Sport Live,1,82,1.03,0.19,2606,1900,AUTH_ERROR
2026-01-06 15:01:00,s8101,u1902,Senegal,Android TV,Series A,1,72,0.33,0.07,5391,2788,AUTH_ERROR
2026-01-06 15:02:00,s8102,u2367,France,Smart TV,Sport Live,1,39,0.16,0.18,1996,3476,
2026-01-06 15:03:00,s8103,u1811,Morocco,Android TV,Movie C,1,30,0.21,0.05,5687,840,CDN_ERROR
2026-01-06 15:04:00,s8104,u1826,Ivory Coast,Mobile,Kids Show,1,74,0.86,0.12,5163,2986,AUTH_ERROR
2026-01-06 15:05:00,s8105,u2003,Cameroon,STB,Movie C,1,40,0.64,0.18,3814,5510,LOW_BITRATE
2026-01-06 15:06:00,s8106,u1493,France,STB,Movie C,1,85,0.43,0.32,2497,2430,AUTH_ERROR
2026-01-06 15:07:00,s8107,u946,Cameroon,Web,Movie C,1,6,0.19,0.37,6363,3147,BUFFERING_ERROR
2026-01-06 15:08:00,s8108,u1613,France,STB,Series B,1,80,0.76,0.31,5531,4177,AUTH_ERROR
2026-01-06 15:09:00,s8109,u1117,Senegal,Android TV,Kids Show,1,52,1.04,0.45,6510,2309,BUFFERING_ERROR
2026-01-06 15:10:00,s8110,u568,Ivory Coast,Mobile,Documentary D,1,90,1.26,0.47,7092,433,AUTH_ERROR
2026-01-06 15:11:00,s8111,u2398,Tunisia,Android TV,Series B,1,37,0.87,0.05,4500,658,CDN_ERROR
2026-01-06 15:12:00,s8112,u2140,Tunisia,Web,Kids Show,1,32,0.07,0.06,9486,3502,
2026-01-06 15:13:00,s8113,u1874,France,Smart TV,Series B,1,71,1.06,0.41,10293,2060,LOW_BITRATE
2026-01-06 15:14:00,s8114,u339,Ivory Coast,STB,Documentary D,1,47,1.01,0.05,6599,404,
2026-01-06 15:15:00,s8115,u2457,Senegal,Android TV,Movie C,1,49,0.4,0.36,2396,899,LOW_BITRATE
2026-01-06 15:16:00,s8116,u1369,Morocco,STB,Documentary D,1,54,0.33,0.22,5848,4430,
2026-01-06 15:17:00,s8117,u2231,France,Smart TV,Movie C,1,83,0.44,0.35,7583,5669,BUFFERING_ERROR
2026-01-06 15:18:00,s8118,u614,France,Mobile,Sport Live,1,15,1.47,0.15,6514,1241,CDN_ERROR
2026-01-06 15:19:00,s8119,u881,Tunisia,iOS,Series A,1,63,1.26,0.01,5586,3788,CDN_ERROR
2026-01-06 15:20:00,s8120,u2320,France,Smart TV,Series A,1,34,1.17,0.36,8669,3476,AUTH_ERROR
2026-01-06 15:21:00,s8121,u1877,Ivory Coast,Mobile,Movie C,1,68,1.06,0.53,8029,4696,STARTUP_TIMEOUT
2026-01-06 15:22:00,s8122,u2166,Ivory Coast,Web,Series A,1,35,0.62,0.32,11177,4915,LOW_BITRATE
2026-01-06 15:23:00,s8123,u2130,Senegal,STB,Sport Live,1,65,0.26,0.06,10329,3505,
2026-01-06 15:24:00,s8124,u1039,France,Android TV,Series B,1,43,1.46,0.22,9860,1704,AUTH_ERROR
2026-01-06 15:25:00,s8125,u1802,France,Android TV,Sport Live,1,41,0.55,0.39,7234,5344,
2026-01-06 15:26:00,s8126,u2321,Ivory Coast,Web,Documentary D,1,86,1.48,0.32,5181,4054,
2026-01-06 15:27:00,s8127,u447,Cameroon,iOS,Series B,1,18,1.15,0.32,11670,5398,STARTUP_TIMEOUT
2026-01-06 15:28:00,s8128,u1035,Cameroon,Mobile,Sport Live,1,73,0.91,0.42,9599,4741,
2026-01-06 15:29:00,s8129,u1561,France,Web,Sport Live,1,48,0.13,0.13,2337,5281,
2026-01-06 15:30:00,s8130,u1954,Ivory Coast,Mobile,Movie C,1,15,0.31,0.31,7531,3951,
2026-01-06 15:31:00,s8131,u710,Senegal,Mobile,Movie C,1,4,0.2,0.15,2174,2514,AUTH_ERROR
2026-01-06 15:32:00,s8132,u528,Senegal,iOS,Documentary D,1,48,0.34,0.32,1656,2387,
2026-01-06 15:33:00,s8133,u388,Tunisia,Android TV,Series B,1,47,0.47,0.35,7194,3272,
2026-01-06 15:34:00,s8134,u720,France,Web,Series B,1,3,0.5,0.45,6636,2144,
2026-01-06 15:35:00,s8135,u1859,Ivory Coast,Android TV,Kids Show,1,66,0.61,0.39,6905,867,LOW_BITRATE
2026-01-06 15:36:00,s8136,u839,Tunisia,Smart TV,Sport Live,1,33,0.62,0.25,1915,4025,
2026-01-06 15:37:00,s8137,u1027,France,iOS,Kids Show,1,75,0.23,0.46,8332,782,AUTH_ERROR
2026-01-06 15:38:00,s8138,u2354,Morocco,Web,Documentary D,1,30,1.32,0.45,2484,4575,BUFFERING_ERROR
2026-01-06 15:39:00,s8139,u1651,Morocco,Smart TV,Kids Show,1,41,1.34,0.34,11368,3427,
2026-01-06 15:40:00,s8140,u166,Tunisia,Web,Series A,1,15,0.75,0.36,4523,2323,
2026-01-06 15:41:00,s8141,u904,Cameroon,Smart TV,Kids Show,1,37,1.28,0.23,7908,3692,CDN_ERROR
2026-01-06 15:42:00,s8142,u2029,Ivory Coast,Smart TV,Movie C,1,5,0.71,0.49,8294,3354,BUFFERING_ERROR
2026-01-06 15:43:00,s8143,u1800,Morocco,Mobile,Series B,1,33,1.43,0.09,3778,500,
2026-01-06 15:44:00,s8144,u947,Morocco,Mobile,Movie C,1,29,0.02,0.07,3961,1565,
2026-01-06 15:45:00,s8145,u1073,Cameroon,Android TV,Sport Live,1,16,0.1,0.37,2934,2293,STARTUP_TIMEOUT
2026-01-06 15:46:00,s8146,u2109,Senegal,Web,Series B,1,11,1.2,0.26,5837,4222,LOW_BITRATE
2026-01-06 15:47:00,s8147,u1346,Cameroon,iOS,Documentary D,1,14,0.3,0.53,10591,4614,STARTUP_TIMEOUT
2026-01-06 15:48:00,s8148,u1086,Tunisia,Android TV,Series A,1,54,0.05,0.26,7252,4266,
2026-01-06 15:49:00,s8149,u1307,Morocco,Mobile,Series B,1,70,0.02,0.27,11832,5263,LOW_BITRATE
2026-01-06 15:50:00,s8150,u705,Senegal,iOS,Series A,1,51,1.42,0.02,6806,3666,STARTUP_TIMEOUT
2026-01-06 15:51:00,s8151,u2368,Tunisia,Android TV,Series B,1,78,0.35,0.47,5531,1882,STARTUP_TIMEOUT
2026-01-06 15:52:00,s8152,u169,Ivory Coast,iOS,Series A,1,2,0.77,0.04,10718,3653,CDN_ERROR
2026-01-06 15:53:00,s8153,u2252,France,STB,Series B,1,70,0.7,0.17,10053,5220,
2026-01-06 15:54:00,s8154,u1541,Senegal,Mobile,Series A,1,28,1.17,0.41,7279,5983,
2026-01-06 15:55:00,s8155,u2421,Tunisia,STB,Series B,1,38,0.64,0.08,6295,4620,STARTUP_TIMEOUT
2026-01-06 15:56:00,s8156,u1747,France,STB,Kids Show,1,67,1.35,0.45,5483,653,
2026-01-06 15:57:00,s8157,u2440,France,STB,Movie C,1,67,0.77,0.32,7658,4066,STARTUP_TIMEOUT
2026-01-06 15:58:00,s8158,u2344,Tunisia,Mobile,Sport Live,1,16,1.09,0.42,1604,5533,CDN_ERROR
2026-01-06 15:59:00,s8159,u981,Morocco,STB,Series A,1,80,0.34,0.06,2284,2881,CDN_ERROR
2026-01-06 16:00:00,s8160,u737,Senegal,Web,Documentary D,1,48,0.16,0.11,11187,710,
2026-01-06 16:01:00,s8161,u1020,Senegal,Mobile,Movie C,1,69,0.11,0.4,9887,3610,LOW_BITRATE
2026-01-06 16:02:00,s8162,u1900,France,STB,Kids Show,1,61,1.41,0.54,1047,5871,BUFFERING_ERROR
2026-01-06 16:03:00,s8163,u1245,Senegal,Smart TV,Series A,1,39,0.63,0.37,5239,2065,STARTUP_TIMEOUT
2026-01-06 16:04:00,s8164,u76,Cameroon,Smart TV,Sport Live,1,50,0.47,0.03,2136,5276,LOW_BITRATE
2026-01-06 16:05:00,s8165,u2197,Morocco,Smart TV,Series B,1,38,0.22,0.52,2811,512,
2026-01-06 16:06:00,s8166,u1356,Morocco,STB,Series B,1,43,1.15,0.09,11739,2471,AUTH_ERROR
2026-01-06 16:07:00,s8167,u2222,Morocco,iOS,Sport Live,1,47,1.31,0.42,11562,3062,
2026-01-06 16:08:00,s8168,u436,Ivory Coast,Web,Movie C,1,38,0.08,0.09,10479,3964,
2026-01-06 16:09:00,s8169,u1517,Cameroon,Android TV,Series A,1,44,1.22,0.54,8639,4243,
2026-01-06 16:10:00,s8170,u1778,Tunisia,Smart TV,Series A,1,73,0.77,0.04,3092,1183,STARTUP_TIMEOUT
2026-01-06 16:11:00,s8171,u1523,Morocco,Mobile,Series A,1,4,0.91,0.18,9078,4664,
2026-01-06 16:12:00,s8172,u1445,Morocco,iOS,Series A,1,82,1.12,0.41,10752,4119,STARTUP_TIMEOUT
2026-01-06 16:13:00,s8173,u1645,France,Web,Movie C,1,10,0.06,0.29,2561,5453,CDN_ERROR
2026-01-06 16:14:00,s8174,u666,Cameroon,STB,Sport Live,1,85,0.07,0.35,9728,5472,
2026-01-06 16:15:00,s8175,u1637,Ivory Coast,Web,Kids Show,1,23,0.16,0.25,10238,2357,
2026-01-06 16:16:00,s8176,u25,Cameroon,Smart TV,Series A,1,11,0.35,0.44,2933,1291,STARTUP_TIMEOUT
2026-01-06 16:17:00,s8177,u2292,Senegal,Android TV,Kids Show,1,45,1.37,0.49,4576,2047,
2026-01-06 16:18:00,s8178,u1067,Senegal,Android TV,Documentary D,1,70,0.06,0.11,2749,3582,
2026-01-06 16:19:00,s8179,u2312,Ivory Coast,Mobile,Movie C,1,28,0.93,0.51,919,2041,LOW_BITRATE
2026-01-06 16:20:00,s8180,u2328,Tunisia,Mobile,Kids Show,1,57,1.13,0.28,6847,1077,CDN_ERROR
2026-01-06 16:21:00,s8181,u2054,Cameroon,Android TV,Series A,1,54,1.38,0.03,8659,1864,
2026-01-06 16:22:00,s8182,u2272,Cameroon,iOS,Series A,1,13,1.27,0.45,6460,2689,
2026-01-06 16:23:00,s8183,u678,Senegal,Android TV,Series A,1,29,1.5,0.35,8445,4261,AUTH_ERROR
2026-01-06 16:24:00,s8184,u1965,Ivory Coast,Android TV,Kids Show,1,18,0.5,0.02,1766,2581,CDN_ERROR
2026-01-06 16:25:00,s8185,u2491,Tunisia,Android TV,Series A,1,37,1.31,0.43,9331,5053,CDN_ERROR
2026-01-06 16:26:00,s8186,u1714,France,Web,Series A,1,22,0.16,0.06,2050,4880,
2026-01-06 16:27:00,s8187,u2382,Ivory Coast,Android TV,Movie C,1,21,0.13,0.13,1418,3886,BUFFERING_ERROR
2026-01-06 16:28:00,s8188,u1899,Tunisia,iOS,Sport Live,1,1,0.46,0.05,5248,5198,AUTH_ERROR
2026-01-06 16:29:00,s8189,u569,Tunisia,Web,Movie C,1,55,1.0,0.53,7595,2352,LOW_BITRATE
2026-01-06 16:30:00,s8190,u658,Tunisia,iOS,Series A,1,26,0.23,0.3,7394,4627,BUFFERING_ERROR
2026-01-06 16:31:00,s8191,u1176,Cameroon,iOS,Kids Show,1,83,1.11,0.35,5354,1232,BUFFERING_ERROR
2026-01-06 16:32:00,s8192,u696,Ivory Coast,iOS,Kids Show,1,21,0.4,0.51,6084,5804,BUFFERING_ERROR
2026-01-06 16:33:00,s8193,u368,France,Android TV,Movie C,1,23,0.45,0.04,4203,4203,
2026-01-06 16:34:00,s8194,u1879,Senegal,Android TV,Kids Show,1,16,0.39,0.23,2517,3133,BUFFERING_ERROR
2026-01-06 16:35:00,s8195,u653,Ivory Coast,Web,Series B,1,45,0.13,0.22,11143,868,LOW_BITRATE
2026-01-06 16:36:00,s8196,u1425,Morocco,Web,Sport Live,1,14,0.97,0.32,2062,4945,STARTUP_TIMEOUT
2026-01-06 16:37:00,s8197,u579,Tunisia,Android TV,Movie C,1,59,1.49,0.15,10549,2543,
2026-01-06 16:38:00,s8198,u511,France,STB,Kids Show,1,32,0.62,0.02,11859,4034,CDN_ERROR
2026-01-06 16:39:00,s8199,u647,Morocco,Android TV,Sport Live,1,24,0.77,0.26,9559,5967,
2026-01-06 16:40:00,s8200,u476,Cameroon,Web,Documentary D,1,21,0.25,0.2,3353,679,STARTUP_TIMEOUT
2026-01-06 16:41:00,s8201,u382,Cameroon,Web,Sport Live,1,78,0.61,0.26,2956,3229,
2026-01-06 16:42:00,s8202,u2312,Cameroon,Web,Kids Show,1,47,1.3,0.07,624,1110,
2026-01-06 16:43:00,s8203,u1000,Morocco,Android TV,Movie C,1,14,1.31,0.2,3936,2749,LOW_BITRATE
2026-01-06 16:44:00,s8204,u989,Morocco,Smart TV,Series B,1,53,0.16,0.36,8939,3275,
2026-01-06 16:45:00,s8205,u160,Morocco,Android TV,Kids Show,1,20,0.25,0.27,11798,598,STARTUP_TIMEOUT
2026-01-06 16:46:00,s8206,u1521,Tunisia,Web,Movie C,1,30,0.06,0.12,3415,4440,BUFFERING_ERROR
2026-01-06 16:47:00,s8207,u574,Senegal,STB,Sport Live,1,83,0.52,0.19,10970,3854,
2026-01-06 16:48:00,s8208,u207,Tunisia,STB,Documentary D,1,67,1.41,0.01,4815,3309,
2026-01-06 16:49:00,s8209,u2336,France,iOS,Documentary D,1,25,0.61,0.11,10676,4542,AUTH_ERROR
2026-01-06 16:50:00,s8210,u2413,France,Smart TV,Movie C,1,53,1.5,0.06,9805,4506,AUTH_ERROR
2026-01-06 16:51:00,s8211,u992,France,Mobile,Kids Show,1,81,1.3,0.44,3716,1746,AUTH_ERROR
2026-01-06 16:52:00,s8212,u1947,France,Smart TV,Kids Show,1,23,0.56,0.16,1735,3978,BUFFERING_ERROR
2026-01-06 16:53:00,s8213,u938,Senegal,Smart TV,Series A,1,81,0.97,0.14,2062,1184,
2026-01-06 16:54:00,s8214,u1669,Cameroon,iOS,Series A,1,37,0.4,0.4,10668,3738,
2026-01-06 16:55:00,s8215,u1579,Ivory Coast,iOS,Movie C,1,8,0.31,0.15,8774,3028,
2026-01-06 16:56:00,s8216,u515,Senegal,Mobile,Series A,1,72,0.22,0.54,2102,4703,STARTUP_TIMEOUT
2026-01-06 16:57:00,s8217,u793,Morocco,Mobile,Movie C,1,29,0.36,0.03,11835,3806,AUTH_ERROR
2026-01-06 16:58:00,s8218,u1907,Senegal,STB,Sport Live,1,59,0.79,0.38,7727,5030,
2026-01-06 16:59:00,s8219,u237,France,Android TV,Kids Show,1,87,0.23,0.27,10693,1292,AUTH_ERROR
2026-01-06 17:00:00,s8220,u1301,France,Smart TV,Kids Show,1,21,0.28,0.05,11839,2093,AUTH_ERROR
2026-01-06 17:01:00,s8221,u842,Tunisia,Android TV,Series A,1,67,0.07,0.11,3546,1663,
2026-01-06 17:02:00,s8222,u810,Morocco,STB,Sport Live,1,58,0.59,0.47,5309,3435,STARTUP_TIMEOUT
2026-01-06 17:03:00,s8223,u1437,Cameroon,Mobile,Series A,1,26,0.9,0.05,841,3331,
2026-01-06 17:04:00,s8224,u1548,Ivory Coast,STB,Series B,1,39,0.34,0.28,2941,3699,
2026-01-06 17:05:00,s8225,u1929,Tunisia,iOS,Series A,1,57,0.73,0.5,10297,3925,
2026-01-06 17:06:00,s8226,u1642,Senegal,Smart TV,Documentary D,1,83,0.31,0.49,1409,497,LOW_BITRATE
2026-01-06 17:07:00,s8227,u344,Cameroon,STB,Series B,1,26,0.23,0.41,718,519,STARTUP_TIMEOUT
2026-01-06 17:08:00,s8228,u1174,Senegal,Web,Series A,1,48,0.94,0.11,4783,5035,
2026-01-06 17:09:00,s8229,u1035,Ivory Coast,STB,Sport Live,1,29,0.14,0.39,7394,5547,STARTUP_TIMEOUT
2026-01-06 17:10:00,s8230,u446,Morocco,Android TV,Series B,1,63,0.58,0.26,7091,2068,
2026-01-06 17:11:00,s8231,u1147,France,Smart TV,Documentary D,1,60,0.47,0.2,1265,1085,BUFFERING_ERROR
2026-01-06 17:12:00,s8232,u987,Morocco,Web,Series B,1,69,0.96,0.48,4908,5700,AUTH_ERROR
2026-01-06 17:13:00,s8233,u1925,Morocco,Web,Kids Show,1,49,1.12,0.05,947,1347,LOW_BITRATE
2026-01-06 17:14:00,s8234,u2203,France,Android TV,Kids Show,1,89,0.12,0.36,11082,1422,BUFFERING_ERROR
2026-01-06 17:15:00,s8235,u1884,Ivory Coast,Mobile,Documentary D,1,85,0.88,0.41,8484,5967,BUFFERING_ERROR
2026-01-06 17:16:00,s8236,u1808,Cameroon,Web,Series A,1,24,1.49,0.14,10303,2106,
2026-01-06 17:17:00,s8237,u837,France,Mobile,Sport Live,1,83,0.07,0.24,1387,4985,CDN_ERROR
2026-01-06 17:18:00,s8238,u1913,Morocco,STB,Series B,1,59,1.24,0.11,3864,5933,CDN_ERROR
2026-01-06 17:19:00,s8239,u775,Senegal,Android TV,Movie C,1,55,0.62,0.19,4353,1916,
2026-01-06 17:20:00,s8240,u170,Morocco,Mobile,Documentary D,1,54,0.45,0.4,1157,4204,CDN_ERROR
2026-01-06 17:21:00,s8241,u1935,Cameroon,Web,Series A,1,40,0.78,0.06,981,1750,CDN_ERROR
2026-01-06 17:22:00,s8242,u1246,Cameroon,Smart TV,Movie C,1,25,0.48,0.39,3469,942,STARTUP_TIMEOUT
2026-01-06 17:23:00,s8243,u1837,Senegal,iOS,Series A,1,78,1.37,0.29,3565,823,CDN_ERROR
2026-01-06 17:24:00,s8244,u915,France,Mobile,Kids Show,1,37,0.22,0.41,5313,2517,
2026-01-06 17:25:00,s8245,u501,France,Android TV,Series B,1,5,1.36,0.47,5958,440,
2026-01-06 17:26:00,s8246,u1248,Senegal,Mobile,Documentary D,1,26,0.32,0.31,3599,4143,LOW_BITRATE
2026-01-06 17:27:00,s8247,u107,Ivory Coast,STB,Movie C,1,41,1.13,0.19,6040,421,
2026-01-06 17:28:00,s8248,u1308,Cameroon,iOS,Series A,1,24,1.42,0.49,7438,5835,
2026-01-06 17:29:00,s8249,u2361,Ivory Coast,Android TV,Sport Live,1,13,1.11,0.54,3941,1670,STARTUP_TIMEOUT
2026-01-06 17:30:00,s8250,u2035,Morocco,iOS,Kids Show,1,35,0.52,0.22,4437,2074,STARTUP_TIMEOUT
2026-01-06 17:31:00,s8251,u2091,Ivory Coast,Android TV,Series A,1,31,0.73,0.29,8136,817,STARTUP_TIMEOUT
2026-01-06 17:32:00,s8252,u2156,France,iOS,Series A,1,51,0.55,0.51,5620,2320,
2026-01-06 17:33:00,s8253,u700,Tunisia,Mobile,Series B,1,59,1.07,0.29,10177,5759,STARTUP_TIMEOUT
2026-01-06 17:34:00,s8254,u1616,Cameroon,Mobile,Series B,1,50,0.58,0.52,10360,1120,LOW_BITRATE
2026-01-06 17:35:00,s8255,u2092,Senegal,Mobile,Series B,1,25,1.38,0.29,2868,897,
2026-01-06 17:36:00,s8256,u2196,Senegal,Smart TV,Kids Show,1,81,1.37,0.25,6470,1640,AUTH_ERROR
2026-01-06 17:37:00,s8257,u281,Senegal,Android TV,Series B,1,43,0.45,0.53,5042,5901,BUFFERING_ERROR
2026-01-06 17:38:00,s8258,u885,Morocco,Web,Kids Show,1,25,0.12,0.41,975,4657,AUTH_ERROR
2026-01-06 17:39:00,s8259,u1929,Ivory Coast,iOS,Series B,1,21,0.84,0.26,9197,5795,BUFFERING_ERROR
2026-01-06 17:40:00,s8260,u390,France,iOS,Sport Live,1,20,0.77,0.25,790,3492,STARTUP_TIMEOUT
2026-01-06 17:41:00,s8261,u2053,Senegal,STB,Sport Live,1,19,1.15,0.17,3723,915,CDN_ERROR
2026-01-06 17:42:00,s8262,u121,Tunisia,Android TV,Series B,1,82,0.92,0.33,6610,3769,BUFFERING_ERROR
2026-01-06 17:43:00,s8263,u1082,Tunisia,Android TV,Series A,1,31,0.27,0.45,7600,1556,
2026-01-06 17:44:00,s8264,u1869,Morocco,iOS,Movie C,1,23,0.5,0.4,5803,1315,
2026-01-06 17:45:00,s8265,u207,Cameroon,Web,Kids Show,1,20,1.29,0.23,11502,579,
2026-01-06 17:46:00,s8266,u14,Senegal,iOS,Documentary D,1,62,0.76,0.1,3940,453,
2026-01-06 17:47:00,s8267,u2140,France,Mobile,Kids Show,1,28,0.86,0.29,7917,4824,
2026-01-06 17:48:00,s8268,u1747,Senegal,STB,Sport Live,1,36,0.15,0.33,11199,5437,AUTH_ERROR
2026-01-06 17:49:00,s8269,u641,Senegal,Android TV,Series A,1,87,1.28,0.08,5208,2506,
2026-01-06 17:50:00,s8270,u2007,France,Mobile,Series A,1,28,0.32,0.11,1004,4738,STARTUP_TIMEOUT
2026-01-06 17:51:00,s8271,u2387,Cameroon,Web,Sport Live,1,13,0.69,0.08,4595,1228,
2026-01-06 17:52:00,s8272,u302,Cameroon,Web,Series A,1,67,1.23,0.1,4412,4834,CDN_ERROR
2026-01-06 17:53:00,s8273,u870,Ivory Coast,Web,Movie C,1,70,1.26,0.41,8914,1649,BUFFERING_ERROR
2026-01-06 17:54:00,s8274,u1886,Morocco,Web,Kids Show,1,6,1.04,0.32,3182,2903,BUFFERING_ERROR
2026-01-06 17:55:00,s8275,u544,France,Android TV,Kids Show,1,44,0.94,0.02,9663,5960,CDN_ERROR
2026-01-06 17:56:00,s8276,u589,Morocco,Android TV,Movie C,1,89,0.14,0.12,5838,1786,AUTH_ERROR
2026-01-06 17:57:00,s8277,u1546,France,Smart TV,Series B,1,22,0.47,0.11,10725,4286,CDN_ERROR
2026-01-06 17:58:00,s8278,u1190,Tunisia,STB,Series B,1,54,0.45,0.39,8994,4844,LOW_BITRATE
2026-01-06 17:59:00,s8279,u1670,Cameroon,Web,Documentary D,1,17,1.25,0.24,5876,1928,AUTH_ERROR
2026-01-06 18:00:00,s8280,u2303,Morocco,Smart TV,Movie C,1,36,0.59,0.44,9233,2604,STARTUP_TIMEOUT
2026-01-06 18:01:00,s8281,u1985,Tunisia,Web,Sport Live,1,78,1.28,0.27,4262,4157,
2026-01-06 18:02:00,s8282,u1943,France,Smart TV,Sport Live,1,87,0.83,0.08,2562,3862,
2026-01-06 18:03:00,s8283,u1316,France,STB,Kids Show,1,42,0.19,0.41,8969,3434,AUTH_ERROR
2026-01-06 18:04:00,s8284,u813,Morocco,iOS,Kids Show,1,29,1.32,0.02,1096,1972,
2026-01-06 18:05:00,s8285,u452,Senegal,Mobile,Sport Live,1,39,0.87,0.39,2102,1363,AUTH_ERROR
2026-01-06 18:06:00,s8286,u1481,Tunisia,Smart TV,Series B,1,72,0.3,0.22,8665,5517,BUFFERING_ERROR
2026-01-06 18:07:00,s8287,u444,Cameroon,Mobile,Series B,1,36,0.49,0.48,2567,5478,
2026-01-06 18:08:00,s8288,u206,Senegal,Web,Series A,1,52,0.59,0.26,11715,1771,
2026-01-06 18:09:00,s8289,u76,France,iOS,Kids Show,1,71,0.59,0.41,7724,3371,
2026-01-06 18:10:00,s8290,u243,Senegal,Android TV,Sport Live,1,8,1.03,0.42,11642,2053,
2026-01-06 18:11:00,s8291,u172,Morocco,STB,Sport Live,1,87,0.65,0.43,5929,571,
2026-01-06 18:12:00,s8292,u2394,Senegal,Mobile,Documentary D,1,29,0.73,0.18,11623,3428,LOW_BITRATE
2026-01-06 18:13:00,s8293,u827,Tunisia,Smart TV,Series A,1,77,0.19,0.02,11646,5857,AUTH_ERROR
2026-01-06 18:14:00,s8294,u597,Morocco,Smart TV,Documentary D,1,51,0.67,0.24,2575,5374,STARTUP_TIMEOUT
2026-01-06 18:15:00,s8295,u210,Cameroon,Mobile,Documentary D,1,12,0.36,0.51,5840,1417,AUTH_ERROR
2026-01-06 18:16:00,s8296,u2037,Tunisia,Android TV,Series B,1,43,0.32,0.08,5238,5026,
2026-01-06 18:17:00,s8297,u1466,France,Mobile,Sport Live,1,48,1.24,0.3,3916,1843,
2026-01-06 18:18:00,s8298,u622,Morocco,Mobile,Movie C,1,58,0.18,0.4,1631,897,AUTH_ERROR
2026-01-06 18:19:00,s8299,u1184,Morocco,STB,Kids Show,1,87,0.17,0.34,8747,2375,BUFFERING_ERROR
2026-01-06 18:20:00,s8300,u1232,Cameroon,Web,Documentary D,1,28,0.47,0.13,2927,2739,
2026-01-06 18:21:00,s8301,u2063,Morocco,Mobile,Kids Show,1,4,0.55,0.08,7274,3990,BUFFERING_ERROR
2026-01-06 18:22:00,s8302,u292,France,Mobile,Kids Show,1,44,1.45,0.35,5322,3223,CDN_ERROR
2026-01-06 18:23:00,s8303,u330,Tunisia,iOS,Sport Live,1,25,1.07,0.52,7161,2452,CDN_ERROR
2026-01-06 18:24:00,s8304,u1666,France,Android TV,Series A,1,89,0.91,0.19,11042,2993,
2026-01-06 18:25:00,s8305,u1804,Senegal,Android TV,Documentary D,1,75,0.1,0.26,9115,5511,LOW_BITRATE
2026-01-06 18:26:00,s8306,u1005,France,STB,Kids Show,1,64,0.03,0.37,11225,4813,
2026-01-06 18:27:00,s8307,u370,Cameroon,Mobile,Kids Show,1,3,0.17,0.12,5253,4534,
2026-01-06 18:28:00,s8308,u1513,Cameroon,Mobile,Documentary D,1,83,1.29,0.48,3095,3551,AUTH_ERROR
2026-01-06 18:29:00,s8309,u1806,Tunisia,iOS,Documentary D,1,51,0.39,0.38,1269,5690,AUTH_ERROR
2026-01-06 18:30:00,s8310,u1373,Cameroon,Mobile,Movie C,1,79,1.24,0.43,5010,2578,AUTH_ERROR
2026-01-06 18:31:00,s8311,u1894,Senegal,Android TV,Documentary D,1,2,0.89,0.36,9062,4581,STARTUP_TIMEOUT
2026-01-06 18:32:00,s8312,u299,Senegal,STB,Sport Live,1,23,0.2,0.32,6300,5567,
2026-01-06 18:33:00,s8313,u119,Morocco,Smart TV,Kids Show,1,71,0.57,0.19,9468,5504,
2026-01-06 18:34:00,s8314,u2242,France,Web,Movie C,1,35,0.82,0.23,3950,5895,
2026-01-06 18:35:00,s8315,u1730,Ivory Coast,STB,Kids Show,1,20,1.14,0.36,3503,1272,
2026-01-06 18:36:00,s8316,u2419,Senegal,Web,Sport Live,1,55,0.84,0.45,5992,5969,CDN_ERROR
2026-01-06 18:37:00,s8317,u1578,France,Mobile,Kids Show,1,28,0.47,0.23,5167,4196,LOW_BITRATE
2026-01-06 18:38:00,s8318,u1555,Tunisia,Android TV,Kids Show,1,25,0.46,0.18,1657,3782,LOW_BITRATE
2026-01-06 18:39:00,s8319,u1582,Ivory Coast,Mobile,Kids Show,1,62,0.85,0.28,5633,2358,
2026-01-06 18:40:00,s8320,u34,France,STB,Kids Show,1,18,1.15,0.55,10151,3266,
2026-01-06 18:41:00,s8321,u2036,Senegal,Android TV,Movie C,1,68,1.07,0.42,2071,4202,BUFFERING_ERROR
2026-01-06 18:42:00,s8322,u2452,Cameroon,Android TV,Documentary D,1,27,0.62,0.14,2871,5806,LOW_BITRATE
2026-01-06 18:43:00,s8323,u1358,Ivory Coast,Android TV,Documentary D,1,32,0.25,0.45,4610,5354,BUFFERING_ERROR
2026-01-06 18:44:00,s8324,u1909,Cameroon,Mobile,Series B,1,50,1.01,0.16,2422,2027,
2026-01-06 18:45:00,s8325,u38,Senegal,Mobile,Series A,1,52,0.45,0.17,4739,1083,
2026-01-06 18:46:00,s8326,u2160,Tunisia,Smart TV,Series B,1,74,0.63,0.53,11097,2553,
2026-01-06 18:47:00,s8327,u2005,Cameroon,Web,Documentary D,1,17,1.34,0.42,11012,2218,
2026-01-06 18:48:00,s8328,u910,Senegal,iOS,Documentary D,1,82,0.87,0.5,2184,5708,AUTH_ERROR
2026-01-06 18:49:00,s8329,u2404,Morocco,Web,Sport Live,1,74,0.18,0.32,11841,2123,
2026-01-06 18:50:00,s8330,u588,Ivory Coast,iOS,Series B,1,71,0.12,0.51,1448,5216,
2026-01-06 18:51:00,s8331,u2443,Tunisia,Mobile,Kids Show,1,45,1.18,0.46,1859,3017,STARTUP_TIMEOUT
2026-01-06 18:52:00,s8332,u2298,Cameroon,Android TV,Sport Live,1,62,0.5,0.22,9891,1967,STARTUP_TIMEOUT
2026-01-06 18:53:00,s8333,u2241,Senegal,Android TV,Movie C,1,49,1.02,0.55,10418,1140,
2026-01-06 18:54:00,s8334,u388,Ivory Coast,Mobile,Series A,1,2,1.19,0.23,6337,5163,
2026-01-06 18:55:00,s8335,u2007,Morocco,Mobile,Series B,1,24,0.09,0.22,8878,532,CDN_ERROR
2026-01-06 18:56:00,s8336,u334,France,iOS,Series B,1,21,0.51,0.24,3963,2917,CDN_ERROR
2026-01-06 18:57:00,s8337,u1945,Ivory Coast,Web,Series A,1,29,0.74,0.2,9465,2584,LOW_BITRATE
2026-01-06 18:58:00,s8338,u1542,Senegal,Web,Kids Show,1,10,1.36,0.41,5782,5172,
2026-01-06 18:59:00,s8339,u445,Senegal,iOS,Movie C,1,22,0.69,0.55,10513,1947,
2026-01-06 19:00:00,s8340,u1376,Cameroon,Web,Documentary D,1,85,0.15,0.05,4795,4291,BUFFERING_ERROR
2026-01-06 19:01:00,s8341,u937,Senegal,STB,Documentary D,1,16,0.47,0.49,11252,1154,STARTUP_TIMEOUT
2026-01-06 19:02:00,s8342,u2408,Senegal,STB,Movie C,1,29,0.17,0.23,4721,5910,LOW_BITRATE
2026-01-06 19:03:00,s8343,u880,Morocco,Android TV,Kids Show,1,50,0.26,0.31,7879,3011,BUFFERING_ERROR
2026-01-06 19:04:00,s8344,u1056,France,Web,Kids Show,1,2,1.08,0.54,557,1689,CDN_ERROR
2026-01-06 19:05:00,s8345,u127,Senegal,Web,Series B,1,66,1.08,0.48,8083,2690,LOW_BITRATE
2026-01-06 19:06:00,s8346,u1425,Senegal,Mobile,Sport Live,1,13,0.74,0.36,1602,2194,
2026-01-06 19:07:00,s8347,u642,France,Android TV,Series A,1,47,0.97,0.12,2333,5174,LOW_BITRATE
2026-01-06 19:08:00,s8348,u2169,Ivory Coast,Smart TV,Documentary D,1,9,0.34,0.04,4780,2044,BUFFERING_ERROR
2026-01-06 19:09:00,s8349,u1281,Cameroon,Web,Series B,1,7,0.67,0.03,3323,4934,LOW_BITRATE
2026-01-06 19:10:00,s8350,u758,Tunisia,Smart TV,Documentary D,1,22,0.63,0.09,6653,1394,STARTUP_TIMEOUT
2026-01-06 19:11:00,s8351,u2172,Senegal,iOS,Kids Show,1,33,0.92,0.38,1109,2575,STARTUP_TIMEOUT
2026-01-06 19:12:00,s8352,u2361,Senegal,Android TV,Kids Show,1,49,0.39,0.3,5970,2457,
2026-01-06 19:13:00,s8353,u2310,Cameroon,Smart TV,Series A,1,65,1.45,0.17,11073,3041,
2026-01-06 19:14:00,s8354,u745,Morocco,Mobile,Kids Show,1,68,0.13,0.05,2676,3364,BUFFERING_ERROR
2026-01-06 19:15:00,s8355,u1397,Ivory Coast,iOS,Sport Live,1,70,0.5,0.53,9487,3513,CDN_ERROR
2026-01-06 19:16:00,s8356,u591,Senegal,STB,Documentary D,1,23,1.3,0.09,985,1530,AUTH_ERROR
2026-01-06 19:17:00,s8357,u1496,Ivory Coast,Mobile,Kids Show,1,1,0.72,0.53,11324,5022,
2026-01-06 19:18:00,s8358,u399,Cameroon,STB,Kids Show,1,56,0.62,0.3,2187,2213,AUTH_ERROR
2026-01-06 19:19:00,s8359,u1814,Tunisia,Mobile,Documentary D,1,89,0.64,0.38,5173,1002,LOW_BITRATE
2026-01-06 19:20:00,s8360,u1084,Cameroon,Android TV,Kids Show,1,24,0.02,0.13,8813,5138,STARTUP_TIMEOUT
2026-01-06 19:21:00,s8361,u1456,Senegal,Android TV,Series B,1,58,1.21,0.49,9400,745,AUTH_ERROR
2026-01-06 19:22:00,s8362,u1721,Tunisia,iOS,Movie C,1,24,0.25,0.09,2185,4411,AUTH_ERROR
2026-01-06 19:23:00,s8363,u2383,Ivory Coast,Mobile,Sport Live,1,60,1.31,0.15,3096,5349,BUFFERING_ERROR
2026-01-06 19:24:00,s8364,u213,Ivory Coast,STB,Movie C,1,33,0.78,0.53,4183,5129,AUTH_ERROR
2026-01-06 19:25:00,s8365,u902,Morocco,Android TV,Series A,1,48,0.93,0.27,3949,4287,CDN_ERROR
2026-01-06 19:26:00,s8366,u2396,Cameroon,STB,Series A,1,39,0.33,0.51,5427,2623,
2026-01-06 19:27:00,s8367,u866,Ivory Coast,Smart TV,Kids Show,1,38,1.35,0.46,3612,3228,
2026-01-06 19:28:00,s8368,u581,Tunisia,Smart TV,Sport Live,1,58,0.22,0.03,10399,2253,
2026-01-06 19:29:00,s8369,u1705,Cameroon,Android TV,Series B,1,66,0.5,0.39,4439,3893,AUTH_ERROR
2026-01-06 19:30:00,s8370,u1686,Senegal,Smart TV,Sport Live,1,86,0.75,0.12,1706,779,
2026-01-06 19:31:00,s8371,u1456,France,Mobile,Documentary D,1,63,1.36,0.36,3976,5487,
2026-01-06 19:32:00,s8372,u2476,Senegal,STB,Sport Live,1,12,0.46,0.51,9416,3802,
2026-01-06 19:33:00,s8373,u2177,Ivory Coast,Android TV,Movie C,1,3,0.63,0.46,2606,4799,AUTH_ERROR
2026-01-06 19:34:00,s8374,u598,Senegal,Mobile,Documentary D,1,28,1.29,0.41,10446,5997,LOW_BITRATE
2026-01-06 19:35:00,s8375,u1492,Ivory Coast,iOS,Kids Show,1,5,0.28,0.35,7799,1014,LOW_BITRATE
2026-01-06 19:36:00,s8376,u919,Ivory Coast,Web,Documentary D,1,26,1.05,0.31,11305,1431,CDN_ERROR
2026-01-06 19:37:00,s8377,u2332,Morocco,Smart TV,Series B,1,21,1.46,0.36,9671,2744,
2026-01-06 19:38:00,s8378,u117,Cameroon,STB,Series A,1,57,1.42,0.28,6018,5386,LOW_BITRATE
2026-01-06 19:39:00,s8379,u513,Senegal,Web,Series A,1,17,1.28,0.12,4064,3658,STARTUP_TIMEOUT
2026-01-06 19:40:00,s8380,u738,Tunisia,Web,Series A,1,49,1.47,0.33,3444,4495,
2026-01-06 19:41:00,s8381,u1788,Tunisia,iOS,Kids Show,1,41,0.45,0.2,10542,1460,LOW_BITRATE
2026-01-06 19:42:00,s8382,u2219,France,Web,Kids Show,1,85,1.2,0.35,11076,5570,
2026-01-06 19:43:00,s8383,u1685,Ivory Coast,Web,Documentary D,1,16,0.92,0.02,10082,5949,
2026-01-06 19:44:00,s8384,u593,Ivory Coast,Android TV,Series B,1,16,0.39,0.27,9970,2037,
2026-01-06 19:45:00,s8385,u1457,Senegal,STB,Series B,1,40,0.28,0.32,6907,5321,
2026-01-06 19:46:00,s8386,u1598,Senegal,Web,Series B,1,56,0.36,0.06,5859,2337,LOW_BITRATE
2026-01-06 19:47:00,s8387,u344,Morocco,Mobile,Sport Live,1,54,0.77,0.39,2612,5126,STARTUP_TIMEOUT
2026-01-06 19:48:00,s8388,u1058,Ivory Coast,Smart TV,Movie C,1,40,0.9,0.35,1576,3519,CDN_ERROR
2026-01-06 19:49:00,s8389,u240,Ivory Coast,Mobile,Kids Show,1,13,0.3,0.11,11457,1522,AUTH_ERROR
2026-01-06 19:50:00,s8390,u1906,Morocco,Android TV,Series B,1,26,0.72,0.52,5419,5112,STARTUP_TIMEOUT
2026-01-06 19:51:00,s8391,u647,Senegal,Smart TV,Documentary D,1,9,1.2,0.3,9022,1175,CDN_ERROR
2026-01-06 19:52:00,s8392,u1662,Cameroon,iOS,Sport Live,1,43,1.28,0.24,5417,585,
2026-01-06 19:53:00,s8393,u1558,Senegal,STB,Series B,1,64,0.71,0.21,7743,3416,
2026-01-06 19:54:00,s8394,u216,France,STB,Documentary D,1,38,0.09,0.32,4494,2476,AUTH_ERROR
2026-01-06 19:55:00,s8395,u307,Ivory Coast,Mobile,Series A,1,88,0.71,0.45,6689,4461,BUFFERING_ERROR
2026-01-06 19:56:00,s8396,u1026,Senegal,iOS,Movie C,1,89,0.47,0.05,4725,3235,
2026-01-06 19:57:00,s8397,u1396,Senegal,Mobile,Kids Show,1,39,1.45,0.31,6441,1088,LOW_BITRATE
2026-01-06 19:58:00,s8398,u719,Morocco,Smart TV,Series A,1,38,0.48,0.39,4966,2742,BUFFERING_ERROR
2026-01-06 19:59:00,s8399,u1368,France,Android TV,Sport Live,1,65,0.75,0.08,11659,3885,STARTUP_TIMEOUT
2026-01-06 20:00:00,s8400,u2263,Cameroon,Smart TV,Documentary D,1,34,1.19,0.32,5730,2294,CDN_ERROR
2026-01-06 20:01:00,s8401,u1736,Cameroon,iOS,Kids Show,1,35,0.59,0.53,740,2666,
2026-01-06 20:02:00,s8402,u605,Ivory Coast,Mobile,Series B,1,11,0.18,0.07,8095,504,AUTH_ERROR
2026-01-06 20:03:00,s8403,u604,Tunisia,iOS,Kids Show,1,28,1.05,0.17,8086,1141,CDN_ERROR
2026-01-06 20:04:00,s8404,u386,Ivory Coast,STB,Movie C,1,63,0.19,0.13,11156,1662,CDN_ERROR
2026-01-06 20:05:00,s8405,u2268,Senegal,iOS,Sport Live,1,1,0.63,0.52,5285,4861,LOW_BITRATE
2026-01-06 20:06:00,s8406,u1294,France,Android TV,Documentary D,1,88,1.09,0.34,11756,4923,LOW_BITRATE
2026-01-06 20:07:00,s8407,u931,Morocco,iOS,Movie C,1,20,0.45,0.32,6568,3964,AUTH_ERROR
2026-01-06 20:08:00,s8408,u1823,Tunisia,Smart TV,Sport Live,1,38,0.7,0.46,9672,989,
2026-01-06 20:09:00,s8409,u610,Senegal,Smart TV,Documentary D,1,90,0.46,0.49,6005,5475,STARTUP_TIMEOUT
2026-01-06 20:10:00,s8410,u880,Ivory Coast,STB,Movie C,1,29,0.24,0.13,1765,2482,BUFFERING_ERROR
2026-01-06 20:11:00,s8411,u215,Ivory Coast,Mobile,Series A,1,72,0.39,0.48,9105,3517,STARTUP_TIMEOUT
2026-01-06 20:12:00,s8412,u880,France,Smart TV,Sport Live,1,64,0.62,0.25,11785,4412,AUTH_ERROR
2026-01-06 20:13:00,s8413,u1895,Senegal,Mobile,Series A,1,66,0.21,0.18,941,1826,
2026-01-06 20:14:00,s8414,u52,Senegal,Web,Kids Show,1,74,1.5,0.03,722,433,CDN_ERROR
2026-01-06 20:15:00,s8415,u413,Cameroon,iOS,Kids Show,1,69,0.91,0.16,8463,5186,BUFFERING_ERROR
2026-01-06 20:16:00,s8416,u2386,Tunisia,Smart TV,Series A,1,54,0.97,0.28,4959,1478,LOW_BITRATE
2026-01-06 20:17:00,s8417,u1943,Morocco,STB,Series A,1,17,1.39,0.32,2455,1823,
2026-01-06 20:18:00,s8418,u1676,Tunisia,Android TV,Series A,1,85,0.66,0.3,782,2632,CDN_ERROR
2026-01-06 20:19:00,s8419,u1386,Cameroon,Smart TV,Movie C,1,86,0.09,0.22,1305,2990,CDN_ERROR
2026-01-06 20:20:00,s8420,u1121,Morocco,Smart TV,Sport Live,1,16,0.96,0.04,8789,4839,STARTUP_TIMEOUT
2026-01-06 20:21:00,s8421,u1223,Senegal,iOS,Kids Show,1,65,1.45,0.06,8042,3850,
2026-01-06 20:22:00,s8422,u1097,Senegal,Web,Sport Live,1,82,0.12,0.17,3538,2455,AUTH_ERROR
2026-01-06 20:23:00,s8423,u2274,Senegal,iOS,Sport Live,1,25,0.92,0.16,9385,4644,AUTH_ERROR
2026-01-06 20:24:00,s8424,u752,Tunisia,STB,Movie C,1,46,0.91,0.44,10675,1688,STARTUP_TIMEOUT
2026-01-06 20:25:00,s8425,u1684,Cameroon,STB,Series A,1,35,0.2,0.54,3030,612,
2026-01-06 20:26:00,s8426,u517,Ivory Coast,Mobile,Movie C,1,14,0.63,0.43,1370,1977,
2026-01-06 20:27:00,s8427,u2430,Ivory Coast,Web,Documentary D,1,64,0.55,0.29,4567,3823,BUFFERING_ERROR
2026-01-06 20:28:00,s8428,u993,Morocco,Android TV,Kids Show,1,4,0.46,0.3,10013,5648,CDN_ERROR
2026-01-06 20:29:00,s8429,u378,Senegal,iOS,Movie C,1,63,1.27,0.44,7374,1250,
2026-01-06 20:30:00,s8430,u1382,Morocco,iOS,Movie C,1,23,1.28,0.01,9543,3920,
2026-01-06 20:31:00,s8431,u1291,Cameroon,iOS,Documentary D,1,23,1.28,0.05,11336,4554,CDN_ERROR
2026-01-06 20:32:00,s8432,u1166,Morocco,STB,Sport Live,1,1,1.15,0.33,11033,4896,AUTH_ERROR
2026-01-06 20:33:00,s8433,u1961,Tunisia,Smart TV,Movie C,1,2,0.5,0.03,7038,2917,CDN_ERROR
2026-01-06 20:34:00,s8434,u2467,Ivory Coast,Smart TV,Movie C,1,88,0.65,0.16,6931,2633,CDN_ERROR
2026-01-06 20:35:00,s8435,u543,Ivory Coast,Mobile,Documentary D,1,76,0.54,0.55,11957,1935,LOW_BITRATE
2026-01-06 20:36:00,s8436,u1046,Morocco,Smart TV,Sport Live,1,33,0.88,0.3,5043,2231,BUFFERING_ERROR
2026-01-06 20:37:00,s8437,u1618,Ivory Coast,iOS,Kids Show,1,32,0.68,0.02,11888,5891,
2026-01-06 20:38:00,s8438,u482,France,iOS,Series A,1,41,1.29,0.19,4540,5024,CDN_ERROR
2026-01-06 20:39:00,s8439,u2300,Ivory Coast,iOS,Sport Live,1,45,1.12,0.21,3177,2916,LOW_BITRATE
2026-01-06 20:40:00,s8440,u358,Morocco,Mobile,Series B,1,77,0.18,0.28,7650,3177,BUFFERING_ERROR
2026-01-06 20:41:00,s8441,u1538,Ivory Coast,Mobile,Series B,1,13,1.24,0.49,8909,4525,AUTH_ERROR
2026-01-06 20:42:00,s8442,u175,Senegal,STB,Documentary D,1,81,0.94,0.4,11927,4539,
2026-01-06 20:43:00,s8443,u382,Ivory Coast,Web,Documentary D,1,41,0.93,0.21,7100,1923,
2026-01-06 20:44:00,s8444,u1669,Cameroon,iOS,Kids Show,1,66,1.44,0.1,10474,1262,
2026-01-06 20:45:00,s8445,u232,Tunisia,Mobile,Movie C,1,12,0.56,0.52,540,1269,CDN_ERROR
2026-01-06 20:46:00,s8446,u67,Ivory Coast,STB,Movie C,1,8,0.56,0.34,10707,4606,STARTUP_TIMEOUT
2026-01-06 20:47:00,s8447,u2383,France,Mobile,Documentary D,1,55,0.52,0.31,6539,5147,AUTH_ERROR
2026-01-06 20:48:00,s8448,u1264,Cameroon,Android TV,Sport Live,1,47,0.16,0.03,1789,3831,STARTUP_TIMEOUT
2026-01-06 20:49:00,s8449,u2217,Senegal,Web,Kids Show,1,89,0.43,0.07,8158,1248,
2026-01-06 20:50:00,s8450,u893,Tunisia,Web,Sport Live,1,48,0.24,0.43,5862,3905,AUTH_ERROR
2026-01-06 20:51:00,s8451,u2312,Morocco,Mobile,Documentary D,1,55,1.06,0.27,10556,4983,AUTH_ERROR
2026-01-06 20:52:00,s8452,u881,France,STB,Movie C,1,25,0.42,0.3,10963,5993,LOW_BITRATE
2026-01-06 20:53:00,s8453,u2034,Ivory Coast,iOS,Documentary D,1,5,1.39,0.38,10702,2822,CDN_ERROR
2026-01-06 20:54:00,s8454,u2052,Cameroon,Android TV,Movie C,1,75,0.13,0.5,3708,4825,BUFFERING_ERROR
2026-01-06 20:55:00,s8455,u1119,Morocco,iOS,Series B,1,11,0.37,0.54,4016,1167,AUTH_ERROR
2026-01-06 20:56:00,s8456,u178,Senegal,iOS,Series B,1,16,1.38,0.2,2430,1619,CDN_ERROR
2026-01-06 20:57:00,s8457,u1558,Ivory Coast,STB,Documentary D,1,47,0.69,0.19,7735,2350,BUFFERING_ERROR
2026-01-06 20:58:00,s8458,u2029,Tunisia,Web,Kids Show,1,58,0.17,0.22,7540,462,
2026-01-06 20:59:00,s8459,u629,Cameroon,STB,Documentary D,1,10,0.2,0.13,4263,3739,STARTUP_TIMEOUT
2026-01-06 21:00:00,s8460,u1577,Morocco,STB,Movie C,1,30,0.39,0.38,1176,5009,CDN_ERROR
2026-01-06 21:01:00,s8461,u2434,Senegal,STB,Kids Show,1,59,0.71,0.43,2401,564,BUFFERING_ERROR
2026-01-06 21:02:00,s8462,u1899,Morocco,STB,Documentary D,1,35,0.55,0.53,3581,2981,STARTUP_TIMEOUT
2026-01-06 21:03:00,s8463,u1522,France,Web,Movie C,1,52,0.17,0.03,5879,1699,
2026-01-06 21:04:00,s8464,u141,Senegal,Android TV,Sport Live,1,6,0.15,0.03,10198,4420,
2026-01-06 21:05:00,s8465,u2497,Tunisia,Smart TV,Kids Show,1,14,0.47,0.45,6597,1227,BUFFERING_ERROR
2026-01-06 21:06:00,s8466,u511,Tunisia,Web,Sport Live,1,14,0.26,0.43,4797,1150,LOW_BITRATE
2026-01-06 21:07:00,s8467,u1729,Tunisia,Web,Movie C,1,49,0.79,0.32,4743,2918,CDN_ERROR
2026-01-06 21:08:00,s8468,u986,Tunisia,Android TV,Series B,1,40,0.17,0.31,11400,3076,
2026-01-06 21:09:00,s8469,u2413,France,Android TV,Movie C,1,78,0.1,0.48,6659,5724,AUTH_ERROR
2026-01-06 21:10:00,s8470,u2333,Senegal,Smart TV,Series A,1,42,0.9,0.06,4653,5109,LOW_BITRATE
2026-01-06 21:11:00,s8471,u254,Senegal,Mobile,Documentary D,1,40,0.18,0.43,6156,1110,STARTUP_TIMEOUT
2026-01-06 21:12:00,s8472,u1516,Ivory Coast,Smart TV,Documentary D,1,18,1.3,0.09,2066,2334,
2026-01-06 21:13:00,s8473,u1594,Senegal,iOS,Series A,1,28,0.43,0.08,609,5047,LOW_BITRATE
2026-01-06 21:14:00,s8474,u2130,Cameroon,Web,Movie C,1,75,1.23,0.05,6584,4795,
2026-01-06 21:15:00,s8475,u1088,France,Smart TV,Kids Show,1,52,1.29,0.22,8621,5267,AUTH_ERROR
2026-01-06 21:16:00,s8476,u1220,Tunisia,Web,Sport Live,1,38,0.57,0.46,4423,4474,AUTH_ERROR
2026-01-06 21:17:00,s8477,u1642,Tunisia,Smart TV,Documentary D,1,85,0.15,0.08,1225,3878,
2026-01-06 21:18:00,s8478,u1678,Tunisia,Android TV,Series A,1,9,0.28,0.17,2666,3241,LOW_BITRATE
2026-01-06 21:19:00,s8479,u2331,Tunisia,Smart TV,Movie C,1,43,0.28,0.19,2171,1074,CDN_ERROR
2026-01-06 21:20:00,s8480,u2461,Ivory Coast,STB,Kids Show,1,48,0.54,0.09,5421,4575,
2026-01-06 21:21:00,s8481,u151,Cameroon,Android TV,Series B,1,70,0.04,0.24,3658,2826,AUTH_ERROR
2026-01-06 21:22:00,s8482,u2353,France,iOS,Documentary D,1,89,0.46,0.06,4923,5051,
2026-01-06 21:23:00,s8483,u2488,Cameroon,Android TV,Series A,1,48,0.02,0.35,10928,3223,
2026-01-06 21:24:00,s8484,u1058,France,Smart TV,Series A,1,78,1.25,0.35,2071,5349,LOW_BITRATE
2026-01-06 21:25:00,s8485,u1097,Tunisia,STB,Kids Show,1,61,0.57,0.43,9701,4594,BUFFERING_ERROR
2026-01-06 21:26:00,s8486,u1191,Ivory Coast,iOS,Series A,1,73,0.57,0.46,7368,521,CDN_ERROR
2026-01-06 21:27:00,s8487,u1177,France,STB,Movie C,1,9,0.86,0.13,10080,614,
2026-01-06 21:28:00,s8488,u834,Cameroon,Mobile,Series B,1,86,0.77,0.36,4528,5892,CDN_ERROR
2026-01-06 21:29:00,s8489,u1553,Tunisia,Mobile,Series B,1,55,0.78,0.11,8401,1764,
2026-01-06 21:30:00,s8490,u67,Tunisia,STB,Sport Live,1,28,0.26,0.34,2998,2834,LOW_BITRATE
2026-01-06 21:31:00,s8491,u2367,Cameroon,STB,Movie C,1,86,0.37,0.54,5603,5537,CDN_ERROR
2026-01-06 21:32:00,s8492,u1283,France,Web,Series A,1,45,0.23,0.44,3887,5339,CDN_ERROR
2026-01-06 21:33:00,s8493,u2127,France,STB,Kids Show,1,78,0.41,0.21,7977,5802,
2026-01-06 21:34:00,s8494,u1850,Ivory Coast,STB,Kids Show,1,61,0.1,0.22,4971,460,BUFFERING_ERROR
2026-01-06 21:35:00,s8495,u1847,France,Android TV,Kids Show,1,90,0.54,0.28,2898,3847,STARTUP_TIMEOUT
2026-01-06 21:36:00,s8496,u2029,Tunisia,Mobile,Movie C,1,22,1.37,0.34,10532,4363,STARTUP_TIMEOUT
2026-01-06 21:37:00,s8497,u1107,Senegal,STB,Documentary D,1,17,0.3,0.35,10989,2812,AUTH_ERROR
2026-01-06 21:38:00,s8498,u76,Ivory Coast,Web,Documentary D,1,10,0.98,0.27,6821,1105,STARTUP_TIMEOUT
2026-01-06 21:39:00,s8499,u778,Morocco,Mobile,Series A,1,16,0.03,0.15,5282,1322,LOW_BITRATE
2026-01-06 21:40:00,s8500,u90,Ivory Coast,Mobile,Series B,1,8,1.17,0.04,5808,5043,STARTUP_TIMEOUT
2026-01-06 21:41:00,s8501,u809,Cameroon,Web,Series B,1,73,0.82,0.53,3116,958,LOW_BITRATE
2026-01-06 21:42:00,s8502,u936,Senegal,STB,Movie C,1,14,0.94,0.29,3350,5559,
2026-01-06 21:43:00,s8503,u96,Cameroon,Android TV,Movie C,1,77,0.58,0.33,6950,644,
2026-01-06 21:44:00,s8504,u2014,Cameroon,iOS,Documentary D,1,38,0.12,0.43,1608,1692,STARTUP_TIMEOUT
2026-01-06 21:45:00,s8505,u27,Cameroon,STB,Sport Live,1,85,1.35,0.35,8370,4374,STARTUP_TIMEOUT
2026-01-06 21:46:00,s8506,u1214,Cameroon,Mobile,Sport Live,1,78,0.55,0.38,8002,4856,LOW_BITRATE
2026-01-06 21:47:00,s8507,u1290,France,iOS,Documentary D,1,76,0.29,0.06,3279,2973,
2026-01-06 21:48:00,s8508,u1076,Cameroon,Android TV,Series B,1,35,0.52,0.41,2250,5056,
2026-01-06 21:49:00,s8509,u1230,Morocco,STB,Kids Show,1,61,1.36,0.2,10866,5832,STARTUP_TIMEOUT
2026-01-06 21:50:00,s8510,u1758,France,iOS,Sport Live,1,6,0.86,0.24,8763,1048,
2026-01-06 21:51:00,s8511,u382,Ivory Coast,Android TV,Kids Show,1,20,0.9,0.5,2843,2984,
2026-01-06 21:52:00,s8512,u1414,Senegal,Android TV,Movie C,1,61,0.72,0.48,7805,4410,
2026-01-06 21:53:00,s8513,u958,Morocco,Web,Series B,1,16,1.04,0.17,4008,4316,BUFFERING_ERROR
2026-01-06 21:54:00,s8514,u1022,Morocco,Mobile,Sport Live,1,24,0.7,0.54,8978,1172,
2026-01-06 21:55:00,s8515,u305,Senegal,Web,Sport Live,1,57,1.25,0.08,3796,2018,AUTH_ERROR
2026-01-06 21:56:00,s8516,u876,Ivory Coast,Web,Series A,1,4,0.21,0.21,7431,5071,AUTH_ERROR
2026-01-06 21:57:00,s8517,u2440,Senegal,Smart TV,Series A,1,16,1.07,0.11,6800,5865,BUFFERING_ERROR
2026-01-06 21:58:00,s8518,u1305,Ivory Coast,Smart TV,Movie C,1,55,0.33,0.01,11342,3243,
2026-01-06 21:59:00,s8519,u1148,Senegal,Smart TV,Sport Live,1,55,0.51,0.35,2872,4365,AUTH_ERROR
2026-01-06 22:00:00,s8520,u1296,Senegal,iOS,Documentary D,1,40,0.4,0.52,3021,1475,
2026-01-06 22:01:00,s8521,u942,Tunisia,STB,Movie C,1,23,0.15,0.5,6219,1639,
2026-01-06 22:02:00,s8522,u1122,Senegal,Android TV,Series A,1,49,1.28,0.32,1602,713,LOW_BITRATE
2026-01-06 22:03:00,s8523,u2219,Morocco,iOS,Sport Live,1,69,0.41,0.03,8283,1878,LOW_BITRATE
2026-01-06 22:04:00,s8524,u1673,Morocco,Smart TV,Sport Live,1,18,0.1,0.11,7868,4364,AUTH_ERROR
2026-01-06 22:05:00,s8525,u2176,France,Android TV,Series A,1,67,0.8,0.37,7767,4234,
2026-01-06 22:06:00,s8526,u980,Ivory Coast,iOS,Series A,1,90,1.3,0.38,6446,638,BUFFERING_ERROR
2026-01-06 22:07:00,s8527,u397,Morocco,Mobile,Documentary D,1,63,0.06,0.02,3509,3444,
2026-01-06 22:08:00,s8528,u568,Morocco,iOS,Series B,1,21,0.92,0.5,8729,1466,
2026-01-06 22:09:00,s8529,u252,Ivory Coast,iOS,Movie C,1,29,0.1,0.19,10401,1483,
2026-01-06 22:10:00,s8530,u1154,Ivory Coast,Android TV,Sport Live,1,15,1.04,0.19,10242,2556,STARTUP_TIMEOUT
2026-01-06 22:11:00,s8531,u2028,Cameroon,Android TV,Series B,1,77,0.14,0.22,4747,4378,BUFFERING_ERROR
2026-01-06 22:12:00,s8532,u1004,Tunisia,Mobile,Series A,1,17,0.24,0.41,11031,1138,
2026-01-06 22:13:00,s8533,u1299,Ivory Coast,STB,Movie C,1,65,0.61,0.31,1256,1027,STARTUP_TIMEOUT
2026-01-06 22:14:00,s8534,u731,Ivory Coast,iOS,Documentary D,1,59,0.79,0.21,11454,2624,CDN_ERROR
2026-01-06 22:15:00,s8535,u35,Cameroon,STB,Series A,1,82,1.25,0.31,8971,2977,
2026-01-06 22:16:00,s8536,u45,Morocco,Mobile,Sport Live,1,56,0.76,0.29,5199,5786,
2026-01-06 22:17:00,s8537,u353,Morocco,Smart TV,Movie C,1,60,0.16,0.34,8153,3392,CDN_ERROR
2026-01-06 22:18:00,s8538,u1261,Morocco,iOS,Movie C,1,74,0.3,0.17,11835,1446,BUFFERING_ERROR
2026-01-06 22:19:00,s8539,u470,Morocco,iOS,Kids Show,1,79,0.99,0.44,5927,5706,AUTH_ERROR
2026-01-06 22:20:00,s8540,u2150,Tunisia,iOS,Series B,1,30,0.98,0.2,4244,3778,
2026-01-06 22:21:00,s8541,u1448,Cameroon,Mobile,Movie C,1,16,0.5,0.1,6169,786,LOW_BITRATE
2026-01-06 22:22:00,s8542,u955,Tunisia,iOS,Sport Live,1,8,0.86,0.05,1638,4340,CDN_ERROR
2026-01-06 22:23:00,s8543,u661,Morocco,iOS,Series A,1,28,0.02,0.08,1163,1080,STARTUP_TIMEOUT
2026-01-06 22:24:00,s8544,u1345,France,Mobile,Series A,1,48,0.78,0.13,1138,1522,
2026-01-06 22:25:00,s8545,u1655,France,Web,Kids Show,1,43,1.18,0.05,10124,1516,STARTUP_TIMEOUT
2026-01-06 22:26:00,s8546,u1920,France,Android TV,Movie C,1,41,0.88,0.03,7608,2565,
2026-01-06 22:27:00,s8547,u1869,Ivory Coast,iOS,Series B,1,82,0.64,0.48,7184,5340,
2026-01-06 22:28:00,s8548,u1576,Cameroon,Web,Series A,1,66,0.76,0.54,751,4787,
2026-01-06 22:29:00,s8549,u1653,Ivory Coast,Smart TV,Series B,1,32,1.0,0.07,7927,3354,AUTH_ERROR
2026-01-06 22:30:00,s8550,u1011,Morocco,iOS,Series B,1,3,0.18,0.23,8296,5961,BUFFERING_ERROR
2026-01-06 22:31:00,s8551,u1089,Cameroon,STB,Series B,1,6,0.09,0.12,6350,877,AUTH_ERROR
2026-01-06 22:32:00,s8552,u2306,Senegal,Android TV,Documentary D,1,3,0.13,0.33,2725,2772,
2026-01-06 22:33:00,s8553,u477,Cameroon,Smart TV,Series A,1,41,0.96,0.38,7174,4989,CDN_ERROR
2026-01-06 22:34:00,s8554,u2141,France,Android TV,Movie C,1,29,1.08,0.02,9361,3850,BUFFERING_ERROR
2026-01-06 22:35:00,s8555,u1802,France,STB,Series A,1,46,0.91,0.53,8429,691,
2026-01-06 22:36:00,s8556,u1031,Ivory Coast,Smart TV,Series A,1,33,0.59,0.12,1439,3929,CDN_ERROR
2026-01-06 22:37:00,s8557,u1909,France,iOS,Series A,1,18,0.36,0.27,11844,2404,CDN_ERROR
2026-01-06 22:38:00,s8558,u2236,Cameroon,Mobile,Series B,1,2,0.72,0.32,9441,4892,LOW_BITRATE
2026-01-06 22:39:00,s8559,u1413,Ivory Coast,Smart TV,Series A,1,62,0.96,0.1,2716,5651,LOW_BITRATE
2026-01-06 22:40:00,s8560,u1523,Senegal,STB,Documentary D,1,56,1.37,0.41,9614,4864,AUTH_ERROR
2026-01-06 22:41:00,s8561,u1802,Morocco,STB,Series A,1,80,1.44,0.2,1079,3524,BUFFERING_ERROR
2026-01-06 22:42:00,s8562,u1380,Senegal,Web,Series B,1,28,0.68,0.26,8940,5961,
2026-01-06 22:43:00,s8563,u1795,Cameroon,Android TV,Series B,1,14,0.44,0.04,5694,4792,
2026-01-06 22:44:00,s8564,u550,Cameroon,STB,Sport Live,1,16,1.11,0.5,1102,1076,
2026-01-06 22:45:00,s8565,u1345,Cameroon,iOS,Movie C,1,14,0.51,0.46,7439,990,
2026-01-06 22:46:00,s8566,u115,Morocco,Mobile,Movie C,1,35,0.87,0.36,7147,3260,BUFFERING_ERROR
2026-01-06 22:47:00,s8567,u414,Tunisia,Mobile,Documentary D,1,16,0.88,0.2,9637,2640,
2026-01-06 22:48:00,s8568,u2171,France,Web,Series B,1,46,0.24,0.33,11554,5173,AUTH_ERROR
2026-01-06 22:49:00,s8569,u1307,France,Smart TV,Series B,1,53,1.13,0.23,9768,1065,CDN_ERROR
2026-01-06 22:50:00,s8570,u747,Senegal,Smart TV,Series A,1,76,0.8,0.48,9036,2915,
2026-01-06 22:51:00,s8571,u934,Ivory Coast,Mobile,Movie C,1,52,0.23,0.13,1703,5002,AUTH_ERROR
2026-01-06 22:52:00,s8572,u2193,France,iOS,Series A,1,32,0.68,0.1,6951,671,LOW_BITRATE
2026-01-06 22:53:00,s8573,u996,Ivory Coast,Android TV,Movie C,1,41,0.32,0.42,6123,817,
2026-01-06 22:54:00,s8574,u2179,Morocco,iOS,Movie C,1,44,1.2,0.52,10313,1244,
2026-01-06 22:55:00,s8575,u1914,France,iOS,Kids Show,1,5,0.04,0.12,6995,3716,
2026-01-06 22:56:00,s8576,u904,Tunisia,iOS,Series A,1,34,1.06,0.3,7399,3282,BUFFERING_ERROR
2026-01-06 22:57:00,s8577,u2071,Cameroon,Mobile,Documentary D,1,18,0.65,0.35,11466,695,CDN_ERROR
2026-01-06 22:58:00,s8578,u484,Senegal,Smart TV,Movie C,1,87,1.25,0.34,2305,4983,
2026-01-06 22:59:00,s8579,u1327,Morocco,iOS,Series A,1,16,0.53,0.51,11409,1417,
2026-01-06 23:00:00,s8580,u1115,Cameroon,Web,Documentary D,1,86,0.75,0.38,11170,1070,AUTH_ERROR
2026-01-06 23:01:00,s8581,u369,Senegal,iOS,Kids Show,1,31,0.36,0.3,11140,1608,AUTH_ERROR
2026-01-06 23:02:00,s8582,u1456,Cameroon,STB,Kids Show,1,34,1.38,0.17,1095,3035,
2026-01-06 23:03:00,s8583,u77,Cameroon,Web,Kids Show,1,29,0.71,0.37,6692,2938,
2026-01-06 23:04:00,s8584,u660,Senegal,Smart TV,Documentary D,1,25,0.17,0.06,6272,5594,
2026-01-06 23:05:00,s8585,u2197,Senegal,iOS,Movie C,1,37,0.45,0.35,3055,5806,LOW_BITRATE
2026-01-06 23:06:00,s8586,u2132,Senegal,Android TV,Kids Show,1,11,0.45,0.54,9118,5635,
2026-01-06 23:07:00,s8587,u133,Ivory Coast,Smart TV,Kids Show,1,12,1.03,0.18,8195,484,LOW_BITRATE
2026-01-06 23:08:00,s8588,u1807,Senegal,Mobile,Documentary D,1,31,0.62,0.01,7680,2854,
2026-01-06 23:09:00,s8589,u1307,Senegal,Android TV,Kids Show,1,12,1.03,0.11,7825,5536,LOW_BITRATE
2026-01-06 23:10:00,s8590,u1994,Morocco,iOS,Sport Live,1,60,0.32,0.47,1976,1588,STARTUP_TIMEOUT
2026-01-06 23:11:00,s8591,u168,Senegal,Smart TV,Series B,1,64,0.69,0.53,1322,2548,LOW_BITRATE
2026-01-06 23:12:00,s8592,u940,Senegal,iOS,Documentary D,1,86,1.09,0.43,4395,5637,
2026-01-06 23:13:00,s8593,u622,Tunisia,iOS,Kids Show,1,70,1.36,0.11,11985,2885,LOW_BITRATE
2026-01-06 23:14:00,s8594,u1232,Tunisia,Android TV,Sport Live,1,26,1.41,0.27,2653,2359,AUTH_ERROR
2026-01-06 23:15:00,s8595,u1282,Tunisia,iOS,Movie C,1,70,1.06,0.17,10996,2202,
2026-01-06 23:16:00,s8596,u2064,Senegal,Web,Sport Live,1,53,0.7,0.45,603,3738,LOW_BITRATE
2026-01-06 23:17:00,s8597,u1642,Morocco,Web,Movie C,1,47,0.7,0.04,7376,4502,LOW_BITRATE
2026-01-06 23:18:00,s8598,u1135,Cameroon,Mobile,Series B,1,53,0.29,0.04,10930,3406,STARTUP_TIMEOUT
2026-01-06 23:19:00,s8599,u1157,Ivory Coast,Web,Series A,1,56,0.4,0.54,7515,1195,
2026-01-06 23:20:00,s8600,u355,Ivory Coast,STB,Documentary D,1,74,0.37,0.18,4116,4168,AUTH_ERROR
2026-01-06 23:21:00,s8601,u590,France,Smart TV,Movie C,1,55,0.39,0.33,9606,625,
2026-01-06 23:22:00,s8602,u2228,Morocco,Mobile,Movie C,1,67,0.51,0.23,2189,4289,
2026-01-06 23:23:00,s8603,u1964,Cameroon,Mobile,Kids Show,1,24,0.64,0.31,2319,5158,AUTH_ERROR
2026-01-06 23:24:00,s8604,u909,Senegal,Web,Series A,1,19,1.22,0.4,5660,2011,BUFFERING_ERROR
2026-01-06 23:25:00,s8605,u276,Senegal,STB,Movie C,1,22,0.86,0.02,8635,449,
2026-01-06 23:26:00,s8606,u400,Senegal,Smart TV,Series B,1,79,0.7,0.32,4544,4864,LOW_BITRATE
2026-01-06 23:27:00,s8607,u2066,Cameroon,Mobile,Movie C,1,88,0.04,0.4,4850,1218,LOW_BITRATE
2026-01-06 23:28:00,s8608,u339,Cameroon,Web,Documentary D,1,75,0.48,0.03,8664,950,
2026-01-06 23:29:00,s8609,u6,Senegal,Mobile,Documentary D,1,20,0.54,0.36,9938,1247,
2026-01-06 23:30:00,s8610,u2388,Ivory Coast,Android TV,Series A,1,86,0.49,0.09,5118,1443,BUFFERING_ERROR
2026-01-06 23:31:00,s8611,u29,Ivory Coast,Web,Sport Live,1,20,0.15,0.17,4832,5063,STARTUP_TIMEOUT
2026-01-06 23:32:00,s8612,u1726,Morocco,Web,Sport Live,1,48,0.8,0.46,7994,4152,STARTUP_TIMEOUT
2026-01-06 23:33:00,s8613,u1484,Morocco,Mobile,Series B,1,24,0.4,0.12,11248,2468,BUFFERING_ERROR
2026-01-06 23:34:00,s8614,u2237,Morocco,Mobile,Documentary D,1,78,0.96,0.39,915,3170,BUFFERING_ERROR
2026-01-06 23:35:00,s8615,u2422,Cameroon,iOS,Movie C,1,18,0.96,0.2,9985,5346,AUTH_ERROR
2026-01-06 23:36:00,s8616,u1109,Cameroon,Mobile,Documentary D,1,44,1.27,0.1,11021,4499,LOW_BITRATE
2026-01-06 23:37:00,s8617,u1318,Senegal,STB,Series B,1,36,1.28,0.15,9712,5595,
2026-01-06 23:38:00,s8618,u1093,Cameroon,iOS,Series B,1,26,0.25,0.36,11543,2190,
2026-01-06 23:39:00,s8619,u1025,France,Android TV,Documentary D,1,4,0.69,0.43,1202,3308,AUTH_ERROR
2026-01-06 23:40:00,s8620,u1760,Morocco,Android TV,Documentary D,1,8,1.15,0.38,11860,1476,BUFFERING_ERROR
2026-01-06 23:41:00,s8621,u1919,Morocco,Mobile,Kids Show,1,42,0.16,0.28,11149,1633,LOW_BITRATE
2026-01-06 23:42:00,s8622,u1691,Ivory Coast,STB,Series A,1,74,0.23,0.52,9948,2340,STARTUP_TIMEOUT
2026-01-06 23:43:00,s8623,u1485,France,Mobile,Series A,1,52,0.39,0.15,9055,3196,LOW_BITRATE
2026-01-06 23:44:00,s8624,u1459,Ivory Coast,Android TV,Kids Show,1,17,0.3,0.51,5856,2873,
2026-01-06 23:45:00,s8625,u555,Morocco,Android TV,Sport Live,1,32,1.21,0.46,10786,5764,CDN_ERROR
2026-01-06 23:46:00,s8626,u1257,Cameroon,Android TV,Sport Live,1,50,0.05,0.5,10189,3572,AUTH_ERROR
2026-01-06 23:47:00,s8627,u730,Tunisia,STB,Movie C,1,5,0.69,0.02,9616,620,LOW_BITRATE
2026-01-06 23:48:00,s8628,u802,Cameroon,iOS,Sport Live,1,21,0.31,0.21,11099,3571,
2026-01-06 23:49:00,s8629,u936,Morocco,Smart TV,Documentary D,1,30,0.04,0.37,6188,3646,
2026-01-06 23:50:00,s8630,u992,Morocco,Web,Kids Show,1,54,0.24,0.29,7370,4937,AUTH_ERROR
2026-01-06 23:51:00,s8631,u356,France,STB,Kids Show,1,63,1.02,0.51,7641,5769,
2026-01-06 23:52:00,s8632,u1648,Tunisia,Android TV,Documentary D,1,75,0.95,0.23,8590,5081,STARTUP_TIMEOUT
2026-01-06 23:53:00,s8633,u1111,Senegal,STB,Kids Show,1,3,0.59,0.11,2611,2679,LOW_BITRATE
2026-01-06 23:54:00,s8634,u2438,Tunisia,Web,Kids Show,1,10,0.21,0.39,5867,3245,
2026-01-06 23:55:00,s8635,u1157,Morocco,Mobile,Series A,1,21,0.85,0.41,1580,1711,
2026-01-06 23:56:00,s8636,u797,Ivory Coast,Mobile,Sport Live,1,63,0.09,0.05,10288,5141,
2026-01-06 23:57:00,s8637,u110,Senegal,Mobile,Series A,1,75,0.54,0.2,2737,5651,
2026-01-06 23:58:00,s8638,u54,Tunisia,Android TV,Series B,1,40,0.27,0.36,5639,3476,
2026-01-06 23:59:00,s8639,u2153,Tunisia,Smart TV,Documentary D,1,74,0.36,0.34,3245,5612,STARTUP_TIMEOUT
2026-01-07 00:00:00,s8640,u491,Morocco,Web,Series B,1,81,0.69,0.52,3459,2816,
2026-01-07 00:01:00,s8641,u900,Morocco,iOS,Documentary D,1,75,0.96,0.04,10903,3064,AUTH_ERROR
2026-01-07 00:02:00,s8642,u1224,Cameroon,Android TV,Movie C,1,53,0.26,0.05,7335,5796,LOW_BITRATE
2026-01-07 00:03:00,s8643,u58,Cameroon,Android TV,Movie C,1,58,1.48,0.24,11357,881,LOW_BITRATE
2026-01-07 00:04:00,s8644,u200,Senegal,iOS,Kids Show,1,6,0.38,0.4,799,5967,LOW_BITRATE
2026-01-07 00:05:00,s8645,u1341,Morocco,Android TV,Series B,1,33,1.47,0.04,2002,2461,
2026-01-07 00:06:00,s8646,u941,Tunisia,Smart TV,Series A,1,25,0.28,0.16,851,2503,
2026-01-07 00:07:00,s8647,u2122,France,Mobile,Documentary D,1,74,1.37,0.05,10206,2849,BUFFERING_ERROR
2026-01-07 00:08:00,s8648,u1808,France,iOS,Sport Live,1,8,1.45,0.36,6861,5468,STARTUP_TIMEOUT
2026-01-07 00:09:00,s8649,u2464,Cameroon,Web,Series A,1,8,1.14,0.54,5743,1131,
2026-01-07 00:10:00,s8650,u1660,France,Smart TV,Movie C,1,41,0.37,0.42,3802,544,BUFFERING_ERROR
2026-01-07 00:11:00,s8651,u1708,Tunisia,iOS,Kids Show,1,89,0.38,0.13,7411,1148,
2026-01-07 00:12:00,s8652,u185,Tunisia,Web,Documentary D,1,11,0.5,0.18,5627,2023,LOW_BITRATE
2026-01-07 00:13:00,s8653,u606,Morocco,Mobile,Movie C,1,36,0.56,0.32,1498,5045,
2026-01-07 00:14:00,s8654,u1922,France,Android TV,Series A,1,29,1.05,0.21,1117,2131,CDN_ERROR
2026-01-07 00:15:00,s8655,u1793,France,Web,Kids Show,1,32,0.84,0.28,8939,2861,
2026-01-07 00:16:00,s8656,u567,Cameroon,Web,Documentary D,1,63,0.25,0.55,8399,5627,CDN_ERROR
2026-01-07 00:17:00,s8657,u2358,Ivory Coast,Web,Documentary D,1,5,0.52,0.25,2209,5931,BUFFERING_ERROR
2026-01-07 00:18:00,s8658,u841,Tunisia,Android TV,Series A,1,78,0.84,0.3,10529,1690,AUTH_ERROR
2026-01-07 00:19:00,s8659,u114,Tunisia,Mobile,Documentary D,1,51,0.46,0.23,2989,2090,BUFFERING_ERROR
2026-01-07 00:20:00,s8660,u1711,Tunisia,Smart TV,Documentary D,1,23,1.03,0.48,3769,2755,CDN_ERROR
2026-01-07 00:21:00,s8661,u151,Morocco,iOS,Movie C,1,32,1.01,0.51,3463,2106,BUFFERING_ERROR
2026-01-07 00:22:00,s8662,u2484,Tunisia,Smart TV,Kids Show,1,39,0.52,0.12,3345,4761,LOW_BITRATE
2026-01-07 00:23:00,s8663,u686,Morocco,STB,Series B,1,12,1.22,0.02,4666,1064,LOW_BITRATE
2026-01-07 00:24:00,s8664,u570,France,iOS,Kids Show,1,62,0.17,0.35,7945,4295,AUTH_ERROR
2026-01-07 00:25:00,s8665,u444,Cameroon,Android TV,Documentary D,1,47,0.73,0.27,4969,1382,
2026-01-07 00:26:00,s8666,u2497,Senegal,Android TV,Series A,1,29,0.86,0.52,10531,2738,
2026-01-07 00:27:00,s8667,u371,Senegal,Smart TV,Movie C,1,60,0.96,0.28,7953,2127,LOW_BITRATE
2026-01-07 00:28:00,s8668,u902,France,Android TV,Series A,1,8,1.41,0.05,7885,4272,
2026-01-07 00:29:00,s8669,u1005,Cameroon,Mobile,Series A,1,10,1.21,0.17,11700,5791,
2026-01-07 00:30:00,s8670,u1796,Senegal,STB,Sport Live,1,63,0.7,0.41,7892,572,
2026-01-07 00:31:00,s8671,u1801,Senegal,iOS,Kids Show,1,67,1.44,0.27,8844,4040,
2026-01-07 00:32:00,s8672,u916,France,iOS,Sport Live,1,89,1.49,0.31,4401,4353,BUFFERING_ERROR
2026-01-07 00:33:00,s8673,u2433,Cameroon,Smart TV,Movie C,1,46,0.33,0.32,8346,1995,CDN_ERROR
2026-01-07 00:34:00,s8674,u1617,Ivory Coast,Mobile,Movie C,1,8,0.97,0.19,10878,5622,AUTH_ERROR
2026-01-07 00:35:00,s8675,u757,France,STB,Series B,1,39,1.35,0.5,1900,448,AUTH_ERROR
2026-01-07 00:36:00,s8676,u271,France,Mobile,Series A,1,10,0.67,0.07,11710,4756,
2026-01-07 00:37:00,s8677,u31,France,Smart TV,Sport Live,1,46,0.04,0.54,10764,1204,
2026-01-07 00:38:00,s8678,u855,Cameroon,Web,Movie C,1,65,0.38,0.28,721,5128,
2026-01-07 00:39:00,s8679,u1525,Cameroon,iOS,Sport Live,1,47,1.4,0.4,7566,1869,
2026-01-07 00:40:00,s8680,u1237,Ivory Coast,Web,Movie C,1,79,1.06,0.08,7788,888,CDN_ERROR
2026-01-07 00:41:00,s8681,u2184,Morocco,Smart TV,Series A,1,3,0.26,0.11,4427,1686,STARTUP_TIMEOUT
2026-01-07 00:42:00,s8682,u1874,Ivory Coast,STB,Documentary D,1,21,0.4,0.02,8696,4155,STARTUP_TIMEOUT
2026-01-07 00:43:00,s8683,u1504,Tunisia,Mobile,Movie C,1,48,0.66,0.36,2044,5069,STARTUP_TIMEOUT
2026-01-07 00:44:00,s8684,u1338,Cameroon,Mobile,Documentary D,1,63,0.54,0.36,6552,2938,AUTH_ERROR
2026-01-07 00:45:00,s8685,u113,Cameroon,Mobile,Sport Live,1,69,0.7,0.49,9555,568,CDN_ERROR
2026-01-07 00:46:00,s8686,u1608,Senegal,Mobile,Kids Show,1,86,1.03,0.27,1900,4000,
2026-01-07 00:47:00,s8687,u201,France,STB,Documentary D,1,63,0.49,0.46,4709,1772,
2026-01-07 00:48:00,s8688,u1121,France,Smart TV,Sport Live,1,79,0.29,0.52,3793,1925,
2026-01-07 00:49:00,s8689,u1943,France,Mobile,Series A,1,62,0.2,0.23,10129,4186,
2026-01-07 00:50:00,s8690,u839,Senegal,iOS,Sport Live,1,42,1.04,0.35,4859,2672,LOW_BITRATE
2026-01-07 00:51:00,s8691,u2142,Ivory Coast,Smart TV,Kids Show,1,64,0.7,0.39,5222,3581,BUFFERING_ERROR
2026-01-07 00:52:00,s8692,u1779,Senegal,Mobile,Documentary D,1,3,0.43,0.08,5311,2851,LOW_BITRATE
2026-01-07 00:53:00,s8693,u109,Tunisia,Mobile,Series A,1,11,0.35,0.44,1664,4506,
2026-01-07 00:54:00,s8694,u1149,Ivory Coast,Mobile,Series A,1,64,0.69,0.24,2029,2829,AUTH_ERROR
2026-01-07 00:55:00,s8695,u956,Morocco,STB,Kids Show,1,50,1.29,0.32,8753,3165,STARTUP_TIMEOUT
2026-01-07 00:56:00,s8696,u2033,Senegal,Mobile,Sport Live,1,23,0.53,0.18,4807,2488,CDN_ERROR
2026-01-07 00:57:00,s8697,u1218,Senegal,Web,Movie C,1,67,1.15,0.54,6116,988,AUTH_ERROR
2026-01-07 00:58:00,s8698,u268,France,STB,Sport Live,1,61,1.25,0.48,3352,4288,
2026-01-07 00:59:00,s8699,u1046,Tunisia,Mobile,Sport Live,1,53,1.13,0.13,8738,3708,BUFFERING_ERROR
2026-01-07 01:00:00,s8700,u125,Tunisia,Mobile,Series A,1,25,0.81,0.53,7687,2272,CDN_ERROR
2026-01-07 01:01:00,s8701,u1188,Tunisia,Smart TV,Movie C,1,19,0.74,0.38,1545,2184,AUTH_ERROR
2026-01-07 01:02:00,s8702,u1741,Tunisia,STB,Series B,1,39,1.21,0.29,3103,400,BUFFERING_ERROR
2026-01-07 01:03:00,s8703,u704,France,STB,Sport Live,1,82,0.63,0.35,1216,5729,LOW_BITRATE
2026-01-07 01:04:00,s8704,u2041,Cameroon,Smart TV,Kids Show,1,76,0.49,0.45,4223,4852,STARTUP_TIMEOUT
2026-01-07 01:05:00,s8705,u687,Morocco,Web,Sport Live,1,23,0.7,0.53,11684,1667,LOW_BITRATE
2026-01-07 01:06:00,s8706,u1844,France,STB,Series A,1,7,0.27,0.3,4800,5739,STARTUP_TIMEOUT
2026-01-07 01:07:00,s8707,u893,Senegal,Smart TV,Kids Show,1,9,0.45,0.16,7543,2708,LOW_BITRATE
2026-01-07 01:08:00,s8708,u849,Morocco,Smart TV,Series B,1,70,0.34,0.3,8131,4258,BUFFERING_ERROR
2026-01-07 01:09:00,s8709,u1737,Senegal,Android TV,Sport Live,1,11,0.83,0.3,8495,1188,LOW_BITRATE
2026-01-07 01:10:00,s8710,u817,France,Smart TV,Series A,1,12,0.91,0.46,6344,1511,AUTH_ERROR
2026-01-07 01:11:00,s8711,u1336,Morocco,Mobile,Series B,1,55,0.88,0.11,9734,1470,
2026-01-07 01:12:00,s8712,u1269,Tunisia,Mobile,Movie C,1,13,1.12,0.41,9251,4891,CDN_ERROR
2026-01-07 01:13:00,s8713,u2185,Ivory Coast,iOS,Kids Show,1,41,1.01,0.07,8532,1225,
2026-01-07 01:14:00,s8714,u1746,Ivory Coast,Smart TV,Kids Show,1,70,1.21,0.32,1838,3447,STARTUP_TIMEOUT
2026-01-07 01:15:00,s8715,u99,Cameroon,Mobile,Documentary D,1,14,1.36,0.17,9211,5322,
2026-01-07 01:16:00,s8716,u1711,France,Web,Series B,1,38,0.95,0.24,7531,2616,BUFFERING_ERROR
2026-01-07 01:17:00,s8717,u571,France,STB,Movie C,1,52,0.16,0.4,6364,5510,AUTH_ERROR
2026-01-07 01:18:00,s8718,u1003,Senegal,iOS,Kids Show,1,60,1.3,0.02,7138,801,STARTUP_TIMEOUT
2026-01-07 01:19:00,s8719,u1452,Morocco,iOS,Series B,1,38,0.9,0.46,6142,539,
2026-01-07 01:20:00,s8720,u2469,Ivory Coast,Smart TV,Movie C,1,50,0.32,0.49,6381,4918,CDN_ERROR
2026-01-07 01:21:00,s8721,u1505,Ivory Coast,Mobile,Sport Live,1,60,0.84,0.52,7119,3402,
2026-01-07 01:22:00,s8722,u2451,Morocco,Smart TV,Kids Show,1,8,0.07,0.21,9439,3639,
2026-01-07 01:23:00,s8723,u2267,Ivory Coast,Web,Documentary D,1,18,0.58,0.03,4663,4323,LOW_BITRATE
2026-01-07 01:24:00,s8724,u1262,France,Android TV,Series A,1,24,0.59,0.32,2224,1172,
2026-01-07 01:25:00,s8725,u1361,France,Mobile,Movie C,1,21,1.33,0.09,4030,4451,STARTUP_TIMEOUT
2026-01-07 01:26:00,s8726,u2419,Ivory Coast,iOS,Documentary D,1,59,0.27,0.27,8793,666,CDN_ERROR
2026-01-07 01:27:00,s8727,u2302,Ivory Coast,Android TV,Documentary D,1,54,0.53,0.32,5860,2316,AUTH_ERROR
2026-01-07 01:28:00,s8728,u2430,Cameroon,STB,Series B,1,17,1.08,0.19,10114,414,CDN_ERROR
2026-01-07 01:29:00,s8729,u418,France,Android TV,Movie C,1,3,1.09,0.11,10747,770,STARTUP_TIMEOUT
2026-01-07 01:30:00,s8730,u492,Senegal,Mobile,Sport Live,1,74,0.63,0.04,3093,2755,CDN_ERROR
2026-01-07 01:31:00,s8731,u185,Ivory Coast,iOS,Series B,1,48,0.88,0.11,11163,2522,BUFFERING_ERROR
2026-01-07 01:32:00,s8732,u696,Cameroon,iOS,Documentary D,1,90,1.13,0.26,2606,506,
2026-01-07 01:33:00,s8733,u252,France,iOS,Sport Live,1,66,0.12,0.11,4362,3605,BUFFERING_ERROR
2026-01-07 01:34:00,s8734,u1894,Cameroon,Mobile,Movie C,1,76,0.48,0.47,11124,3269,
2026-01-07 01:35:00,s8735,u1176,France,Smart TV,Series A,1,36,0.22,0.52,11349,925,LOW_BITRATE
2026-01-07 01:36:00,s8736,u1962,Morocco,Mobile,Series A,1,31,0.93,0.05,3251,3818,
2026-01-07 01:37:00,s8737,u1767,France,iOS,Kids Show,1,24,1.04,0.06,10054,1399,
2026-01-07 01:38:00,s8738,u1591,Tunisia,Android TV,Series B,1,3,1.2,0.48,2461,4365,CDN_ERROR
2026-01-07 01:39:00,s8739,u780,Ivory Coast,Android TV,Sport Live,1,52,0.94,0.08,10220,3320,
2026-01-07 01:40:00,s8740,u1212,France,Android TV,Documentary D,1,2,0.42,0.08,8188,880,BUFFERING_ERROR
2026-01-07 01:41:00,s8741,u133,Cameroon,Smart TV,Movie C,1,35,1.31,0.45,7777,5081,
2026-01-07 01:42:00,s8742,u1075,France,Web,Movie C,1,84,1.4,0.08,2952,4932,
2026-01-07 01:43:00,s8743,u1797,Morocco,Mobile,Movie C,1,83,0.63,0.03,3671,5005,STARTUP_TIMEOUT
2026-01-07 01:44:00,s8744,u1790,Tunisia,Web,Kids Show,1,28,0.95,0.39,11314,4023,BUFFERING_ERROR
2026-01-07 01:45:00,s8745,u2158,France,STB,Kids Show,1,70,1.5,0.2,6210,3625,LOW_BITRATE
2026-01-07 01:46:00,s8746,u2244,Senegal,Android TV,Movie C,1,69,0.52,0.3,8395,2580,STARTUP_TIMEOUT
2026-01-07 01:47:00,s8747,u545,Morocco,Android TV,Movie C,1,3,0.36,0.39,9619,4321,AUTH_ERROR
2026-01-07 01:48:00,s8748,u1780,Cameroon,Smart TV,Series B,1,57,0.12,0.2,9586,760,BUFFERING_ERROR
2026-01-07 01:49:00,s8749,u40,Senegal,Android TV,Movie C,1,72,1.3,0.46,1922,1088,
2026-01-07 01:50:00,s8750,u1954,France,Android TV,Movie C,1,4,0.7,0.48,2249,2502,CDN_ERROR
2026-01-07 01:51:00,s8751,u1693,Ivory Coast,Web,Sport Live,1,9,1.36,0.05,6373,4348,
2026-01-07 01:52:00,s8752,u379,Tunisia,Smart TV,Documentary D,1,16,0.6,0.51,8853,623,CDN_ERROR
2026-01-07 01:53:00,s8753,u553,Ivory Coast,STB,Series A,1,7,0.33,0.14,5775,1664,
2026-01-07 01:54:00,s8754,u1923,Morocco,iOS,Series B,1,80,0.39,0.07,3003,2673,AUTH_ERROR
2026-01-07 01:55:00,s8755,u1732,Tunisia,STB,Series B,1,31,0.26,0.5,11738,5530,BUFFERING_ERROR
2026-01-07 01:56:00,s8756,u939,France,iOS,Series B,1,27,0.08,0.17,9253,2192,LOW_BITRATE
2026-01-07 01:57:00,s8757,u536,France,Web,Series B,1,6,1.05,0.04,7775,3264,STARTUP_TIMEOUT
2026-01-07 01:58:00,s8758,u632,Morocco,Smart TV,Documentary D,1,33,1.04,0.26,2128,4131,STARTUP_TIMEOUT
2026-01-07 01:59:00,s8759,u1819,Ivory Coast,Android TV,Movie C,1,78,0.87,0.04,11752,3656,BUFFERING_ERROR
2026-01-07 02:00:00,s8760,u2474,France,Web,Movie C,1,56,0.53,0.02,5084,461,
2026-01-07 02:01:00,s8761,u847,Senegal,iOS,Series A,1,89,0.81,0.35,7225,2980,AUTH_ERROR
2026-01-07 02:02:00,s8762,u2046,Morocco,STB,Series B,1,62,0.72,0.53,10354,2083,STARTUP_TIMEOUT
2026-01-07 02:03:00,s8763,u136,Ivory Coast,Web,Series B,1,69,1.25,0.51,683,5412,AUTH_ERROR
2026-01-07 02:04:00,s8764,u1837,Tunisia,Web,Documentary D,1,72,1.14,0.38,4905,673,CDN_ERROR
2026-01-07 02:05:00,s8765,u1807,Senegal,STB,Sport Live,1,45,1.18,0.33,7029,3283,STARTUP_TIMEOUT
2026-01-07 02:06:00,s8766,u2370,Ivory Coast,Mobile,Sport Live,1,35,1.01,0.28,6434,1380,CDN_ERROR
2026-01-07 02:07:00,s8767,u1594,Cameroon,Android TV,Movie C,1,18,0.31,0.02,1194,2921,STARTUP_TIMEOUT
2026-01-07 02:08:00,s8768,u1153,Ivory Coast,iOS,Documentary D,1,31,0.72,0.42,7623,826,
2026-01-07 02:09:00,s8769,u627,Cameroon,Web,Series B,1,51,1.09,0.31,11026,3547,STARTUP_TIMEOUT
2026-01-07 02:10:00,s8770,u590,Morocco,Web,Movie C,1,68,0.54,0.29,1121,2131,STARTUP_TIMEOUT
2026-01-07 02:11:00,s8771,u2316,Senegal,Web,Sport Live,1,51,0.7,0.51,2393,2972,AUTH_ERROR
2026-01-07 02:12:00,s8772,u1097,Tunisia,Web,Series B,1,15,1.45,0.47,690,3317,
2026-01-07 02:13:00,s8773,u1444,Tunisia,Android TV,Movie C,1,67,0.94,0.15,3760,4117,BUFFERING_ERROR
2026-01-07 02:14:00,s8774,u2268,Morocco,Smart TV,Sport Live,1,6,1.0,0.48,7175,2437,
2026-01-07 02:15:00,s8775,u189,Senegal,Android TV,Sport Live,1,9,1.07,0.01,8311,4999,
2026-01-07 02:16:00,s8776,u2466,Morocco,STB,Kids Show,1,84,1.02,0.31,904,527,
2026-01-07 02:17:00,s8777,u2453,France,STB,Sport Live,1,54,0.92,0.35,7622,2422,
2026-01-07 02:18:00,s8778,u164,Senegal,iOS,Kids Show,1,74,1.48,0.54,1181,3643,AUTH_ERROR
2026-01-07 02:19:00,s8779,u269,Cameroon,Web,Series B,1,83,0.33,0.24,11032,630,AUTH_ERROR
2026-01-07 02:20:00,s8780,u1809,France,Android TV,Series A,1,56,0.88,0.23,8206,5493,STARTUP_TIMEOUT
2026-01-07 02:21:00,s8781,u1511,Tunisia,Web,Series B,1,48,0.11,0.04,5579,550,
2026-01-07 02:22:00,s8782,u1128,Tunisia,Smart TV,Series A,1,90,0.39,0.4,9640,1837,STARTUP_TIMEOUT
2026-01-07 02:23:00,s8783,u1244,Tunisia,iOS,Documentary D,1,53,1.02,0.45,866,3850,CDN_ERROR
2026-01-07 02:24:00,s8784,u1595,Cameroon,STB,Kids Show,1,79,0.74,0.11,3613,1536,BUFFERING_ERROR
2026-01-07 02:25:00,s8785,u715,Ivory Coast,Web,Sport Live,1,19,0.81,0.36,2434,5682,BUFFERING_ERROR
2026-01-07 02:26:00,s8786,u629,Cameroon,Mobile,Documentary D,1,38,1.14,0.06,9894,3870,AUTH_ERROR
2026-01-07 02:27:00,s8787,u1361,Cameroon,Web,Series B,1,21,0.97,0.35,6695,2956,LOW_BITRATE
2026-01-07 02:28:00,s8788,u2216,Ivory Coast,Web,Series A,1,53,0.75,0.28,3535,3673,BUFFERING_ERROR
2026-01-07 02:29:00,s8789,u413,France,Mobile,Series B,1,49,0.82,0.28,9323,2870,STARTUP_TIMEOUT
2026-01-07 02:30:00,s8790,u2017,Tunisia,Mobile,Kids Show,1,28,1.12,0.05,4188,3833,STARTUP_TIMEOUT
2026-01-07 02:31:00,s8791,u848,Ivory Coast,Mobile,Series A,1,70,0.1,0.38,5468,1909,
2026-01-07 02:32:00,s8792,u441,France,Android TV,Series B,1,45,0.86,0.42,4805,5333,AUTH_ERROR
2026-01-07 02:33:00,s8793,u429,Morocco,Web,Movie C,1,56,0.6,0.33,10050,3248,CDN_ERROR
2026-01-07 02:34:00,s8794,u557,Cameroon,iOS,Series A,1,67,0.88,0.21,4285,2104,AUTH_ERROR
2026-01-07 02:35:00,s8795,u1236,Tunisia,iOS,Documentary D,1,39,1.45,0.42,2907,467,
2026-01-07 02:36:00,s8796,u43,Senegal,Smart TV,Series A,1,82,0.1,0.46,5920,1587,STARTUP_TIMEOUT
2026-01-07 02:37:00,s8797,u1139,Ivory Coast,Smart TV,Documentary D,1,37,1.1,0.28,5361,3866,BUFFERING_ERROR
2026-01-07 02:38:00,s8798,u172,Tunisia,Mobile,Documentary D,1,47,1.17,0.44,9731,5489,BUFFERING_ERROR
2026-01-07 02:39:00,s8799,u1316,Cameroon,Web,Documentary D,1,90,1.08,0.34,5663,890,AUTH_ERROR
2026-01-07 02:40:00,s8800,u2078,Morocco,Web,Sport Live,1,84,0.8,0.32,1346,4510,AUTH_ERROR
2026-01-07 02:41:00,s8801,u344,France,Android TV,Sport Live,1,32,0.6,0.47,8822,4075,STARTUP_TIMEOUT
2026-01-07 02:42:00,s8802,u1860,Cameroon,Android TV,Kids Show,1,24,1.09,0.46,4188,4508,BUFFERING_ERROR
2026-01-07 02:43:00,s8803,u1988,Morocco,Web,Series B,1,65,0.48,0.27,5153,2581,
2026-01-07 02:44:00,s8804,u293,Morocco,Mobile,Series B,1,60,0.47,0.22,8052,1636,STARTUP_TIMEOUT
2026-01-07 02:45:00,s8805,u251,Tunisia,iOS,Movie C,1,77,0.79,0.27,1094,4888,STARTUP_TIMEOUT
2026-01-07 02:46:00,s8806,u2362,Tunisia,Android TV,Movie C,1,90,1.46,0.17,6782,1389,STARTUP_TIMEOUT
2026-01-07 02:47:00,s8807,u359,Senegal,STB,Sport Live,1,57,0.6,0.45,11267,5868,STARTUP_TIMEOUT
2026-01-07 02:48:00,s8808,u1852,Ivory Coast,Smart TV,Series A,1,81,1.05,0.26,3374,590,
2026-01-07 02:49:00,s8809,u63,France,Android TV,Documentary D,1,73,0.53,0.33,11113,5750,
2026-01-07 02:50:00,s8810,u2450,Tunisia,STB,Movie C,1,47,1.3,0.4,10187,3159,LOW_BITRATE
2026-01-07 02:51:00,s8811,u1563,Senegal,Smart TV,Movie C,1,68,1.02,0.17,11055,4299,
2026-01-07 02:52:00,s8812,u460,Ivory Coast,iOS,Series B,1,34,1.29,0.4,9510,5623,AUTH_ERROR
2026-01-07 02:53:00,s8813,u1290,Cameroon,Android TV,Kids Show,1,58,0.89,0.15,10294,1506,
2026-01-07 02:54:00,s8814,u292,France,Mobile,Series B,1,88,1.5,0.42,7157,4522,STARTUP_TIMEOUT
2026-01-07 02:55:00,s8815,u2039,Morocco,iOS,Sport Live,1,67,0.14,0.48,2268,5557,
2026-01-07 02:56:00,s8816,u1509,Tunisia,Android TV,Documentary D,1,84,0.77,0.21,1713,2000,
2026-01-07 02:57:00,s8817,u99,Senegal,STB,Movie C,1,32,0.83,0.04,6288,1312,
2026-01-07 02:58:00,s8818,u1835,France,Web,Sport Live,1,9,1.21,0.44,4584,4788,STARTUP_TIMEOUT
2026-01-07 02:59:00,s8819,u1146,Morocco,Mobile,Series A,1,82,1.19,0.35,6815,770,STARTUP_TIMEOUT
2026-01-07 03:00:00,s8820,u1379,Tunisia,Web,Series B,1,49,0.97,0.26,1780,1760,
2026-01-07 03:01:00,s8821,u592,France,iOS,Series A,1,24,0.83,0.49,2564,842,
2026-01-07 03:02:00,s8822,u2144,Cameroon,Android TV,Documentary D,1,38,1.41,0.55,10290,5292,AUTH_ERROR
2026-01-07 03:03:00,s8823,u542,Tunisia,iOS,Sport Live,1,15,1.13,0.49,1969,4010,BUFFERING_ERROR
2026-01-07 03:04:00,s8824,u479,Morocco,Smart TV,Sport Live,1,29,0.36,0.45,5482,3768,CDN_ERROR
2026-01-07 03:05:00,s8825,u1900,Morocco,Smart TV,Documentary D,1,54,0.1,0.13,11295,4101,
2026-01-07 03:06:00,s8826,u1931,Senegal,Smart TV,Documentary D,1,81,1.5,0.42,590,575,CDN_ERROR
2026-01-07 03:07:00,s8827,u143,France,Mobile,Documentary D,1,67,0.9,0.36,10060,1678,AUTH_ERROR
2026-01-07 03:08:00,s8828,u1625,Morocco,Android TV,Documentary D,1,13,0.22,0.3,11023,3741,LOW_BITRATE
2026-01-07 03:09:00,s8829,u1277,Tunisia,STB,Kids Show,1,85,0.62,0.29,10808,3829,LOW_BITRATE
2026-01-07 03:10:00,s8830,u1647,Morocco,Mobile,Kids Show,1,76,0.09,0.11,11421,5456,STARTUP_TIMEOUT
2026-01-07 03:11:00,s8831,u684,Ivory Coast,Mobile,Series B,1,1,1.26,0.17,3048,424,
2026-01-07 03:12:00,s8832,u408,Tunisia,Mobile,Movie C,1,75,1.31,0.31,4548,4783,AUTH_ERROR
2026-01-07 03:13:00,s8833,u950,Tunisia,Smart TV,Sport Live,1,7,1.28,0.1,11173,3803,
2026-01-07 03:14:00,s8834,u699,Morocco,Android TV,Movie C,1,4,1.35,0.28,6462,4938,LOW_BITRATE
2026-01-07 03:15:00,s8835,u1654,Ivory Coast,Web,Kids Show,1,78,0.39,0.06,10111,4218,
2026-01-07 03:16:00,s8836,u983,Morocco,iOS,Series B,1,72,0.25,0.18,10308,5219,CDN_ERROR
2026-01-07 03:17:00,s8837,u593,France,Android TV,Movie C,1,75,0.08,0.54,10716,5450,CDN_ERROR
2026-01-07 03:18:00,s8838,u2176,France,Android TV,Series B,1,3,1.18,0.41,2603,1143,STARTUP_TIMEOUT
2026-01-07 03:19:00,s8839,u705,Morocco,Web,Sport Live,1,50,0.82,0.23,3417,1455,STARTUP_TIMEOUT
2026-01-07 03:20:00,s8840,u156,Morocco,STB,Kids Show,1,1,0.5,0.45,1085,3426,
2026-01-07 03:21:00,s8841,u1839,Senegal,STB,Kids Show,1,76,0.98,0.2,7357,3923,
2026-01-07 03:22:00,s8842,u2033,Cameroon,Smart TV,Movie C,1,1,0.2,0.43,11194,1664,CDN_ERROR
2026-01-07 03:23:00,s8843,u1443,Morocco,Mobile,Movie C,1,54,1.31,0.24,795,3884,STARTUP_TIMEOUT
2026-01-07 03:24:00,s8844,u2268,Morocco,iOS,Series B,1,34,0.8,0.17,2129,4311,
2026-01-07 03:25:00,s8845,u1543,Morocco,Web,Sport Live,1,15,0.4,0.02,3592,3698,CDN_ERROR
2026-01-07 03:26:00,s8846,u73,Ivory Coast,Smart TV,Movie C,1,52,0.67,0.37,10095,3290,
2026-01-07 03:27:00,s8847,u1457,Morocco,STB,Series B,1,59,0.91,0.42,6110,5156,
2026-01-07 03:28:00,s8848,u1978,Senegal,Smart TV,Documentary D,1,30,1.26,0.12,3884,3604,AUTH_ERROR
2026-01-07 03:29:00,s8849,u378,Morocco,Android TV,Kids Show,1,58,1.06,0.43,5233,3023,
2026-01-07 03:30:00,s8850,u1638,Tunisia,Android TV,Series A,1,69,1.2,0.33,7026,5822,AUTH_ERROR
2026-01-07 03:31:00,s8851,u153,Cameroon,Smart TV,Documentary D,1,69,1.04,0.35,4129,1597,LOW_BITRATE
2026-01-07 03:32:00,s8852,u1353,Cameroon,Mobile,Series B,1,76,0.16,0.48,3391,3568,BUFFERING_ERROR
2026-01-07 03:33:00,s8853,u1630,Senegal,Mobile,Series A,1,55,1.23,0.09,8702,4100,STARTUP_TIMEOUT
2026-01-07 03:34:00,s8854,u1445,France,Smart TV,Series A,1,63,1.38,0.53,1618,2705,BUFFERING_ERROR
2026-01-07 03:35:00,s8855,u197,France,Android TV,Documentary D,1,35,0.08,0.41,1780,1876,
2026-01-07 03:36:00,s8856,u2241,Senegal,Web,Series B,1,75,0.64,0.33,6700,3248,BUFFERING_ERROR
2026-01-07 03:37:00,s8857,u1048,France,Mobile,Movie C,1,86,0.15,0.38,5835,1301,AUTH_ERROR
2026-01-07 03:38:00,s8858,u645,Ivory Coast,Web,Sport Live,1,9,1.07,0.55,11530,1593,STARTUP_TIMEOUT
2026-01-07 03:39:00,s8859,u665,France,STB,Series B,1,10,1.45,0.31,9117,2231,LOW_BITRATE
2026-01-07 03:40:00,s8860,u2071,Ivory Coast,Android TV,Sport Live,1,60,0.29,0.1,7027,757,
2026-01-07 03:41:00,s8861,u2399,Cameroon,Web,Series B,1,59,0.2,0.29,6480,588,
2026-01-07 03:42:00,s8862,u1078,Morocco,Android TV,Kids Show,1,78,0.82,0.52,4791,1260,CDN_ERROR
2026-01-07 03:43:00,s8863,u2309,Senegal,Smart TV,Movie C,1,3,0.15,0.07,10554,4487,BUFFERING_ERROR
2026-01-07 03:44:00,s8864,u1829,Senegal,Web,Kids Show,1,23,1.12,0.52,3320,1616,AUTH_ERROR
2026-01-07 03:45:00,s8865,u388,Senegal,STB,Movie C,1,83,0.37,0.24,7916,5161,LOW_BITRATE
2026-01-07 03:46:00,s8866,u441,Tunisia,Smart TV,Sport Live,1,85,0.61,0.35,6093,3051,
2026-01-07 03:47:00,s8867,u1467,Cameroon,Smart TV,Sport Live,1,37,0.14,0.03,7449,5513,
2026-01-07 03:48:00,s8868,u754,Ivory Coast,Web,Documentary D,1,10,0.71,0.12,1186,1816,AUTH_ERROR
2026-01-07 03:49:00,s8869,u1088,France,Web,Series A,1,44,0.04,0.18,6802,5688,AUTH_ERROR
2026-01-07 03:50:00,s8870,u949,Ivory Coast,iOS,Kids Show,1,50,1.44,0.53,5231,3780,
2026-01-07 03:51:00,s8871,u2073,Senegal,STB,Series B,1,84,1.46,0.01,6656,5811,
2026-01-07 03:52:00,s8872,u217,Morocco,Smart TV,Movie C,1,7,0.31,0.17,9728,3192,STARTUP_TIMEOUT
2026-01-07 03:53:00,s8873,u953,Morocco,Smart TV,Sport Live,1,18,0.78,0.47,7981,5990,AUTH_ERROR
2026-01-07 03:54:00,s8874,u1023,Cameroon,Mobile,Series A,1,11,0.96,0.36,4583,824,BUFFERING_ERROR
2026-01-07 03:55:00,s8875,u484,Tunisia,Android TV,Sport Live,1,32,0.91,0.26,3248,4123,BUFFERING_ERROR
2026-01-07 03:56:00,s8876,u931,Cameroon,Smart TV,Series A,1,7,0.06,0.04,2003,3035,
2026-01-07 03:57:00,s8877,u1502,Senegal,iOS,Kids Show,1,58,1.2,0.04,3410,3884,STARTUP_TIMEOUT
2026-01-07 03:58:00,s8878,u828,Morocco,STB,Series A,1,15,0.05,0.29,10734,4205,
2026-01-07 03:59:00,s8879,u63,Ivory Coast,Mobile,Kids Show,1,26,1.45,0.55,8475,4248,AUTH_ERROR
2026-01-07 04:00:00,s8880,u1500,Morocco,Web,Sport Live,1,88,0.8,0.53,4907,4655,
2026-01-07 04:01:00,s8881,u1065,Morocco,Mobile,Sport Live,1,51,0.32,0.32,2473,5241,
2026-01-07 04:02:00,s8882,u1530,Tunisia,STB,Sport Live,1,57,0.18,0.11,10273,4900,
2026-01-07 04:03:00,s8883,u1984,France,Android TV,Movie C,1,66,0.29,0.55,5084,3118,
2026-01-07 04:04:00,s8884,u1561,Morocco,Mobile,Movie C,1,24,0.3,0.13,7956,1671,STARTUP_TIMEOUT
2026-01-07 04:05:00,s8885,u1522,Ivory Coast,STB,Series A,1,9,1.39,0.14,9244,4522,BUFFERING_ERROR
2026-01-07 04:06:00,s8886,u202,Tunisia,Smart TV,Movie C,1,33,0.67,0.08,11776,1559,
2026-01-07 04:07:00,s8887,u1290,Cameroon,Mobile,Documentary D,1,32,1.37,0.39,2641,4171,LOW_BITRATE
2026-01-07 04:08:00,s8888,u1598,Tunisia,Smart TV,Series B,1,17,0.19,0.43,7284,3151,CDN_ERROR
2026-01-07 04:09:00,s8889,u1772,France,STB,Series A,1,85,1.38,0.02,6047,5651,LOW_BITRATE
2026-01-07 04:10:00,s8890,u767,Ivory Coast,iOS,Series A,1,10,0.39,0.16,11456,5421,BUFFERING_ERROR
2026-01-07 04:11:00,s8891,u1666,Senegal,Mobile,Movie C,1,30,0.95,0.11,11113,4038,AUTH_ERROR
2026-01-07 04:12:00,s8892,u1768,Cameroon,Android TV,Series B,1,88,0.87,0.31,7037,2427,BUFFERING_ERROR
2026-01-07 04:13:00,s8893,u1876,Ivory Coast,Mobile,Sport Live,1,78,0.87,0.5,5218,4136,AUTH_ERROR
2026-01-07 04:14:00,s8894,u1268,Cameroon,iOS,Documentary D,1,48,1.18,0.24,6726,4440,CDN_ERROR
2026-01-07 04:15:00,s8895,u1397,Ivory Coast,iOS,Kids Show,1,89,0.85,0.28,3165,5367,CDN_ERROR
2026-01-07 04:16:00,s8896,u1835,Tunisia,iOS,Documentary D,1,47,0.67,0.46,1524,4860,CDN_ERROR
2026-01-07 04:17:00,s8897,u427,Cameroon,iOS,Movie C,1,12,0.57,0.11,520,4892,LOW_BITRATE
2026-01-07 04:18:00,s8898,u620,Senegal,Mobile,Series A,1,27,0.9,0.4,9316,5376,
2026-01-07 04:19:00,s8899,u1517,France,Mobile,Sport Live,1,73,1.46,0.47,3778,1211,
2026-01-07 04:20:00,s8900,u1649,Morocco,Smart TV,Documentary D,1,31,1.25,0.17,1931,4170,AUTH_ERROR
2026-01-07 04:21:00,s8901,u526,Cameroon,STB,Movie C,1,4,0.67,0.26,11703,2856,CDN_ERROR
2026-01-07 04:22:00,s8902,u2295,France,STB,Series B,1,58,0.05,0.34,11694,788,CDN_ERROR
2026-01-07 04:23:00,s8903,u2388,Morocco,iOS,Documentary D,1,71,0.88,0.21,4749,2397,STARTUP_TIMEOUT
2026-01-07 04:24:00,s8904,u1228,Senegal,STB,Documentary D,1,34,0.69,0.49,3432,1289,
2026-01-07 04:25:00,s8905,u1593,France,Smart TV,Series A,1,50,0.3,0.49,4395,5986,
2026-01-07 04:26:00,s8906,u886,France,STB,Documentary D,1,44,0.12,0.54,2616,662,
2026-01-07 04:27:00,s8907,u1046,France,Web,Documentary D,1,59,1.43,0.22,4348,3459,BUFFERING_ERROR
2026-01-07 04:28:00,s8908,u319,Morocco,Android TV,Documentary D,1,66,1.23,0.19,2471,4161,STARTUP_TIMEOUT
2026-01-07 04:29:00,s8909,u2370,Senegal,Web,Series B,1,74,0.33,0.06,8033,842,AUTH_ERROR
2026-01-07 04:30:00,s8910,u1247,Morocco,iOS,Movie C,1,60,0.08,0.48,10451,482,AUTH_ERROR
2026-01-07 04:31:00,s8911,u1438,Cameroon,STB,Series B,1,43,1.09,0.31,1188,2770,STARTUP_TIMEOUT
2026-01-07 04:32:00,s8912,u583,Ivory Coast,Web,Series A,1,24,0.24,0.41,660,5002,BUFFERING_ERROR
2026-01-07 04:33:00,s8913,u2496,Tunisia,STB,Sport Live,1,48,1.09,0.08,10540,1384,
2026-01-07 04:34:00,s8914,u1285,Tunisia,Android TV,Series A,1,89,1.45,0.05,4092,5692,
2026-01-07 04:35:00,s8915,u2330,Senegal,Mobile,Movie C,1,36,0.05,0.39,5324,1724,LOW_BITRATE
2026-01-07 04:36:00,s8916,u686,France,Mobile,Sport Live,1,45,0.1,0.25,10476,937,LOW_BITRATE
2026-01-07 04:37:00,s8917,u2009,France,STB,Sport Live,1,2,1.11,0.39,910,2089,BUFFERING_ERROR
2026-01-07 04:38:00,s8918,u1210,Senegal,iOS,Series A,1,64,1.23,0.02,2373,1215,
2026-01-07 04:39:00,s8919,u949,Morocco,Mobile,Series B,1,7,0.95,0.3,4926,522,
2026-01-07 04:40:00,s8920,u955,France,iOS,Kids Show,1,34,0.88,0.32,11512,4028,
2026-01-07 04:41:00,s8921,u945,Morocco,Smart TV,Series B,1,75,1.22,0.11,11474,5360,STARTUP_TIMEOUT
2026-01-07 04:42:00,s8922,u1686,Tunisia,Smart TV,Documentary D,1,64,0.81,0.19,5648,5737,
2026-01-07 04:43:00,s8923,u2005,Ivory Coast,Mobile,Series A,1,47,1.36,0.55,11176,2564,CDN_ERROR
2026-01-07 04:44:00,s8924,u730,Morocco,STB,Series B,1,66,0.84,0.32,3067,3763,CDN_ERROR
2026-01-07 04:45:00,s8925,u697,France,Web,Series A,1,21,0.99,0.09,5224,658,LOW_BITRATE
2026-01-07 04:46:00,s8926,u1994,France,Android TV,Series B,1,71,0.53,0.5,6573,1628,
2026-01-07 04:47:00,s8927,u1516,Senegal,STB,Sport Live,1,31,0.55,0.08,11501,2638,
2026-01-07 04:48:00,s8928,u2068,Tunisia,STB,Movie C,1,52,0.29,0.41,1359,1382,LOW_BITRATE
2026-01-07 04:49:00,s8929,u276,France,Mobile,Kids Show,1,14,0.87,0.3,8934,4905,BUFFERING_ERROR
2026-01-07 04:50:00,s8930,u1623,Ivory Coast,Mobile,Series A,1,60,1.41,0.4,10461,2898,
2026-01-07 04:51:00,s8931,u1825,Cameroon,Mobile,Series A,1,58,0.08,0.19,10115,2202,
2026-01-07 04:52:00,s8932,u628,France,Web,Kids Show,1,23,0.35,0.21,1045,647,
2026-01-07 04:53:00,s8933,u836,Cameroon,Android TV,Series A,1,19,1.28,0.19,9396,2021,STARTUP_TIMEOUT
2026-01-07 04:54:00,s8934,u2198,Ivory Coast,Android TV,Movie C,1,81,0.65,0.35,10957,4730,AUTH_ERROR
2026-01-07 04:55:00,s8935,u1632,Senegal,iOS,Series A,1,70,0.45,0.17,6131,5560,STARTUP_TIMEOUT
2026-01-07 04:56:00,s8936,u1918,France,Mobile,Series B,1,69,0.62,0.44,4435,5037,BUFFERING_ERROR
2026-01-07 04:57:00,s8937,u1512,Cameroon,Android TV,Series A,1,85,0.49,0.38,10389,1696,BUFFERING_ERROR
2026-01-07 04:58:00,s8938,u1877,Cameroon,Mobile,Series A,1,8,1.33,0.36,2694,5470,
2026-01-07 04:59:00,s8939,u60,Morocco,Android TV,Kids Show,1,88,0.27,0.21,9752,5483,STARTUP_TIMEOUT
2026-01-07 05:00:00,s8940,u2160,Senegal,Mobile,Documentary D,1,6,0.58,0.17,10666,4551,AUTH_ERROR
2026-01-07 05:01:00,s8941,u1554,Ivory Coast,STB,Movie C,1,56,0.22,0.14,5692,1265,CDN_ERROR
2026-01-07 05:02:00,s8942,u1917,Tunisia,iOS,Kids Show,1,71,1.37,0.53,4391,3336,BUFFERING_ERROR
2026-01-07 05:03:00,s8943,u447,Senegal,Smart TV,Movie C,1,69,0.34,0.38,2967,3290,STARTUP_TIMEOUT
2026-01-07 05:04:00,s8944,u253,France,Smart TV,Documentary D,1,25,0.29,0.19,6944,4842,STARTUP_TIMEOUT
2026-01-07 05:05:00,s8945,u1562,France,Mobile,Movie C,1,67,0.34,0.41,3294,5060,
2026-01-07 05:06:00,s8946,u1168,Tunisia,Android TV,Kids Show,1,44,0.27,0.11,11231,2954,AUTH_ERROR
2026-01-07 05:07:00,s8947,u985,Ivory Coast,iOS,Series A,1,33,0.03,0.36,11116,1616,
2026-01-07 05:08:00,s8948,u595,France,Web,Movie C,1,56,0.1,0.05,8768,1160,LOW_BITRATE
2026-01-07 05:09:00,s8949,u1411,Morocco,Android TV,Series B,1,56,1.21,0.3,10350,1187,
2026-01-07 05:10:00,s8950,u196,Senegal,Smart TV,Documentary D,1,11,0.57,0.07,7998,3161,LOW_BITRATE
2026-01-07 05:11:00,s8951,u1690,Tunisia,Smart TV,Series A,1,59,0.18,0.06,10584,601,BUFFERING_ERROR
2026-01-07 05:12:00,s8952,u1532,Cameroon,iOS,Movie C,1,67,0.7,0.31,2445,3807,
2026-01-07 05:13:00,s8953,u2134,France,Smart TV,Sport Live,1,27,1.14,0.26,4959,3482,
2026-01-07 05:14:00,s8954,u324,France,STB,Documentary D,1,1,0.24,0.33,1336,4671,AUTH_ERROR
2026-01-07 05:15:00,s8955,u2002,Tunisia,iOS,Series A,1,30,1.17,0.25,8240,3229,CDN_ERROR
2026-01-07 05:16:00,s8956,u925,Tunisia,iOS,Sport Live,1,57,0.2,0.19,9757,4242,STARTUP_TIMEOUT
2026-01-07 05:17:00,s8957,u1295,Cameroon,STB,Series B,1,89,1.13,0.51,3927,2471,STARTUP_TIMEOUT
2026-01-07 05:18:00,s8958,u274,Morocco,iOS,Series A,1,61,0.49,0.12,6364,2848,AUTH_ERROR
2026-01-07 05:19:00,s8959,u231,Cameroon,Android TV,Documentary D,1,18,1.5,0.22,11448,4355,CDN_ERROR
2026-01-07 05:20:00,s8960,u309,Ivory Coast,STB,Sport Live,1,54,0.74,0.23,7924,4024,CDN_ERROR
2026-01-07 05:21:00,s8961,u1195,Tunisia,STB,Documentary D,1,57,0.41,0.04,4454,2881,
2026-01-07 05:22:00,s8962,u1718,Senegal,STB,Sport Live,1,45,0.96,0.38,8022,2495,
2026-01-07 05:23:00,s8963,u56,Senegal,Smart TV,Documentary D,1,2,1.13,0.11,2445,4359,BUFFERING_ERROR
2026-01-07 05:24:00,s8964,u2117,Senegal,Mobile,Movie C,1,36,1.07,0.15,11365,4338,CDN_ERROR
2026-01-07 05:25:00,s8965,u2185,Tunisia,Mobile,Movie C,1,66,1.39,0.02,9369,5087,
2026-01-07 05:26:00,s8966,u1412,France,iOS,Movie C,1,17,0.13,0.17,11944,1498,
2026-01-07 05:27:00,s8967,u1308,Ivory Coast,iOS,Series B,1,80,0.78,0.32,5128,881,STARTUP_TIMEOUT
2026-01-07 05:28:00,s8968,u1090,Senegal,Android TV,Movie C,1,4,0.17,0.28,1276,2837,STARTUP_TIMEOUT
2026-01-07 05:29:00,s8969,u164,Ivory Coast,Smart TV,Documentary D,1,41,1.27,0.15,9706,800,LOW_BITRATE
2026-01-07 05:30:00,s8970,u877,Tunisia,Android TV,Sport Live,1,80,1.22,0.2,4879,559,
2026-01-07 05:31:00,s8971,u667,Morocco,Mobile,Series A,1,37,0.24,0.27,9755,5155,
2026-01-07 05:32:00,s8972,u746,Ivory Coast,Web,Documentary D,1,26,1.36,0.29,821,4613,BUFFERING_ERROR
2026-01-07 05:33:00,s8973,u867,Tunisia,Smart TV,Documentary D,1,8,0.71,0.35,1527,4513,
2026-01-07 05:34:00,s8974,u518,Ivory Coast,iOS,Series A,1,45,0.27,0.03,5163,5191,AUTH_ERROR
2026-01-07 05:35:00,s8975,u1999,Cameroon,Mobile,Documentary D,1,15,0.66,0.26,2063,3395,CDN_ERROR
2026-01-07 05:36:00,s8976,u482,Ivory Coast,Mobile,Documentary D,1,51,1.04,0.12,9753,809,CDN_ERROR
2026-01-07 05:37:00,s8977,u1283,Tunisia,Mobile,Series A,1,63,0.99,0.06,9711,1155,
2026-01-07 05:38:00,s8978,u37,Ivory Coast,iOS,Movie C,1,53,0.27,0.08,4712,4330,BUFFERING_ERROR
2026-01-07 05:39:00,s8979,u1098,Tunisia,Smart TV,Documentary D,1,11,0.33,0.12,8991,3471,LOW_BITRATE
2026-01-07 05:40:00,s8980,u1760,Tunisia,Android TV,Sport Live,1,65,1.24,0.48,1212,3317,CDN_ERROR
2026-01-07 05:41:00,s8981,u74,France,STB,Documentary D,1,74,1.03,0.42,5013,2843,LOW_BITRATE
2026-01-07 05:42:00,s8982,u1120,France,Mobile,Movie C,1,35,0.33,0.22,3103,676,
2026-01-07 05:43:00,s8983,u2310,Morocco,Web,Documentary D,1,20,1.26,0.06,10959,1733,STARTUP_TIMEOUT
2026-01-07 05:44:00,s8984,u9,Morocco,Mobile,Kids Show,1,73,0.68,0.36,8389,5417,BUFFERING_ERROR
2026-01-07 05:45:00,s8985,u2151,Ivory Coast,Web,Documentary D,1,29,0.65,0.48,3904,2557,LOW_BITRATE
2026-01-07 05:46:00,s8986,u312,Cameroon,STB,Documentary D,1,90,0.98,0.51,10839,1597,
2026-01-07 05:47:00,s8987,u515,Ivory Coast,Smart TV,Documentary D,1,52,0.91,0.04,1522,5853,
2026-01-07 05:48:00,s8988,u273,Senegal,Smart TV,Sport Live,1,62,0.36,0.12,6730,4085,
2026-01-07 05:49:00,s8989,u635,Senegal,iOS,Series B,1,56,0.98,0.23,6287,5044,LOW_BITRATE
2026-01-07 05:50:00,s8990,u205,Morocco,Android TV,Series B,1,40,0.15,0.36,4067,3281,
2026-01-07 05:51:00,s8991,u1701,Tunisia,iOS,Series B,1,71,0.26,0.3,7336,5021,
2026-01-07 05:52:00,s8992,u2473,Tunisia,STB,Movie C,1,6,1.46,0.36,8590,3327,AUTH_ERROR
2026-01-07 05:53:00,s8993,u575,Ivory Coast,Mobile,Kids Show,1,32,0.27,0.52,10729,3835,STARTUP_TIMEOUT
2026-01-07 05:54:00,s8994,u1041,Morocco,Smart TV,Series B,1,65,0.43,0.34,10867,1188,AUTH_ERROR
2026-01-07 05:55:00,s8995,u119,Cameroon,STB,Documentary D,1,82,1.19,0.34,10968,2225,
2026-01-07 05:56:00,s8996,u266,Ivory Coast,Smart TV,Series B,1,63,0.62,0.19,8610,4371,AUTH_ERROR
2026-01-07 05:57:00,s8997,u929,Cameroon,Android TV,Series B,1,87,0.16,0.07,9908,1887,
2026-01-07 05:58:00,s8998,u167,Tunisia,Web,Series B,1,31,0.69,0.19,5789,4012,AUTH_ERROR
2026-01-07 05:59:00,s8999,u409,Tunisia,STB,Documentary D,1,88,0.48,0.29,7715,1211,AUTH_ERROR
2026-01-07 06:00:00,s9000,u758,France,STB,Movie C,1,66,0.65,0.34,2717,2876,
2026-01-07 06:01:00,s9001,u2282,Tunisia,STB,Movie C,1,60,0.82,0.1,6212,2470,CDN_ERROR
2026-01-07 06:02:00,s9002,u756,Cameroon,Mobile,Series B,1,76,1.31,0.05,5224,4664,LOW_BITRATE
2026-01-07 06:03:00,s9003,u493,Morocco,Android TV,Series A,1,36,0.37,0.32,8794,4018,LOW_BITRATE
2026-01-07 06:04:00,s9004,u1264,Cameroon,Mobile,Documentary D,1,77,0.76,0.28,8820,5876,
2026-01-07 06:05:00,s9005,u1188,France,Android TV,Kids Show,1,35,1.49,0.4,2506,4527,BUFFERING_ERROR
2026-01-07 06:06:00,s9006,u520,Ivory Coast,Smart TV,Documentary D,1,47,0.78,0.17,4974,4968,LOW_BITRATE
2026-01-07 06:07:00,s9007,u86,France,STB,Sport Live,1,6,0.59,0.05,2396,1303,LOW_BITRATE
2026-01-07 06:08:00,s9008,u2071,France,Web,Series B,1,88,0.93,0.09,10834,3787,
2026-01-07 06:09:00,s9009,u1772,Morocco,Web,Series B,1,60,1.41,0.53,3647,4139,
2026-01-07 06:10:00,s9010,u2058,Cameroon,Mobile,Series B,1,3,0.66,0.5,1835,3108,AUTH_ERROR
2026-01-07 06:11:00,s9011,u971,France,Mobile,Sport Live,1,57,0.69,0.24,9655,2578,
2026-01-07 06:12:00,s9012,u1068,Cameroon,STB,Series A,1,17,0.62,0.12,11020,2795,
2026-01-07 06:13:00,s9013,u1553,Senegal,Web,Series B,1,44,0.42,0.3,1828,3643,AUTH_ERROR
2026-01-07 06:14:00,s9014,u583,Cameroon,iOS,Movie C,1,8,0.81,0.24,5786,4548,CDN_ERROR
2026-01-07 06:15:00,s9015,u2235,Cameroon,Web,Movie C,1,8,0.27,0.21,2591,3422,
2026-01-07 06:16:00,s9016,u1525,Morocco,STB,Movie C,1,5,0.32,0.51,651,3522,
2026-01-07 06:17:00,s9017,u1409,Senegal,Smart TV,Series A,1,71,0.47,0.11,11911,5711,BUFFERING_ERROR
2026-01-07 06:18:00,s9018,u1803,Morocco,Web,Sport Live,1,9,0.15,0.42,9032,517,LOW_BITRATE
2026-01-07 06:19:00,s9019,u2007,Tunisia,iOS,Series B,1,41,1.1,0.16,8921,2842,
2026-01-07 06:20:00,s9020,u1228,Tunisia,iOS,Movie C,1,18,0.53,0.08,4842,2700,
2026-01-07 06:21:00,s9021,u2,Morocco,STB,Series B,1,57,1.27,0.43,11493,1278,
2026-01-07 06:22:00,s9022,u931,France,Smart TV,Kids Show,1,72,1.5,0.37,3091,4874,STARTUP_TIMEOUT
2026-01-07 06:23:00,s9023,u1527,Cameroon,Smart TV,Documentary D,1,33,1.26,0.21,1424,4629,BUFFERING_ERROR
2026-01-07 06:24:00,s9024,u2489,France,Mobile,Series A,1,29,1.26,0.32,3573,3678,BUFFERING_ERROR
2026-01-07 06:25:00,s9025,u1531,France,Mobile,Movie C,1,29,0.15,0.15,8569,1283,CDN_ERROR
2026-01-07 06:26:00,s9026,u1161,Morocco,Android TV,Sport Live,1,35,0.49,0.49,1841,5921,
2026-01-07 06:27:00,s9027,u1569,Ivory Coast,Web,Movie C,1,21,0.22,0.39,10493,3141,
2026-01-07 06:28:00,s9028,u1533,Morocco,Mobile,Series A,1,58,0.69,0.37,7082,4067,STARTUP_TIMEOUT
2026-01-07 06:29:00,s9029,u2140,Morocco,Mobile,Series B,1,48,0.23,0.33,3917,830,
2026-01-07 06:30:00,s9030,u701,Senegal,Web,Series A,1,5,0.43,0.25,6909,4749,
2026-01-07 06:31:00,s9031,u1808,Cameroon,Mobile,Series B,1,78,0.33,0.3,6705,1490,BUFFERING_ERROR
2026-01-07 06:32:00,s9032,u80,France,Web,Movie C,1,61,0.71,0.42,2512,2334,STARTUP_TIMEOUT
2026-01-07 06:33:00,s9033,u453,Morocco,iOS,Series A,1,30,0.91,0.11,3577,5545,BUFFERING_ERROR
2026-01-07 06:34:00,s9034,u1200,Senegal,Smart TV,Kids Show,1,22,0.6,0.55,11116,5336,
2026-01-07 06:35:00,s9035,u2389,Senegal,Mobile,Sport Live,1,8,0.36,0.04,6990,5473,
2026-01-07 06:36:00,s9036,u1115,France,STB,Series A,1,69,0.89,0.03,11587,3929,BUFFERING_ERROR
2026-01-07 06:37:00,s9037,u2353,Senegal,iOS,Kids Show,1,59,0.3,0.49,5890,1242,AUTH_ERROR
2026-01-07 06:38:00,s9038,u1930,Cameroon,Mobile,Kids Show,1,37,0.53,0.04,9832,2727,
2026-01-07 06:39:00,s9039,u1478,Ivory Coast,STB,Movie C,1,29,0.97,0.01,2267,407,BUFFERING_ERROR
2026-01-07 06:40:00,s9040,u1427,France,iOS,Documentary D,1,68,0.66,0.3,6479,1614,CDN_ERROR
2026-01-07 06:41:00,s9041,u2171,France,iOS,Sport Live,1,62,1.45,0.05,5219,1696,
2026-01-07 06:42:00,s9042,u1797,Senegal,Mobile,Movie C,1,88,0.6,0.16,3361,1113,BUFFERING_ERROR
2026-01-07 06:43:00,s9043,u94,Senegal,iOS,Series A,1,38,0.16,0.46,5078,1901,STARTUP_TIMEOUT
2026-01-07 06:44:00,s9044,u963,Cameroon,Smart TV,Series A,1,32,0.06,0.35,7035,4315,
2026-01-07 06:45:00,s9045,u173,Senegal,Smart TV,Documentary D,1,24,0.43,0.4,1244,832,CDN_ERROR
2026-01-07 06:46:00,s9046,u566,Morocco,Smart TV,Movie C,1,44,0.11,0.5,4327,5405,
2026-01-07 06:47:00,s9047,u2069,Tunisia,Android TV,Kids Show,1,84,0.17,0.2,4517,2117,LOW_BITRATE
2026-01-07 06:48:00,s9048,u1248,Ivory Coast,Smart TV,Kids Show,1,5,0.68,0.21,9016,3077,AUTH_ERROR
2026-01-07 06:49:00,s9049,u1550,France,iOS,Movie C,1,59,0.77,0.32,7309,2470,
2026-01-07 06:50:00,s9050,u1779,Tunisia,Smart TV,Kids Show,1,10,1.4,0.36,8544,5058,
2026-01-07 06:51:00,s9051,u1692,Tunisia,Android TV,Sport Live,1,86,1.47,0.52,8383,1774,
2026-01-07 06:52:00,s9052,u610,France,Smart TV,Movie C,1,49,0.27,0.18,10113,2734,
2026-01-07 06:53:00,s9053,u351,France,STB,Documentary D,1,60,1.25,0.32,3172,5069,AUTH_ERROR
2026-01-07 06:54:00,s9054,u2250,Cameroon,iOS,Series A,1,90,0.61,0.51,10535,4737,BUFFERING_ERROR
2026-01-07 06:55:00,s9055,u1728,Tunisia,Web,Movie C,1,51,0.95,0.26,3527,3158,AUTH_ERROR
2026-01-07 06:56:00,s9056,u1644,Ivory Coast,iOS,Documentary D,1,52,0.79,0.47,4824,3949,LOW_BITRATE
2026-01-07 06:57:00,s9057,u1336,Tunisia,iOS,Sport Live,1,74,0.22,0.51,5042,2033,BUFFERING_ERROR
2026-01-07 06:58:00,s9058,u2087,France,Mobile,Series B,1,84,0.03,0.49,11714,5418,
2026-01-07 06:59:00,s9059,u1192,Ivory Coast,Mobile,Series B,1,27,1.1,0.31,8970,4519,BUFFERING_ERROR
2026-01-07 07:00:00,s9060,u593,France,Smart TV,Sport Live,1,79,1.47,0.3,9091,1521,
2026-01-07 07:01:00,s9061,u38,Cameroon,Web,Series B,1,50,0.28,0.3,7939,3981,
2026-01-07 07:02:00,s9062,u1807,Morocco,Web,Series B,1,37,1.46,0.05,4043,3094,AUTH_ERROR
2026-01-07 07:03:00,s9063,u50,Morocco,iOS,Series B,1,15,1.08,0.54,9629,2277,
2026-01-07 07:04:00,s9064,u439,Ivory Coast,Mobile,Series A,1,49,1.23,0.39,2871,1824,BUFFERING_ERROR
2026-01-07 07:05:00,s9065,u2370,France,iOS,Series B,1,25,0.76,0.34,10675,5535,CDN_ERROR
2026-01-07 07:06:00,s9066,u1952,Cameroon,Smart TV,Series A,1,86,1.05,0.13,9103,4356,
2026-01-07 07:07:00,s9067,u1554,Tunisia,STB,Series A,1,23,1.47,0.42,945,2335,AUTH_ERROR
2026-01-07 07:08:00,s9068,u1668,Tunisia,Web,Movie C,1,81,0.28,0.32,7835,3741,
2026-01-07 07:09:00,s9069,u110,Tunisia,Web,Sport Live,1,45,0.86,0.13,7247,3318,CDN_ERROR
2026-01-07 07:10:00,s9070,u2356,Tunisia,Mobile,Sport Live,1,29,1.2,0.33,5954,5439,LOW_BITRATE
2026-01-07 07:11:00,s9071,u2092,Tunisia,Mobile,Movie C,1,70,0.18,0.25,4053,5554,AUTH_ERROR
2026-01-07 07:12:00,s9072,u1762,Tunisia,Web,Sport Live,1,50,0.81,0.38,1045,2606,BUFFERING_ERROR
2026-01-07 07:13:00,s9073,u1468,Morocco,STB,Series A,1,29,0.14,0.12,5617,4215,
2026-01-07 07:14:00,s9074,u1889,Tunisia,Smart TV,Series A,1,81,1.31,0.36,6765,2966,
2026-01-07 07:15:00,s9075,u86,Ivory Coast,Smart TV,Movie C,1,64,0.49,0.01,3881,2524,CDN_ERROR
2026-01-07 07:16:00,s9076,u1040,Ivory Coast,Web,Movie C,1,36,0.92,0.53,7796,2390,BUFFERING_ERROR
2026-01-07 07:17:00,s9077,u1361,Tunisia,Mobile,Sport Live,1,77,0.47,0.16,6061,3778,CDN_ERROR
2026-01-07 07:18:00,s9078,u2318,France,Android TV,Series B,1,60,0.91,0.17,1989,1110,
2026-01-07 07:19:00,s9079,u1055,Ivory Coast,Android TV,Series A,1,83,1.08,0.09,6159,1438,
2026-01-07 07:20:00,s9080,u728,Tunisia,Web,Sport Live,1,53,0.51,0.21,4374,3308,CDN_ERROR
2026-01-07 07:21:00,s9081,u1298,Tunisia,iOS,Sport Live,1,15,0.29,0.03,9399,5999,AUTH_ERROR
2026-01-07 07:22:00,s9082,u2330,Cameroon,STB,Sport Live,1,49,0.05,0.13,722,4428,
2026-01-07 07:23:00,s9083,u2306,Tunisia,Mobile,Documentary D,1,34,0.47,0.52,3358,2076,STARTUP_TIMEOUT
2026-01-07 07:24:00,s9084,u2087,Morocco,iOS,Series A,1,75,0.16,0.1,9870,553,CDN_ERROR
2026-01-07 07:25:00,s9085,u2267,Ivory Coast,Web,Series B,1,71,0.59,0.44,4624,4506,LOW_BITRATE
2026-01-07 07:26:00,s9086,u1267,Tunisia,Web,Series A,1,32,0.7,0.27,6072,2309,
2026-01-07 07:27:00,s9087,u1934,France,Smart TV,Kids Show,1,8,0.06,0.44,11043,763,BUFFERING_ERROR
2026-01-07 07:28:00,s9088,u91,Ivory Coast,Android TV,Sport Live,1,6,0.95,0.42,858,5066,BUFFERING_ERROR
2026-01-07 07:29:00,s9089,u378,Cameroon,STB,Kids Show,1,42,0.17,0.35,10444,4409,LOW_BITRATE
2026-01-07 07:30:00,s9090,u2312,Senegal,Android TV,Kids Show,1,35,0.58,0.25,7627,3479,STARTUP_TIMEOUT
2026-01-07 07:31:00,s9091,u2383,Cameroon,Android TV,Sport Live,1,68,1.48,0.17,8223,754,LOW_BITRATE
2026-01-07 07:32:00,s9092,u612,Senegal,Android TV,Movie C,1,55,1.28,0.09,9185,5940,
2026-01-07 07:33:00,s9093,u2127,France,Mobile,Sport Live,1,27,0.12,0.46,7948,4275,
2026-01-07 07:34:00,s9094,u1636,Morocco,STB,Series A,1,43,0.47,0.31,3126,5842,CDN_ERROR
2026-01-07 07:35:00,s9095,u412,Senegal,Android TV,Series B,1,46,0.25,0.23,4547,2189,
2026-01-07 07:36:00,s9096,u150,Tunisia,Android TV,Sport Live,1,65,1.18,0.52,11311,2658,
2026-01-07 07:37:00,s9097,u2031,France,Mobile,Series B,1,12,1.19,0.18,4581,1121,AUTH_ERROR
2026-01-07 07:38:00,s9098,u757,Senegal,Mobile,Series B,1,78,0.92,0.16,5461,4690,
2026-01-07 07:39:00,s9099,u1821,Cameroon,Mobile,Series B,1,50,0.7,0.38,11618,3136,
2026-01-07 07:40:00,s9100,u170,Cameroon,iOS,Series B,1,52,0.95,0.46,10057,3668,BUFFERING_ERROR
2026-01-07 07:41:00,s9101,u1223,Senegal,Smart TV,Movie C,1,55,0.35,0.1,4982,5326,BUFFERING_ERROR
2026-01-07 07:42:00,s9102,u2324,Ivory Coast,Mobile,Movie C,1,38,0.85,0.51,9743,2756,
2026-01-07 07:43:00,s9103,u384,Cameroon,iOS,Movie C,1,16,0.83,0.2,2579,2548,AUTH_ERROR
2026-01-07 07:44:00,s9104,u1907,Senegal,Smart TV,Sport Live,1,59,0.46,0.26,2229,5243,STARTUP_TIMEOUT
2026-01-07 07:45:00,s9105,u946,Senegal,Web,Documentary D,1,54,0.52,0.22,8687,5984,
2026-01-07 07:46:00,s9106,u347,France,Web,Movie C,1,12,1.12,0.23,8305,5271,BUFFERING_ERROR
2026-01-07 07:47:00,s9107,u2436,Senegal,iOS,Series A,1,63,0.57,0.44,7150,5678,
2026-01-07 07:48:00,s9108,u1971,Tunisia,Mobile,Series B,1,26,0.65,0.21,4947,3315,STARTUP_TIMEOUT
2026-01-07 07:49:00,s9109,u1245,Cameroon,Mobile,Sport Live,1,26,1.02,0.37,2519,4202,CDN_ERROR
2026-01-07 07:50:00,s9110,u767,Ivory Coast,Android TV,Sport Live,1,17,0.49,0.47,10322,1387,STARTUP_TIMEOUT
2026-01-07 07:51:00,s9111,u166,Senegal,iOS,Movie C,1,55,0.14,0.31,1981,759,
2026-01-07 07:52:00,s9112,u463,Senegal,iOS,Kids Show,1,33,1.12,0.48,5361,4903,
2026-01-07 07:53:00,s9113,u1329,Tunisia,Mobile,Kids Show,1,3,1.26,0.46,2186,3736,
2026-01-07 07:54:00,s9114,u1935,Ivory Coast,Web,Series B,1,70,0.16,0.14,3774,2417,
2026-01-07 07:55:00,s9115,u471,Ivory Coast,Smart TV,Series A,1,24,0.31,0.25,11489,986,CDN_ERROR
2026-01-07 07:56:00,s9116,u753,Senegal,Mobile,Kids Show,1,64,0.54,0.24,7503,5506,STARTUP_TIMEOUT
2026-01-07 07:57:00,s9117,u1108,Tunisia,STB,Series B,1,64,1.1,0.48,10496,3127,LOW_BITRATE
2026-01-07 07:58:00,s9118,u749,France,Mobile,Movie C,1,33,0.97,0.03,11062,4565,
2026-01-07 07:59:00,s9119,u1363,Ivory Coast,STB,Sport Live,1,52,0.15,0.38,11952,2599,AUTH_ERROR
2026-01-07 08:00:00,s9120,u1223,Morocco,Smart TV,Sport Live,1,21,1.21,0.14,2013,3100,CDN_ERROR
2026-01-07 08:01:00,s9121,u403,Cameroon,Mobile,Series B,1,28,0.92,0.15,7452,2254,AUTH_ERROR
2026-01-07 08:02:00,s9122,u2369,Senegal,iOS,Movie C,1,30,0.81,0.44,8814,4604,STARTUP_TIMEOUT
2026-01-07 08:03:00,s9123,u1666,Cameroon,iOS,Sport Live,1,43,0.83,0.02,4709,3135,
2026-01-07 08:04:00,s9124,u1957,Morocco,Web,Kids Show,1,59,1.43,0.15,5938,531,LOW_BITRATE
2026-01-07 08:05:00,s9125,u1422,France,Android TV,Series A,1,25,0.67,0.05,1378,3024,BUFFERING_ERROR
2026-01-07 08:06:00,s9126,u2037,France,Android TV,Documentary D,1,14,0.43,0.22,5563,3654,BUFFERING_ERROR
2026-01-07 08:07:00,s9127,u721,France,Android TV,Movie C,1,79,0.39,0.09,9760,3097,
2026-01-07 08:08:00,s9128,u2355,France,Android TV,Movie C,1,89,0.64,0.38,10615,4175,CDN_ERROR
2026-01-07 08:09:00,s9129,u957,Senegal,Web,Series B,1,83,0.71,0.35,2334,4270,STARTUP_TIMEOUT
2026-01-07 08:10:00,s9130,u2271,Tunisia,Android TV,Sport Live,1,89,1.07,0.43,9633,4347,LOW_BITRATE
2026-01-07 08:11:00,s9131,u86,Cameroon,Web,Sport Live,1,90,0.75,0.12,4019,5335,AUTH_ERROR
2026-01-07 08:12:00,s9132,u1490,Morocco,Android TV,Sport Live,1,27,1.31,0.55,4853,1892,
2026-01-07 08:13:00,s9133,u178,France,iOS,Series B,1,57,0.39,0.46,3219,418,
2026-01-07 08:14:00,s9134,u1020,France,Android TV,Documentary D,1,7,0.11,0.02,3682,1902,
2026-01-07 08:15:00,s9135,u1408,Ivory Coast,Smart TV,Sport Live,1,80,0.85,0.21,7846,3642,STARTUP_TIMEOUT
2026-01-07 08:16:00,s9136,u2207,Tunisia,STB,Series B,1,13,0.83,0.18,6428,5887,STARTUP_TIMEOUT
2026-01-07 08:17:00,s9137,u2242,Senegal,iOS,Documentary D,1,42,1.02,0.3,5834,5664,
2026-01-07 08:18:00,s9138,u2193,Cameroon,iOS,Kids Show,1,84,0.9,0.08,1264,3704,
2026-01-07 08:19:00,s9139,u2251,Senegal,Mobile,Kids Show,1,6,0.82,0.38,11903,4689,
2026-01-07 08:20:00,s9140,u1359,France,iOS,Series A,1,9,0.72,0.5,10803,3282,
2026-01-07 08:21:00,s9141,u2070,Senegal,STB,Sport Live,1,49,1.22,0.04,3566,2603,
2026-01-07 08:22:00,s9142,u1482,Cameroon,Mobile,Series B,1,3,1.15,0.24,4888,4003,AUTH_ERROR
2026-01-07 08:23:00,s9143,u1463,Ivory Coast,Smart TV,Movie C,1,81,0.84,0.37,2277,2409,CDN_ERROR
2026-01-07 08:24:00,s9144,u1406,Senegal,Mobile,Series A,1,45,0.11,0.37,1503,3712,
2026-01-07 08:25:00,s9145,u1337,Cameroon,Smart TV,Sport Live,1,48,1.45,0.05,2853,1272,
2026-01-07 08:26:00,s9146,u918,Cameroon,iOS,Sport Live,1,17,1.26,0.09,3978,4196,BUFFERING_ERROR
2026-01-07 08:27:00,s9147,u1506,Ivory Coast,Smart TV,Documentary D,1,38,1.46,0.31,4141,5027,CDN_ERROR
2026-01-07 08:28:00,s9148,u1582,France,iOS,Kids Show,1,43,1.31,0.02,7923,524,AUTH_ERROR
2026-01-07 08:29:00,s9149,u719,France,iOS,Documentary D,1,37,0.6,0.3,10072,5455,BUFFERING_ERROR
2026-01-07 08:30:00,s9150,u1751,Tunisia,Mobile,Kids Show,1,50,0.37,0.27,7948,4914,
2026-01-07 08:31:00,s9151,u496,Tunisia,iOS,Series A,1,89,1.24,0.17,1815,2024,
2026-01-07 08:32:00,s9152,u1152,Morocco,iOS,Documentary D,1,16,0.46,0.37,6020,1595,AUTH_ERROR
2026-01-07 08:33:00,s9153,u1588,Cameroon,Mobile,Kids Show,1,47,0.53,0.39,11564,5937,
2026-01-07 08:34:00,s9154,u1643,Ivory Coast,Smart TV,Kids Show,1,58,1.42,0.5,6927,5312,BUFFERING_ERROR
2026-01-07 08:35:00,s9155,u500,France,Smart TV,Kids Show,1,64,0.93,0.3,3697,3755,
2026-01-07 08:36:00,s9156,u681,Tunisia,Mobile,Series B,1,90,0.88,0.36,3792,5176,
2026-01-07 08:37:00,s9157,u620,France,Web,Documentary D,1,21,0.04,0.08,685,3945,CDN_ERROR
2026-01-07 08:38:00,s9158,u2034,Cameroon,Android TV,Movie C,1,32,1.02,0.4,4827,3026,
2026-01-07 08:39:00,s9159,u2049,Ivory Coast,iOS,Documentary D,1,76,0.68,0.41,8096,2933,CDN_ERROR
2026-01-07 08:40:00,s9160,u1334,Morocco,Web,Movie C,1,45,0.98,0.12,7341,3508,BUFFERING_ERROR
2026-01-07 08:41:00,s9161,u111,Ivory Coast,Web,Kids Show,1,12,0.33,0.44,10401,4227,BUFFERING_ERROR
2026-01-07 08:42:00,s9162,u1550,Morocco,Web,Series B,1,36,0.28,0.4,3199,1618,AUTH_ERROR
2026-01-07 08:43:00,s9163,u618,Tunisia,STB,Documentary D,1,1,0.28,0.07,9074,1552,
2026-01-07 08:44:00,s9164,u464,France,Mobile,Sport Live,1,87,1.44,0.52,6534,4539,CDN_ERROR
2026-01-07 08:45:00,s9165,u1102,Ivory Coast,Smart TV,Series B,1,49,1.06,0.28,8698,1707,
2026-01-07 08:46:00,s9166,u2385,Morocco,Android TV,Series A,1,38,1.15,0.03,11761,1699,STARTUP_TIMEOUT
2026-01-07 08:47:00,s9167,u359,France,Mobile,Documentary D,1,25,1.43,0.37,7709,2935,CDN_ERROR
2026-01-07 08:48:00,s9168,u1557,Senegal,Android TV,Sport Live,1,71,1.14,0.52,5254,1254,LOW_BITRATE
2026-01-07 08:49:00,s9169,u964,Ivory Coast,STB,Sport Live,1,64,0.58,0.04,6332,786,
2026-01-07 08:50:00,s9170,u939,Morocco,Smart TV,Documentary D,1,16,1.31,0.47,3195,773,LOW_BITRATE
2026-01-07 08:51:00,s9171,u742,Tunisia,iOS,Movie C,1,11,0.81,0.06,11082,4474,
2026-01-07 08:52:00,s9172,u822,Senegal,Smart TV,Documentary D,1,55,1.22,0.28,4748,3378,CDN_ERROR
2026-01-07 08:53:00,s9173,u275,Tunisia,iOS,Documentary D,1,29,0.65,0.27,6747,3770,CDN_ERROR
2026-01-07 08:54:00,s9174,u2140,Ivory Coast,Mobile,Series B,1,19,0.49,0.15,2940,4327,LOW_BITRATE
2026-01-07 08:55:00,s9175,u603,Cameroon,STB,Movie C,1,34,1.1,0.5,4072,1800,
2026-01-07 08:56:00,s9176,u622,France,Mobile,Series B,1,26,0.79,0.44,7892,634,AUTH_ERROR
2026-01-07 08:57:00,s9177,u1834,Tunisia,iOS,Documentary D,1,84,0.15,0.55,3278,3304,STARTUP_TIMEOUT
2026-01-07 08:58:00,s9178,u1434,Senegal,Web,Series B,1,70,0.21,0.21,5472,2395,
2026-01-07 08:59:00,s9179,u990,France,Mobile,Series A,1,4,0.62,0.35,6610,2239,
2026-01-07 09:00:00,s9180,u675,Senegal,Web,Movie C,1,17,1.27,0.25,1425,2258,LOW_BITRATE
2026-01-07 09:01:00,s9181,u436,Cameroon,Android TV,Series A,1,71,0.07,0.21,9013,2800,
2026-01-07 09:02:00,s9182,u576,Ivory Coast,Mobile,Kids Show,1,18,0.22,0.34,6667,3265,
2026-01-07 09:03:00,s9183,u548,Senegal,Smart TV,Series A,1,47,0.42,0.13,11820,5992,
2026-01-07 09:04:00,s9184,u364,Tunisia,Smart TV,Kids Show,1,61,0.96,0.46,11947,4600,BUFFERING_ERROR
2026-01-07 09:05:00,s9185,u1910,Morocco,iOS,Series B,1,80,1.26,0.37,2372,2338,
2026-01-07 09:06:00,s9186,u1152,Ivory Coast,Android TV,Kids Show,1,8,1.02,0.18,11064,913,AUTH_ERROR
2026-01-07 09:07:00,s9187,u1877,Senegal,Smart TV,Series B,1,81,0.11,0.06,5046,5919,
2026-01-07 09:08:00,s9188,u1883,Cameroon,Web,Series B,1,81,0.57,0.32,11207,3396,
2026-01-07 09:09:00,s9189,u245,France,Mobile,Series B,1,44,1.04,0.06,6143,1002,
2026-01-07 09:10:00,s9190,u1806,Tunisia,iOS,Movie C,1,28,1.11,0.03,989,2767,LOW_BITRATE
2026-01-07 09:11:00,s9191,u2034,Tunisia,Smart TV,Series A,1,30,0.31,0.24,9609,4909,CDN_ERROR
2026-01-07 09:12:00,s9192,u787,Morocco,Mobile,Documentary D,1,31,1.24,0.15,2019,1009,LOW_BITRATE
2026-01-07 09:13:00,s9193,u861,France,Android TV,Sport Live,1,15,0.22,0.16,10623,1610,LOW_BITRATE
2026-01-07 09:14:00,s9194,u1253,Senegal,Web,Documentary D,1,70,1.26,0.13,10119,4845,AUTH_ERROR
2026-01-07 09:15:00,s9195,u1122,Tunisia,Smart TV,Sport Live,1,20,0.46,0.1,3202,4044,BUFFERING_ERROR
2026-01-07 09:16:00,s9196,u1797,Tunisia,Mobile,Series B,1,6,1.14,0.28,2161,5204,LOW_BITRATE
2026-01-07 09:17:00,s9197,u917,France,Web,Movie C,1,83,0.8,0.47,11760,4745,STARTUP_TIMEOUT
2026-01-07 09:18:00,s9198,u1479,Morocco,Android TV,Movie C,1,69,1.32,0.05,11302,936,
2026-01-07 09:19:00,s9199,u428,Senegal,Mobile,Series A,1,76,0.49,0.18,5476,1877,LOW_BITRATE
2026-01-07 09:20:00,s9200,u1558,France,iOS,Documentary D,1,69,0.92,0.18,11987,4078,
2026-01-07 09:21:00,s9201,u415,Cameroon,STB,Kids Show,1,38,0.17,0.49,11919,4585,
2026-01-07 09:22:00,s9202,u1892,Ivory Coast,STB,Documentary D,1,20,0.23,0.46,1386,4922,BUFFERING_ERROR
2026-01-07 09:23:00,s9203,u1739,Cameroon,iOS,Series B,1,81,0.08,0.51,5979,3226,
2026-01-07 09:24:00,s9204,u2392,Ivory Coast,Mobile,Kids Show,1,73,1.05,0.35,3395,5146,LOW_BITRATE
2026-01-07 09:25:00,s9205,u937,Cameroon,STB,Sport Live,1,20,1.21,0.11,1108,5669,
2026-01-07 09:26:00,s9206,u793,Morocco,Mobile,Sport Live,1,65,0.91,0.11,2464,1037,
2026-01-07 09:27:00,s9207,u230,Tunisia,Android TV,Sport Live,1,70,1.47,0.43,1461,3061,LOW_BITRATE
2026-01-07 09:28:00,s9208,u2252,Cameroon,iOS,Sport Live,1,28,0.86,0.5,1691,4784,BUFFERING_ERROR
2026-01-07 09:29:00,s9209,u1993,Cameroon,Android TV,Documentary D,1,63,1.08,0.08,8884,3971,STARTUP_TIMEOUT
2026-01-07 09:30:00,s9210,u404,Ivory Coast,STB,Sport Live,1,49,0.81,0.31,1786,5963,
2026-01-07 09:31:00,s9211,u1681,Cameroon,Web,Movie C,1,37,1.32,0.15,8720,701,
2026-01-07 09:32:00,s9212,u157,Cameroon,Smart TV,Kids Show,1,70,0.68,0.52,6384,878,CDN_ERROR
2026-01-07 09:33:00,s9213,u218,Cameroon,Web,Kids Show,1,42,0.18,0.42,1885,4348,CDN_ERROR
2026-01-07 09:34:00,s9214,u1140,Senegal,Mobile,Documentary D,1,22,1.01,0.36,3718,5097,STARTUP_TIMEOUT
2026-01-07 09:35:00,s9215,u1168,Senegal,Web,Movie C,1,47,0.89,0.18,4918,5063,
2026-01-07 09:36:00,s9216,u2490,Morocco,Smart TV,Movie C,1,32,0.55,0.52,10967,2781,AUTH_ERROR
2026-01-07 09:37:00,s9217,u1807,Cameroon,Mobile,Movie C,1,42,0.72,0.22,1950,5712,
2026-01-07 09:38:00,s9218,u1694,Tunisia,Smart TV,Sport Live,1,10,0.86,0.46,9327,4147,LOW_BITRATE
2026-01-07 09:39:00,s9219,u2286,Tunisia,Web,Documentary D,1,18,1.1,0.53,6199,963,
2026-01-07 09:40:00,s9220,u692,Cameroon,Android TV,Kids Show,1,48,0.94,0.19,9415,5952,
2026-01-07 09:41:00,s9221,u570,Tunisia,STB,Sport Live,1,78,1.14,0.15,10634,2972,STARTUP_TIMEOUT
2026-01-07 09:42:00,s9222,u463,Cameroon,Smart TV,Series A,1,6,0.95,0.13,10764,3047,
2026-01-07 09:43:00,s9223,u235,France,STB,Sport Live,1,43,1.11,0.24,6198,1729,
2026-01-07 09:44:00,s9224,u1067,Tunisia,Web,Series B,1,77,0.87,0.21,10014,4261,
2026-01-07 09:45:00,s9225,u1485,Cameroon,STB,Series B,1,3,1.24,0.06,10765,3061,AUTH_ERROR
2026-01-07 09:46:00,s9226,u1277,Tunisia,Mobile,Kids Show,1,63,1.08,0.32,2670,742,AUTH_ERROR
2026-01-07 09:47:00,s9227,u332,Senegal,STB,Sport Live,1,49,0.26,0.24,7827,4072,
2026-01-07 09:48:00,s9228,u652,Ivory Coast,Web,Documentary D,1,34,1.1,0.49,4712,5878,LOW_BITRATE
2026-01-07 09:49:00,s9229,u2452,Cameroon,iOS,Documentary D,1,86,0.75,0.04,2030,3592,
2026-01-07 09:50:00,s9230,u2215,Tunisia,Mobile,Movie C,1,29,0.83,0.46,5260,2572,
2026-01-07 09:51:00,s9231,u169,Senegal,Smart TV,Documentary D,1,16,0.22,0.26,4054,4027,CDN_ERROR
2026-01-07 09:52:00,s9232,u1511,France,Web,Series B,1,36,0.8,0.06,7521,2640,CDN_ERROR
2026-01-07 09:53:00,s9233,u1350,Cameroon,Mobile,Kids Show,1,50,0.63,0.05,2546,1597,
2026-01-07 09:54:00,s9234,u912,Morocco,Android TV,Series A,1,49,0.34,0.41,5014,2737,BUFFERING_ERROR
2026-01-07 09:55:00,s9235,u10,Ivory Coast,Android TV,Sport Live,1,11,0.64,0.54,5564,1096,BUFFERING_ERROR
2026-01-07 09:56:00,s9236,u2496,Tunisia,iOS,Sport Live,1,74,0.36,0.38,8037,766,BUFFERING_ERROR
2026-01-07 09:57:00,s9237,u1705,Cameroon,Web,Series A,1,40,1.2,0.14,6227,3247,BUFFERING_ERROR
2026-01-07 09:58:00,s9238,u466,Ivory Coast,Smart TV,Sport Live,1,4,1.2,0.4,3492,2041,
2026-01-07 09:59:00,s9239,u544,Tunisia,Web,Series A,1,57,0.8,0.03,2197,1988,AUTH_ERROR
2026-01-07 10:00:00,s9240,u110,Ivory Coast,Smart TV,Series B,1,43,0.07,0.14,3940,5045,LOW_BITRATE
2026-01-07 10:01:00,s9241,u2434,Ivory Coast,Mobile,Documentary D,1,38,1.48,0.22,10070,3655,BUFFERING_ERROR
2026-01-07 10:02:00,s9242,u1514,Cameroon,STB,Movie C,1,54,0.31,0.22,6690,5358,STARTUP_TIMEOUT
2026-01-07 10:03:00,s9243,u1931,Ivory Coast,Mobile,Series A,1,81,0.64,0.44,6024,3812,AUTH_ERROR
2026-01-07 10:04:00,s9244,u2373,Senegal,Android TV,Documentary D,1,45,0.31,0.07,9442,5775,
2026-01-07 10:05:00,s9245,u1649,Cameroon,Android TV,Series A,1,77,0.06,0.32,9425,5020,BUFFERING_ERROR
2026-01-07 10:06:00,s9246,u543,France,Smart TV,Documentary D,1,88,0.13,0.51,1828,5547,AUTH_ERROR
2026-01-07 10:07:00,s9247,u1398,Ivory Coast,Android TV,Sport Live,1,46,0.54,0.24,9542,2308,BUFFERING_ERROR
2026-01-07 10:08:00,s9248,u195,Morocco,Android TV,Sport Live,1,69,0.58,0.45,5966,4149,
2026-01-07 10:09:00,s9249,u1294,Senegal,iOS,Movie C,1,3,0.38,0.27,3330,2012,
2026-01-07 10:10:00,s9250,u387,Tunisia,Android TV,Documentary D,1,61,1.38,0.41,7843,1313,BUFFERING_ERROR
2026-01-07 10:11:00,s9251,u2465,Ivory Coast,STB,Series B,1,86,0.04,0.55,8467,4817,LOW_BITRATE
2026-01-07 10:12:00,s9252,u2040,Tunisia,STB,Sport Live,1,66,0.98,0.15,1383,4640,BUFFERING_ERROR
2026-01-07 10:13:00,s9253,u2328,Senegal,Smart TV,Kids Show,1,17,1.13,0.06,10284,3911,BUFFERING_ERROR
2026-01-07 10:14:00,s9254,u2110,Tunisia,Web,Movie C,1,18,0.84,0.1,4360,5887,STARTUP_TIMEOUT
2026-01-07 10:15:00,s9255,u103,Morocco,Web,Kids Show,1,38,1.32,0.4,2571,3918,CDN_ERROR
2026-01-07 10:16:00,s9256,u818,Senegal,Web,Documentary D,1,82,1.44,0.23,7670,4118,LOW_BITRATE
2026-01-07 10:17:00,s9257,u613,Tunisia,STB,Series B,1,90,0.59,0.43,6374,1511,CDN_ERROR
2026-01-07 10:18:00,s9258,u1776,Senegal,STB,Sport Live,1,23,0.98,0.3,2225,5414,STARTUP_TIMEOUT
2026-01-07 10:19:00,s9259,u1469,Morocco,iOS,Movie C,1,48,0.65,0.3,4899,4974,BUFFERING_ERROR
2026-01-07 10:20:00,s9260,u2173,Ivory Coast,Mobile,Movie C,1,79,1.49,0.29,11786,4590,STARTUP_TIMEOUT
2026-01-07 10:21:00,s9261,u1350,Tunisia,Web,Series B,1,87,0.02,0.37,5169,5243,LOW_BITRATE
2026-01-07 10:22:00,s9262,u536,Ivory Coast,Android TV,Kids Show,1,6,0.38,0.25,6350,4754,AUTH_ERROR
2026-01-07 10:23:00,s9263,u2098,Morocco,Smart TV,Documentary D,1,17,1.07,0.34,10168,5348,
2026-01-07 10:24:00,s9264,u293,Ivory Coast,iOS,Sport Live,1,8,0.34,0.07,11020,3005,AUTH_ERROR
2026-01-07 10:25:00,s9265,u107,Tunisia,iOS,Sport Live,1,20,1.43,0.09,1289,5601,CDN_ERROR
2026-01-07 10:26:00,s9266,u1724,Tunisia,Android TV,Series B,1,73,0.13,0.16,10975,5934,
2026-01-07 10:27:00,s9267,u1784,France,iOS,Movie C,1,55,0.26,0.18,6722,2055,
2026-01-07 10:28:00,s9268,u2095,Cameroon,STB,Movie C,1,75,0.63,0.18,7083,804,STARTUP_TIMEOUT
2026-01-07 10:29:00,s9269,u1494,Tunisia,iOS,Movie C,1,40,0.37,0.37,532,1500,AUTH_ERROR
2026-01-07 10:30:00,s9270,u2144,Ivory Coast,STB,Series B,1,66,0.06,0.02,11347,2932,
2026-01-07 10:31:00,s9271,u1019,Senegal,Web,Documentary D,1,54,0.7,0.1,1599,4422,STARTUP_TIMEOUT
2026-01-07 10:32:00,s9272,u402,Ivory Coast,Android TV,Sport Live,1,15,0.92,0.09,11713,2404,CDN_ERROR
2026-01-07 10:33:00,s9273,u2283,Morocco,STB,Documentary D,1,35,0.28,0.25,6230,4085,LOW_BITRATE
2026-01-07 10:34:00,s9274,u2080,Tunisia,Smart TV,Series A,1,38,0.09,0.07,2782,4826,AUTH_ERROR
2026-01-07 10:35:00,s9275,u64,Tunisia,Smart TV,Sport Live,1,74,1.29,0.5,7341,5835,AUTH_ERROR
2026-01-07 10:36:00,s9276,u1771,Morocco,Web,Movie C,1,54,0.17,0.45,5724,943,LOW_BITRATE
2026-01-07 10:37:00,s9277,u1192,Ivory Coast,iOS,Documentary D,1,78,0.28,0.22,5174,5557,STARTUP_TIMEOUT
2026-01-07 10:38:00,s9278,u466,Senegal,Mobile,Series A,1,9,0.3,0.17,3689,3260,CDN_ERROR
2026-01-07 10:39:00,s9279,u952,France,STB,Sport Live,1,79,1.13,0.23,2692,1386,AUTH_ERROR
2026-01-07 10:40:00,s9280,u1560,Tunisia,STB,Series B,1,68,1.43,0.32,4445,945,LOW_BITRATE
2026-01-07 10:41:00,s9281,u2220,Ivory Coast,Android TV,Series B,1,30,1.26,0.05,8591,4330,
2026-01-07 10:42:00,s9282,u1538,Ivory Coast,STB,Sport Live,1,77,0.75,0.48,10341,2439,STARTUP_TIMEOUT
2026-01-07 10:43:00,s9283,u1610,Tunisia,Mobile,Series B,1,45,1.25,0.4,2926,5492,STARTUP_TIMEOUT
2026-01-07 10:44:00,s9284,u1099,Tunisia,Android TV,Series A,1,35,0.82,0.14,8436,779,
2026-01-07 10:45:00,s9285,u1688,Ivory Coast,Android TV,Series A,1,85,1.5,0.09,3298,3013,LOW_BITRATE
2026-01-07 10:46:00,s9286,u2043,Ivory Coast,iOS,Series B,1,69,0.23,0.1,7358,5173,
2026-01-07 10:47:00,s9287,u453,France,Mobile,Movie C,1,83,1.16,0.23,2418,1865,
2026-01-07 10:48:00,s9288,u2291,Ivory Coast,Mobile,Series A,1,82,1.34,0.43,4500,4663,
2026-01-07 10:49:00,s9289,u1671,Morocco,iOS,Series A,1,74,1.18,0.49,6408,489,
2026-01-07 10:50:00,s9290,u2328,Tunisia,Smart TV,Series B,1,47,0.86,0.46,4291,3954,LOW_BITRATE
2026-01-07 10:51:00,s9291,u171,Ivory Coast,Web,Kids Show,1,8,1.04,0.44,8194,2034,LOW_BITRATE
2026-01-07 10:52:00,s9292,u1156,Ivory Coast,Mobile,Movie C,1,14,0.48,0.1,920,5792,STARTUP_TIMEOUT
2026-01-07 10:53:00,s9293,u1165,Tunisia,Smart TV,Series B,1,44,0.06,0.39,10724,654,BUFFERING_ERROR
2026-01-07 10:54:00,s9294,u400,Ivory Coast,Smart TV,Sport Live,1,5,1.21,0.44,11283,4454,
2026-01-07 10:55:00,s9295,u620,Tunisia,Web,Kids Show,1,69,1.24,0.01,5709,5841,
2026-01-07 10:56:00,s9296,u2275,Morocco,Mobile,Documentary D,1,66,1.21,0.27,6253,5601,BUFFERING_ERROR
2026-01-07 10:57:00,s9297,u837,Tunisia,Android TV,Series A,1,89,0.71,0.26,4159,4926,LOW_BITRATE
2026-01-07 10:58:00,s9298,u2368,Senegal,Web,Movie C,1,47,0.66,0.49,4132,4705,
2026-01-07 10:59:00,s9299,u1297,Tunisia,Web,Kids Show,1,40,0.99,0.07,3532,1129,
2026-01-07 11:00:00,s9300,u666,Ivory Coast,STB,Movie C,1,69,1.26,0.53,686,2352,
2026-01-07 11:01:00,s9301,u472,Senegal,Mobile,Movie C,1,29,0.25,0.24,5660,4427,LOW_BITRATE
2026-01-07 11:02:00,s9302,u2116,France,STB,Documentary D,1,17,0.97,0.18,3528,5519,CDN_ERROR
2026-01-07 11:03:00,s9303,u1513,Ivory Coast,Smart TV,Series A,1,43,0.73,0.53,11177,2768,
2026-01-07 11:04:00,s9304,u1179,Cameroon,Android TV,Documentary D,1,32,1.02,0.29,9158,2111,LOW_BITRATE
2026-01-07 11:05:00,s9305,u302,Senegal,Web,Series B,1,14,1.46,0.06,3214,4406,LOW_BITRATE
2026-01-07 11:06:00,s9306,u2220,France,Android TV,Series A,1,67,0.77,0.24,2972,1946,
2026-01-07 11:07:00,s9307,u959,France,Mobile,Series A,1,82,0.78,0.12,9053,2022,
2026-01-07 11:08:00,s9308,u2140,France,Web,Kids Show,1,88,0.57,0.55,1166,4363,AUTH_ERROR
2026-01-07 11:09:00,s9309,u1070,Tunisia,STB,Movie C,1,85,0.71,0.53,10679,2672,BUFFERING_ERROR
2026-01-07 11:10:00,s9310,u15,Ivory Coast,Mobile,Documentary D,1,68,0.44,0.07,11105,3803,AUTH_ERROR
2026-01-07 11:11:00,s9311,u29,Morocco,Mobile,Documentary D,1,31,1.37,0.21,2204,525,
2026-01-07 11:12:00,s9312,u1132,Cameroon,Android TV,Sport Live,1,5,1.46,0.02,8988,4386,STARTUP_TIMEOUT
2026-01-07 11:13:00,s9313,u793,France,Smart TV,Sport Live,1,26,0.76,0.19,7894,5008,LOW_BITRATE
2026-01-07 11:14:00,s9314,u83,Cameroon,Smart TV,Documentary D,1,65,0.75,0.04,6037,4394,
2026-01-07 11:15:00,s9315,u1004,Tunisia,STB,Sport Live,1,81,1.2,0.42,9712,2221,
2026-01-07 11:16:00,s9316,u1907,Senegal,iOS,Documentary D,1,85,0.93,0.53,9357,4309,
2026-01-07 11:17:00,s9317,u827,Tunisia,Smart TV,Kids Show,1,44,0.43,0.18,4510,1215,CDN_ERROR
2026-01-07 11:18:00,s9318,u651,Cameroon,Android TV,Series B,1,88,0.04,0.06,2482,3378,
2026-01-07 11:19:00,s9319,u1172,Morocco,STB,Kids Show,1,29,0.99,0.52,6407,1841,STARTUP_TIMEOUT
2026-01-07 11:20:00,s9320,u2005,Senegal,Android TV,Movie C,1,13,0.18,0.2,8551,1602,STARTUP_TIMEOUT
2026-01-07 11:21:00,s9321,u1524,Senegal,Android TV,Kids Show,1,70,0.4,0.02,3058,2045,
2026-01-07 11:22:00,s9322,u246,Morocco,Android TV,Documentary D,1,38,1.43,0.07,8465,3950,BUFFERING_ERROR
2026-01-07 11:23:00,s9323,u1363,Senegal,iOS,Movie C,1,2,1.27,0.5,9458,2320,CDN_ERROR
2026-01-07 11:24:00,s9324,u1818,Morocco,Web,Series A,1,12,0.62,0.35,8901,5993,CDN_ERROR
2026-01-07 11:25:00,s9325,u996,Cameroon,Android TV,Kids Show,1,76,0.33,0.21,11143,2315,
2026-01-07 11:26:00,s9326,u1775,Morocco,Smart TV,Kids Show,1,1,0.46,0.01,830,1210,
2026-01-07 11:27:00,s9327,u1973,Senegal,Mobile,Movie C,1,79,0.27,0.01,3937,1799,LOW_BITRATE
2026-01-07 11:28:00,s9328,u1125,Cameroon,Android TV,Kids Show,1,77,1.06,0.24,8541,2936,CDN_ERROR
2026-01-07 11:29:00,s9329,u1988,Senegal,Mobile,Sport Live,1,19,0.74,0.34,5985,2849,BUFFERING_ERROR
2026-01-07 11:30:00,s9330,u1993,France,Mobile,Sport Live,1,76,0.24,0.54,11660,4509,STARTUP_TIMEOUT
2026-01-07 11:31:00,s9331,u1190,Ivory Coast,Smart TV,Series A,1,52,0.08,0.51,9436,3945,
2026-01-07 11:32:00,s9332,u1402,Ivory Coast,STB,Series A,1,83,1.24,0.52,5462,4282,LOW_BITRATE
2026-01-07 11:33:00,s9333,u1774,Senegal,Android TV,Kids Show,1,22,0.24,0.26,1098,2460,LOW_BITRATE
2026-01-07 11:34:00,s9334,u1599,Senegal,Smart TV,Movie C,1,16,1.16,0.14,7779,4866,
2026-01-07 11:35:00,s9335,u1208,Ivory Coast,iOS,Series B,1,65,0.56,0.28,5534,3555,
2026-01-07 11:36:00,s9336,u784,Cameroon,Android TV,Series B,1,46,0.15,0.02,6800,5372,AUTH_ERROR
2026-01-07 11:37:00,s9337,u302,Tunisia,iOS,Series B,1,82,0.23,0.17,1555,5904,
2026-01-07 11:38:00,s9338,u524,Cameroon,iOS,Sport Live,1,64,0.24,0.05,3466,3197,
2026-01-07 11:39:00,s9339,u1475,Tunisia,STB,Series B,1,22,0.13,0.13,3251,5277,LOW_BITRATE
2026-01-07 11:40:00,s9340,u57,France,Android TV,Movie C,1,43,0.52,0.24,9211,5606,
2026-01-07 11:41:00,s9341,u885,Senegal,Smart TV,Movie C,1,54,1.09,0.38,5104,987,STARTUP_TIMEOUT
2026-01-07 11:42:00,s9342,u1660,France,Mobile,Movie C,1,14,0.1,0.43,7616,574,
2026-01-07 11:43:00,s9343,u2184,France,STB,Series A,1,29,1.45,0.06,8015,1782,LOW_BITRATE
2026-01-07 11:44:00,s9344,u1104,Morocco,STB,Series A,1,18,1.16,0.07,8894,4268,
2026-01-07 11:45:00,s9345,u1302,Ivory Coast,Mobile,Movie C,1,45,0.92,0.3,4743,5042,LOW_BITRATE
2026-01-07 11:46:00,s9346,u1673,Morocco,STB,Movie C,1,50,0.16,0.27,1385,690,
2026-01-07 11:47:00,s9347,u1909,France,Mobile,Kids Show,1,7,1.32,0.04,10015,3627,LOW_BITRATE
2026-01-07 11:48:00,s9348,u2287,Cameroon,Mobile,Kids Show,1,76,1.01,0.1,3114,844,STARTUP_TIMEOUT
2026-01-07 11:49:00,s9349,u1139,Senegal,Smart TV,Series B,1,33,0.56,0.43,7344,3724,
2026-01-07 11:50:00,s9350,u1639,France,STB,Series B,1,26,1.49,0.3,4955,792,BUFFERING_ERROR
2026-01-07 11:51:00,s9351,u2038,Tunisia,iOS,Series B,1,69,1.49,0.16,6896,923,CDN_ERROR
2026-01-07 11:52:00,s9352,u722,Tunisia,Android TV,Kids Show,1,66,0.29,0.53,3848,5237,BUFFERING_ERROR
2026-01-07 11:53:00,s9353,u580,Senegal,Smart TV,Documentary D,1,74,1.36,0.54,4217,5240,
2026-01-07 11:54:00,s9354,u1900,Cameroon,Android TV,Movie C,1,2,0.54,0.22,7996,517,AUTH_ERROR
2026-01-07 11:55:00,s9355,u723,Tunisia,Smart TV,Movie C,1,11,0.05,0.16,8773,1163,CDN_ERROR
2026-01-07 11:56:00,s9356,u316,Ivory Coast,Web,Series A,1,1,0.67,0.12,9410,2856,AUTH_ERROR
2026-01-07 11:57:00,s9357,u1135,Ivory Coast,Web,Movie C,1,24,0.1,0.24,7863,1092,STARTUP_TIMEOUT
2026-01-07 11:58:00,s9358,u1516,Tunisia,Android TV,Movie C,1,9,0.24,0.26,10895,1898,LOW_BITRATE
2026-01-07 11:59:00,s9359,u801,France,Smart TV,Kids Show,1,11,0.93,0.09,9914,1364,AUTH_ERROR
2026-01-07 12:00:00,s9360,u1239,France,STB,Series A,1,60,1.43,0.54,9805,2084,
2026-01-07 12:01:00,s9361,u1467,France,Web,Kids Show,1,30,0.63,0.38,7583,2910,
2026-01-07 12:02:00,s9362,u778,Senegal,iOS,Sport Live,1,11,0.4,0.19,11466,2951,BUFFERING_ERROR
2026-01-07 12:03:00,s9363,u1698,Cameroon,STB,Kids Show,1,87,0.87,0.05,10405,5651,
2026-01-07 12:04:00,s9364,u1274,France,Mobile,Sport Live,1,21,0.9,0.32,9532,5245,CDN_ERROR
2026-01-07 12:05:00,s9365,u1752,Ivory Coast,STB,Kids Show,1,32,0.83,0.42,7177,3761,LOW_BITRATE
2026-01-07 12:06:00,s9366,u1974,Ivory Coast,Mobile,Kids Show,1,59,1.3,0.18,2657,1744,STARTUP_TIMEOUT
2026-01-07 12:07:00,s9367,u185,Morocco,Smart TV,Movie C,1,28,1.01,0.33,5329,2477,
2026-01-07 12:08:00,s9368,u782,Cameroon,Smart TV,Series A,1,54,0.35,0.09,10025,653,
2026-01-07 12:09:00,s9369,u1949,Morocco,Web,Sport Live,1,33,1.09,0.33,11057,686,AUTH_ERROR
2026-01-07 12:10:00,s9370,u954,Cameroon,Mobile,Movie C,1,90,1.22,0.32,3117,1505,CDN_ERROR
2026-01-07 12:11:00,s9371,u2222,Cameroon,Android TV,Series A,1,78,1.23,0.08,6918,5244,BUFFERING_ERROR
2026-01-07 12:12:00,s9372,u1355,France,Smart TV,Series B,1,69,1.29,0.16,2037,3052,LOW_BITRATE
2026-01-07 12:13:00,s9373,u1686,Tunisia,Web,Series A,1,20,1.24,0.1,5762,4036,STARTUP_TIMEOUT
2026-01-07 12:14:00,s9374,u2334,Morocco,STB,Series A,1,16,1.44,0.37,5923,2242,BUFFERING_ERROR
2026-01-07 12:15:00,s9375,u1121,France,Mobile,Series A,1,46,0.02,0.24,10993,2262,STARTUP_TIMEOUT
2026-01-07 12:16:00,s9376,u1309,France,Smart TV,Kids Show,1,29,1.35,0.2,2297,1316,
2026-01-07 12:17:00,s9377,u1045,Morocco,Mobile,Movie C,1,10,0.27,0.46,10930,1266,
2026-01-07 12:18:00,s9378,u1405,Senegal,Mobile,Movie C,1,59,1.46,0.41,7274,1965,
2026-01-07 12:19:00,s9379,u2332,France,Mobile,Sport Live,1,74,0.2,0.06,5306,4387,
2026-01-07 12:20:00,s9380,u141,Morocco,Smart TV,Sport Live,1,72,0.92,0.03,6749,876,CDN_ERROR
2026-01-07 12:21:00,s9381,u1041,Morocco,Mobile,Sport Live,1,71,0.86,0.04,11635,4823,AUTH_ERROR
2026-01-07 12:22:00,s9382,u1496,Senegal,iOS,Documentary D,1,90,1.36,0.54,3304,2773,STARTUP_TIMEOUT
2026-01-07 12:23:00,s9383,u2144,Senegal,STB,Sport Live,1,44,0.2,0.15,11387,4821,AUTH_ERROR
2026-01-07 12:24:00,s9384,u1040,Tunisia,STB,Series B,1,56,1.14,0.37,5439,3822,CDN_ERROR
2026-01-07 12:25:00,s9385,u1601,Ivory Coast,iOS,Movie C,1,90,0.54,0.02,7141,4745,
2026-01-07 12:26:00,s9386,u1348,France,iOS,Kids Show,1,76,1.14,0.41,6357,2287,LOW_BITRATE
2026-01-07 12:27:00,s9387,u1991,France,Mobile,Series A,1,85,0.2,0.08,8278,4273,
2026-01-07 12:28:00,s9388,u1270,Cameroon,Web,Kids Show,1,42,0.28,0.4,11474,4013,
2026-01-07 12:29:00,s9389,u293,Morocco,iOS,Movie C,1,83,0.69,0.49,4575,5398,BUFFERING_ERROR
2026-01-07 12:30:00,s9390,u523,Morocco,Mobile,Series A,1,17,0.83,0.54,1739,2798,
2026-01-07 12:31:00,s9391,u1476,Cameroon,Mobile,Documentary D,1,6,0.68,0.22,5072,1091,STARTUP_TIMEOUT
2026-01-07 12:32:00,s9392,u1026,Ivory Coast,Smart TV,Series A,1,68,0.81,0.14,10719,3544,BUFFERING_ERROR
2026-01-07 12:33:00,s9393,u483,Senegal,Web,Series B,1,43,1.24,0.44,7953,1468,STARTUP_TIMEOUT
2026-01-07 12:34:00,s9394,u54,France,Smart TV,Documentary D,1,42,1.11,0.51,10550,3340,BUFFERING_ERROR
2026-01-07 12:35:00,s9395,u1215,Ivory Coast,Mobile,Series A,1,31,0.55,0.35,11483,3325,LOW_BITRATE
2026-01-07 12:36:00,s9396,u1727,Ivory Coast,Mobile,Series B,1,61,0.81,0.25,11407,3316,AUTH_ERROR
2026-01-07 12:37:00,s9397,u70,Ivory Coast,iOS,Kids Show,1,64,0.16,0.3,3847,2126,AUTH_ERROR
2026-01-07 12:38:00,s9398,u915,Morocco,Android TV,Kids Show,1,90,0.45,0.41,8045,1589,STARTUP_TIMEOUT
2026-01-07 12:39:00,s9399,u1379,Senegal,Smart TV,Movie C,1,40,0.39,0.2,4456,1583,
2026-01-07 12:40:00,s9400,u1480,Cameroon,Web,Series A,1,89,1.21,0.19,10441,4066,BUFFERING_ERROR
2026-01-07 12:41:00,s9401,u851,France,iOS,Series A,1,75,0.95,0.2,2832,1011,
2026-01-07 12:42:00,s9402,u695,France,Android TV,Kids Show,1,74,0.13,0.39,8029,5222,STARTUP_TIMEOUT
2026-01-07 12:43:00,s9403,u2145,France,iOS,Series A,1,24,0.12,0.34,11624,4141,BUFFERING_ERROR
2026-01-07 12:44:00,s9404,u1494,Senegal,Smart TV,Kids Show,1,67,0.25,0.43,624,3581,CDN_ERROR
2026-01-07 12:45:00,s9405,u1053,France,Android TV,Sport Live,1,19,0.52,0.48,9669,4371,CDN_ERROR
2026-01-07 12:46:00,s9406,u2253,Cameroon,Android TV,Documentary D,1,48,0.48,0.05,10140,1273,
2026-01-07 12:47:00,s9407,u329,France,Android TV,Documentary D,1,76,1.04,0.36,4551,4889,CDN_ERROR
2026-01-07 12:48:00,s9408,u597,France,Mobile,Series B,1,72,1.41,0.34,5455,4876,BUFFERING_ERROR
2026-01-07 12:49:00,s9409,u199,Ivory Coast,STB,Movie C,1,69,0.95,0.39,8178,802,AUTH_ERROR
2026-01-07 12:50:00,s9410,u439,Tunisia,Web,Documentary D,1,9,0.46,0.25,11620,4350,AUTH_ERROR
2026-01-07 12:51:00,s9411,u1614,Tunisia,STB,Sport Live,1,42,0.78,0.06,11226,5177,AUTH_ERROR
2026-01-07 12:52:00,s9412,u676,Morocco,Smart TV,Series B,1,45,0.19,0.52,11186,5406,STARTUP_TIMEOUT
2026-01-07 12:53:00,s9413,u2397,Tunisia,Web,Movie C,1,86,0.18,0.22,3227,5832,BUFFERING_ERROR
2026-01-07 12:54:00,s9414,u890,Tunisia,Smart TV,Series A,1,31,0.07,0.33,5949,5609,
2026-01-07 12:55:00,s9415,u1701,Cameroon,Mobile,Movie C,1,14,0.68,0.17,1047,4740,BUFFERING_ERROR
2026-01-07 12:56:00,s9416,u116,France,iOS,Series A,1,90,1.26,0.29,9354,4254,BUFFERING_ERROR
2026-01-07 12:57:00,s9417,u1121,Senegal,STB,Series B,1,8,0.75,0.42,9481,1856,STARTUP_TIMEOUT
2026-01-07 12:58:00,s9418,u2169,Cameroon,Web,Kids Show,1,51,1.32,0.52,3120,1530,
2026-01-07 12:59:00,s9419,u2301,Ivory Coast,STB,Sport Live,1,3,0.56,0.06,10427,3731,LOW_BITRATE
2026-01-07 13:00:00,s9420,u444,Tunisia,STB,Series A,1,3,0.06,0.15,2473,4356,STARTUP_TIMEOUT
2026-01-07 13:01:00,s9421,u1205,France,Smart TV,Documentary D,1,15,1.48,0.25,4912,5615,STARTUP_TIMEOUT
2026-01-07 13:02:00,s9422,u2161,Tunisia,Web,Movie C,1,12,0.94,0.07,7268,828,AUTH_ERROR
2026-01-07 13:03:00,s9423,u2167,Tunisia,Web,Series B,1,3,1.45,0.12,532,5159,
2026-01-07 13:04:00,s9424,u705,Senegal,Android TV,Kids Show,1,89,0.08,0.28,10604,1651,CDN_ERROR
2026-01-07 13:05:00,s9425,u117,Cameroon,Android TV,Sport Live,1,62,1.44,0.4,1790,3838,
2026-01-07 13:06:00,s9426,u2213,Ivory Coast,Smart TV,Sport Live,1,59,0.63,0.43,5669,1765,LOW_BITRATE
2026-01-07 13:07:00,s9427,u993,Morocco,iOS,Kids Show,1,39,0.13,0.12,8724,5759,
2026-01-07 13:08:00,s9428,u2172,Senegal,Smart TV,Series A,1,75,0.5,0.41,5347,3841,STARTUP_TIMEOUT
2026-01-07 13:09:00,s9429,u1326,Ivory Coast,Smart TV,Series B,1,21,1.43,0.28,2476,4480,LOW_BITRATE
2026-01-07 13:10:00,s9430,u1169,Tunisia,iOS,Series A,1,84,0.99,0.22,8801,2770,BUFFERING_ERROR
2026-01-07 13:11:00,s9431,u1767,Ivory Coast,Web,Movie C,1,13,0.24,0.42,10573,4619,LOW_BITRATE
2026-01-07 13:12:00,s9432,u1185,Ivory Coast,Web,Movie C,1,27,1.33,0.06,2650,3448,STARTUP_TIMEOUT
2026-01-07 13:13:00,s9433,u67,France,Android TV,Documentary D,1,72,0.09,0.38,11918,4879,
2026-01-07 13:14:00,s9434,u1764,Senegal,Mobile,Documentary D,1,63,0.26,0.24,887,2462,CDN_ERROR
2026-01-07 13:15:00,s9435,u542,Senegal,Web,Series B,1,52,0.68,0.35,2081,2816,CDN_ERROR
2026-01-07 13:16:00,s9436,u2371,Ivory Coast,Smart TV,Kids Show,1,66,0.73,0.24,5467,730,STARTUP_TIMEOUT
2026-01-07 13:17:00,s9437,u952,Tunisia,STB,Documentary D,1,80,0.34,0.16,3578,5482,STARTUP_TIMEOUT
2026-01-07 13:18:00,s9438,u12,Ivory Coast,iOS,Kids Show,1,89,0.25,0.06,2535,1265,
2026-01-07 13:19:00,s9439,u1558,Cameroon,Mobile,Documentary D,1,42,0.18,0.03,8539,5798,LOW_BITRATE
2026-01-07 13:20:00,s9440,u570,France,Android TV,Series B,1,52,0.73,0.48,7947,3681,
2026-01-07 13:21:00,s9441,u1178,France,iOS,Movie C,1,34,1.14,0.1,11435,532,BUFFERING_ERROR
2026-01-07 13:22:00,s9442,u1789,Cameroon,Smart TV,Sport Live,1,68,0.17,0.5,1409,3165,CDN_ERROR
2026-01-07 13:23:00,s9443,u1495,Senegal,iOS,Kids Show,1,53,1.4,0.46,8935,1367,LOW_BITRATE
2026-01-07 13:24:00,s9444,u1212,Tunisia,Smart TV,Documentary D,1,44,0.07,0.22,1025,4945,LOW_BITRATE
2026-01-07 13:25:00,s9445,u2044,Tunisia,Smart TV,Movie C,1,73,0.23,0.19,4790,3328,
2026-01-07 13:26:00,s9446,u12,Tunisia,Smart TV,Series A,1,61,0.32,0.41,10029,3512,AUTH_ERROR
2026-01-07 13:27:00,s9447,u959,Senegal,STB,Series A,1,32,0.65,0.29,11919,596,
2026-01-07 13:28:00,s9448,u1646,France,Android TV,Documentary D,1,5,0.52,0.14,7624,866,STARTUP_TIMEOUT
2026-01-07 13:29:00,s9449,u1620,Ivory Coast,iOS,Movie C,1,90,0.93,0.01,9659,4764,BUFFERING_ERROR
2026-01-07 13:30:00,s9450,u739,Cameroon,iOS,Movie C,1,65,1.5,0.38,3752,2675,AUTH_ERROR
2026-01-07 13:31:00,s9451,u1541,Senegal,Mobile,Series A,1,89,0.35,0.37,5223,3911,LOW_BITRATE
2026-01-07 13:32:00,s9452,u395,Morocco,Smart TV,Series A,1,10,0.43,0.2,8572,5939,LOW_BITRATE
2026-01-07 13:33:00,s9453,u1805,Tunisia,Mobile,Series B,1,51,0.11,0.54,3215,1342,
2026-01-07 13:34:00,s9454,u2463,Senegal,Smart TV,Series A,1,67,0.16,0.37,7671,4172,
2026-01-07 13:35:00,s9455,u2218,Morocco,STB,Documentary D,1,85,0.8,0.11,2536,3749,
2026-01-07 13:36:00,s9456,u282,Tunisia,Smart TV,Documentary D,1,78,0.6,0.1,11759,5052,AUTH_ERROR
2026-01-07 13:37:00,s9457,u856,Cameroon,Android TV,Movie C,1,2,1.39,0.36,5109,747,LOW_BITRATE
2026-01-07 13:38:00,s9458,u883,Tunisia,Web,Series B,1,35,0.47,0.43,1677,3380,AUTH_ERROR
2026-01-07 13:39:00,s9459,u1306,Cameroon,iOS,Documentary D,1,46,0.04,0.04,9146,5744,LOW_BITRATE
2026-01-07 13:40:00,s9460,u231,France,STB,Series A,1,50,0.71,0.15,8204,5831,CDN_ERROR
2026-01-07 13:41:00,s9461,u528,Morocco,Smart TV,Kids Show,1,9,1.45,0.39,4096,2279,
2026-01-07 13:42:00,s9462,u1508,Tunisia,iOS,Movie C,1,54,1.04,0.55,10052,2442,
2026-01-07 13:43:00,s9463,u1102,Morocco,Web,Movie C,1,82,0.55,0.51,2775,2764,
2026-01-07 13:44:00,s9464,u890,Morocco,Android TV,Sport Live,1,3,0.53,0.53,2689,1483,
2026-01-07 13:45:00,s9465,u249,Morocco,iOS,Series B,1,88,1.08,0.02,9086,1155,CDN_ERROR
2026-01-07 13:46:00,s9466,u2371,Senegal,STB,Series A,1,25,0.47,0.18,6158,5346,BUFFERING_ERROR
2026-01-07 13:47:00,s9467,u226,Morocco,iOS,Kids Show,1,34,0.36,0.22,7074,3504,
2026-01-07 13:48:00,s9468,u267,Senegal,Web,Series A,1,62,0.49,0.07,5139,5635,CDN_ERROR
2026-01-07 13:49:00,s9469,u463,Ivory Coast,Web,Series B,1,10,0.56,0.15,5213,987,STARTUP_TIMEOUT
2026-01-07 13:50:00,s9470,u888,Morocco,Smart TV,Kids Show,1,17,0.7,0.45,10638,1320,LOW_BITRATE
2026-01-07 13:51:00,s9471,u1690,Senegal,Web,Series A,1,78,0.15,0.17,5151,1802,LOW_BITRATE
2026-01-07 13:52:00,s9472,u2407,Cameroon,Android TV,Sport Live,1,3,1.0,0.27,1823,2088,
2026-01-07 13:53:00,s9473,u1013,Senegal,Mobile,Documentary D,1,31,1.32,0.02,2865,2089,STARTUP_TIMEOUT
2026-01-07 13:54:00,s9474,u1495,Senegal,Web,Sport Live,1,61,0.12,0.08,4844,2730,STARTUP_TIMEOUT
2026-01-07 13:55:00,s9475,u257,Cameroon,STB,Movie C,1,30,0.64,0.53,731,698,AUTH_ERROR
2026-01-07 13:56:00,s9476,u2031,France,Smart TV,Series A,1,82,0.66,0.4,4626,5334,LOW_BITRATE
2026-01-07 13:57:00,s9477,u803,Senegal,Smart TV,Documentary D,1,19,1.11,0.37,8606,5174,CDN_ERROR
2026-01-07 13:58:00,s9478,u222,Senegal,Smart TV,Series A,1,80,0.82,0.46,11302,1737,AUTH_ERROR
2026-01-07 13:59:00,s9479,u1894,Ivory Coast,Mobile,Sport Live,1,18,1.5,0.04,6931,1647,BUFFERING_ERROR
2026-01-07 14:00:00,s9480,u1444,Ivory Coast,Web,Series B,1,68,0.63,0.34,819,829,STARTUP_TIMEOUT
2026-01-07 14:01:00,s9481,u1175,Senegal,Mobile,Kids Show,1,71,1.39,0.47,2668,4424,
2026-01-07 14:02:00,s9482,u2139,Senegal,Web,Series B,1,16,0.27,0.5,2993,2274,CDN_ERROR
2026-01-07 14:03:00,s9483,u376,Cameroon,Smart TV,Movie C,1,11,1.06,0.24,6603,4766,BUFFERING_ERROR
2026-01-07 14:04:00,s9484,u1817,Morocco,Smart TV,Kids Show,1,71,0.69,0.04,6827,4554,
2026-01-07 14:05:00,s9485,u707,Ivory Coast,Android TV,Series A,1,17,0.81,0.53,11791,2723,BUFFERING_ERROR
2026-01-07 14:06:00,s9486,u1381,Senegal,Android TV,Sport Live,1,9,0.51,0.51,10040,5719,BUFFERING_ERROR
2026-01-07 14:07:00,s9487,u2165,France,Mobile,Series B,1,30,0.78,0.33,10995,924,LOW_BITRATE
2026-01-07 14:08:00,s9488,u2299,Tunisia,STB,Movie C,1,28,0.46,0.42,10652,1683,STARTUP_TIMEOUT
2026-01-07 14:09:00,s9489,u664,Ivory Coast,Smart TV,Series B,1,61,0.39,0.42,9883,753,BUFFERING_ERROR
2026-01-07 14:10:00,s9490,u58,Senegal,Smart TV,Documentary D,1,40,0.73,0.35,6072,1224,CDN_ERROR
2026-01-07 14:11:00,s9491,u1422,Ivory Coast,STB,Documentary D,1,21,0.07,0.14,6257,4468,STARTUP_TIMEOUT
2026-01-07 14:12:00,s9492,u239,Cameroon,Mobile,Documentary D,1,75,0.58,0.34,2389,5447,
2026-01-07 14:13:00,s9493,u2489,Senegal,Smart TV,Kids Show,1,40,1.26,0.07,6440,5002,AUTH_ERROR
2026-01-07 14:14:00,s9494,u928,France,Mobile,Series B,1,76,0.52,0.19,10920,2886,LOW_BITRATE
2026-01-07 14:15:00,s9495,u849,Cameroon,Android TV,Kids Show,1,74,1.27,0.25,10501,3941,CDN_ERROR
2026-01-07 14:16:00,s9496,u1529,France,iOS,Movie C,1,69,0.98,0.04,10806,1187,STARTUP_TIMEOUT
2026-01-07 14:17:00,s9497,u1000,Senegal,iOS,Series B,1,71,1.43,0.36,4700,3735,
2026-01-07 14:18:00,s9498,u429,Tunisia,STB,Series B,1,28,0.66,0.31,4307,2248,AUTH_ERROR
2026-01-07 14:19:00,s9499,u767,Tunisia,Smart TV,Sport Live,1,62,0.06,0.45,5312,2512,
2026-01-07 14:20:00,s9500,u2462,Cameroon,Android TV,Sport Live,1,39,0.13,0.27,1165,4876,
2026-01-07 14:21:00,s9501,u1807,Morocco,Mobile,Movie C,1,39,0.8,0.49,4688,4839,LOW_BITRATE
2026-01-07 14:22:00,s9502,u2374,Senegal,Mobile,Sport Live,1,48,0.87,0.03,717,5944,
2026-01-07 14:23:00,s9503,u1205,Morocco,iOS,Documentary D,1,69,0.76,0.02,10022,1096,STARTUP_TIMEOUT
2026-01-07 14:24:00,s9504,u1914,Ivory Coast,Mobile,Series B,1,26,0.46,0.2,3608,650,
2026-01-07 14:25:00,s9505,u1337,Senegal,Smart TV,Documentary D,1,6,0.61,0.35,726,2816,
2026-01-07 14:26:00,s9506,u1408,Cameroon,STB,Movie C,1,53,1.2,0.49,1530,707,
2026-01-07 14:27:00,s9507,u302,Ivory Coast,Smart TV,Series B,1,17,0.64,0.04,11545,3801,
2026-01-07 14:28:00,s9508,u249,Senegal,Mobile,Series B,1,54,0.72,0.09,5019,2848,AUTH_ERROR
2026-01-07 14:29:00,s9509,u2210,Cameroon,iOS,Movie C,1,20,1.0,0.29,4563,1196,
2026-01-07 14:30:00,s9510,u912,Senegal,Web,Series B,1,84,0.72,0.1,8694,4475,
2026-01-07 14:31:00,s9511,u1529,Ivory Coast,Smart TV,Documentary D,1,47,0.38,0.45,6754,1133,
2026-01-07 14:32:00,s9512,u740,Morocco,iOS,Series B,1,1,0.99,0.47,8216,525,BUFFERING_ERROR
2026-01-07 14:33:00,s9513,u2355,Tunisia,Web,Documentary D,1,75,0.77,0.28,1503,5812,BUFFERING_ERROR
2026-01-07 14:34:00,s9514,u498,Tunisia,Web,Movie C,1,61,0.74,0.27,6394,1625,
2026-01-07 14:35:00,s9515,u2234,Senegal,iOS,Movie C,1,72,1.37,0.38,1367,4206,LOW_BITRATE
2026-01-07 14:36:00,s9516,u2357,Morocco,Smart TV,Documentary D,1,13,0.85,0.32,4039,4259,
2026-01-07 14:37:00,s9517,u2483,Morocco,Web,Kids Show,1,15,1.07,0.09,5604,2936,STARTUP_TIMEOUT
2026-01-07 14:38:00,s9518,u1508,Tunisia,Android TV,Documentary D,1,35,1.5,0.31,10691,4706,BUFFERING_ERROR
2026-01-07 14:39:00,s9519,u16,France,Android TV,Series B,1,65,0.56,0.05,5349,4313,
2026-01-07 14:40:00,s9520,u1787,Tunisia,iOS,Movie C,1,78,0.53,0.06,6936,2668,BUFFERING_ERROR
2026-01-07 14:41:00,s9521,u641,Ivory Coast,Web,Movie C,1,5,0.84,0.01,7321,3882,CDN_ERROR
2026-01-07 14:42:00,s9522,u2046,France,iOS,Movie C,1,80,0.59,0.33,10075,1930,BUFFERING_ERROR
2026-01-07 14:43:00,s9523,u1727,Cameroon,iOS,Documentary D,1,83,0.61,0.52,6823,2629,AUTH_ERROR
2026-01-07 14:44:00,s9524,u2193,Senegal,Web,Movie C,1,5,0.94,0.13,5678,4999,LOW_BITRATE
2026-01-07 14:45:00,s9525,u1824,Senegal,STB,Sport Live,1,9,1.32,0.21,8823,5476,BUFFERING_ERROR
2026-01-07 14:46:00,s9526,u147,Cameroon,Web,Kids Show,1,27,1.3,0.21,2068,3521,
2026-01-07 14:47:00,s9527,u193,Cameroon,iOS,Documentary D,1,29,1.46,0.33,12000,5154,STARTUP_TIMEOUT
2026-01-07 14:48:00,s9528,u103,France,Web,Movie C,1,59,1.13,0.29,7710,955,
2026-01-07 14:49:00,s9529,u2229,Tunisia,STB,Kids Show,1,86,0.66,0.49,8878,817,
2026-01-07 14:50:00,s9530,u1481,Senegal,Mobile,Sport Live,1,36,1.45,0.46,6443,5145,AUTH_ERROR
2026-01-07 14:51:00,s9531,u124,Cameroon,Smart TV,Series A,1,52,1.15,0.45,10365,992,
2026-01-07 14:52:00,s9532,u1591,Morocco,Android TV,Kids Show,1,56,0.21,0.36,6648,2950,STARTUP_TIMEOUT
2026-01-07 14:53:00,s9533,u674,Ivory Coast,Web,Movie C,1,66,0.78,0.08,1073,2652,BUFFERING_ERROR
2026-01-07 14:54:00,s9534,u1247,Morocco,Android TV,Kids Show,1,18,0.92,0.55,3782,4465,STARTUP_TIMEOUT
2026-01-07 14:55:00,s9535,u21,Cameroon,Android TV,Series B,1,55,1.4,0.4,6296,1650,LOW_BITRATE
2026-01-07 14:56:00,s9536,u2258,Tunisia,iOS,Documentary D,1,4,0.07,0.33,7930,539,
2026-01-07 14:57:00,s9537,u51,Cameroon,iOS,Sport Live,1,24,0.33,0.33,7179,5955,
2026-01-07 14:58:00,s9538,u294,France,Web,Sport Live,1,66,0.23,0.48,9110,752,STARTUP_TIMEOUT
2026-01-07 14:59:00,s9539,u2367,Senegal,Smart TV,Documentary D,1,42,1.06,0.12,2610,2763,
2026-01-07 15:00:00,s9540,u901,Morocco,Mobile,Series B,1,3,0.18,0.1,4792,2032,LOW_BITRATE
2026-01-07 15:01:00,s9541,u2224,Tunisia,Android TV,Movie C,1,48,0.7,0.37,4876,3525,
2026-01-07 15:02:00,s9542,u2210,Senegal,STB,Kids Show,1,80,0.88,0.06,9702,2421,STARTUP_TIMEOUT
2026-01-07 15:03:00,s9543,u1079,Senegal,Android TV,Sport Live,1,84,1.19,0.48,11676,2162,
2026-01-07 15:04:00,s9544,u2001,Morocco,Android TV,Documentary D,1,57,1.43,0.05,8800,3658,BUFFERING_ERROR
2026-01-07 15:05:00,s9545,u234,Ivory Coast,Android TV,Series B,1,68,0.31,0.34,11347,1169,AUTH_ERROR
2026-01-07 15:06:00,s9546,u1761,France,STB,Sport Live,1,56,1.07,0.13,6865,782,
2026-01-07 15:07:00,s9547,u1797,Ivory Coast,Mobile,Series A,1,18,1.46,0.22,7723,4725,
2026-01-07 15:08:00,s9548,u849,Cameroon,iOS,Movie C,1,50,0.77,0.19,7902,3605,
2026-01-07 15:09:00,s9549,u461,Cameroon,Mobile,Sport Live,1,1,0.56,0.1,11430,982,
2026-01-07 15:10:00,s9550,u203,Ivory Coast,Web,Series A,1,19,1.09,0.31,6842,5035,CDN_ERROR
2026-01-07 15:11:00,s9551,u1020,Cameroon,STB,Documentary D,1,59,0.03,0.07,9607,4475,AUTH_ERROR
2026-01-07 15:12:00,s9552,u711,Tunisia,Android TV,Kids Show,1,81,0.42,0.22,11692,5922,LOW_BITRATE
2026-01-07 15:13:00,s9553,u123,Ivory Coast,iOS,Movie C,1,82,0.63,0.26,6445,4147,
2026-01-07 15:14:00,s9554,u711,France,Web,Documentary D,1,48,1.21,0.25,7400,5119,
2026-01-07 15:15:00,s9555,u2334,France,Smart TV,Series A,1,88,0.78,0.41,3342,3027,AUTH_ERROR
2026-01-07 15:16:00,s9556,u299,Tunisia,STB,Kids Show,1,46,0.1,0.36,8809,4939,
2026-01-07 15:17:00,s9557,u251,Tunisia,Smart TV,Kids Show,1,43,0.89,0.13,9045,573,AUTH_ERROR
2026-01-07 15:18:00,s9558,u1145,Cameroon,Mobile,Series B,1,14,1.39,0.47,2360,5043,
2026-01-07 15:19:00,s9559,u134,Cameroon,iOS,Series A,1,2,0.61,0.16,2643,2462,BUFFERING_ERROR
2026-01-07 15:20:00,s9560,u658,Ivory Coast,Android TV,Series A,1,4,0.08,0.18,3730,3508,
2026-01-07 15:21:00,s9561,u2430,Senegal,Mobile,Series B,1,36,1.36,0.24,2633,1431,STARTUP_TIMEOUT
2026-01-07 15:22:00,s9562,u624,Morocco,iOS,Series B,1,2,0.38,0.14,9987,3141,
2026-01-07 15:23:00,s9563,u2309,France,Web,Series A,1,51,0.03,0.4,2265,3271,CDN_ERROR
2026-01-07 15:24:00,s9564,u706,Morocco,Web,Series A,1,47,0.89,0.29,853,1026,LOW_BITRATE
2026-01-07 15:25:00,s9565,u1846,Morocco,Mobile,Documentary D,1,18,0.34,0.03,10930,2541,
2026-01-07 15:26:00,s9566,u1607,Cameroon,Smart TV,Series A,1,81,0.68,0.04,1886,5938,STARTUP_TIMEOUT
2026-01-07 15:27:00,s9567,u1102,Tunisia,Web,Series A,1,32,0.8,0.28,2698,3069,
2026-01-07 15:28:00,s9568,u791,Cameroon,Mobile,Movie C,1,64,1.43,0.49,11786,3147,STARTUP_TIMEOUT
2026-01-07 15:29:00,s9569,u60,Ivory Coast,Web,Movie C,1,67,0.73,0.11,11709,877,CDN_ERROR
2026-01-07 15:30:00,s9570,u752,Morocco,Smart TV,Movie C,1,22,1.28,0.26,4527,1062,CDN_ERROR
2026-01-07 15:31:00,s9571,u993,Cameroon,Smart TV,Series A,1,13,0.79,0.38,5033,5707,CDN_ERROR
2026-01-07 15:32:00,s9572,u769,France,STB,Movie C,1,47,1.38,0.15,4743,2049,
2026-01-07 15:33:00,s9573,u1001,Tunisia,Smart TV,Sport Live,1,15,1.3,0.21,10454,5658,
2026-01-07 15:34:00,s9574,u2034,Cameroon,iOS,Series A,1,70,1.0,0.27,5558,3429,STARTUP_TIMEOUT
2026-01-07 15:35:00,s9575,u845,France,Mobile,Documentary D,1,2,0.05,0.24,3333,1476,CDN_ERROR
2026-01-07 15:36:00,s9576,u534,Ivory Coast,Mobile,Series B,1,10,0.75,0.03,7262,2850,AUTH_ERROR
2026-01-07 15:37:00,s9577,u1305,France,Web,Series A,1,38,0.21,0.21,3731,5297,STARTUP_TIMEOUT
2026-01-07 15:38:00,s9578,u357,France,Web,Movie C,1,69,0.76,0.52,1976,5587,
2026-01-07 15:39:00,s9579,u1761,France,Web,Movie C,1,76,1.36,0.06,5619,2316,
2026-01-07 15:40:00,s9580,u939,Cameroon,Android TV,Movie C,1,41,0.21,0.39,4212,1831,CDN_ERROR
2026-01-07 15:41:00,s9581,u346,Ivory Coast,STB,Series B,1,39,0.7,0.47,4513,4522,
2026-01-07 15:42:00,s9582,u783,Morocco,Web,Sport Live,1,8,1.17,0.25,1905,5768,
2026-01-07 15:43:00,s9583,u1501,Morocco,STB,Movie C,1,85,0.37,0.22,2515,3510,
2026-01-07 15:44:00,s9584,u1992,Senegal,Mobile,Series A,1,37,1.05,0.29,5455,2995,LOW_BITRATE
2026-01-07 15:45:00,s9585,u460,Morocco,Smart TV,Movie C,1,1,1.45,0.25,10850,3769,AUTH_ERROR
2026-01-07 15:46:00,s9586,u2399,Ivory Coast,Mobile,Sport Live,1,85,0.48,0.52,7457,4528,
2026-01-07 15:47:00,s9587,u1616,Senegal,Android TV,Sport Live,1,10,0.78,0.29,7112,5575,AUTH_ERROR
2026-01-07 15:48:00,s9588,u282,Morocco,Mobile,Documentary D,1,67,0.1,0.16,9814,5605,STARTUP_TIMEOUT
2026-01-07 15:49:00,s9589,u868,Cameroon,STB,Sport Live,1,5,0.88,0.5,8486,2621,
2026-01-07 15:50:00,s9590,u709,Cameroon,Android TV,Kids Show,1,79,1.36,0.37,4293,872,
2026-01-07 15:51:00,s9591,u2398,Ivory Coast,Smart TV,Documentary D,1,44,0.31,0.12,5509,5829,BUFFERING_ERROR
2026-01-07 15:52:00,s9592,u1643,Tunisia,Smart TV,Series B,1,71,1.08,0.47,9614,3683,CDN_ERROR
2026-01-07 15:53:00,s9593,u2089,France,Web,Sport Live,1,49,1.19,0.13,8549,941,LOW_BITRATE
2026-01-07 15:54:00,s9594,u435,Senegal,Mobile,Movie C,1,46,0.48,0.27,5086,2658,
2026-01-07 15:55:00,s9595,u1267,Ivory Coast,Web,Sport Live,1,4,0.94,0.45,4007,899,
2026-01-07 15:56:00,s9596,u1075,Morocco,Android TV,Kids Show,1,34,0.73,0.35,5453,1362,AUTH_ERROR
2026-01-07 15:57:00,s9597,u843,Morocco,Smart TV,Movie C,1,42,1.37,0.45,3279,1747,BUFFERING_ERROR
2026-01-07 15:58:00,s9598,u2018,France,Web,Kids Show,1,55,1.07,0.46,8063,1864,
2026-01-07 15:59:00,s9599,u1909,Morocco,Smart TV,Kids Show,1,49,0.07,0.04,3095,4338,
2026-01-07 16:00:00,s9600,u2123,Ivory Coast,STB,Movie C,1,25,1.08,0.51,3493,2106,CDN_ERROR
2026-01-07 16:01:00,s9601,u1291,Tunisia,iOS,Movie C,1,88,0.48,0.14,9285,5240,BUFFERING_ERROR
2026-01-07 16:02:00,s9602,u2432,Morocco,Android TV,Series B,1,25,0.41,0.21,3397,1634,
2026-01-07 16:03:00,s9603,u238,Senegal,iOS,Sport Live,1,20,0.49,0.16,11486,2948,AUTH_ERROR
2026-01-07 16:04:00,s9604,u1722,Senegal,Android TV,Kids Show,1,68,0.61,0.17,9973,5849,
2026-01-07 16:05:00,s9605,u1246,Senegal,iOS,Documentary D,1,82,0.26,0.51,2760,5672,BUFFERING_ERROR
2026-01-07 16:06:00,s9606,u1877,France,STB,Series B,1,33,0.58,0.19,7490,3734,
2026-01-07 16:07:00,s9607,u470,Senegal,Mobile,Sport Live,1,80,0.31,0.42,1883,1895,
2026-01-07 16:08:00,s9608,u1413,Cameroon,Smart TV,Movie C,1,33,0.24,0.43,5089,641,
2026-01-07 16:09:00,s9609,u967,Cameroon,STB,Sport Live,1,32,0.12,0.19,11303,4840,
2026-01-07 16:10:00,s9610,u589,Cameroon,Mobile,Sport Live,1,80,1.31,0.09,9852,2316,
2026-01-07 16:11:00,s9611,u374,Ivory Coast,Mobile,Documentary D,1,53,0.37,0.54,7892,5209,
2026-01-07 16:12:00,s9612,u1414,Senegal,Android TV,Documentary D,1,11,0.42,0.28,11759,1509,LOW_BITRATE
2026-01-07 16:13:00,s9613,u1736,Tunisia,STB,Kids Show,1,76,0.66,0.15,2261,4264,BUFFERING_ERROR
2026-01-07 16:14:00,s9614,u2051,Senegal,Mobile,Movie C,1,4,1.21,0.33,7093,5040,LOW_BITRATE
2026-01-07 16:15:00,s9615,u675,Ivory Coast,STB,Kids Show,1,84,0.31,0.37,9455,4585,LOW_BITRATE
2026-01-07 16:16:00,s9616,u998,Morocco,Smart TV,Movie C,1,86,0.58,0.46,7527,2911,CDN_ERROR
2026-01-07 16:17:00,s9617,u509,Morocco,Mobile,Movie C,1,84,0.09,0.38,7588,1021,LOW_BITRATE
2026-01-07 16:18:00,s9618,u475,Tunisia,iOS,Documentary D,1,63,1.15,0.36,4354,3677,STARTUP_TIMEOUT
2026-01-07 16:19:00,s9619,u2061,Senegal,iOS,Documentary D,1,16,0.31,0.22,4499,4496,BUFFERING_ERROR
2026-01-07 16:20:00,s9620,u2125,Ivory Coast,iOS,Documentary D,1,71,0.35,0.06,9638,3361,AUTH_ERROR
2026-01-07 16:21:00,s9621,u396,Cameroon,STB,Series B,1,2,0.34,0.31,1413,3613,BUFFERING_ERROR
2026-01-07 16:22:00,s9622,u1361,Cameroon,Mobile,Series B,1,75,0.17,0.09,1900,1421,
2026-01-07 16:23:00,s9623,u345,Tunisia,STB,Documentary D,1,8,0.38,0.39,2743,4925,LOW_BITRATE
2026-01-07 16:24:00,s9624,u1226,Senegal,Smart TV,Kids Show,1,22,0.37,0.53,2377,5873,AUTH_ERROR
2026-01-07 16:25:00,s9625,u1527,Cameroon,STB,Series A,1,44,0.05,0.08,8651,3478,
2026-01-07 16:26:00,s9626,u352,Cameroon,STB,Documentary D,1,58,0.72,0.45,1479,5611,
2026-01-07 16:27:00,s9627,u1971,Ivory Coast,Android TV,Kids Show,1,58,0.7,0.53,2786,4436,CDN_ERROR
2026-01-07 16:28:00,s9628,u354,Cameroon,Web,Documentary D,1,86,0.03,0.16,8831,3071,
2026-01-07 16:29:00,s9629,u30,Tunisia,Android TV,Series A,1,15,1.46,0.34,5327,5896,AUTH_ERROR
2026-01-07 16:30:00,s9630,u686,Tunisia,iOS,Series B,1,15,0.73,0.17,9793,3421,BUFFERING_ERROR
2026-01-07 16:31:00,s9631,u472,France,Smart TV,Series A,1,36,1.08,0.46,8589,1062,STARTUP_TIMEOUT
2026-01-07 16:32:00,s9632,u1818,France,Android TV,Documentary D,1,68,0.98,0.5,7990,3011,
2026-01-07 16:33:00,s9633,u589,Senegal,Smart TV,Series A,1,32,0.35,0.43,11262,1525,CDN_ERROR
2026-01-07 16:34:00,s9634,u1176,Senegal,iOS,Documentary D,1,61,0.24,0.31,6644,1608,LOW_BITRATE
2026-01-07 16:35:00,s9635,u1850,Tunisia,Web,Series A,1,58,1.34,0.44,4095,4825,CDN_ERROR
2026-01-07 16:36:00,s9636,u1105,Morocco,Web,Kids Show,1,35,1.25,0.24,3966,2961,LOW_BITRATE
2026-01-07 16:37:00,s9637,u1008,Senegal,Android TV,Movie C,1,41,0.51,0.26,1327,879,AUTH_ERROR
2026-01-07 16:38:00,s9638,u263,Morocco,Smart TV,Sport Live,1,39,1.23,0.14,3753,3959,
2026-01-07 16:39:00,s9639,u2142,Tunisia,Android TV,Series B,1,56,0.65,0.44,11959,3809,CDN_ERROR
2026-01-07 16:40:00,s9640,u1980,Ivory Coast,STB,Series B,1,16,0.05,0.51,6458,5738,
2026-01-07 16:41:00,s9641,u1049,Cameroon,Mobile,Sport Live,1,80,0.5,0.36,703,1993,AUTH_ERROR
2026-01-07 16:42:00,s9642,u2328,Cameroon,Smart TV,Documentary D,1,30,0.46,0.41,10955,2683,LOW_BITRATE
2026-01-07 16:43:00,s9643,u1757,Cameroon,Mobile,Sport Live,1,80,0.78,0.35,1634,3521,
2026-01-07 16:44:00,s9644,u1715,Ivory Coast,Smart TV,Series B,1,17,0.71,0.33,7645,770,
2026-01-07 16:45:00,s9645,u1002,Senegal,Web,Documentary D,1,51,1.12,0.15,2508,3705,AUTH_ERROR
2026-01-07 16:46:00,s9646,u992,Morocco,Web,Documentary D,1,54,1.3,0.4,4831,3520,AUTH_ERROR
2026-01-07 16:47:00,s9647,u940,France,STB,Movie C,1,4,0.98,0.27,10867,2742,CDN_ERROR
2026-01-07 16:48:00,s9648,u898,France,Mobile,Kids Show,1,1,1.12,0.31,7125,4422,BUFFERING_ERROR
2026-01-07 16:49:00,s9649,u922,Senegal,iOS,Movie C,1,14,0.28,0.08,7313,5672,CDN_ERROR
2026-01-07 16:50:00,s9650,u2138,Ivory Coast,STB,Series B,1,90,0.53,0.17,4762,4479,LOW_BITRATE
2026-01-07 16:51:00,s9651,u2340,Tunisia,iOS,Movie C,1,48,0.6,0.3,1531,735,BUFFERING_ERROR
2026-01-07 16:52:00,s9652,u1640,Senegal,Mobile,Documentary D,1,1,0.38,0.04,5224,1621,STARTUP_TIMEOUT
2026-01-07 16:53:00,s9653,u880,Ivory Coast,Mobile,Movie C,1,61,0.56,0.34,4393,4624,STARTUP_TIMEOUT
2026-01-07 16:54:00,s9654,u387,Ivory Coast,Android TV,Movie C,1,29,0.47,0.54,6587,4660,BUFFERING_ERROR
2026-01-07 16:55:00,s9655,u1679,Tunisia,Web,Movie C,1,38,0.01,0.46,1022,5078,
2026-01-07 16:56:00,s9656,u1339,Senegal,Web,Movie C,1,67,0.35,0.16,9929,4310,
2026-01-07 16:57:00,s9657,u1088,Cameroon,Android TV,Series A,1,66,0.88,0.11,3550,3819,STARTUP_TIMEOUT
2026-01-07 16:58:00,s9658,u1930,Morocco,Android TV,Sport Live,1,37,0.19,0.33,7010,1802,CDN_ERROR
2026-01-07 16:59:00,s9659,u976,Cameroon,Web,Movie C,1,71,1.37,0.06,11397,3821,STARTUP_TIMEOUT
2026-01-07 17:00:00,s9660,u2347,Tunisia,Smart TV,Kids Show,1,57,1.45,0.15,3490,2591,BUFFERING_ERROR
2026-01-07 17:01:00,s9661,u388,France,Smart TV,Series B,1,25,0.15,0.07,9982,4706,
2026-01-07 17:02:00,s9662,u383,Senegal,iOS,Series B,1,51,1.17,0.1,2251,1854,CDN_ERROR
2026-01-07 17:03:00,s9663,u216,Cameroon,Smart TV,Series B,1,71,0.13,0.38,8556,3898,
2026-01-07 17:04:00,s9664,u1387,Tunisia,Android TV,Series A,1,85,0.81,0.19,3868,3165,BUFFERING_ERROR
2026-01-07 17:05:00,s9665,u501,Ivory Coast,Mobile,Movie C,1,45,0.74,0.09,4612,5169,STARTUP_TIMEOUT
2026-01-07 17:06:00,s9666,u1664,France,Mobile,Documentary D,1,89,0.05,0.06,3540,5177,BUFFERING_ERROR
2026-01-07 17:07:00,s9667,u2379,Tunisia,Android TV,Kids Show,1,14,0.03,0.51,11413,1804,
2026-01-07 17:08:00,s9668,u256,Senegal,iOS,Series A,1,55,1.42,0.41,2554,5965,BUFFERING_ERROR
2026-01-07 17:09:00,s9669,u2206,France,Smart TV,Movie C,1,68,0.85,0.02,10319,544,BUFFERING_ERROR
2026-01-07 17:10:00,s9670,u556,France,iOS,Series A,1,50,0.83,0.27,7730,5975,BUFFERING_ERROR
2026-01-07 17:11:00,s9671,u2003,Ivory Coast,iOS,Series A,1,37,1.42,0.17,11601,4361,LOW_BITRATE
2026-01-07 17:12:00,s9672,u2372,Tunisia,Smart TV,Documentary D,1,47,0.03,0.47,1389,3527,BUFFERING_ERROR
2026-01-07 17:13:00,s9673,u1929,France,Mobile,Documentary D,1,53,0.31,0.45,2835,636,LOW_BITRATE
2026-01-07 17:14:00,s9674,u114,Morocco,iOS,Kids Show,1,56,0.12,0.06,7843,1257,
2026-01-07 17:15:00,s9675,u592,France,Android TV,Sport Live,1,2,0.01,0.51,11809,4037,BUFFERING_ERROR
2026-01-07 17:16:00,s9676,u1801,Cameroon,Mobile,Series B,1,71,1.06,0.44,3098,5854,CDN_ERROR
2026-01-07 17:17:00,s9677,u1748,Senegal,Smart TV,Movie C,1,14,0.58,0.38,1357,4417,STARTUP_TIMEOUT
2026-01-07 17:18:00,s9678,u1440,Cameroon,Android TV,Documentary D,1,75,1.31,0.32,7495,3887,CDN_ERROR
2026-01-07 17:19:00,s9679,u2117,France,Android TV,Movie C,1,90,1.21,0.19,11420,2420,
2026-01-07 17:20:00,s9680,u271,Morocco,Mobile,Series A,1,67,0.99,0.48,7367,2438,BUFFERING_ERROR
2026-01-07 17:21:00,s9681,u10,Senegal,Android TV,Documentary D,1,29,1.48,0.22,10376,971,LOW_BITRATE
2026-01-07 17:22:00,s9682,u110,France,STB,Kids Show,1,9,0.83,0.21,7719,3083,BUFFERING_ERROR
2026-01-07 17:23:00,s9683,u498,Morocco,Web,Sport Live,1,51,0.48,0.02,2193,5845,CDN_ERROR
2026-01-07 17:24:00,s9684,u450,Tunisia,STB,Kids Show,1,87,0.53,0.44,808,3723,BUFFERING_ERROR
2026-01-07 17:25:00,s9685,u2422,Senegal,Android TV,Documentary D,1,20,0.86,0.16,9324,704,LOW_BITRATE
2026-01-07 17:26:00,s9686,u1668,Cameroon,STB,Sport Live,1,8,0.6,0.52,8754,2046,AUTH_ERROR
2026-01-07 17:27:00,s9687,u921,France,Mobile,Series B,1,43,0.82,0.45,5305,1814,BUFFERING_ERROR
2026-01-07 17:28:00,s9688,u436,Tunisia,Smart TV,Sport Live,1,55,0.39,0.31,8376,4470,
2026-01-07 17:29:00,s9689,u1293,Senegal,Smart TV,Series B,1,38,1.04,0.05,11356,793,
2026-01-07 17:30:00,s9690,u2349,Senegal,iOS,Series A,1,49,0.48,0.51,10533,3199,AUTH_ERROR
2026-01-07 17:31:00,s9691,u548,Cameroon,iOS,Series A,1,83,1.36,0.4,9555,4276,AUTH_ERROR
2026-01-07 17:32:00,s9692,u622,Morocco,Mobile,Movie C,1,87,0.47,0.42,9501,1658,BUFFERING_ERROR
2026-01-07 17:33:00,s9693,u1960,Morocco,Android TV,Kids Show,1,12,0.24,0.23,6453,3149,
2026-01-07 17:34:00,s9694,u2136,France,Android TV,Series A,1,17,0.21,0.45,4019,1581,
2026-01-07 17:35:00,s9695,u260,Cameroon,iOS,Sport Live,1,19,1.24,0.42,10357,1807,CDN_ERROR
2026-01-07 17:36:00,s9696,u370,Senegal,Web,Kids Show,1,22,1.13,0.1,5080,3061,LOW_BITRATE
2026-01-07 17:37:00,s9697,u1778,Tunisia,Web,Series B,1,30,0.87,0.49,2482,959,BUFFERING_ERROR
2026-01-07 17:38:00,s9698,u1585,Cameroon,STB,Documentary D,1,86,0.64,0.22,8617,1893,BUFFERING_ERROR
2026-01-07 17:39:00,s9699,u2137,Senegal,Mobile,Series B,1,78,0.07,0.25,5053,514,
2026-01-07 17:40:00,s9700,u2032,Tunisia,STB,Kids Show,1,15,1.12,0.03,4095,2110,LOW_BITRATE
2026-01-07 17:41:00,s9701,u1263,France,Web,Sport Live,1,2,1.07,0.2,10714,1225,BUFFERING_ERROR
2026-01-07 17:42:00,s9702,u1324,Ivory Coast,Web,Movie C,1,63,0.18,0.13,9471,3673,CDN_ERROR
2026-01-07 17:43:00,s9703,u2395,Ivory Coast,Android TV,Sport Live,1,1,0.61,0.19,3720,4322,LOW_BITRATE
2026-01-07 17:44:00,s9704,u2219,Morocco,Web,Sport Live,1,2,0.43,0.08,1019,4578,AUTH_ERROR
2026-01-07 17:45:00,s9705,u72,Ivory Coast,iOS,Movie C,1,34,0.26,0.32,4689,4842,LOW_BITRATE
2026-01-07 17:46:00,s9706,u455,Morocco,Smart TV,Movie C,1,27,1.2,0.25,8999,1483,STARTUP_TIMEOUT
2026-01-07 17:47:00,s9707,u1343,Morocco,Android TV,Series B,1,7,1.09,0.24,2280,539,STARTUP_TIMEOUT
2026-01-07 17:48:00,s9708,u1591,Tunisia,STB,Series B,1,82,0.92,0.23,10316,5964,
2026-01-07 17:49:00,s9709,u1515,Ivory Coast,Mobile,Movie C,1,10,1.39,0.34,7697,2908,STARTUP_TIMEOUT
2026-01-07 17:50:00,s9710,u388,Ivory Coast,Smart TV,Documentary D,1,53,1.0,0.26,11430,4352,
2026-01-07 17:51:00,s9711,u2023,Ivory Coast,Mobile,Documentary D,1,32,1.47,0.51,6317,5467,
2026-01-07 17:52:00,s9712,u2470,Tunisia,iOS,Documentary D,1,56,0.85,0.24,8343,5939,
2026-01-07 17:53:00,s9713,u585,Morocco,Web,Movie C,1,18,1.39,0.31,7343,2031,LOW_BITRATE
2026-01-07 17:54:00,s9714,u1173,Cameroon,iOS,Kids Show,1,78,1.32,0.12,8664,4247,CDN_ERROR
2026-01-07 17:55:00,s9715,u562,Senegal,STB,Documentary D,1,71,1.11,0.37,3542,3737,BUFFERING_ERROR
2026-01-07 17:56:00,s9716,u1978,Morocco,Mobile,Series A,1,51,0.64,0.53,9430,2434,
2026-01-07 17:57:00,s9717,u2449,Cameroon,Android TV,Series B,1,28,1.32,0.29,5325,2994,
2026-01-07 17:58:00,s9718,u1870,Senegal,Mobile,Kids Show,1,32,0.8,0.33,8038,5713,BUFFERING_ERROR
2026-01-07 17:59:00,s9719,u1585,Ivory Coast,STB,Movie C,1,42,1.47,0.05,10164,4168,BUFFERING_ERROR
2026-01-07 18:00:00,s9720,u2368,Senegal,Android TV,Sport Live,1,73,1.06,0.43,1766,2196,
2026-01-07 18:01:00,s9721,u2276,Morocco,Android TV,Documentary D,1,67,1.4,0.24,1058,4343,AUTH_ERROR
2026-01-07 18:02:00,s9722,u357,France,Android TV,Series A,1,70,0.28,0.45,5993,3019,
2026-01-07 18:03:00,s9723,u1131,Senegal,Android TV,Kids Show,1,43,0.04,0.35,3402,1746,STARTUP_TIMEOUT
2026-01-07 18:04:00,s9724,u2427,Cameroon,iOS,Series A,1,31,0.3,0.3,5681,1302,
2026-01-07 18:05:00,s9725,u1505,Senegal,Android TV,Documentary D,1,73,1.14,0.31,2722,5756,
2026-01-07 18:06:00,s9726,u1601,Senegal,Mobile,Kids Show,1,77,1.2,0.41,6422,3420,LOW_BITRATE
2026-01-07 18:07:00,s9727,u953,Tunisia,Web,Series A,1,45,0.53,0.1,8254,4827,
2026-01-07 18:08:00,s9728,u1437,Morocco,Mobile,Movie C,1,76,0.34,0.22,9860,651,
2026-01-07 18:09:00,s9729,u2001,Cameroon,Mobile,Kids Show,1,53,1.38,0.18,1863,4615,STARTUP_TIMEOUT
2026-01-07 18:10:00,s9730,u568,Tunisia,Web,Sport Live,1,28,0.88,0.28,1284,4725,CDN_ERROR
2026-01-07 18:11:00,s9731,u462,France,iOS,Sport Live,1,58,1.37,0.44,1783,838,
2026-01-07 18:12:00,s9732,u1315,Tunisia,STB,Series B,1,51,1.01,0.43,5716,4205,STARTUP_TIMEOUT
2026-01-07 18:13:00,s9733,u873,France,Mobile,Series A,1,66,0.75,0.31,7137,2950,CDN_ERROR
2026-01-07 18:14:00,s9734,u1604,Morocco,Mobile,Kids Show,1,31,0.11,0.16,10386,3746,
2026-01-07 18:15:00,s9735,u576,Ivory Coast,Smart TV,Sport Live,1,81,0.92,0.31,2655,2745,BUFFERING_ERROR
2026-01-07 18:16:00,s9736,u1696,Senegal,iOS,Kids Show,1,61,0.67,0.35,8592,4324,LOW_BITRATE
2026-01-07 18:17:00,s9737,u2378,Ivory Coast,Smart TV,Documentary D,1,69,1.0,0.38,11991,3369,
2026-01-07 18:18:00,s9738,u1018,Morocco,Android TV,Documentary D,1,60,0.53,0.19,10238,4158,CDN_ERROR
2026-01-07 18:19:00,s9739,u786,Cameroon,Android TV,Kids Show,1,88,1.14,0.41,6595,3261,AUTH_ERROR
2026-01-07 18:20:00,s9740,u1438,Tunisia,iOS,Movie C,1,12,0.89,0.1,3720,4382,
2026-01-07 18:21:00,s9741,u16,Morocco,STB,Series A,1,42,1.4,0.52,7509,5440,STARTUP_TIMEOUT
2026-01-07 18:22:00,s9742,u14,Cameroon,STB,Series A,1,66,1.41,0.54,8258,2543,
2026-01-07 18:23:00,s9743,u1155,Cameroon,Android TV,Movie C,1,2,0.47,0.48,8190,4760,CDN_ERROR
2026-01-07 18:24:00,s9744,u866,Morocco,Smart TV,Documentary D,1,54,1.44,0.25,8012,1692,AUTH_ERROR
2026-01-07 18:25:00,s9745,u72,Tunisia,Mobile,Series A,1,72,0.32,0.06,3161,3009,STARTUP_TIMEOUT
2026-01-07 18:26:00,s9746,u1211,Senegal,Android TV,Series B,1,74,0.38,0.55,10212,2400,BUFFERING_ERROR
2026-01-07 18:27:00,s9747,u1858,Ivory Coast,STB,Sport Live,1,46,0.33,0.04,8140,5234,
2026-01-07 18:28:00,s9748,u693,Ivory Coast,STB,Sport Live,1,18,1.44,0.53,851,3009,
2026-01-07 18:29:00,s9749,u778,France,Smart TV,Sport Live,1,48,0.95,0.48,2104,895,STARTUP_TIMEOUT
2026-01-07 18:30:00,s9750,u1420,Cameroon,STB,Series B,1,62,0.93,0.03,10613,5291,BUFFERING_ERROR
2026-01-07 18:31:00,s9751,u1953,Senegal,iOS,Documentary D,1,60,0.02,0.4,3237,4948,
2026-01-07 18:32:00,s9752,u2428,Ivory Coast,Smart TV,Kids Show,1,90,1.43,0.11,4784,5382,
2026-01-07 18:33:00,s9753,u1252,Morocco,Android TV,Kids Show,1,36,0.28,0.24,2291,2733,STARTUP_TIMEOUT
2026-01-07 18:34:00,s9754,u2043,Tunisia,Web,Documentary D,1,35,0.33,0.13,11104,5015,BUFFERING_ERROR
2026-01-07 18:35:00,s9755,u1435,Ivory Coast,Smart TV,Movie C,1,43,0.59,0.22,5921,582,STARTUP_TIMEOUT
2026-01-07 18:36:00,s9756,u2075,Senegal,Smart TV,Movie C,1,28,0.95,0.27,6707,1585,STARTUP_TIMEOUT
2026-01-07 18:37:00,s9757,u517,Morocco,STB,Documentary D,1,36,1.45,0.5,8542,2730,BUFFERING_ERROR
2026-01-07 18:38:00,s9758,u1077,France,Web,Movie C,1,10,1.09,0.54,1275,4749,BUFFERING_ERROR
2026-01-07 18:39:00,s9759,u1682,Tunisia,STB,Movie C,1,2,0.64,0.27,8020,4092,
2026-01-07 18:40:00,s9760,u1223,Tunisia,Smart TV,Series A,1,44,0.19,0.4,1872,5760,
2026-01-07 18:41:00,s9761,u1472,Tunisia,Android TV,Movie C,1,83,0.75,0.4,10965,2367,STARTUP_TIMEOUT
2026-01-07 18:42:00,s9762,u369,Morocco,Smart TV,Movie C,1,21,0.02,0.19,9320,4034,CDN_ERROR
2026-01-07 18:43:00,s9763,u2261,Cameroon,Web,Kids Show,1,71,0.82,0.5,4171,5830,STARTUP_TIMEOUT
2026-01-07 18:44:00,s9764,u1963,France,Smart TV,Sport Live,1,72,0.12,0.07,7550,2078,
2026-01-07 18:45:00,s9765,u713,France,Android TV,Sport Live,1,39,0.3,0.46,7199,1990,BUFFERING_ERROR
2026-01-07 18:46:00,s9766,u2201,Ivory Coast,Web,Movie C,1,88,1.3,0.24,8873,4433,CDN_ERROR
2026-01-07 18:47:00,s9767,u420,Senegal,STB,Movie C,1,15,0.35,0.45,3857,2135,
2026-01-07 18:48:00,s9768,u547,Morocco,iOS,Documentary D,1,14,0.31,0.41,9480,5047,LOW_BITRATE
2026-01-07 18:49:00,s9769,u1907,Cameroon,STB,Series A,1,37,0.78,0.24,9973,3589,
2026-01-07 18:50:00,s9770,u358,France,Android TV,Series B,1,59,0.27,0.21,8014,3286,
2026-01-07 18:51:00,s9771,u2215,Senegal,Mobile,Series A,1,51,0.3,0.25,11796,4840,CDN_ERROR
2026-01-07 18:52:00,s9772,u2115,Cameroon,Web,Sport Live,1,18,0.06,0.34,11137,2463,
2026-01-07 18:53:00,s9773,u1455,France,Android TV,Documentary D,1,84,0.67,0.11,2234,1585,CDN_ERROR
2026-01-07 18:54:00,s9774,u1066,Morocco,Android TV,Kids Show,1,30,1.13,0.26,11712,5292,
2026-01-07 18:55:00,s9775,u1000,France,iOS,Movie C,1,29,0.85,0.28,3214,3242,AUTH_ERROR
2026-01-07 18:56:00,s9776,u1777,Tunisia,Smart TV,Documentary D,1,86,1.17,0.17,8314,2355,
2026-01-07 18:57:00,s9777,u1683,Tunisia,iOS,Series A,1,35,0.5,0.2,7588,5785,
2026-01-07 18:58:00,s9778,u1697,Tunisia,iOS,Series A,1,7,1.15,0.24,4150,2567,STARTUP_TIMEOUT
2026-01-07 18:59:00,s9779,u1565,Tunisia,Mobile,Series B,1,72,0.35,0.42,2768,814,CDN_ERROR
2026-01-07 19:00:00,s9780,u1322,Tunisia,Mobile,Series A,1,38,0.42,0.26,11856,4016,BUFFERING_ERROR
2026-01-07 19:01:00,s9781,u266,Senegal,iOS,Series B,1,76,1.04,0.09,9143,1380,
2026-01-07 19:02:00,s9782,u889,Tunisia,iOS,Series B,1,25,0.5,0.31,8210,2918,
2026-01-07 19:03:00,s9783,u1074,Ivory Coast,Smart TV,Sport Live,1,84,1.0,0.33,11173,5363,
2026-01-07 19:04:00,s9784,u1507,Ivory Coast,Smart TV,Sport Live,1,34,0.57,0.13,8713,2285,BUFFERING_ERROR
2026-01-07 19:05:00,s9785,u891,Senegal,Smart TV,Movie C,1,39,1.49,0.36,7080,3890,BUFFERING_ERROR
2026-01-07 19:06:00,s9786,u2193,Ivory Coast,Mobile,Series B,1,54,0.1,0.23,10005,5735,AUTH_ERROR
2026-01-07 19:07:00,s9787,u538,Tunisia,Smart TV,Sport Live,1,51,0.42,0.18,11184,4430,LOW_BITRATE
2026-01-07 19:08:00,s9788,u1328,Tunisia,Mobile,Sport Live,1,84,1.46,0.44,6318,3032,AUTH_ERROR
2026-01-07 19:09:00,s9789,u808,Tunisia,Smart TV,Series B,1,21,0.84,0.02,3041,1396,STARTUP_TIMEOUT
2026-01-07 19:10:00,s9790,u1949,Senegal,Web,Series A,1,87,0.6,0.27,5010,965,
2026-01-07 19:11:00,s9791,u1257,France,STB,Series B,1,39,0.67,0.31,5068,3381,
2026-01-07 19:12:00,s9792,u1820,Morocco,Smart TV,Movie C,1,6,1.17,0.54,6573,4232,BUFFERING_ERROR
2026-01-07 19:13:00,s9793,u2203,Ivory Coast,Mobile,Sport Live,1,84,0.19,0.24,3884,1342,CDN_ERROR
2026-01-07 19:14:00,s9794,u276,France,Android TV,Kids Show,1,14,1.47,0.16,2690,4328,
2026-01-07 19:15:00,s9795,u2036,France,Smart TV,Movie C,1,6,1.31,0.16,1001,3051,
2026-01-07 19:16:00,s9796,u1584,Ivory Coast,Android TV,Series A,1,42,1.03,0.17,6934,451,
2026-01-07 19:17:00,s9797,u733,Morocco,iOS,Series B,1,84,0.96,0.15,6623,1649,LOW_BITRATE
2026-01-07 19:18:00,s9798,u873,Ivory Coast,Web,Series B,1,31,0.41,0.05,6720,2771,
2026-01-07 19:19:00,s9799,u980,Senegal,Web,Series A,1,54,1.34,0.37,7200,3724,STARTUP_TIMEOUT
2026-01-07 19:20:00,s9800,u264,Tunisia,Mobile,Movie C,1,75,0.46,0.24,3366,676,CDN_ERROR
2026-01-07 19:21:00,s9801,u622,France,Smart TV,Series B,1,42,0.04,0.33,907,5935,
2026-01-07 19:22:00,s9802,u1144,Morocco,Android TV,Series B,1,89,1.47,0.38,5864,4176,AUTH_ERROR
2026-01-07 19:23:00,s9803,u1152,Ivory Coast,iOS,Series A,1,54,1.28,0.41,1419,4060,STARTUP_TIMEOUT
2026-01-07 19:24:00,s9804,u191,Senegal,Smart TV,Kids Show,1,57,1.17,0.19,11728,5863,BUFFERING_ERROR
2026-01-07 19:25:00,s9805,u1879,France,Mobile,Kids Show,1,7,0.5,0.55,5165,483,
2026-01-07 19:26:00,s9806,u313,Ivory Coast,Mobile,Movie C,1,34,0.26,0.5,8062,2297,
2026-01-07 19:27:00,s9807,u1084,Morocco,STB,Series B,1,16,1.31,0.46,8024,1512,
2026-01-07 19:28:00,s9808,u2210,Tunisia,Android TV,Series B,1,23,0.72,0.24,7777,4193,LOW_BITRATE
2026-01-07 19:29:00,s9809,u1554,France,STB,Series A,1,2,1.45,0.36,9299,2162,STARTUP_TIMEOUT
2026-01-07 19:30:00,s9810,u87,Tunisia,iOS,Kids Show,1,53,0.08,0.4,8649,5552,CDN_ERROR
2026-01-07 19:31:00,s9811,u908,Cameroon,Mobile,Series B,1,13,1.01,0.18,594,5343,BUFFERING_ERROR
2026-01-07 19:32:00,s9812,u2439,Ivory Coast,STB,Series A,1,4,1.04,0.05,5429,2950,AUTH_ERROR
2026-01-07 19:33:00,s9813,u1170,France,STB,Documentary D,1,63,0.55,0.24,3680,3376,LOW_BITRATE
2026-01-07 19:34:00,s9814,u2232,Morocco,Web,Documentary D,1,56,1.0,0.1,1335,5562,
2026-01-07 19:35:00,s9815,u61,Cameroon,Web,Documentary D,1,75,1.42,0.45,7669,425,AUTH_ERROR
2026-01-07 19:36:00,s9816,u2183,Senegal,Mobile,Documentary D,1,31,0.58,0.29,4245,3328,
2026-01-07 19:37:00,s9817,u2083,Morocco,STB,Sport Live,1,69,0.97,0.18,7297,441,BUFFERING_ERROR
2026-01-07 19:38:00,s9818,u2310,Morocco,Smart TV,Sport Live,1,78,0.88,0.29,10178,4408,LOW_BITRATE
2026-01-07 19:39:00,s9819,u2376,Tunisia,Smart TV,Series A,1,65,0.42,0.12,4581,501,
2026-01-07 19:40:00,s9820,u2174,Senegal,iOS,Series A,1,61,0.25,0.31,6267,5109,CDN_ERROR
2026-01-07 19:41:00,s9821,u2211,Senegal,Android TV,Series A,1,20,0.49,0.46,7726,1599,STARTUP_TIMEOUT
2026-01-07 19:42:00,s9822,u2480,Cameroon,Smart TV,Movie C,1,14,0.22,0.47,3321,1623,
2026-01-07 19:43:00,s9823,u1709,Senegal,Web,Kids Show,1,15,0.03,0.51,3117,773,LOW_BITRATE
2026-01-07 19:44:00,s9824,u1415,France,Smart TV,Documentary D,1,88,1.03,0.53,965,1940,CDN_ERROR
2026-01-07 19:45:00,s9825,u771,Morocco,STB,Series B,1,74,1.36,0.16,8570,3813,LOW_BITRATE
2026-01-07 19:46:00,s9826,u621,Senegal,Android TV,Documentary D,1,72,0.59,0.33,3649,2338,
2026-01-07 19:47:00,s9827,u827,France,Android TV,Kids Show,1,62,1.12,0.43,3479,4716,
2026-01-07 19:48:00,s9828,u1383,Morocco,Smart TV,Documentary D,1,43,0.97,0.1,11040,2755,AUTH_ERROR
2026-01-07 19:49:00,s9829,u1438,Morocco,STB,Movie C,1,15,1.4,0.4,2429,2589,BUFFERING_ERROR
2026-01-07 19:50:00,s9830,u1450,France,Mobile,Kids Show,1,73,0.56,0.4,9691,1637,AUTH_ERROR
2026-01-07 19:51:00,s9831,u46,Cameroon,Web,Kids Show,1,9,1.46,0.42,10157,2825,
2026-01-07 19:52:00,s9832,u2327,Cameroon,Android TV,Kids Show,1,47,1.41,0.43,11716,1357,STARTUP_TIMEOUT
2026-01-07 19:53:00,s9833,u2146,Cameroon,Smart TV,Series B,1,10,0.46,0.46,680,1808,
2026-01-07 19:54:00,s9834,u1419,Senegal,Smart TV,Documentary D,1,66,0.52,0.1,7693,738,
2026-01-07 19:55:00,s9835,u350,France,iOS,Sport Live,1,51,0.2,0.08,1709,1265,AUTH_ERROR
2026-01-07 19:56:00,s9836,u882,Senegal,Web,Series B,1,86,1.3,0.28,10011,4410,STARTUP_TIMEOUT
2026-01-07 19:57:00,s9837,u1288,Cameroon,iOS,Documentary D,1,58,0.67,0.32,3813,5429,STARTUP_TIMEOUT
2026-01-07 19:58:00,s9838,u1084,France,Mobile,Series A,1,61,0.6,0.26,2035,4226,BUFFERING_ERROR
2026-01-07 19:59:00,s9839,u199,Cameroon,iOS,Kids Show,1,68,1.01,0.04,9556,2941,
2026-01-07 20:00:00,s9840,u261,Cameroon,Smart TV,Series B,1,2,0.58,0.44,2743,5514,LOW_BITRATE
2026-01-07 20:01:00,s9841,u43,Tunisia,STB,Kids Show,1,83,1.15,0.45,4101,1199,AUTH_ERROR
2026-01-07 20:02:00,s9842,u491,Ivory Coast,Android TV,Sport Live,1,37,0.75,0.37,3445,2382,LOW_BITRATE
2026-01-07 20:03:00,s9843,u1175,Ivory Coast,Mobile,Series A,1,25,0.99,0.46,9319,4391,BUFFERING_ERROR
2026-01-07 20:04:00,s9844,u2352,Tunisia,Smart TV,Documentary D,1,50,1.27,0.29,11553,5612,CDN_ERROR
2026-01-07 20:05:00,s9845,u2384,Senegal,STB,Sport Live,1,26,0.03,0.52,11871,1895,LOW_BITRATE
2026-01-07 20:06:00,s9846,u174,Tunisia,STB,Series A,1,71,0.47,0.39,1595,1559,AUTH_ERROR
2026-01-07 20:07:00,s9847,u716,Cameroon,Android TV,Documentary D,1,41,0.06,0.17,7067,5454,BUFFERING_ERROR
2026-01-07 20:08:00,s9848,u2027,Morocco,Mobile,Kids Show,1,61,1.44,0.07,2629,4471,BUFFERING_ERROR
2026-01-07 20:09:00,s9849,u1554,Senegal,STB,Series A,1,5,1.25,0.21,4873,4160,
2026-01-07 20:10:00,s9850,u265,Tunisia,iOS,Movie C,1,90,0.46,0.04,728,2554,LOW_BITRATE
2026-01-07 20:11:00,s9851,u2190,Senegal,Android TV,Series A,1,90,0.81,0.48,831,416,STARTUP_TIMEOUT
2026-01-07 20:12:00,s9852,u2142,Senegal,Android TV,Movie C,1,43,0.24,0.22,8735,3251,BUFFERING_ERROR
2026-01-07 20:13:00,s9853,u870,Cameroon,Smart TV,Movie C,1,55,0.7,0.44,7391,2180,
2026-01-07 20:14:00,s9854,u2196,Tunisia,Android TV,Sport Live,1,81,1.29,0.18,5293,2169,CDN_ERROR
2026-01-07 20:15:00,s9855,u535,Senegal,Smart TV,Series A,1,62,0.58,0.3,10495,1643,AUTH_ERROR
2026-01-07 20:16:00,s9856,u634,Cameroon,iOS,Documentary D,1,85,1.03,0.25,8805,608,
2026-01-07 20:17:00,s9857,u1428,France,Smart TV,Documentary D,1,75,0.52,0.55,9097,2653,LOW_BITRATE
2026-01-07 20:18:00,s9858,u2292,France,STB,Series B,1,64,0.66,0.09,11904,2924,AUTH_ERROR
2026-01-07 20:19:00,s9859,u1479,France,Smart TV,Movie C,1,9,0.42,0.43,8670,4349,
2026-01-07 20:20:00,s9860,u1343,Tunisia,Mobile,Kids Show,1,67,0.58,0.48,8989,1475,
2026-01-07 20:21:00,s9861,u2186,Morocco,iOS,Series B,1,55,0.58,0.48,7391,2249,
2026-01-07 20:22:00,s9862,u648,Morocco,Mobile,Series A,1,25,0.42,0.2,1218,2075,LOW_BITRATE
2026-01-07 20:23:00,s9863,u1600,Morocco,Android TV,Sport Live,1,67,1.15,0.54,770,5711,LOW_BITRATE
2026-01-07 20:24:00,s9864,u1347,Senegal,iOS,Sport Live,1,68,0.42,0.36,4809,1554,CDN_ERROR
2026-01-07 20:25:00,s9865,u860,Cameroon,Mobile,Movie C,1,72,0.9,0.13,1940,4859,
2026-01-07 20:26:00,s9866,u2311,Senegal,STB,Kids Show,1,67,0.43,0.45,7631,4596,
2026-01-07 20:27:00,s9867,u271,Cameroon,Smart TV,Kids Show,1,55,1.41,0.16,10068,3388,STARTUP_TIMEOUT
2026-01-07 20:28:00,s9868,u1246,France,Web,Documentary D,1,19,0.09,0.13,9819,5218,BUFFERING_ERROR
2026-01-07 20:29:00,s9869,u1327,Tunisia,Smart TV,Series B,1,16,0.98,0.21,5814,528,
2026-01-07 20:30:00,s9870,u458,Cameroon,Android TV,Documentary D,1,69,0.51,0.49,5094,3785,
2026-01-07 20:31:00,s9871,u669,Tunisia,STB,Documentary D,1,3,0.73,0.34,508,5689,CDN_ERROR
2026-01-07 20:32:00,s9872,u244,France,STB,Movie C,1,18,0.96,0.48,11742,4266,
2026-01-07 20:33:00,s9873,u1759,Cameroon,Mobile,Sport Live,1,42,0.33,0.21,4872,1958,
2026-01-07 20:34:00,s9874,u357,Ivory Coast,Web,Sport Live,1,14,1.33,0.22,10668,3906,LOW_BITRATE
2026-01-07 20:35:00,s9875,u100,Senegal,Web,Series A,1,5,0.22,0.44,3874,1479,
2026-01-07 20:36:00,s9876,u279,Morocco,iOS,Kids Show,1,13,0.48,0.4,10221,5238,LOW_BITRATE
2026-01-07 20:37:00,s9877,u323,Senegal,Android TV,Movie C,1,80,0.97,0.52,11461,2768,BUFFERING_ERROR
2026-01-07 20:38:00,s9878,u1783,Ivory Coast,Web,Series B,1,3,1.38,0.14,8897,4607,
2026-01-07 20:39:00,s9879,u2027,France,Android TV,Sport Live,1,68,0.53,0.27,3019,5465,
2026-01-07 20:40:00,s9880,u2451,Senegal,STB,Series A,1,34,1.18,0.52,9188,616,AUTH_ERROR
2026-01-07 20:41:00,s9881,u1701,Tunisia,Android TV,Series A,1,65,1.45,0.29,8952,2669,AUTH_ERROR
2026-01-07 20:42:00,s9882,u1329,Senegal,Smart TV,Series A,1,61,0.17,0.03,4246,2725,
2026-01-07 20:43:00,s9883,u646,Ivory Coast,Mobile,Movie C,1,8,0.24,0.46,1997,3212,
2026-01-07 20:44:00,s9884,u477,Ivory Coast,Mobile,Series A,1,4,0.15,0.16,1807,1970,
2026-01-07 20:45:00,s9885,u2253,Cameroon,Web,Series A,1,13,0.37,0.32,2851,3690,
2026-01-07 20:46:00,s9886,u75,Tunisia,Smart TV,Kids Show,1,7,1.01,0.43,2579,2056,STARTUP_TIMEOUT
2026-01-07 20:47:00,s9887,u37,Cameroon,Android TV,Series B,1,19,1.44,0.15,8379,4568,STARTUP_TIMEOUT
2026-01-07 20:48:00,s9888,u1223,France,Web,Series A,1,32,0.84,0.31,4308,4654,CDN_ERROR
2026-01-07 20:49:00,s9889,u2351,Cameroon,Android TV,Series A,1,73,0.34,0.31,4569,4470,STARTUP_TIMEOUT
2026-01-07 20:50:00,s9890,u772,France,Android TV,Series A,1,4,0.72,0.15,9474,4334,
2026-01-07 20:51:00,s9891,u472,Tunisia,STB,Series A,1,83,1.46,0.49,10518,2469,LOW_BITRATE
2026-01-07 20:52:00,s9892,u1484,Cameroon,Web,Sport Live,1,16,0.91,0.17,8501,1737,LOW_BITRATE
2026-01-07 20:53:00,s9893,u2151,France,Android TV,Kids Show,1,47,0.34,0.1,9678,2592,BUFFERING_ERROR
2026-01-07 20:54:00,s9894,u753,Tunisia,Mobile,Documentary D,1,69,0.39,0.33,7165,5571,LOW_BITRATE
2026-01-07 20:55:00,s9895,u1785,Tunisia,Android TV,Series A,1,20,0.54,0.1,1203,1161,
2026-01-07 20:56:00,s9896,u643,Tunisia,Web,Kids Show,1,22,1.26,0.08,9825,4123,CDN_ERROR
2026-01-07 20:57:00,s9897,u479,France,Smart TV,Series A,1,2,1.36,0.49,4804,2690,AUTH_ERROR
2026-01-07 20:58:00,s9898,u683,Tunisia,Mobile,Kids Show,1,50,1.08,0.16,5798,5481,CDN_ERROR
2026-01-07 20:59:00,s9899,u1326,Senegal,Smart TV,Kids Show,1,58,0.84,0.4,5725,2092,AUTH_ERROR
2026-01-07 21:00:00,s9900,u467,Senegal,Mobile,Series B,1,76,0.46,0.04,11811,2737,
2026-01-07 21:01:00,s9901,u950,Cameroon,iOS,Sport Live,1,35,0.37,0.07,11804,5581,
2026-01-07 21:02:00,s9902,u559,Morocco,Mobile,Kids Show,1,51,0.42,0.34,11877,4494,STARTUP_TIMEOUT
2026-01-07 21:03:00,s9903,u1253,France,Android TV,Documentary D,1,49,1.3,0.19,10511,2098,BUFFERING_ERROR
2026-01-07 21:04:00,s9904,u2462,Tunisia,Web,Sport Live,1,10,0.5,0.37,10858,2136,CDN_ERROR
2026-01-07 21:05:00,s9905,u901,Tunisia,Smart TV,Series A,1,60,1.5,0.06,7030,1134,BUFFERING_ERROR
2026-01-07 21:06:00,s9906,u2054,Morocco,Web,Documentary D,1,87,0.13,0.32,6703,3269,STARTUP_TIMEOUT
2026-01-07 21:07:00,s9907,u25,Tunisia,Android TV,Kids Show,1,80,0.12,0.46,671,5096,STARTUP_TIMEOUT
2026-01-07 21:08:00,s9908,u1595,Ivory Coast,Mobile,Series A,1,71,1.33,0.35,2184,4784,CDN_ERROR
2026-01-07 21:09:00,s9909,u229,France,STB,Kids Show,1,49,0.26,0.12,678,5507,
2026-01-07 21:10:00,s9910,u1999,Morocco,Web,Series B,1,44,0.4,0.31,2502,2797,STARTUP_TIMEOUT
2026-01-07 21:11:00,s9911,u2433,Tunisia,iOS,Series B,1,32,1.14,0.02,600,4950,BUFFERING_ERROR
2026-01-07 21:12:00,s9912,u1184,Tunisia,STB,Sport Live,1,8,0.49,0.25,11106,5212,LOW_BITRATE
2026-01-07 21:13:00,s9913,u2231,Senegal,iOS,Movie C,1,45,0.12,0.39,3807,1911,
2026-01-07 21:14:00,s9914,u1199,Ivory Coast,STB,Movie C,1,36,1.25,0.53,3966,4984,BUFFERING_ERROR
2026-01-07 21:15:00,s9915,u559,Senegal,Web,Sport Live,1,37,0.47,0.03,10338,835,
2026-01-07 21:16:00,s9916,u1559,Senegal,Web,Movie C,1,66,0.38,0.4,6691,666,
2026-01-07 21:17:00,s9917,u2072,Senegal,Smart TV,Series B,1,54,0.55,0.02,11302,2657,LOW_BITRATE
2026-01-07 21:18:00,s9918,u185,Cameroon,Mobile,Kids Show,1,39,0.78,0.5,5952,2332,AUTH_ERROR
2026-01-07 21:19:00,s9919,u364,Senegal,STB,Documentary D,1,46,0.73,0.44,5413,2235,
2026-01-07 21:20:00,s9920,u1430,Tunisia,Smart TV,Kids Show,1,16,0.18,0.22,9751,1095,
2026-01-07 21:21:00,s9921,u954,Senegal,iOS,Kids Show,1,8,0.17,0.54,11954,5664,
2026-01-07 21:22:00,s9922,u1761,France,STB,Kids Show,1,34,0.96,0.34,1309,5581,STARTUP_TIMEOUT
2026-01-07 21:23:00,s9923,u750,Tunisia,iOS,Series A,1,10,1.35,0.29,3523,1413,STARTUP_TIMEOUT
2026-01-07 21:24:00,s9924,u1350,France,STB,Series B,1,75,1.36,0.5,9029,1780,AUTH_ERROR
2026-01-07 21:25:00,s9925,u1196,Senegal,Smart TV,Documentary D,1,15,1.15,0.4,11585,2977,STARTUP_TIMEOUT
2026-01-07 21:26:00,s9926,u38,Tunisia,Web,Series B,1,21,0.39,0.44,10928,969,BUFFERING_ERROR
2026-01-07 21:27:00,s9927,u797,Senegal,Android TV,Documentary D,1,77,0.98,0.38,9033,3110,STARTUP_TIMEOUT
2026-01-07 21:28:00,s9928,u1716,Cameroon,Mobile,Kids Show,1,80,0.76,0.43,5028,5391,LOW_BITRATE
2026-01-07 21:29:00,s9929,u308,Cameroon,STB,Sport Live,1,63,0.89,0.02,7124,1384,
2026-01-07 21:30:00,s9930,u1563,Morocco,Mobile,Movie C,1,89,0.89,0.08,1721,2454,BUFFERING_ERROR
2026-01-07 21:31:00,s9931,u2474,Morocco,iOS,Movie C,1,2,0.63,0.35,3305,1641,
2026-01-07 21:32:00,s9932,u1343,France,STB,Movie C,1,21,0.3,0.17,11669,5889,BUFFERING_ERROR
2026-01-07 21:33:00,s9933,u980,Cameroon,Android TV,Series B,1,65,1.19,0.04,994,3400,CDN_ERROR
2026-01-07 21:34:00,s9934,u1940,Senegal,STB,Series A,1,80,0.71,0.26,9399,2319,AUTH_ERROR
2026-01-07 21:35:00,s9935,u2125,Tunisia,STB,Kids Show,1,78,0.77,0.24,4536,2830,
2026-01-07 21:36:00,s9936,u1222,Morocco,Mobile,Documentary D,1,85,1.07,0.47,541,2965,LOW_BITRATE
2026-01-07 21:37:00,s9937,u1390,Tunisia,iOS,Sport Live,1,23,0.81,0.35,9937,1901,
2026-01-07 21:38:00,s9938,u898,Senegal,Web,Documentary D,1,66,0.22,0.29,4799,1901,AUTH_ERROR
2026-01-07 21:39:00,s9939,u1617,France,Smart TV,Sport Live,1,7,0.47,0.03,8455,4091,LOW_BITRATE
2026-01-07 21:40:00,s9940,u1534,Cameroon,Android TV,Series B,1,68,0.2,0.49,2577,2631,STARTUP_TIMEOUT
2026-01-07 21:41:00,s9941,u796,Morocco,Mobile,Documentary D,1,8,0.24,0.02,8672,1040,BUFFERING_ERROR
2026-01-07 21:42:00,s9942,u93,Morocco,Mobile,Kids Show,1,81,1.21,0.35,1848,875,LOW_BITRATE
2026-01-07 21:43:00,s9943,u2286,Senegal,Smart TV,Sport Live,1,83,0.19,0.34,11780,2232,LOW_BITRATE
2026-01-07 21:44:00,s9944,u1179,Cameroon,Web,Documentary D,1,28,0.94,0.23,691,4117,
2026-01-07 21:45:00,s9945,u329,Ivory Coast,Smart TV,Series B,1,31,0.61,0.3,6226,3808,LOW_BITRATE
2026-01-07 21:46:00,s9946,u948,Tunisia,Android TV,Series B,1,20,0.44,0.49,7226,3522,
2026-01-07 21:47:00,s9947,u604,Tunisia,Android TV,Sport Live,1,9,0.28,0.29,5881,5539,
2026-01-07 21:48:00,s9948,u1876,Cameroon,iOS,Movie C,1,23,0.34,0.46,1245,4947,BUFFERING_ERROR
2026-01-07 21:49:00,s9949,u3,Senegal,Web,Series A,1,84,0.16,0.25,7077,1535,LOW_BITRATE
2026-01-07 21:50:00,s9950,u360,France,iOS,Sport Live,1,64,0.33,0.5,11147,3584,
2026-01-07 21:51:00,s9951,u582,Morocco,Mobile,Kids Show,1,2,0.23,0.55,583,619,BUFFERING_ERROR
2026-01-07 21:52:00,s9952,u224,Cameroon,Android TV,Documentary D,1,1,0.05,0.51,8400,4410,
2026-01-07 21:53:00,s9953,u1472,France,Mobile,Movie C,1,76,0.47,0.04,1405,2873,
2026-01-07 21:54:00,s9954,u1252,Ivory Coast,Mobile,Movie C,1,83,0.09,0.16,2665,1159,LOW_BITRATE
2026-01-07 21:55:00,s9955,u547,Ivory Coast,Web,Movie C,1,36,0.19,0.49,3167,4632,AUTH_ERROR
2026-01-07 21:56:00,s9956,u1461,Cameroon,iOS,Documentary D,1,88,0.41,0.27,3129,5137,STARTUP_TIMEOUT
2026-01-07 21:57:00,s9957,u2100,Senegal,iOS,Documentary D,1,21,0.49,0.03,5082,5477,STARTUP_TIMEOUT
2026-01-07 21:58:00,s9958,u2107,Tunisia,STB,Movie C,1,50,0.75,0.06,8616,1491,CDN_ERROR
2026-01-07 21:59:00,s9959,u1329,Senegal,Mobile,Series A,1,25,0.43,0.03,5878,5894,
2026-01-07 22:00:00,s9960,u201,Morocco,Mobile,Series B,1,85,0.71,0.55,7289,1498,
2026-01-07 22:01:00,s9961,u666,Morocco,STB,Movie C,1,57,1.12,0.21,4242,5028,
2026-01-07 22:02:00,s9962,u774,Morocco,Web,Documentary D,1,80,0.02,0.18,1791,504,LOW_BITRATE
2026-01-07 22:03:00,s9963,u857,France,iOS,Sport Live,1,69,0.49,0.32,4962,2074,CDN_ERROR
2026-01-07 22:04:00,s9964,u1730,Cameroon,Smart TV,Sport Live,1,19,1.46,0.25,8440,2066,BUFFERING_ERROR
2026-01-07 22:05:00,s9965,u1173,Tunisia,STB,Movie C,1,73,0.57,0.33,920,3112,CDN_ERROR
2026-01-07 22:06:00,s9966,u1587,Cameroon,Web,Series B,1,37,0.34,0.29,5597,1742,AUTH_ERROR
2026-01-07 22:07:00,s9967,u200,France,Mobile,Movie C,1,74,1.09,0.37,5645,5418,
2026-01-07 22:08:00,s9968,u196,Cameroon,iOS,Movie C,1,9,1.25,0.48,7250,2186,BUFFERING_ERROR
2026-01-07 22:09:00,s9969,u737,France,iOS,Series A,1,45,0.43,0.54,7643,485,AUTH_ERROR
2026-01-07 22:10:00,s9970,u1969,France,Android TV,Series A,1,51,1.18,0.03,6732,3601,
2026-01-07 22:11:00,s9971,u513,Senegal,iOS,Series A,1,2,0.57,0.22,2110,769,
2026-01-07 22:12:00,s9972,u49,Morocco,Web,Series A,1,31,1.03,0.09,8460,1594,
2026-01-07 22:13:00,s9973,u1812,France,Smart TV,Movie C,1,51,1.35,0.33,11543,4680,
2026-01-07 22:14:00,s9974,u2260,Morocco,Mobile,Documentary D,1,71,0.66,0.52,8153,5966,
2026-01-07 22:15:00,s9975,u2471,Cameroon,Mobile,Movie C,1,8,0.1,0.26,6698,5097,
2026-01-07 22:16:00,s9976,u1116,Senegal,Smart TV,Sport Live,1,7,0.58,0.35,5345,4381,LOW_BITRATE
2026-01-07 22:17:00,s9977,u1579,Ivory Coast,Android TV,Sport Live,1,53,1.4,0.23,6420,3245,LOW_BITRATE
2026-01-07 22:18:00,s9978,u1590,Senegal,Web,Movie C,1,14,1.04,0.34,8513,5688,AUTH_ERROR
2026-01-07 22:19:00,s9979,u1900,Morocco,Mobile,Series B,1,21,1.06,0.31,2075,4539,
2026-01-07 22:20:00,s9980,u2044,Ivory Coast,Web,Kids Show,1,29,1.32,0.04,4025,3084,AUTH_ERROR
2026-01-07 22:21:00,s9981,u1353,Tunisia,Smart TV,Series B,1,40,1.16,0.33,10240,1205,STARTUP_TIMEOUT
2026-01-07 22:22:00,s9982,u2017,France,Smart TV,Documentary D,1,36,1.11,0.22,1001,2133,BUFFERING_ERROR
2026-01-07 22:23:00,s9983,u2490,Ivory Coast,Android TV,Kids Show,1,28,1.45,0.27,8708,2754,STARTUP_TIMEOUT
2026-01-07 22:24:00,s9984,u1374,Cameroon,Mobile,Movie C,1,80,0.08,0.08,11663,3920,CDN_ERROR
2026-01-07 22:25:00,s9985,u2001,Tunisia,iOS,Documentary D,1,23,0.24,0.26,11990,1310,STARTUP_TIMEOUT
2026-01-07 22:26:00,s9986,u1370,Tunisia,STB,Kids Show,1,41,1.29,0.45,3427,2005,AUTH_ERROR
2026-01-07 22:27:00,s9987,u2355,France,STB,Documentary D,1,62,1.33,0.44,3015,2914,STARTUP_TIMEOUT
2026-01-07 22:28:00,s9988,u934,Cameroon,STB,Kids Show,1,57,1.06,0.48,7707,1168,AUTH_ERROR
2026-01-07 22:29:00,s9989,u424,Morocco,Web,Movie C,1,17,0.21,0.14,11000,418,STARTUP_TIMEOUT
2026-01-07 22:30:00,s9990,u1240,Tunisia,Web,Documentary D,1,11,0.32,0.32,6553,2368,
2026-01-07 22:31:00,s9991,u295,Ivory Coast,STB,Kids Show,1,46,1.27,0.15,10431,1233,
2026-01-07 22:32:00,s9992,u2256,Senegal,Smart TV,Series B,1,77,0.17,0.48,7290,4961,CDN_ERROR
2026-01-07 22:33:00,s9993,u795,Tunisia,iOS,Sport Live,1,49,0.1,0.55,803,2668,LOW_BITRATE
2026-01-07 22:34:00,s9994,u1858,Tunisia,Smart TV,Movie C,1,24,1.43,0.08,1800,1453,CDN_ERROR
2026-01-07 22:35:00,s9995,u1762,Ivory Coast,STB,Series B,1,32,1.18,0.41,1109,5535,
2026-01-07 22:36:00,s9996,u1345,France,Mobile,Kids Show,1,54,0.64,0.2,8321,4336,CDN_ERROR
2026-01-07 22:37:00,s9997,u1516,Tunisia,Android TV,Kids Show,1,53,1.11,0.21,4210,427,CDN_ERROR
2026-01-07 22:38:00,s9998,u2207,Senegal,Smart TV,Series A,1,5,0.16,0.18,8803,2274,
2026-01-07 22:39:00,s9999,u1866,Tunisia,STB,Movie C,1,17,1.35,0.13,10352,5946,AUTH_ERROR
