timestamp,operator,country,bundle_name,platform,content_title,views,watch_time_minutes,revenue,bundle_price,usage_mb,arpu_uplift,churn_risk,buffering_ratio,startup_time_ms,error_code
2026-01-01 00:00:00,Vodacom,Senegal,OTT Weekly Pass,Mobile,Documentary D,1,17,3.42,4.99,786,2.44,Medium,0.25,1582,BUFFERING_ERROR
2026-01-01 00:01:00,MTN,Cameroon,Premium Sports Bundle,Web,Documentary D,1,89,2.31,4.99,4239,1.87,Low,0.32,7887,
2026-01-01 00:02:00,Moov,Ivory Coast,OTT Daily Pass,STB,Documentary D,1,18,4.6,14.99,4650,2.09,Medium,0.38,1560,LOW_BITRATE
2026-01-01 00:03:00,Orange,Senegal,OTT Daily Pass,STB,Series A,1,11,1.0,1.99,765,0.2,Low,0.11,5625,LOW_BITRATE
2026-01-01 00:04:00,Airtel,Benin,Premium Sports Bundle,Smart TV,Series A,1,53,7.75,14.99,1355,2.62,Medium,0.19,8851,LOW_BITRATE
2026-01-01 00:05:00,Orange,Senegal,OTT Weekly Pass,STB,Documentary D,1,74,1.34,1.99,3989,0.29,High,0.09,6314,
2026-01-01 00:06:00,Orange,Rwanda,OTT Weekly Pass,Mobile,Kids Show,1,44,2.96,4.99,1143,2.99,High,0.34,4970,
2026-01-01 00:07:00,MTN,Cameroon,OTT Weekly Pass,STB,Series A,1,91,3.4,9.99,851,3.11,Low,0.26,2918,
2026-01-01 00:08:00,Moov,Cameroon,Family Entertainment,Mobile,Kids Show,1,75,1.69,4.99,964,0.95,High,0.05,5484,LOW_BITRATE
2026-01-01 00:09:00,Airtel,Benin,Premium Sports Bundle,Web,Series A,1,114,6.59,14.99,3685,0.44,Low,0.42,1515,
2026-01-01 00:10:00,Vodacom,Senegal,Family Entertainment,Mobile,Documentary D,1,32,5.7,9.99,815,3.21,Medium,0.28,6438,LOW_BITRATE
2026-01-01 00:11:00,MTN,Cameroon,OTT Daily Pass,Smart TV,Movie C,1,40,4.11,9.99,4754,0.57,Low,0.29,8783,BUFFERING_ERROR
2026-01-01 00:12:00,Orange,Morocco,Family Entertainment,Mobile,Movie C,1,84,1.09,1.99,3902,2.85,Low,0.33,5462,AUTH_ERROR
2026-01-01 00:13:00,MTN,Morocco,OTT Daily Pass,Web,Sport Live,1,52,3.6,9.99,955,2.04,Low,0.1,5131,
2026-01-01 00:14:00,Moov,Cameroon,OTT Daily Pass,Mobile,Movie C,1,105,2.16,4.99,2614,0.39,High,0.33,8910,
2026-01-01 00:15:00,Orange,Benin,Premium Sports Bundle,STB,Documentary D,1,5,9.34,14.99,3559,2.47,Medium,0.21,8349,
2026-01-01 00:16:00,Vodacom,Rwanda,Family Entertainment,Web,Movie C,1,77,1.03,1.99,3360,3.12,High,0.18,6280,
2026-01-01 00:17:00,Moov,Benin,Premium Sports Bundle,Mobile,Documentary D,1,100,9.63,14.99,3994,0.19,Medium,0.29,4434,AUTH_ERROR
2026-01-01 00:18:00,Moov,Ivory Coast,OTT Daily Pass,Web,Kids Show,1,22,1.23,1.99,4003,1.94,Low,0.07,5671,
2026-01-01 00:19:00,Airtel,Senegal,Zero-Rating Bundle,Mobile,Kids Show,1,57,3.54,9.99,2345,1.09,Low,0.38,3987,AUTH_ERROR
2026-01-01 00:20:00,MTN,Rwanda,Premium Sports Bundle,Smart TV,Sport Live,1,74,6.05,9.99,1184,2.27,Low,0.28,1704,AUTH_ERROR
2026-01-01 00:21:00,Vodacom,Rwanda,OTT Weekly Pass,Smart TV,Series A,1,74,3.92,9.99,3701,1.55,High,0.11,7192,
2026-01-01 00:22:00,Orange,Benin,Zero-Rating Bundle,Web,Movie C,1,82,9.76,14.99,1169,1.42,Low,0.37,5812,
2026-01-01 00:23:00,MTN,Benin,OTT Weekly Pass,Smart TV,Kids Show,1,96,8.93,14.99,2925,0.52,Low,0.22,8124,AUTH_ERROR
2026-01-01 00:24:00,MTN,Benin,OTT Daily Pass,Mobile,Series A,1,99,2.11,4.99,833,1.9,High,0.04,3416,
2026-01-01 00:25:00,Airtel,Ivory Coast,Premium Sports Bundle,Smart TV,Movie C,1,36,7.47,14.99,1276,3.04,Medium,0.26,7925,
2026-01-01 00:26:00,Moov,Ivory Coast,Premium Sports Bundle,STB,Documentary D,1,59,3.01,9.99,2443,1.36,High,0.01,4466,AUTH_ERROR
2026-01-01 00:27:00,Airtel,Benin,Zero-Rating Bundle,Mobile,Series A,1,38,0.89,1.99,3435,0.75,High,0.03,2545,AUTH_ERROR
2026-01-01 00:28:00,Airtel,Morocco,Family Entertainment,Web,Documentary D,1,56,5.71,9.99,3989,2.62,High,0.35,7540,LOW_BITRATE
2026-01-01 00:29:00,Airtel,Morocco,OTT Weekly Pass,Smart TV,Sport Live,1,42,3.33,4.99,4433,2.6,High,0.37,7746,BUFFERING_ERROR
2026-01-01 00:30:00,Vodacom,Morocco,Family Entertainment,STB,Documentary D,1,111,0.98,1.99,4257,2.89,Low,0.06,1961,AUTH_ERROR
2026-01-01 00:31:00,Vodacom,Morocco,OTT Weekly Pass,Smart TV,Documentary D,1,92,3.03,4.99,4892,2.31,High,0.43,7648,BUFFERING_ERROR
2026-01-01 00:32:00,Airtel,Senegal,Family Entertainment,STB,Documentary D,1,110,8.55,14.99,3967,0.45,Low,0.32,5130,BUFFERING_ERROR
2026-01-01 00:33:00,Airtel,Morocco,Family Entertainment,Smart TV,Series A,1,22,1.28,1.99,2627,1.98,High,0.29,4098,BUFFERING_ERROR
2026-01-01 00:34:00,MTN,Rwanda,Premium Sports Bundle,Web,Documentary D,1,72,5.87,9.99,4474,1.16,Low,0.39,8533,
2026-01-01 00:35:00,MTN,Senegal,Zero-Rating Bundle,Mobile,Movie C,1,101,5.4,14.99,276,2.2,High,0.08,3407,
2026-01-01 00:36:00,MTN,Rwanda,Zero-Rating Bundle,STB,Kids Show,1,6,2.72,4.99,2248,1.88,High,0.21,2845,
2026-01-01 00:37:00,Airtel,Rwanda,Zero-Rating Bundle,STB,Movie C,1,120,1.7,4.99,910,2.66,High,0.44,8518,LOW_BITRATE
2026-01-01 00:38:00,Moov,Cameroon,Premium Sports Bundle,STB,Documentary D,1,117,4.92,14.99,3181,1.34,High,0.05,3984,AUTH_ERROR
2026-01-01 00:39:00,Airtel,Ivory Coast,Family Entertainment,STB,Series A,1,81,1.01,1.99,4594,1.79,Low,0.35,8976,AUTH_ERROR
2026-01-01 00:40:00,Vodacom,Morocco,OTT Weekly Pass,Smart TV,Documentary D,1,74,0.64,1.99,4895,0.44,Low,0.05,6504,
2026-01-01 00:41:00,MTN,Senegal,OTT Weekly Pass,Smart TV,Sport Live,1,13,0.84,1.99,1912,0.48,Low,0.43,7714,LOW_BITRATE
2026-01-01 00:42:00,MTN,Benin,Family Entertainment,Mobile,Kids Show,1,46,5.92,14.99,4813,3.36,Medium,0.22,6828,BUFFERING_ERROR
2026-01-01 00:43:00,Vodacom,Rwanda,Family Entertainment,Web,Movie C,1,94,6.77,14.99,4414,0.27,High,0.23,2685,
2026-01-01 00:44:00,Moov,Cameroon,OTT Weekly Pass,Mobile,Kids Show,1,35,1.17,1.99,4581,1.34,High,0.33,2584,LOW_BITRATE
2026-01-01 00:45:00,Vodacom,Cameroon,OTT Daily Pass,Web,Series A,1,49,2.18,4.99,2829,0.31,High,0.19,6761,AUTH_ERROR
2026-01-01 00:46:00,Orange,Senegal,OTT Weekly Pass,Mobile,Movie C,1,36,1.02,1.99,1055,1.36,Low,0.13,2047,BUFFERING_ERROR
2026-01-01 00:47:00,Moov,Senegal,Zero-Rating Bundle,Web,Movie C,1,116,2.3,4.99,1634,3.38,High,0.2,755,LOW_BITRATE
2026-01-01 00:48:00,Vodacom,Ivory Coast,Zero-Rating Bundle,Mobile,Movie C,1,57,9.78,14.99,1441,3.44,Low,0.05,6361,
2026-01-01 00:49:00,Vodacom,Benin,Zero-Rating Bundle,Mobile,Kids Show,1,50,0.99,1.99,2225,2.55,High,0.11,895,LOW_BITRATE
2026-01-01 00:50:00,Moov,Ivory Coast,Premium Sports Bundle,Smart TV,Sport Live,1,24,3.02,4.99,1525,1.41,Low,0.33,2086,LOW_BITRATE
2026-01-01 00:51:00,MTN,Cameroon,OTT Daily Pass,Mobile,Series A,1,110,9.71,14.99,4060,2.53,Medium,0.19,2250,
2026-01-01 00:52:00,Airtel,Benin,Zero-Rating Bundle,STB,Documentary D,1,65,3.46,4.99,283,1.38,High,0.17,7407,LOW_BITRATE
2026-01-01 00:53:00,Moov,Morocco,OTT Weekly Pass,STB,Kids Show,1,71,8.67,14.99,293,1.21,High,0.39,8134,
2026-01-01 00:54:00,Vodacom,Senegal,OTT Daily Pass,Smart TV,Documentary D,1,85,4.83,14.99,1377,0.85,Low,0.44,5948,
2026-01-01 00:55:00,MTN,Benin,Premium Sports Bundle,Mobile,Kids Show,1,12,8.1,14.99,4329,2.23,Low,0.05,1311,LOW_BITRATE
2026-01-01 00:56:00,Vodacom,Cameroon,Premium Sports Bundle,Mobile,Movie C,1,69,0.97,1.99,2288,1.79,High,0.03,3541,
2026-01-01 00:57:00,Orange,Ivory Coast,Family Entertainment,Web,Kids Show,1,119,7.13,14.99,636,1.86,Low,0.33,4907,
2026-01-01 00:58:00,MTN,Benin,Zero-Rating Bundle,STB,Kids Show,1,29,1.23,1.99,2920,0.48,Low,0.31,3249,BUFFERING_ERROR
2026-01-01 00:59:00,Moov,Rwanda,Premium Sports Bundle,Smart TV,Documentary D,1,54,0.77,1.99,2751,1.21,Medium,0.21,2858,LOW_BITRATE
2026-01-01 01:00:00,Vodacom,Rwanda,Zero-Rating Bundle,Smart TV,Kids Show,1,82,2.71,4.99,2171,0.59,Low,0.35,1037,BUFFERING_ERROR
2026-01-01 01:01:00,Moov,Senegal,Premium Sports Bundle,Web,Sport Live,1,41,9.93,14.99,2274,0.45,High,0.05,6792,
2026-01-01 01:02:00,Moov,Cameroon,Premium Sports Bundle,Web,Documentary D,1,64,3.37,4.99,3666,0.7,Low,0.09,4097,
2026-01-01 01:03:00,Moov,Senegal,Zero-Rating Bundle,Smart TV,Kids Show,1,12,2.6,4.99,3194,0.66,High,0.18,1663,LOW_BITRATE
2026-01-01 01:04:00,Vodacom,Rwanda,Premium Sports Bundle,Web,Documentary D,1,111,2.52,4.99,4555,1.82,Medium,0.11,5397,AUTH_ERROR
2026-01-01 01:05:00,Moov,Cameroon,Premium Sports Bundle,STB,Movie C,1,19,1.13,1.99,2413,0.17,Medium,0.13,712,BUFFERING_ERROR
2026-01-01 01:06:00,Moov,Rwanda,Zero-Rating Bundle,STB,Sport Live,1,27,6.2,9.99,4809,0.67,High,0.31,7939,AUTH_ERROR
2026-01-01 01:07:00,Airtel,Rwanda,OTT Daily Pass,STB,Sport Live,1,61,6.97,9.99,4206,0.37,Medium,0.16,1762,
2026-01-01 01:08:00,Vodacom,Morocco,OTT Daily Pass,Smart TV,Sport Live,1,28,1.13,1.99,1237,2.31,High,0.33,597,
2026-01-01 01:09:00,Orange,Ivory Coast,OTT Daily Pass,STB,Documentary D,1,17,8.57,14.99,885,0.27,High,0.44,7979,LOW_BITRATE
2026-01-01 01:10:00,Orange,Ivory Coast,Zero-Rating Bundle,Web,Movie C,1,50,2.52,4.99,4557,0.46,Medium,0.22,1831,AUTH_ERROR
2026-01-01 01:11:00,MTN,Cameroon,Zero-Rating Bundle,Mobile,Kids Show,1,115,1.05,1.99,4549,2.96,Low,0.06,6367,BUFFERING_ERROR
2026-01-01 01:12:00,Moov,Ivory Coast,Zero-Rating Bundle,Smart TV,Movie C,1,104,6.07,9.99,3631,1.72,High,0.14,3853,LOW_BITRATE
2026-01-01 01:13:00,Moov,Cameroon,OTT Daily Pass,Mobile,Kids Show,1,43,3.69,9.99,4455,0.27,High,0.13,6466,BUFFERING_ERROR
2026-01-01 01:14:00,Airtel,Cameroon,OTT Daily Pass,STB,Movie C,1,25,6.06,9.99,1621,0.94,Medium,0.1,3631,
2026-01-01 01:15:00,MTN,Morocco,Family Entertainment,Smart TV,Kids Show,1,21,3.43,9.99,1303,0.4,High,0.2,7227,LOW_BITRATE
2026-01-01 01:16:00,Vodacom,Rwanda,Family Entertainment,Smart TV,Series A,1,37,9.89,14.99,2974,0.92,High,0.18,8171,
2026-01-01 01:17:00,Vodacom,Cameroon,Family Entertainment,Web,Movie C,1,90,5.32,14.99,3395,1.3,Low,0.16,7795,
2026-01-01 01:18:00,Airtel,Rwanda,Zero-Rating Bundle,Web,Series A,1,103,3.45,4.99,681,1.21,High,0.41,2480,
2026-01-01 01:19:00,Vodacom,Morocco,Zero-Rating Bundle,Mobile,Kids Show,1,111,2.85,4.99,3851,0.43,Low,0.42,2071,
2026-01-01 01:20:00,MTN,Morocco,Premium Sports Bundle,STB,Movie C,1,109,6.96,9.99,2586,2.95,High,0.44,2375,
2026-01-01 01:21:00,MTN,Senegal,Zero-Rating Bundle,Smart TV,Series A,1,106,3.23,4.99,782,3.37,High,0.19,6187,
2026-01-01 01:22:00,Airtel,Morocco,OTT Daily Pass,Smart TV,Sport Live,1,8,1.19,1.99,775,0.21,Low,0.01,2998,BUFFERING_ERROR
2026-01-01 01:23:00,Orange,Ivory Coast,Family Entertainment,STB,Documentary D,1,48,2.83,4.99,509,0.72,High,0.23,5963,BUFFERING_ERROR
2026-01-01 01:24:00,Orange,Ivory Coast,OTT Daily Pass,Web,Series A,1,84,1.7,4.99,1898,1.44,Medium,0.05,8614,
2026-01-01 01:25:00,Airtel,Morocco,Premium Sports Bundle,Smart TV,Sport Live,1,5,6.4,14.99,3711,0.73,Low,0.1,1627,
2026-01-01 01:26:00,Airtel,Morocco,Premium Sports Bundle,STB,Kids Show,1,46,4.06,9.99,3639,2.93,Low,0.25,4065,
2026-01-01 01:27:00,MTN,Morocco,Family Entertainment,Smart TV,Kids Show,1,22,3.66,9.99,960,2.38,Low,0.03,6884,AUTH_ERROR
2026-01-01 01:28:00,Airtel,Benin,Premium Sports Bundle,Smart TV,Kids Show,1,33,2.42,4.99,605,2.91,High,0.31,2153,LOW_BITRATE
2026-01-01 01:29:00,Orange,Senegal,Zero-Rating Bundle,Mobile,Movie C,1,118,5.95,14.99,4813,1.94,Medium,0.4,1009,
2026-01-01 01:30:00,Orange,Cameroon,Family Entertainment,Mobile,Series A,1,12,6.16,9.99,2868,1.49,High,0.45,7885,
2026-01-01 01:31:00,Airtel,Benin,Family Entertainment,Smart TV,Series A,1,38,0.83,1.99,4204,2.54,Low,0.11,4769,
2026-01-01 01:32:00,Vodacom,Benin,Family Entertainment,Web,Series A,1,35,4.88,9.99,1993,1.52,Low,0.35,7766,LOW_BITRATE
2026-01-01 01:33:00,Vodacom,Cameroon,Premium Sports Bundle,Web,Series A,1,99,0.84,1.99,4294,0.49,High,0.24,5159,BUFFERING_ERROR
2026-01-01 01:34:00,Moov,Benin,OTT Weekly Pass,Web,Sport Live,1,85,8.25,14.99,2785,3.24,Low,0.34,3827,AUTH_ERROR
2026-01-01 01:35:00,Orange,Morocco,OTT Daily Pass,STB,Sport Live,1,108,1.0,1.99,331,1.2,High,0.1,4159,LOW_BITRATE
2026-01-01 01:36:00,MTN,Rwanda,Zero-Rating Bundle,STB,Movie C,1,116,6.94,9.99,413,2.34,High,0.09,2051,BUFFERING_ERROR
2026-01-01 01:37:00,Moov,Morocco,Family Entertainment,STB,Series A,1,96,0.74,1.99,597,1.17,Low,0.02,3507,AUTH_ERROR
2026-01-01 01:38:00,Airtel,Rwanda,Zero-Rating Bundle,Smart TV,Sport Live,1,85,1.27,1.99,1599,1.31,Low,0.06,6756,
2026-01-01 01:39:00,Vodacom,Ivory Coast,OTT Daily Pass,STB,Kids Show,1,117,3.99,9.99,1194,2.85,Low,0.39,1797,
2026-01-01 01:40:00,Moov,Rwanda,Family Entertainment,Smart TV,Sport Live,1,83,3.48,4.99,3063,2.43,High,0.08,7150,AUTH_ERROR
2026-01-01 01:41:00,MTN,Senegal,Premium Sports Bundle,STB,Kids Show,1,78,2.99,4.99,896,1.56,Low,0.21,1126,LOW_BITRATE
2026-01-01 01:42:00,Moov,Rwanda,Family Entertainment,Web,Documentary D,1,52,7.04,14.99,1785,2.54,Low,0.4,3147,
2026-01-01 01:43:00,Airtel,Morocco,Premium Sports Bundle,STB,Documentary D,1,20,5.94,9.99,3451,3.34,Low,0.22,2175,
2026-01-01 01:44:00,Orange,Rwanda,OTT Daily Pass,Web,Movie C,1,14,3.39,4.99,1051,1.03,High,0.1,8710,
2026-01-01 01:45:00,Vodacom,Cameroon,Premium Sports Bundle,STB,Sport Live,1,105,1.16,1.99,2023,3.49,High,0.07,8050,AUTH_ERROR
2026-01-01 01:46:00,Vodacom,Benin,OTT Weekly Pass,Web,Sport Live,1,58,6.28,9.99,4957,3.48,Medium,0.41,7458,
2026-01-01 01:47:00,Vodacom,Benin,OTT Daily Pass,STB,Kids Show,1,99,0.9,1.99,2426,3.38,High,0.34,2491,
2026-01-01 01:48:00,Orange,Morocco,OTT Daily Pass,Mobile,Kids Show,1,79,1.61,4.99,3760,2.32,High,0.05,1848,BUFFERING_ERROR
2026-01-01 01:49:00,Vodacom,Cameroon,Premium Sports Bundle,STB,Documentary D,1,40,7.75,14.99,1256,1.61,High,0.35,8324,
2026-01-01 01:50:00,Vodacom,Morocco,Premium Sports Bundle,Smart TV,Series A,1,96,6.15,14.99,899,2.38,Low,0.38,4912,BUFFERING_ERROR
2026-01-01 01:51:00,Orange,Benin,Premium Sports Bundle,Web,Sport Live,1,105,9.95,14.99,817,0.9,High,0.43,7713,
2026-01-01 01:52:00,Airtel,Senegal,Premium Sports Bundle,Smart TV,Kids Show,1,92,7.31,14.99,2299,3.1,Medium,0.19,4548,AUTH_ERROR
2026-01-01 01:53:00,Moov,Ivory Coast,Zero-Rating Bundle,Web,Series A,1,101,6.51,14.99,4965,2.73,High,0.29,7461,
2026-01-01 01:54:00,Airtel,Ivory Coast,Premium Sports Bundle,Smart TV,Movie C,1,110,2.2,4.99,1896,1.95,Low,0.12,4675,
2026-01-01 01:55:00,Vodacom,Senegal,Premium Sports Bundle,Web,Series A,1,107,3.06,9.99,828,2.65,Medium,0.11,1088,
2026-01-01 01:56:00,Orange,Ivory Coast,Premium Sports Bundle,Mobile,Series A,1,54,1.62,4.99,2475,3.29,Low,0.03,8815,
2026-01-01 01:57:00,Moov,Morocco,Zero-Rating Bundle,Smart TV,Kids Show,1,36,5.33,9.99,3852,2.45,High,0.43,4583,
2026-01-01 01:58:00,Orange,Benin,Premium Sports Bundle,Mobile,Movie C,1,30,2.45,4.99,433,2.94,Medium,0.28,8134,
2026-01-01 01:59:00,MTN,Rwanda,Zero-Rating Bundle,STB,Sport Live,1,50,1.18,1.99,2133,2.61,High,0.02,4258,
2026-01-01 02:00:00,MTN,Morocco,Family Entertainment,Mobile,Sport Live,1,33,3.3,9.99,4032,1.95,Medium,0.24,7484,
2026-01-01 02:01:00,Vodacom,Rwanda,Zero-Rating Bundle,Mobile,Sport Live,1,70,1.25,1.99,952,1.15,High,0.19,1276,AUTH_ERROR
2026-01-01 02:02:00,Orange,Ivory Coast,Family Entertainment,STB,Series A,1,32,5.29,9.99,595,2.86,Medium,0.27,4148,AUTH_ERROR
2026-01-01 02:03:00,Airtel,Rwanda,Family Entertainment,Smart TV,Series A,1,13,5.33,9.99,1292,0.76,High,0.29,6747,
2026-01-01 02:04:00,Moov,Morocco,OTT Daily Pass,STB,Series A,1,85,5.94,14.99,1628,0.38,High,0.3,6342,
2026-01-01 02:05:00,Airtel,Senegal,OTT Weekly Pass,Smart TV,Movie C,1,83,2.08,4.99,177,0.55,Medium,0.31,2723,
2026-01-01 02:06:00,MTN,Morocco,Zero-Rating Bundle,STB,Movie C,1,80,0.69,1.99,2648,2.02,Medium,0.34,2284,LOW_BITRATE
2026-01-01 02:07:00,Vodacom,Ivory Coast,OTT Weekly Pass,Mobile,Documentary D,1,108,3.49,4.99,2897,2.75,Low,0.4,4664,
2026-01-01 02:08:00,MTN,Rwanda,Premium Sports Bundle,Smart TV,Movie C,1,92,5.66,9.99,3134,2.63,Medium,0.09,3161,
2026-01-01 02:09:00,Orange,Rwanda,Zero-Rating Bundle,STB,Documentary D,1,25,5.74,14.99,1327,2.69,High,0.2,5692,
2026-01-01 02:10:00,MTN,Ivory Coast,Family Entertainment,Mobile,Sport Live,1,59,2.69,4.99,3078,2.26,Low,0.43,3726,AUTH_ERROR
2026-01-01 02:11:00,Moov,Senegal,OTT Weekly Pass,Smart TV,Kids Show,1,69,5.19,14.99,4443,1.72,High,0.14,2617,
2026-01-01 02:12:00,Orange,Ivory Coast,Family Entertainment,Smart TV,Movie C,1,27,0.72,1.99,3453,0.39,Low,0.32,6188,
2026-01-01 02:13:00,Vodacom,Ivory Coast,Zero-Rating Bundle,Web,Sport Live,1,118,3.2,4.99,693,2.07,Low,0.33,5488,
2026-01-01 02:14:00,Airtel,Cameroon,Premium Sports Bundle,Mobile,Series A,1,78,2.85,4.99,1624,0.68,High,0.05,8189,BUFFERING_ERROR
2026-01-01 02:15:00,Airtel,Senegal,Premium Sports Bundle,Smart TV,Kids Show,1,9,3.46,4.99,4097,0.32,Low,0.35,1187,LOW_BITRATE
2026-01-01 02:16:00,Moov,Morocco,Zero-Rating Bundle,STB,Documentary D,1,115,2.23,4.99,411,0.87,Low,0.18,7125,LOW_BITRATE
2026-01-01 02:17:00,Vodacom,Morocco,Family Entertainment,Mobile,Movie C,1,113,3.13,4.99,515,2.55,Low,0.25,5898,BUFFERING_ERROR
2026-01-01 02:18:00,Orange,Benin,Family Entertainment,Web,Sport Live,1,69,5.78,14.99,3725,1.05,Medium,0.1,2451,LOW_BITRATE
2026-01-01 02:19:00,Moov,Benin,OTT Weekly Pass,Smart TV,Series A,1,58,5.37,14.99,1167,2.3,Low,0.17,3245,
2026-01-01 02:20:00,Orange,Cameroon,Premium Sports Bundle,Mobile,Documentary D,1,15,1.08,1.99,1857,2.59,Medium,0.1,2057,
2026-01-01 02:21:00,Moov,Morocco,Zero-Rating Bundle,Web,Documentary D,1,7,7.51,14.99,299,0.95,Low,0.21,5441,
2026-01-01 02:22:00,Vodacom,Cameroon,OTT Weekly Pass,Web,Kids Show,1,113,1.03,1.99,4833,1.64,Low,0.42,5710,
2026-01-01 02:23:00,MTN,Cameroon,OTT Weekly Pass,Mobile,Kids Show,1,26,8.02,14.99,3406,2.96,Low,0.04,8965,BUFFERING_ERROR
2026-01-01 02:24:00,Airtel,Rwanda,Premium Sports Bundle,STB,Documentary D,1,61,6.31,14.99,3578,1.72,High,0.02,5871,
2026-01-01 02:25:00,Moov,Senegal,OTT Daily Pass,STB,Sport Live,1,114,9.2,14.99,1736,0.51,High,0.38,1223,
2026-01-01 02:26:00,MTN,Rwanda,Family Entertainment,STB,Kids Show,1,80,6.38,9.99,2869,2.12,Medium,0.09,3847,
2026-01-01 02:27:00,Orange,Senegal,Family Entertainment,Web,Movie C,1,108,4.3,9.99,1359,0.74,Low,0.18,1066,
2026-01-01 02:28:00,Airtel,Benin,OTT Daily Pass,Mobile,Kids Show,1,61,0.91,1.99,2415,2.83,Low,0.1,3171,
2026-01-01 02:29:00,Orange,Ivory Coast,Premium Sports Bundle,Web,Kids Show,1,54,1.78,4.99,3811,2.83,Medium,0.14,8691,AUTH_ERROR
2026-01-01 02:30:00,Orange,Senegal,Family Entertainment,STB,Kids Show,1,105,4.16,9.99,4848,1.02,Low,0.04,8938,BUFFERING_ERROR
2026-01-01 02:31:00,Moov,Benin,Zero-Rating Bundle,STB,Movie C,1,6,7.23,14.99,3350,2.55,Low,0.43,1152,
2026-01-01 02:32:00,MTN,Morocco,Premium Sports Bundle,Mobile,Series A,1,28,1.88,4.99,4302,1.4,Medium,0.35,6896,
2026-01-01 02:33:00,Airtel,Senegal,OTT Weekly Pass,Smart TV,Movie C,1,108,3.95,9.99,3441,1.41,Medium,0.44,5153,AUTH_ERROR
2026-01-01 02:34:00,Moov,Rwanda,Zero-Rating Bundle,Web,Series A,1,24,6.79,9.99,3068,0.23,High,0.41,7946,
2026-01-01 02:35:00,MTN,Morocco,OTT Daily Pass,STB,Movie C,1,27,5.32,14.99,3302,0.57,Low,0.28,6114,BUFFERING_ERROR
2026-01-01 02:36:00,Moov,Rwanda,OTT Daily Pass,Mobile,Sport Live,1,102,2.89,4.99,2767,1.02,Medium,0.17,5741,AUTH_ERROR
2026-01-01 02:37:00,Airtel,Ivory Coast,OTT Daily Pass,Web,Kids Show,1,48,1.56,4.99,4556,0.66,High,0.33,4292,BUFFERING_ERROR
2026-01-01 02:38:00,Moov,Morocco,Family Entertainment,STB,Kids Show,1,85,8.89,14.99,4936,1.92,High,0.24,7369,
2026-01-01 02:39:00,Airtel,Rwanda,OTT Weekly Pass,Web,Documentary D,1,109,6.91,9.99,2117,0.62,Low,0.07,1410,BUFFERING_ERROR
2026-01-01 02:40:00,Vodacom,Ivory Coast,OTT Weekly Pass,STB,Movie C,1,22,3.06,9.99,2437,0.15,Medium,0.24,1925,
2026-01-01 02:41:00,Vodacom,Senegal,OTT Weekly Pass,STB,Sport Live,1,64,0.81,1.99,1139,0.5,Low,0.17,5160,
2026-01-01 02:42:00,Orange,Benin,Family Entertainment,Web,Documentary D,1,91,9.85,14.99,4449,2.09,Low,0.39,2589,
2026-01-01 02:43:00,Orange,Morocco,Family Entertainment,STB,Documentary D,1,81,0.93,1.99,472,0.72,Low,0.18,5876,AUTH_ERROR
2026-01-01 02:44:00,Airtel,Rwanda,Premium Sports Bundle,Mobile,Series A,1,27,9.06,14.99,1698,1.28,Medium,0.16,8692,LOW_BITRATE
2026-01-01 02:45:00,Vodacom,Benin,OTT Daily Pass,Mobile,Kids Show,1,35,8.3,14.99,4432,2.79,Medium,0.11,1364,LOW_BITRATE
2026-01-01 02:46:00,Orange,Ivory Coast,Family Entertainment,Web,Documentary D,1,37,5.03,14.99,460,3.34,Medium,0.3,2685,LOW_BITRATE
2026-01-01 02:47:00,Moov,Rwanda,Premium Sports Bundle,Web,Kids Show,1,30,5.95,9.99,3611,2.18,High,0.03,7718,
2026-01-01 02:48:00,Airtel,Cameroon,Family Entertainment,STB,Series A,1,52,9.16,14.99,3174,2.66,Medium,0.12,8987,
2026-01-01 02:49:00,Airtel,Rwanda,Zero-Rating Bundle,Mobile,Documentary D,1,60,6.42,9.99,4642,2.88,Medium,0.43,7581,AUTH_ERROR
2026-01-01 02:50:00,Moov,Benin,Premium Sports Bundle,Smart TV,Sport Live,1,49,4.67,9.99,529,1.7,Low,0.33,2166,
2026-01-01 02:51:00,Vodacom,Benin,OTT Weekly Pass,STB,Documentary D,1,67,0.93,1.99,1956,0.51,Low,0.11,6601,
2026-01-01 02:52:00,MTN,Benin,Premium Sports Bundle,Web,Kids Show,1,101,3.47,9.99,4306,0.19,Low,0.1,2080,BUFFERING_ERROR
2026-01-01 02:53:00,Airtel,Ivory Coast,OTT Daily Pass,Mobile,Kids Show,1,96,10.2,14.99,3573,1.48,Medium,0.06,6073,
2026-01-01 02:54:00,Airtel,Benin,Premium Sports Bundle,Smart TV,Documentary D,1,101,7.68,14.99,3457,1.35,Medium,0.15,1123,LOW_BITRATE
2026-01-01 02:55:00,Airtel,Benin,Family Entertainment,STB,Sport Live,1,7,10.26,14.99,3779,1.03,Low,0.17,5453,AUTH_ERROR
2026-01-01 02:56:00,Orange,Benin,Zero-Rating Bundle,Smart TV,Movie C,1,69,2.96,4.99,4328,3.44,Medium,0.06,4986,AUTH_ERROR
2026-01-01 02:57:00,Airtel,Cameroon,Family Entertainment,Mobile,Series A,1,91,4.71,9.99,451,3.16,High,0.12,2379,
2026-01-01 02:58:00,MTN,Rwanda,Family Entertainment,Smart TV,Kids Show,1,3,8.39,14.99,4344,0.31,Medium,0.26,7595,LOW_BITRATE
2026-01-01 02:59:00,Vodacom,Cameroon,Zero-Rating Bundle,Mobile,Documentary D,1,88,5.62,9.99,3024,1.28,High,0.38,5135,AUTH_ERROR
2026-01-01 03:00:00,Moov,Morocco,OTT Daily Pass,Mobile,Movie C,1,28,8.63,14.99,4499,0.85,Medium,0.09,5918,AUTH_ERROR
2026-01-01 03:01:00,Airtel,Benin,Premium Sports Bundle,Web,Kids Show,1,58,0.82,1.99,4689,2.69,High,0.42,6173,
2026-01-01 03:02:00,Vodacom,Cameroon,OTT Daily Pass,Smart TV,Movie C,1,39,2.55,4.99,2154,1.33,Medium,0.21,8663,
2026-01-01 03:03:00,MTN,Benin,Family Entertainment,STB,Documentary D,1,67,1.38,1.99,4594,1.16,Medium,0.19,8182,AUTH_ERROR
2026-01-01 03:04:00,Vodacom,Benin,Premium Sports Bundle,Web,Kids Show,1,96,1.18,1.99,4645,1.81,High,0.39,3322,LOW_BITRATE
2026-01-01 03:05:00,Vodacom,Rwanda,OTT Weekly Pass,STB,Documentary D,1,120,10.11,14.99,4459,3.49,Low,0.42,4918,
2026-01-01 03:06:00,Orange,Ivory Coast,Family Entertainment,Web,Movie C,1,97,3.24,4.99,2151,3.4,Medium,0.21,5746,AUTH_ERROR
2026-01-01 03:07:00,Vodacom,Senegal,Zero-Rating Bundle,Mobile,Series A,1,25,2.4,4.99,1969,3.48,High,0.16,5244,BUFFERING_ERROR
2026-01-01 03:08:00,Moov,Cameroon,OTT Daily Pass,Mobile,Kids Show,1,119,5.39,9.99,3363,0.79,High,0.3,1821,LOW_BITRATE
2026-01-01 03:09:00,Orange,Morocco,OTT Daily Pass,Mobile,Series A,1,67,2.21,4.99,1827,2.95,Low,0.08,2960,BUFFERING_ERROR
2026-01-01 03:10:00,Orange,Ivory Coast,OTT Daily Pass,Mobile,Sport Live,1,45,6.14,9.99,4117,2.39,High,0.06,2621,LOW_BITRATE
2026-01-01 03:11:00,Vodacom,Ivory Coast,Family Entertainment,Smart TV,Series A,1,56,2.02,4.99,2301,1.17,High,0.13,5621,
2026-01-01 03:12:00,Moov,Rwanda,OTT Weekly Pass,Mobile,Series A,1,26,1.59,4.99,4121,1.08,Low,0.23,8221,
2026-01-01 03:13:00,Airtel,Benin,OTT Daily Pass,STB,Sport Live,1,111,6.77,9.99,2038,2.72,Medium,0.09,2684,
2026-01-01 03:14:00,Moov,Cameroon,Zero-Rating Bundle,STB,Documentary D,1,102,2.44,4.99,4123,3.38,Medium,0.19,3386,AUTH_ERROR
2026-01-01 03:15:00,Orange,Cameroon,Premium Sports Bundle,Smart TV,Movie C,1,71,7.78,14.99,4039,1.01,High,0.4,1867,
2026-01-01 03:16:00,Airtel,Senegal,Zero-Rating Bundle,Web,Movie C,1,89,0.88,1.99,1377,0.42,High,0.09,5635,
2026-01-01 03:17:00,Moov,Rwanda,OTT Weekly Pass,STB,Documentary D,1,98,8.23,14.99,1743,2.77,High,0.26,4743,
2026-01-01 03:18:00,Orange,Benin,Family Entertainment,Smart TV,Documentary D,1,91,4.86,9.99,3963,3.0,Medium,0.41,7814,LOW_BITRATE
2026-01-01 03:19:00,MTN,Rwanda,OTT Weekly Pass,Smart TV,Series A,1,19,10.06,14.99,100,0.28,Low,0.24,2785,
2026-01-01 03:20:00,Vodacom,Rwanda,OTT Daily Pass,Smart TV,Kids Show,1,91,1.82,4.99,2969,2.16,High,0.12,5997,
2026-01-01 03:21:00,Vodacom,Rwanda,OTT Weekly Pass,STB,Kids Show,1,114,6.75,14.99,1372,2.11,High,0.14,7431,AUTH_ERROR
2026-01-01 03:22:00,Orange,Ivory Coast,Premium Sports Bundle,Mobile,Movie C,1,11,6.25,14.99,799,1.37,Low,0.28,6671,AUTH_ERROR
2026-01-01 03:23:00,Vodacom,Morocco,OTT Weekly Pass,Mobile,Sport Live,1,57,6.24,14.99,1812,0.74,Low,0.3,1825,LOW_BITRATE
2026-01-01 03:24:00,Airtel,Rwanda,OTT Weekly Pass,Mobile,Documentary D,1,113,5.39,14.99,936,0.29,High,0.23,4469,
2026-01-01 03:25:00,Orange,Rwanda,Premium Sports Bundle,STB,Series A,1,70,7.51,14.99,727,0.56,Medium,0.06,5227,
2026-01-01 03:26:00,MTN,Senegal,Zero-Rating Bundle,STB,Series A,1,25,8.34,14.99,1673,0.8,Low,0.1,6270,AUTH_ERROR
2026-01-01 03:27:00,Orange,Ivory Coast,OTT Daily Pass,Web,Documentary D,1,12,8.2,14.99,2858,0.4,High,0.33,8474,
2026-01-01 03:28:00,MTN,Rwanda,Zero-Rating Bundle,Mobile,Documentary D,1,90,2.16,4.99,2868,0.26,Low,0.21,8831,AUTH_ERROR
2026-01-01 03:29:00,Moov,Benin,Family Entertainment,Mobile,Movie C,1,40,1.75,4.99,1170,2.36,Low,0.42,5261,BUFFERING_ERROR
2026-01-01 03:30:00,Vodacom,Ivory Coast,Zero-Rating Bundle,STB,Kids Show,1,98,4.38,9.99,3132,1.37,Medium,0.2,4129,
2026-01-01 03:31:00,Orange,Senegal,OTT Weekly Pass,Web,Documentary D,1,24,3.29,4.99,2696,2.11,Low,0.4,1029,
2026-01-01 03:32:00,Vodacom,Cameroon,Premium Sports Bundle,Mobile,Movie C,1,101,1.24,1.99,4038,0.73,Low,0.33,7232,
2026-01-01 03:33:00,Moov,Morocco,OTT Daily Pass,Web,Sport Live,1,95,5.43,9.99,1846,1.87,Medium,0.26,2047,
2026-01-01 03:34:00,Orange,Ivory Coast,Premium Sports Bundle,Mobile,Sport Live,1,116,4.58,14.99,2097,2.09,High,0.33,5409,LOW_BITRATE
2026-01-01 03:35:00,Airtel,Benin,Zero-Rating Bundle,Mobile,Kids Show,1,44,1.59,4.99,2187,2.57,High,0.38,4002,
2026-01-01 03:36:00,MTN,Senegal,OTT Daily Pass,Web,Kids Show,1,55,7.8,14.99,550,1.44,Low,0.23,1349,
2026-01-01 03:37:00,Orange,Ivory Coast,Family Entertainment,STB,Movie C,1,67,2.39,4.99,1622,2.74,Medium,0.1,2168,
2026-01-01 03:38:00,MTN,Morocco,Family Entertainment,Mobile,Movie C,1,12,0.87,1.99,3929,0.52,Low,0.16,7926,
2026-01-01 03:39:00,Airtel,Benin,OTT Daily Pass,Mobile,Documentary D,1,86,2.11,4.99,3453,3.33,Low,0.2,8788,BUFFERING_ERROR
2026-01-01 03:40:00,Orange,Benin,Premium Sports Bundle,Mobile,Movie C,1,45,2.75,4.99,254,2.72,Low,0.06,7454,BUFFERING_ERROR
2026-01-01 03:41:00,Airtel,Senegal,Zero-Rating Bundle,Smart TV,Kids Show,1,99,10.02,14.99,3840,1.89,High,0.34,3920,LOW_BITRATE
2026-01-01 03:42:00,Vodacom,Senegal,OTT Weekly Pass,Web,Sport Live,1,7,2.17,4.99,3516,1.84,Low,0.26,4245,LOW_BITRATE
2026-01-01 03:43:00,Vodacom,Ivory Coast,Family Entertainment,Mobile,Series A,1,100,7.45,14.99,3435,3.14,Medium,0.02,7831,
2026-01-01 03:44:00,Moov,Morocco,Premium Sports Bundle,Web,Series A,1,65,6.78,9.99,1295,3.39,Low,0.19,5346,
2026-01-01 03:45:00,MTN,Benin,Zero-Rating Bundle,Web,Sport Live,1,71,5.42,14.99,604,0.86,Medium,0.08,4081,
2026-01-01 03:46:00,Orange,Senegal,Zero-Rating Bundle,STB,Movie C,1,22,0.72,1.99,2498,0.95,Low,0.38,7824,
2026-01-01 03:47:00,MTN,Morocco,OTT Daily Pass,Smart TV,Kids Show,1,84,1.76,4.99,3102,2.62,Medium,0.06,554,LOW_BITRATE
2026-01-01 03:48:00,Vodacom,Rwanda,Premium Sports Bundle,Smart TV,Kids Show,1,52,3.3,4.99,1714,0.45,Medium,0.2,8943,
2026-01-01 03:49:00,Orange,Benin,Premium Sports Bundle,STB,Documentary D,1,102,1.07,1.99,4662,0.84,Low,0.42,1906,
2026-01-01 03:50:00,Moov,Senegal,Family Entertainment,STB,Series A,1,11,1.23,1.99,4071,2.97,Low,0.14,8445,LOW_BITRATE
2026-01-01 03:51:00,Orange,Morocco,Zero-Rating Bundle,STB,Sport Live,1,17,5.45,9.99,4922,0.65,High,0.1,3979,BUFFERING_ERROR
2026-01-01 03:52:00,Airtel,Ivory Coast,Zero-Rating Bundle,STB,Series A,1,44,6.06,14.99,1950,0.69,Medium,0.41,5560,BUFFERING_ERROR
2026-01-01 03:53:00,MTN,Morocco,Family Entertainment,Web,Documentary D,1,23,2.95,4.99,1464,1.75,High,0.38,3459,
2026-01-01 03:54:00,Airtel,Morocco,Zero-Rating Bundle,Web,Kids Show,1,94,10.18,14.99,4363,1.64,High,0.03,792,
2026-01-01 03:55:00,Vodacom,Benin,OTT Weekly Pass,Web,Kids Show,1,98,4.5,9.99,4700,2.93,Low,0.31,7455,LOW_BITRATE
2026-01-01 03:56:00,Orange,Morocco,Zero-Rating Bundle,Smart TV,Sport Live,1,11,3.02,4.99,1303,0.77,Medium,0.45,8027,
2026-01-01 03:57:00,Airtel,Senegal,Family Entertainment,Smart TV,Sport Live,1,109,5.42,9.99,4926,2.34,High,0.08,8075,
2026-01-01 03:58:00,Orange,Ivory Coast,Family Entertainment,STB,Series A,1,65,1.07,1.99,1850,3.28,Medium,0.13,1114,
2026-01-01 03:59:00,MTN,Benin,Premium Sports Bundle,STB,Documentary D,1,18,2.98,4.99,547,2.04,Low,0.11,1220,
2026-01-01 04:00:00,Orange,Benin,Zero-Rating Bundle,Smart TV,Documentary D,1,46,7.27,14.99,4543,2.92,High,0.25,7953,LOW_BITRATE
2026-01-01 04:01:00,MTN,Ivory Coast,OTT Daily Pass,Web,Movie C,1,13,8.91,14.99,2268,0.37,Low,0.07,2624,LOW_BITRATE
2026-01-01 04:02:00,MTN,Benin,OTT Daily Pass,Mobile,Movie C,1,85,1.51,4.99,4025,1.7,High,0.22,7879,
2026-01-01 04:03:00,Airtel,Cameroon,OTT Weekly Pass,STB,Sport Live,1,102,3.86,9.99,4712,2.13,Medium,0.27,7373,
2026-01-01 04:04:00,Moov,Benin,Premium Sports Bundle,Web,Documentary D,1,30,1.04,1.99,1716,2.83,Medium,0.19,1975,BUFFERING_ERROR
2026-01-01 04:05:00,Vodacom,Rwanda,OTT Daily Pass,Mobile,Sport Live,1,44,3.28,4.99,719,1.88,Low,0.39,1442,AUTH_ERROR
2026-01-01 04:06:00,Moov,Cameroon,Family Entertainment,Smart TV,Sport Live,1,103,6.05,9.99,1227,0.99,Medium,0.31,2874,
2026-01-01 04:07:00,Airtel,Ivory Coast,Zero-Rating Bundle,Smart TV,Kids Show,1,34,2.85,4.99,2869,0.8,Low,0.37,6305,
2026-01-01 04:08:00,Moov,Rwanda,Premium Sports Bundle,Smart TV,Kids Show,1,65,10.37,14.99,4778,2.99,High,0.13,2508,BUFFERING_ERROR
2026-01-01 04:09:00,Vodacom,Ivory Coast,Premium Sports Bundle,STB,Series A,1,41,1.02,1.99,1921,2.24,High,0.29,7608,
2026-01-01 04:10:00,Vodacom,Ivory Coast,OTT Weekly Pass,Smart TV,Movie C,1,52,3.26,4.99,3358,1.94,High,0.35,2760,BUFFERING_ERROR
2026-01-01 04:11:00,Orange,Senegal,Family Entertainment,STB,Movie C,1,40,2.89,4.99,2137,1.15,Medium,0.16,5315,LOW_BITRATE
2026-01-01 04:12:00,Moov,Cameroon,Zero-Rating Bundle,STB,Sport Live,1,68,6.47,9.99,4158,1.32,Medium,0.09,2375,AUTH_ERROR
2026-01-01 04:13:00,MTN,Senegal,OTT Daily Pass,Smart TV,Kids Show,1,111,0.86,1.99,3495,0.34,Medium,0.15,2318,LOW_BITRATE
2026-01-01 04:14:00,Vodacom,Benin,Family Entertainment,Smart TV,Sport Live,1,10,2.78,4.99,434,2.58,Low,0.12,1140,BUFFERING_ERROR
2026-01-01 04:15:00,MTN,Cameroon,Zero-Rating Bundle,Web,Documentary D,1,62,6.55,9.99,4982,0.71,Medium,0.29,4769,
2026-01-01 04:16:00,Airtel,Cameroon,Zero-Rating Bundle,Mobile,Sport Live,1,34,8.36,14.99,2755,2.86,Medium,0.43,3300,BUFFERING_ERROR
2026-01-01 04:17:00,Airtel,Cameroon,OTT Daily Pass,Smart TV,Series A,1,24,1.61,4.99,4540,2.36,Low,0.19,3957,
2026-01-01 04:18:00,Orange,Ivory Coast,OTT Weekly Pass,STB,Sport Live,1,63,9.54,14.99,1306,1.32,Low,0.1,8095,AUTH_ERROR
2026-01-01 04:19:00,MTN,Rwanda,OTT Weekly Pass,STB,Movie C,1,64,6.9,9.99,4184,0.12,Low,0.27,7899,LOW_BITRATE
2026-01-01 04:20:00,Orange,Ivory Coast,OTT Weekly Pass,Mobile,Sport Live,1,33,3.31,9.99,2568,0.24,High,0.1,5234,
2026-01-01 04:21:00,Moov,Rwanda,Family Entertainment,Smart TV,Movie C,1,73,6.75,9.99,4810,1.48,Medium,0.09,3548,LOW_BITRATE
2026-01-01 04:22:00,Vodacom,Ivory Coast,Zero-Rating Bundle,Mobile,Sport Live,1,83,0.97,1.99,2240,2.88,High,0.36,5171,AUTH_ERROR
2026-01-01 04:23:00,Moov,Benin,OTT Weekly Pass,Web,Sport Live,1,8,9.79,14.99,2566,0.62,High,0.32,3266,
2026-01-01 04:24:00,MTN,Rwanda,OTT Daily Pass,STB,Documentary D,1,9,1.87,4.99,1402,2.19,Medium,0.06,1214,
2026-01-01 04:25:00,MTN,Ivory Coast,Zero-Rating Bundle,STB,Movie C,1,35,0.98,1.99,2445,0.37,High,0.02,2780,
2026-01-01 04:26:00,MTN,Senegal,Premium Sports Bundle,Mobile,Documentary D,1,20,3.51,9.99,1507,1.01,Low,0.45,1358,
2026-01-01 04:27:00,MTN,Benin,OTT Daily Pass,STB,Kids Show,1,99,7.62,14.99,1528,1.79,Medium,0.44,3399,
2026-01-01 04:28:00,MTN,Senegal,Premium Sports Bundle,Mobile,Movie C,1,76,5.48,9.99,904,0.27,Low,0.27,1340,
2026-01-01 04:29:00,Orange,Morocco,Family Entertainment,Mobile,Documentary D,1,110,3.82,9.99,1763,3.09,Medium,0.42,7371,BUFFERING_ERROR
2026-01-01 04:30:00,Moov,Cameroon,Family Entertainment,STB,Documentary D,1,69,0.66,1.99,2165,3.19,Medium,0.11,2490,AUTH_ERROR
2026-01-01 04:31:00,Orange,Benin,Premium Sports Bundle,STB,Series A,1,64,0.94,1.99,1199,3.04,High,0.19,7158,
2026-01-01 04:32:00,Airtel,Morocco,OTT Daily Pass,Smart TV,Movie C,1,55,5.57,9.99,2307,0.29,High,0.36,4218,BUFFERING_ERROR
2026-01-01 04:33:00,Airtel,Ivory Coast,Premium Sports Bundle,Mobile,Documentary D,1,118,1.31,1.99,3944,3.18,High,0.34,7932,
2026-01-01 04:34:00,Airtel,Cameroon,Zero-Rating Bundle,Smart TV,Documentary D,1,32,4.88,9.99,4643,1.21,High,0.25,3482,BUFFERING_ERROR
2026-01-01 04:35:00,Orange,Morocco,OTT Weekly Pass,Smart TV,Documentary D,1,92,0.9,1.99,2696,0.29,Low,0.39,7121,LOW_BITRATE
2026-01-01 04:36:00,MTN,Benin,Premium Sports Bundle,STB,Documentary D,1,80,4.03,9.99,3083,0.93,High,0.2,3148,
2026-01-01 04:37:00,Orange,Ivory Coast,Zero-Rating Bundle,STB,Series A,1,4,1.03,1.99,2233,2.68,High,0.33,2598,BUFFERING_ERROR
2026-01-01 04:38:00,MTN,Rwanda,Premium Sports Bundle,Web,Sport Live,1,32,2.24,4.99,1771,0.92,High,0.29,6219,LOW_BITRATE
2026-01-01 04:39:00,Vodacom,Ivory Coast,Zero-Rating Bundle,Web,Series A,1,3,1.1,1.99,1633,2.62,Low,0.4,5030,
2026-01-01 04:40:00,Orange,Benin,OTT Weekly Pass,Mobile,Documentary D,1,5,0.67,1.99,1245,1.15,Medium,0.32,7083,
2026-01-01 04:41:00,MTN,Morocco,Premium Sports Bundle,Web,Documentary D,1,100,3.33,9.99,2380,2.33,Medium,0.19,1179,BUFFERING_ERROR
2026-01-01 04:42:00,Orange,Morocco,Premium Sports Bundle,STB,Series A,1,10,3.25,4.99,2361,2.97,Medium,0.07,8469,
2026-01-01 04:43:00,Moov,Rwanda,Family Entertainment,STB,Documentary D,1,70,1.85,4.99,2389,0.94,Low,0.39,973,AUTH_ERROR
2026-01-01 04:44:00,MTN,Cameroon,OTT Daily Pass,Mobile,Sport Live,1,71,6.53,14.99,4744,1.7,Low,0.42,5822,
2026-01-01 04:45:00,Vodacom,Cameroon,Family Entertainment,Web,Movie C,1,115,8.27,14.99,4584,0.75,Low,0.44,1063,LOW_BITRATE
2026-01-01 04:46:00,Airtel,Benin,OTT Weekly Pass,Mobile,Movie C,1,68,0.92,1.99,1635,0.36,Low,0.13,2527,
2026-01-01 04:47:00,Orange,Rwanda,Family Entertainment,STB,Movie C,1,42,5.13,14.99,756,3.47,High,0.39,3465,
2026-01-01 04:48:00,Vodacom,Senegal,OTT Daily Pass,STB,Documentary D,1,43,1.23,1.99,4760,2.91,Low,0.06,5457,
2026-01-01 04:49:00,Orange,Rwanda,Zero-Rating Bundle,STB,Sport Live,1,80,0.84,1.99,726,0.16,Medium,0.27,8557,
2026-01-01 04:50:00,Airtel,Cameroon,Family Entertainment,Smart TV,Sport Live,1,111,2.04,4.99,1772,0.84,Medium,0.4,2341,AUTH_ERROR
2026-01-01 04:51:00,Moov,Senegal,Family Entertainment,Mobile,Movie C,1,56,1.14,1.99,1513,0.33,High,0.45,8431,
2026-01-01 04:52:00,Moov,Senegal,Premium Sports Bundle,Web,Series A,1,98,2.83,4.99,4884,2.9,Low,0.36,5191,
2026-01-01 04:53:00,MTN,Morocco,OTT Weekly Pass,STB,Movie C,1,66,1.3,1.99,806,2.71,High,0.05,8671,AUTH_ERROR
2026-01-01 04:54:00,MTN,Cameroon,Zero-Rating Bundle,Web,Series A,1,93,2.13,4.99,2735,2.45,High,0.18,4517,AUTH_ERROR
2026-01-01 04:55:00,Vodacom,Ivory Coast,Zero-Rating Bundle,Mobile,Kids Show,1,60,1.89,4.99,2697,0.82,High,0.43,2995,
2026-01-01 04:56:00,Airtel,Senegal,OTT Weekly Pass,Web,Documentary D,1,87,1.6,4.99,494,3.0,High,0.28,6384,AUTH_ERROR
2026-01-01 04:57:00,Airtel,Ivory Coast,Zero-Rating Bundle,STB,Series A,1,110,1.73,4.99,4779,3.22,Medium,0.36,2963,BUFFERING_ERROR
2026-01-01 04:58:00,Moov,Senegal,OTT Daily Pass,Mobile,Documentary D,1,49,8.8,14.99,1517,2.14,Low,0.23,8823,BUFFERING_ERROR
2026-01-01 04:59:00,Vodacom,Rwanda,OTT Daily Pass,Smart TV,Movie C,1,103,3.36,4.99,718,0.83,Low,0.24,7310,LOW_BITRATE
2026-01-01 05:00:00,MTN,Senegal,OTT Weekly Pass,Mobile,Kids Show,1,112,5.82,14.99,3389,1.19,Medium,0.04,7303,LOW_BITRATE
2026-01-01 05:01:00,Orange,Benin,Family Entertainment,Smart TV,Movie C,1,95,5.71,9.99,3529,1.67,Low,0.19,7279,LOW_BITRATE
2026-01-01 05:02:00,Vodacom,Senegal,Family Entertainment,STB,Kids Show,1,100,2.46,4.99,3540,2.25,High,0.11,6764,AUTH_ERROR
2026-01-01 05:03:00,MTN,Rwanda,Family Entertainment,STB,Series A,1,38,0.81,1.99,4392,1.51,Low,0.45,4631,BUFFERING_ERROR
2026-01-01 05:04:00,MTN,Cameroon,OTT Weekly Pass,Smart TV,Movie C,1,81,8.64,14.99,2101,1.59,Low,0.16,4726,
2026-01-01 05:05:00,Vodacom,Morocco,Premium Sports Bundle,Smart TV,Movie C,1,86,3.95,9.99,4225,3.47,Medium,0.27,1084,BUFFERING_ERROR
2026-01-01 05:06:00,Orange,Cameroon,OTT Weekly Pass,Web,Documentary D,1,28,5.52,14.99,3799,0.95,Medium,0.11,2470,BUFFERING_ERROR
2026-01-01 05:07:00,Vodacom,Morocco,OTT Daily Pass,STB,Movie C,1,16,1.91,4.99,2386,1.81,Low,0.01,971,AUTH_ERROR
2026-01-01 05:08:00,Moov,Ivory Coast,Zero-Rating Bundle,Smart TV,Sport Live,1,75,0.61,1.99,1777,1.25,Low,0.11,3234,
2026-01-01 05:09:00,Orange,Morocco,Premium Sports Bundle,Smart TV,Documentary D,1,47,7.77,14.99,2183,2.38,Low,0.42,7774,
2026-01-01 05:10:00,Airtel,Rwanda,Zero-Rating Bundle,Smart TV,Sport Live,1,99,6.62,14.99,3123,2.07,High,0.18,3208,
2026-01-01 05:11:00,Orange,Morocco,Family Entertainment,Web,Kids Show,1,101,9.38,14.99,2354,2.85,High,0.12,3275,BUFFERING_ERROR
2026-01-01 05:12:00,Orange,Morocco,Zero-Rating Bundle,Smart TV,Documentary D,1,58,1.38,1.99,2424,0.46,Medium,0.2,3467,
2026-01-01 05:13:00,Orange,Rwanda,Premium Sports Bundle,Web,Series A,1,19,7.28,14.99,1016,1.39,Low,0.27,7131,LOW_BITRATE
2026-01-01 05:14:00,Airtel,Morocco,Premium Sports Bundle,Mobile,Sport Live,1,53,1.61,4.99,4404,2.75,Low,0.18,7613,LOW_BITRATE
2026-01-01 05:15:00,MTN,Cameroon,OTT Daily Pass,Web,Series A,1,79,9.82,14.99,2230,3.11,Low,0.1,7806,
2026-01-01 05:16:00,Vodacom,Senegal,Family Entertainment,Mobile,Kids Show,1,96,5.5,9.99,1347,1.24,Low,0.15,8243,
2026-01-01 05:17:00,Moov,Cameroon,OTT Daily Pass,STB,Kids Show,1,60,3.29,4.99,659,0.82,Medium,0.27,7698,AUTH_ERROR
2026-01-01 05:18:00,Orange,Cameroon,Zero-Rating Bundle,Web,Kids Show,1,96,2.14,4.99,3854,0.63,Medium,0.21,4493,AUTH_ERROR
2026-01-01 05:19:00,Moov,Senegal,Family Entertainment,Smart TV,Documentary D,1,12,9.21,14.99,186,1.03,Low,0.35,3674,
2026-01-01 05:20:00,Airtel,Senegal,Family Entertainment,Web,Sport Live,1,70,2.26,4.99,2576,2.55,High,0.1,877,
2026-01-01 05:21:00,Moov,Ivory Coast,Premium Sports Bundle,Web,Movie C,1,20,5.87,14.99,3965,3.3,High,0.16,689,
2026-01-01 05:22:00,Moov,Rwanda,Premium Sports Bundle,Smart TV,Kids Show,1,70,6.02,14.99,4839,2.54,Low,0.35,4076,LOW_BITRATE
2026-01-01 05:23:00,Moov,Ivory Coast,Premium Sports Bundle,Smart TV,Documentary D,1,15,6.47,14.99,1857,2.37,High,0.05,8680,
2026-01-01 05:24:00,Moov,Senegal,OTT Daily Pass,STB,Documentary D,1,102,1.1,1.99,2752,2.32,High,0.06,8501,
2026-01-01 05:25:00,Airtel,Morocco,Zero-Rating Bundle,Web,Series A,1,70,8.87,14.99,3456,1.22,Low,0.14,4103,LOW_BITRATE
2026-01-01 05:26:00,Orange,Rwanda,OTT Daily Pass,Web,Kids Show,1,74,6.53,14.99,1006,1.9,Low,0.39,6975,
2026-01-01 05:27:00,Vodacom,Cameroon,Zero-Rating Bundle,STB,Documentary D,1,113,9.33,14.99,2762,0.19,Medium,0.36,6503,LOW_BITRATE
2026-01-01 05:28:00,Moov,Cameroon,Zero-Rating Bundle,Web,Movie C,1,83,2.61,4.99,568,0.59,High,0.37,2334,AUTH_ERROR
2026-01-01 05:29:00,Airtel,Benin,OTT Weekly Pass,Web,Kids Show,1,96,3.22,4.99,3516,0.99,Low,0.16,2917,BUFFERING_ERROR
2026-01-01 05:30:00,Vodacom,Benin,OTT Daily Pass,Mobile,Documentary D,1,32,1.26,1.99,4682,0.77,Medium,0.34,2949,
2026-01-01 05:31:00,Orange,Senegal,Premium Sports Bundle,Mobile,Kids Show,1,11,3.38,4.99,312,1.68,Medium,0.17,4886,AUTH_ERROR
2026-01-01 05:32:00,Airtel,Benin,OTT Daily Pass,Smart TV,Kids Show,1,59,9.04,14.99,4673,2.36,High,0.12,7572,
2026-01-01 05:33:00,MTN,Senegal,Family Entertainment,Web,Movie C,1,42,1.02,1.99,2831,0.3,High,0.33,859,
2026-01-01 05:34:00,Orange,Rwanda,Premium Sports Bundle,Smart TV,Kids Show,1,9,4.47,9.99,625,1.74,High,0.31,3639,
2026-01-01 05:35:00,Vodacom,Benin,Premium Sports Bundle,Mobile,Series A,1,19,9.96,14.99,2755,3.07,High,0.43,5447,
2026-01-01 05:36:00,Vodacom,Ivory Coast,OTT Daily Pass,Mobile,Documentary D,1,61,0.96,1.99,2354,1.32,Low,0.12,1630,
2026-01-01 05:37:00,Vodacom,Rwanda,Zero-Rating Bundle,Smart TV,Series A,1,78,2.94,4.99,3285,2.65,Medium,0.19,7641,AUTH_ERROR
2026-01-01 05:38:00,Airtel,Ivory Coast,OTT Weekly Pass,STB,Sport Live,1,14,3.07,4.99,1588,1.85,Medium,0.33,1047,AUTH_ERROR
2026-01-01 05:39:00,Airtel,Rwanda,OTT Weekly Pass,Web,Series A,1,70,1.29,1.99,182,2.66,Medium,0.11,6317,BUFFERING_ERROR
2026-01-01 05:40:00,MTN,Senegal,OTT Weekly Pass,Mobile,Series A,1,99,1.69,4.99,4232,3.18,High,0.18,5341,AUTH_ERROR
2026-01-01 05:41:00,Airtel,Rwanda,OTT Daily Pass,STB,Sport Live,1,37,1.71,4.99,841,0.15,Low,0.05,2037,
2026-01-01 05:42:00,Orange,Ivory Coast,Premium Sports Bundle,Smart TV,Movie C,1,56,3.05,9.99,3855,1.26,Low,0.37,5050,
2026-01-01 05:43:00,Airtel,Rwanda,Zero-Rating Bundle,STB,Documentary D,1,2,9.51,14.99,4522,0.94,High,0.26,8027,LOW_BITRATE
2026-01-01 05:44:00,MTN,Rwanda,Zero-Rating Bundle,Mobile,Documentary D,1,52,6.38,9.99,2498,2.05,High,0.29,3780,AUTH_ERROR
2026-01-01 05:45:00,Moov,Benin,Zero-Rating Bundle,Smart TV,Movie C,1,47,7.45,14.99,3401,0.23,Low,0.13,5699,
2026-01-01 05:46:00,Moov,Cameroon,OTT Daily Pass,Smart TV,Movie C,1,117,0.99,1.99,592,0.44,High,0.23,8739,
2026-01-01 05:47:00,Moov,Ivory Coast,Family Entertainment,STB,Series A,1,109,3.49,4.99,4398,2.95,Medium,0.02,5778,LOW_BITRATE
2026-01-01 05:48:00,MTN,Cameroon,Premium Sports Bundle,STB,Series A,1,74,5.27,14.99,2537,2.68,Low,0.38,8128,AUTH_ERROR
2026-01-01 05:49:00,Moov,Rwanda,OTT Daily Pass,Web,Kids Show,1,111,0.66,1.99,4920,1.09,High,0.1,2287,BUFFERING_ERROR
2026-01-01 05:50:00,Moov,Ivory Coast,OTT Daily Pass,Mobile,Sport Live,1,9,1.67,4.99,262,0.36,Medium,0.04,4992,
2026-01-01 05:51:00,Vodacom,Cameroon,Family Entertainment,STB,Kids Show,1,19,2.72,4.99,86,0.76,Low,0.42,904,
2026-01-01 05:52:00,Moov,Senegal,OTT Weekly Pass,STB,Series A,1,63,5.33,9.99,1299,2.66,Medium,0.42,7453,
2026-01-01 05:53:00,Vodacom,Senegal,Family Entertainment,Web,Series A,1,90,8.54,14.99,3729,1.17,Low,0.27,1435,
2026-01-01 05:54:00,Orange,Benin,Premium Sports Bundle,Web,Movie C,1,59,3.29,4.99,3858,2.65,High,0.09,1776,
2026-01-01 05:55:00,Moov,Cameroon,OTT Daily Pass,Mobile,Series A,1,49,9.72,14.99,4753,1.33,Medium,0.31,7593,
2026-01-01 05:56:00,Airtel,Morocco,Family Entertainment,Smart TV,Documentary D,1,20,1.29,1.99,890,3.41,Medium,0.43,3980,
2026-01-01 05:57:00,Orange,Ivory Coast,Premium Sports Bundle,STB,Sport Live,1,4,1.26,1.99,1788,1.27,High,0.16,6113,AUTH_ERROR
2026-01-01 05:58:00,Vodacom,Cameroon,OTT Weekly Pass,Mobile,Series A,1,69,2.47,4.99,4539,1.36,Medium,0.4,8100,LOW_BITRATE
2026-01-01 05:59:00,Orange,Morocco,OTT Weekly Pass,STB,Series A,1,57,2.11,4.99,3717,0.48,High,0.04,2533,LOW_BITRATE
2026-01-01 06:00:00,Orange,Cameroon,Premium Sports Bundle,Smart TV,Movie C,1,46,1.87,4.99,4778,0.9,Medium,0.45,4765,
2026-01-01 06:01:00,Vodacom,Morocco,Premium Sports Bundle,Mobile,Movie C,1,41,4.55,9.99,2980,1.63,High,0.09,6262,
2026-01-01 06:02:00,Orange,Benin,Premium Sports Bundle,Web,Sport Live,1,37,2.7,4.99,1883,2.4,High,0.18,4113,
2026-01-01 06:03:00,Orange,Benin,Zero-Rating Bundle,Smart TV,Movie C,1,33,2.63,4.99,2213,2.14,Low,0.26,1066,AUTH_ERROR
2026-01-01 06:04:00,MTN,Benin,OTT Daily Pass,Web,Movie C,1,60,6.0,9.99,3218,2.8,Low,0.44,2915,
2026-01-01 06:05:00,Moov,Ivory Coast,Zero-Rating Bundle,Mobile,Documentary D,1,56,1.37,1.99,3679,3.18,Low,0.16,8424,
2026-01-01 06:06:00,Orange,Rwanda,Premium Sports Bundle,Web,Series A,1,86,10.48,14.99,155,2.8,Low,0.12,2760,AUTH_ERROR
2026-01-01 06:07:00,MTN,Benin,Premium Sports Bundle,Mobile,Sport Live,1,30,0.82,1.99,3685,1.36,Medium,0.23,6266,AUTH_ERROR
2026-01-01 06:08:00,Airtel,Cameroon,Premium Sports Bundle,Smart TV,Series A,1,56,6.39,14.99,4124,2.56,Low,0.03,3712,
2026-01-01 06:09:00,Vodacom,Cameroon,OTT Weekly Pass,STB,Sport Live,1,90,4.25,9.99,140,2.28,Medium,0.02,1444,
2026-01-01 06:10:00,Moov,Rwanda,Family Entertainment,STB,Documentary D,1,91,2.3,4.99,2156,1.6,Low,0.32,1431,BUFFERING_ERROR
2026-01-01 06:11:00,Moov,Morocco,Zero-Rating Bundle,STB,Sport Live,1,91,3.14,4.99,3880,2.28,High,0.23,4196,
2026-01-01 06:12:00,Orange,Benin,OTT Weekly Pass,STB,Movie C,1,75,5.31,14.99,3850,2.28,Low,0.02,7728,AUTH_ERROR
2026-01-01 06:13:00,MTN,Ivory Coast,OTT Daily Pass,STB,Sport Live,1,61,1.53,4.99,2291,0.38,High,0.34,3108,
2026-01-01 06:14:00,MTN,Rwanda,Family Entertainment,Mobile,Sport Live,1,93,4.62,14.99,551,0.59,High,0.25,5315,LOW_BITRATE
2026-01-01 06:15:00,MTN,Rwanda,Premium Sports Bundle,STB,Movie C,1,48,5.86,14.99,1113,0.52,Low,0.18,1340,LOW_BITRATE
2026-01-01 06:16:00,Orange,Rwanda,OTT Weekly Pass,STB,Documentary D,1,18,6.38,9.99,4852,2.09,High,0.23,606,BUFFERING_ERROR
2026-01-01 06:17:00,MTN,Senegal,OTT Daily Pass,Mobile,Series A,1,58,0.82,1.99,4591,1.19,High,0.35,2147,LOW_BITRATE
2026-01-01 06:18:00,Orange,Benin,Family Entertainment,Web,Series A,1,49,5.71,14.99,3498,1.91,High,0.19,2937,AUTH_ERROR
2026-01-01 06:19:00,MTN,Rwanda,Premium Sports Bundle,Smart TV,Movie C,1,16,4.86,9.99,4424,0.48,Low,0.36,3481,
2026-01-01 06:20:00,MTN,Ivory Coast,Family Entertainment,Smart TV,Kids Show,1,17,6.38,9.99,3214,2.7,High,0.05,7374,BUFFERING_ERROR
2026-01-01 06:21:00,Vodacom,Cameroon,OTT Daily Pass,Smart TV,Series A,1,6,6.77,14.99,487,0.61,Medium,0.05,8122,
2026-01-01 06:22:00,Orange,Benin,Zero-Rating Bundle,STB,Sport Live,1,96,1.31,1.99,1692,2.52,Low,0.06,6260,BUFFERING_ERROR
2026-01-01 06:23:00,Orange,Benin,Premium Sports Bundle,Smart TV,Documentary D,1,55,3.43,4.99,991,1.31,Medium,0.18,992,LOW_BITRATE
2026-01-01 06:24:00,Orange,Benin,OTT Daily Pass,Smart TV,Series A,1,44,8.75,14.99,2035,1.46,Medium,0.39,6927,
2026-01-01 06:25:00,Vodacom,Benin,Premium Sports Bundle,Smart TV,Movie C,1,84,3.33,4.99,2012,0.85,Low,0.2,4184,BUFFERING_ERROR
2026-01-01 06:26:00,MTN,Benin,OTT Daily Pass,Smart TV,Kids Show,1,25,0.86,1.99,585,1.61,Medium,0.25,5620,
2026-01-01 06:27:00,Vodacom,Rwanda,Premium Sports Bundle,Web,Kids Show,1,71,2.85,4.99,4178,3.02,Medium,0.36,5407,LOW_BITRATE
2026-01-01 06:28:00,Vodacom,Morocco,Family Entertainment,Web,Series A,1,64,0.88,1.99,1435,2.86,Low,0.23,1047,
2026-01-01 06:29:00,Orange,Ivory Coast,Premium Sports Bundle,Mobile,Movie C,1,105,6.43,9.99,4233,3.22,High,0.06,5706,LOW_BITRATE
2026-01-01 06:30:00,Airtel,Rwanda,OTT Daily Pass,Mobile,Movie C,1,116,6.82,9.99,3442,2.96,Low,0.04,6346,
2026-01-01 06:31:00,Moov,Cameroon,Zero-Rating Bundle,STB,Sport Live,1,59,2.99,4.99,1722,1.35,Medium,0.31,8493,
2026-01-01 06:32:00,Moov,Benin,OTT Daily Pass,Web,Movie C,1,33,0.88,1.99,4335,0.15,High,0.16,6940,
2026-01-01 06:33:00,Orange,Benin,Zero-Rating Bundle,Mobile,Series A,1,25,4.34,9.99,4753,0.88,Low,0.41,5286,
2026-01-01 06:34:00,Orange,Rwanda,Family Entertainment,Mobile,Movie C,1,42,10.42,14.99,1028,0.47,High,0.23,8758,
2026-01-01 06:35:00,Moov,Rwanda,OTT Weekly Pass,STB,Documentary D,1,11,2.13,4.99,4361,0.36,High,0.32,6746,AUTH_ERROR
2026-01-01 06:36:00,Orange,Benin,Premium Sports Bundle,Smart TV,Documentary D,1,17,10.01,14.99,851,2.71,Low,0.38,5804,LOW_BITRATE
2026-01-01 06:37:00,Vodacom,Benin,Family Entertainment,Web,Sport Live,1,29,5.6,14.99,3035,2.54,Medium,0.03,4093,LOW_BITRATE
2026-01-01 06:38:00,MTN,Cameroon,OTT Weekly Pass,STB,Sport Live,1,71,8.81,14.99,1484,1.89,High,0.21,3344,AUTH_ERROR
2026-01-01 06:39:00,Vodacom,Cameroon,Zero-Rating Bundle,STB,Sport Live,1,19,3.17,9.99,1771,0.84,Medium,0.3,8203,
2026-01-01 06:40:00,Moov,Ivory Coast,Premium Sports Bundle,STB,Documentary D,1,83,4.02,9.99,167,2.87,Medium,0.27,4102,BUFFERING_ERROR
2026-01-01 06:41:00,MTN,Morocco,Zero-Rating Bundle,Mobile,Series A,1,112,2.76,4.99,4989,1.18,Medium,0.12,2635,
2026-01-01 06:42:00,Moov,Benin,Family Entertainment,STB,Sport Live,1,23,1.02,1.99,1788,1.35,Medium,0.35,1765,BUFFERING_ERROR
2026-01-01 06:43:00,Vodacom,Rwanda,OTT Daily Pass,Web,Sport Live,1,38,1.54,4.99,1939,1.57,Medium,0.16,8336,
2026-01-01 06:44:00,MTN,Senegal,OTT Daily Pass,STB,Documentary D,1,48,8.83,14.99,4416,0.57,Medium,0.22,5010,
2026-01-01 06:45:00,Airtel,Senegal,Zero-Rating Bundle,Web,Series A,1,77,0.99,1.99,4508,2.54,Low,0.34,5757,LOW_BITRATE
2026-01-01 06:46:00,MTN,Ivory Coast,Zero-Rating Bundle,Web,Movie C,1,109,5.12,9.99,687,0.13,High,0.04,3551,BUFFERING_ERROR
2026-01-01 06:47:00,Moov,Morocco,Family Entertainment,STB,Sport Live,1,28,4.78,9.99,4786,2.1,Low,0.17,2915,
2026-01-01 06:48:00,Airtel,Benin,OTT Daily Pass,STB,Kids Show,1,59,3.27,9.99,3101,1.04,High,0.28,2744,
2026-01-01 06:49:00,Orange,Rwanda,OTT Daily Pass,Web,Movie C,1,40,6.07,9.99,4853,0.37,Medium,0.17,1037,
2026-01-01 06:50:00,Orange,Cameroon,Premium Sports Bundle,STB,Kids Show,1,11,3.93,9.99,4272,3.45,Medium,0.1,3547,
2026-01-01 06:51:00,MTN,Morocco,OTT Weekly Pass,Mobile,Kids Show,1,56,9.63,14.99,2231,3.07,High,0.14,2498,BUFFERING_ERROR
2026-01-01 06:52:00,Airtel,Morocco,Zero-Rating Bundle,STB,Series A,1,72,1.94,4.99,4386,2.27,Medium,0.09,2105,
2026-01-01 06:53:00,Moov,Cameroon,Premium Sports Bundle,STB,Documentary D,1,95,9.81,14.99,1117,1.82,High,0.22,7609,
2026-01-01 06:54:00,Moov,Ivory Coast,Premium Sports Bundle,Mobile,Movie C,1,94,4.96,9.99,4606,2.42,High,0.03,6550,LOW_BITRATE
2026-01-01 06:55:00,MTN,Ivory Coast,OTT Daily Pass,Mobile,Sport Live,1,108,1.57,4.99,1139,1.75,Low,0.02,8507,
2026-01-01 06:56:00,Vodacom,Benin,OTT Daily Pass,Smart TV,Sport Live,1,22,4.08,9.99,1680,1.66,High,0.36,5496,AUTH_ERROR
2026-01-01 06:57:00,Orange,Senegal,OTT Daily Pass,Mobile,Documentary D,1,2,6.84,9.99,347,2.08,Low,0.39,3764,
2026-01-01 06:58:00,Airtel,Benin,Zero-Rating Bundle,Web,Documentary D,1,44,4.53,14.99,1255,2.06,Medium,0.45,8562,BUFFERING_ERROR
2026-01-01 06:59:00,Orange,Rwanda,OTT Daily Pass,Mobile,Movie C,1,41,1.26,1.99,4483,0.61,Medium,0.44,8299,BUFFERING_ERROR
2026-01-01 07:00:00,Airtel,Cameroon,OTT Weekly Pass,Mobile,Kids Show,1,91,5.02,14.99,178,0.16,High,0.39,2020,
2026-01-01 07:01:00,Orange,Cameroon,OTT Weekly Pass,Mobile,Series A,1,70,1.08,1.99,1128,0.61,Medium,0.28,981,LOW_BITRATE
2026-01-01 07:02:00,Moov,Ivory Coast,Premium Sports Bundle,Smart TV,Documentary D,1,38,8.49,14.99,4180,1.85,Low,0.18,5029,
2026-01-01 07:03:00,Moov,Cameroon,OTT Daily Pass,Mobile,Documentary D,1,17,3.27,4.99,113,0.46,Medium,0.33,4271,AUTH_ERROR
2026-01-01 07:04:00,Airtel,Cameroon,OTT Weekly Pass,STB,Series A,1,7,9.29,14.99,284,2.43,Low,0.32,1247,
2026-01-01 07:05:00,Airtel,Ivory Coast,Premium Sports Bundle,STB,Movie C,1,30,0.88,1.99,2483,0.2,High,0.37,4537,BUFFERING_ERROR
2026-01-01 07:06:00,MTN,Benin,OTT Weekly Pass,Web,Kids Show,1,51,6.38,9.99,1568,0.78,High,0.09,5988,
2026-01-01 07:07:00,Orange,Ivory Coast,Zero-Rating Bundle,STB,Documentary D,1,116,2.5,4.99,4310,0.9,Medium,0.31,1239,LOW_BITRATE
2026-01-01 07:08:00,Airtel,Senegal,Family Entertainment,Web,Movie C,1,57,5.83,9.99,3819,2.2,Low,0.09,4479,
2026-01-01 07:09:00,MTN,Benin,OTT Weekly Pass,Web,Movie C,1,6,2.41,4.99,1884,1.65,High,0.38,6978,
2026-01-01 07:10:00,Airtel,Rwanda,OTT Weekly Pass,Smart TV,Movie C,1,36,6.88,14.99,501,1.37,High,0.44,5154,BUFFERING_ERROR
2026-01-01 07:11:00,Airtel,Ivory Coast,Zero-Rating Bundle,Web,Series A,1,89,1.19,1.99,578,2.76,High,0.4,8263,
2026-01-01 07:12:00,Airtel,Morocco,Premium Sports Bundle,Smart TV,Series A,1,95,0.81,1.99,1641,1.68,Low,0.16,2835,
2026-01-01 07:13:00,Moov,Rwanda,Zero-Rating Bundle,STB,Documentary D,1,79,5.67,9.99,745,1.17,Medium,0.29,1795,
2026-01-01 07:14:00,Orange,Senegal,OTT Daily Pass,Web,Documentary D,1,53,5.59,9.99,1976,2.65,Low,0.33,4459,LOW_BITRATE
2026-01-01 07:15:00,Vodacom,Ivory Coast,Premium Sports Bundle,STB,Sport Live,1,90,1.14,1.99,4146,2.99,Low,0.39,886,
2026-01-01 07:16:00,MTN,Ivory Coast,OTT Weekly Pass,STB,Movie C,1,85,0.75,1.99,3666,1.01,Medium,0.41,8683,
2026-01-01 07:17:00,Vodacom,Benin,Zero-Rating Bundle,Web,Movie C,1,30,0.68,1.99,182,0.79,Medium,0.39,3970,
2026-01-01 07:18:00,Vodacom,Morocco,Premium Sports Bundle,STB,Movie C,1,91,2.79,4.99,1320,0.82,Low,0.37,5371,BUFFERING_ERROR
2026-01-01 07:19:00,Airtel,Rwanda,OTT Daily Pass,STB,Kids Show,1,36,5.45,9.99,1482,1.81,Low,0.36,1722,BUFFERING_ERROR
2026-01-01 07:20:00,Orange,Rwanda,OTT Daily Pass,Web,Kids Show,1,72,5.52,9.99,2199,1.14,Low,0.38,3065,AUTH_ERROR
2026-01-01 07:21:00,Moov,Morocco,Zero-Rating Bundle,Web,Sport Live,1,19,1.72,4.99,2749,2.08,High,0.4,6374,LOW_BITRATE
2026-01-01 07:22:00,Moov,Morocco,Premium Sports Bundle,Web,Series A,1,74,0.77,1.99,3977,2.93,Medium,0.29,8460,AUTH_ERROR
2026-01-01 07:23:00,Orange,Cameroon,Family Entertainment,Mobile,Sport Live,1,87,3.31,4.99,3351,2.84,High,0.21,5088,LOW_BITRATE
2026-01-01 07:24:00,Orange,Benin,OTT Daily Pass,Smart TV,Documentary D,1,7,2.87,4.99,1319,0.88,Low,0.12,1528,
2026-01-01 07:25:00,MTN,Cameroon,OTT Daily Pass,Web,Series A,1,67,4.85,9.99,177,1.13,Low,0.13,6542,AUTH_ERROR
2026-01-01 07:26:00,MTN,Rwanda,Family Entertainment,STB,Movie C,1,94,3.76,9.99,4780,3.17,Low,0.36,5404,LOW_BITRATE
2026-01-01 07:27:00,Moov,Cameroon,OTT Daily Pass,Smart TV,Documentary D,1,3,1.79,4.99,1656,0.62,Medium,0.15,802,
2026-01-01 07:28:00,Orange,Senegal,Premium Sports Bundle,Mobile,Series A,1,11,5.64,9.99,4655,0.22,Low,0.26,6913,
2026-01-01 07:29:00,Moov,Rwanda,Premium Sports Bundle,STB,Sport Live,1,27,8.21,14.99,1491,2.23,Medium,0.07,2282,
2026-01-01 07:30:00,MTN,Benin,Premium Sports Bundle,Mobile,Series A,1,98,4.2,9.99,4538,1.85,Medium,0.28,6712,
2026-01-01 07:31:00,Airtel,Rwanda,Family Entertainment,Mobile,Documentary D,1,14,1.14,1.99,2939,3.09,Medium,0.25,5160,AUTH_ERROR
2026-01-01 07:32:00,Orange,Rwanda,Premium Sports Bundle,Mobile,Series A,1,13,5.87,9.99,3703,1.25,Low,0.42,7961,AUTH_ERROR
2026-01-01 07:33:00,Vodacom,Rwanda,Family Entertainment,Web,Sport Live,1,62,3.81,9.99,4297,0.53,Low,0.1,4052,LOW_BITRATE
2026-01-01 07:34:00,Airtel,Rwanda,Family Entertainment,Web,Series A,1,114,6.71,14.99,2728,3.28,Medium,0.25,6567,
2026-01-01 07:35:00,Airtel,Morocco,Premium Sports Bundle,STB,Sport Live,1,59,1.0,1.99,3308,2.89,High,0.34,5038,
2026-01-01 07:36:00,Moov,Rwanda,OTT Weekly Pass,Smart TV,Sport Live,1,54,1.26,1.99,4406,2.35,Medium,0.08,5672,
2026-01-01 07:37:00,Orange,Rwanda,Zero-Rating Bundle,Web,Kids Show,1,57,2.63,4.99,3455,3.12,Low,0.4,8745,BUFFERING_ERROR
2026-01-01 07:38:00,Orange,Rwanda,Zero-Rating Bundle,Web,Documentary D,1,89,9.34,14.99,1441,2.59,High,0.22,2817,AUTH_ERROR
2026-01-01 07:39:00,MTN,Morocco,OTT Daily Pass,STB,Movie C,1,109,2.2,4.99,137,3.19,High,0.21,7244,
2026-01-01 07:40:00,MTN,Ivory Coast,Family Entertainment,Mobile,Movie C,1,103,4.56,9.99,1831,1.28,Medium,0.12,7077,AUTH_ERROR
2026-01-01 07:41:00,Airtel,Senegal,Zero-Rating Bundle,Mobile,Documentary D,1,28,7.2,14.99,3547,2.61,Low,0.39,2119,BUFFERING_ERROR
2026-01-01 07:42:00,Airtel,Rwanda,Family Entertainment,Mobile,Movie C,1,15,2.62,4.99,2354,1.84,High,0.28,4572,LOW_BITRATE
2026-01-01 07:43:00,MTN,Rwanda,OTT Weekly Pass,Mobile,Sport Live,1,53,8.96,14.99,845,0.12,Medium,0.13,2379,
2026-01-01 07:44:00,Moov,Cameroon,Premium Sports Bundle,Web,Movie C,1,89,4.63,14.99,611,2.01,Low,0.12,2531,AUTH_ERROR
2026-01-01 07:45:00,Airtel,Benin,OTT Daily Pass,Smart TV,Documentary D,1,77,7.29,14.99,3378,0.16,High,0.31,2065,
2026-01-01 07:46:00,Airtel,Senegal,Zero-Rating Bundle,STB,Kids Show,1,34,10.31,14.99,78,3.43,High,0.07,1887,
2026-01-01 07:47:00,MTN,Senegal,OTT Weekly Pass,Smart TV,Kids Show,1,61,1.33,1.99,612,0.51,Low,0.31,6004,
2026-01-01 07:48:00,MTN,Ivory Coast,Zero-Rating Bundle,Web,Movie C,1,120,9.75,14.99,3056,1.96,Medium,0.14,4972,BUFFERING_ERROR
2026-01-01 07:49:00,Airtel,Ivory Coast,Premium Sports Bundle,STB,Documentary D,1,57,10.49,14.99,4481,2.9,High,0.27,3768,AUTH_ERROR
2026-01-01 07:50:00,Airtel,Cameroon,Family Entertainment,Web,Documentary D,1,59,6.71,14.99,3522,1.41,Low,0.07,7477,
2026-01-01 07:51:00,Airtel,Cameroon,OTT Weekly Pass,Smart TV,Series A,1,68,5.8,14.99,4157,2.83,Low,0.08,1589,
2026-01-01 07:52:00,MTN,Senegal,OTT Weekly Pass,Web,Documentary D,1,104,2.8,4.99,85,1.74,Low,0.11,7607,AUTH_ERROR
2026-01-01 07:53:00,Orange,Morocco,OTT Weekly Pass,STB,Movie C,1,6,8.39,14.99,3170,1.78,Medium,0.13,3427,
2026-01-01 07:54:00,Vodacom,Morocco,Zero-Rating Bundle,STB,Kids Show,1,12,1.21,1.99,3041,1.42,High,0.07,5155,LOW_BITRATE
2026-01-01 07:55:00,Vodacom,Senegal,Premium Sports Bundle,Mobile,Movie C,1,83,5.72,9.99,1663,1.18,High,0.21,3599,BUFFERING_ERROR
2026-01-01 07:56:00,Moov,Benin,OTT Daily Pass,Smart TV,Kids Show,1,25,0.64,1.99,2397,2.41,High,0.44,874,
2026-01-01 07:57:00,Moov,Senegal,OTT Weekly Pass,STB,Sport Live,1,71,0.9,1.99,3597,2.49,Low,0.41,1670,AUTH_ERROR
2026-01-01 07:58:00,Airtel,Morocco,Zero-Rating Bundle,STB,Movie C,1,16,5.83,9.99,227,0.43,Medium,0.4,5111,AUTH_ERROR
2026-01-01 07:59:00,MTN,Senegal,OTT Weekly Pass,STB,Sport Live,1,55,5.11,9.99,543,0.26,Medium,0.3,5362,
2026-01-01 08:00:00,Airtel,Rwanda,OTT Weekly Pass,Web,Kids Show,1,32,6.74,9.99,2094,0.7,High,0.1,3527,
2026-01-01 08:01:00,MTN,Ivory Coast,Zero-Rating Bundle,Smart TV,Documentary D,1,62,0.66,1.99,240,2.79,Medium,0.4,6798,BUFFERING_ERROR
2026-01-01 08:02:00,Moov,Ivory Coast,OTT Daily Pass,Mobile,Series A,1,16,1.16,1.99,1352,0.81,High,0.18,8985,AUTH_ERROR
2026-01-01 08:03:00,MTN,Cameroon,OTT Daily Pass,Smart TV,Series A,1,93,0.9,1.99,4036,2.32,Medium,0.21,2435,LOW_BITRATE
2026-01-01 08:04:00,Vodacom,Rwanda,Zero-Rating Bundle,Mobile,Sport Live,1,30,0.65,1.99,1681,1.39,Low,0.22,7920,BUFFERING_ERROR
2026-01-01 08:05:00,Moov,Rwanda,Premium Sports Bundle,STB,Series A,1,18,1.31,1.99,3360,3.34,High,0.37,6217,
2026-01-01 08:06:00,Orange,Benin,Family Entertainment,STB,Kids Show,1,28,0.77,1.99,4938,1.42,Low,0.2,7241,
2026-01-01 08:07:00,MTN,Benin,Premium Sports Bundle,Web,Series A,1,118,1.04,1.99,4732,0.25,Medium,0.15,8353,AUTH_ERROR
2026-01-01 08:08:00,Vodacom,Ivory Coast,Zero-Rating Bundle,Web,Series A,1,20,3.35,4.99,4208,1.93,Medium,0.13,8725,
2026-01-01 08:09:00,Orange,Cameroon,Family Entertainment,STB,Series A,1,14,4.13,9.99,709,3.12,High,0.37,6480,
2026-01-01 08:10:00,MTN,Senegal,OTT Daily Pass,Mobile,Sport Live,1,25,3.8,9.99,558,2.61,Low,0.4,7862,
2026-01-01 08:11:00,Moov,Cameroon,OTT Weekly Pass,Web,Documentary D,1,79,2.42,4.99,3565,2.38,Low,0.27,1176,
2026-01-01 08:12:00,Moov,Rwanda,OTT Daily Pass,Web,Series A,1,81,1.34,1.99,2167,1.97,High,0.38,8530,AUTH_ERROR
2026-01-01 08:13:00,Moov,Benin,OTT Weekly Pass,Mobile,Sport Live,1,85,3.23,4.99,1147,2.08,High,0.22,2782,AUTH_ERROR
2026-01-01 08:14:00,Moov,Ivory Coast,OTT Weekly Pass,STB,Movie C,1,32,4.62,14.99,1209,0.86,High,0.41,8730,
2026-01-01 08:15:00,Vodacom,Rwanda,Premium Sports Bundle,STB,Series A,1,119,6.84,9.99,140,0.4,Low,0.16,3858,LOW_BITRATE
2026-01-01 08:16:00,Moov,Benin,OTT Weekly Pass,Smart TV,Series A,1,65,6.73,14.99,3537,2.46,Low,0.29,8085,
2026-01-01 08:17:00,Airtel,Cameroon,Premium Sports Bundle,Smart TV,Movie C,1,89,6.12,9.99,896,1.15,Medium,0.23,2021,
2026-01-01 08:18:00,Orange,Ivory Coast,Zero-Rating Bundle,STB,Documentary D,1,78,9.23,14.99,808,0.79,Medium,0.04,1287,LOW_BITRATE
2026-01-01 08:19:00,Vodacom,Rwanda,Family Entertainment,Web,Documentary D,1,98,6.8,9.99,3833,3.15,Medium,0.32,6382,
2026-01-01 08:20:00,Airtel,Cameroon,Premium Sports Bundle,STB,Sport Live,1,75,4.84,9.99,4529,0.54,Low,0.13,1966,
2026-01-01 08:21:00,Vodacom,Benin,Premium Sports Bundle,Web,Documentary D,1,58,2.24,4.99,1209,2.28,Low,0.14,672,AUTH_ERROR
2026-01-01 08:22:00,Airtel,Rwanda,Family Entertainment,STB,Series A,1,77,1.61,4.99,1493,0.32,High,0.07,4976,
2026-01-01 08:23:00,Moov,Cameroon,Zero-Rating Bundle,Smart TV,Movie C,1,119,5.78,14.99,1260,1.1,Low,0.19,1635,
2026-01-01 08:24:00,Airtel,Morocco,Premium Sports Bundle,Web,Series A,1,81,6.94,9.99,4873,0.43,Medium,0.45,5997,AUTH_ERROR
2026-01-01 08:25:00,Orange,Rwanda,Zero-Rating Bundle,STB,Movie C,1,86,5.91,14.99,3252,2.51,High,0.37,5499,AUTH_ERROR
2026-01-01 08:26:00,Airtel,Rwanda,Premium Sports Bundle,Web,Documentary D,1,119,1.05,1.99,3888,2.64,Low,0.18,6833,
2026-01-01 08:27:00,MTN,Ivory Coast,Premium Sports Bundle,Web,Series A,1,113,4.41,9.99,2399,3.15,High,0.17,6593,
2026-01-01 08:28:00,MTN,Ivory Coast,Zero-Rating Bundle,Smart TV,Documentary D,1,1,3.74,9.99,3356,1.41,Low,0.1,6143,
2026-01-01 08:29:00,Moov,Cameroon,OTT Weekly Pass,Web,Documentary D,1,41,5.35,9.99,1928,0.83,Low,0.41,2124,
2026-01-01 08:30:00,Vodacom,Benin,OTT Weekly Pass,Web,Sport Live,1,58,0.79,1.99,1044,2.2,Low,0.02,6600,
2026-01-01 08:31:00,Orange,Senegal,Zero-Rating Bundle,Web,Sport Live,1,55,5.47,14.99,4191,1.17,Low,0.21,8271,
2026-01-01 08:32:00,Vodacom,Morocco,OTT Weekly Pass,Smart TV,Movie C,1,87,8.59,14.99,378,2.32,High,0.12,2376,LOW_BITRATE
2026-01-01 08:33:00,Moov,Rwanda,OTT Daily Pass,Mobile,Kids Show,1,48,5.53,9.99,3802,0.85,Medium,0.12,2267,LOW_BITRATE
2026-01-01 08:34:00,Moov,Rwanda,OTT Daily Pass,Web,Documentary D,1,87,6.53,9.99,1138,0.2,High,0.39,1738,
2026-01-01 08:35:00,Airtel,Rwanda,Premium Sports Bundle,Smart TV,Documentary D,1,5,6.99,14.99,2256,0.89,High,0.4,6401,BUFFERING_ERROR
2026-01-01 08:36:00,MTN,Morocco,OTT Weekly Pass,Mobile,Documentary D,1,55,3.76,9.99,2890,0.33,Low,0.4,7088,BUFFERING_ERROR
2026-01-01 08:37:00,Orange,Morocco,Premium Sports Bundle,STB,Documentary D,1,102,9.54,14.99,2129,1.04,Low,0.35,4923,
2026-01-01 08:38:00,Orange,Senegal,Zero-Rating Bundle,STB,Sport Live,1,35,1.77,4.99,4400,1.27,High,0.26,4481,LOW_BITRATE
2026-01-01 08:39:00,Orange,Cameroon,OTT Weekly Pass,Web,Kids Show,1,28,0.67,1.99,2408,1.22,Medium,0.33,1265,BUFFERING_ERROR
2026-01-01 08:40:00,Moov,Cameroon,Premium Sports Bundle,Smart TV,Documentary D,1,98,3.5,9.99,3477,1.53,Medium,0.08,1093,
2026-01-01 08:41:00,Vodacom,Senegal,Premium Sports Bundle,Web,Kids Show,1,76,5.5,9.99,3021,0.13,High,0.41,8493,
2026-01-01 08:42:00,Vodacom,Rwanda,Family Entertainment,Web,Sport Live,1,23,6.93,9.99,1155,2.25,Medium,0.15,1907,AUTH_ERROR
2026-01-01 08:43:00,MTN,Ivory Coast,Family Entertainment,STB,Series A,1,22,7.84,14.99,1453,2.49,High,0.3,8496,BUFFERING_ERROR
2026-01-01 08:44:00,Orange,Cameroon,Premium Sports Bundle,STB,Sport Live,1,52,2.68,4.99,92,2.99,Medium,0.31,5757,
2026-01-01 08:45:00,MTN,Morocco,Family Entertainment,Web,Kids Show,1,76,7.25,14.99,1643,3.05,Low,0.18,6605,
2026-01-01 08:46:00,Airtel,Senegal,Family Entertainment,STB,Documentary D,1,46,1.89,4.99,401,0.49,Low,0.31,8085,
2026-01-01 08:47:00,Orange,Cameroon,Zero-Rating Bundle,STB,Movie C,1,43,0.62,1.99,528,2.98,Medium,0.45,1832,
2026-01-01 08:48:00,Airtel,Ivory Coast,Zero-Rating Bundle,STB,Movie C,1,24,0.74,1.99,2860,3.06,Low,0.07,6337,
2026-01-01 08:49:00,Orange,Rwanda,Premium Sports Bundle,Mobile,Sport Live,1,23,3.45,4.99,125,0.4,Low,0.34,6514,
2026-01-01 08:50:00,MTN,Ivory Coast,Zero-Rating Bundle,Smart TV,Movie C,1,91,1.7,4.99,300,3.32,Low,0.39,2068,AUTH_ERROR
2026-01-01 08:51:00,Moov,Senegal,Zero-Rating Bundle,Smart TV,Series A,1,57,0.81,1.99,2824,0.95,Medium,0.29,4543,
2026-01-01 08:52:00,Vodacom,Rwanda,Family Entertainment,STB,Sport Live,1,87,2.93,4.99,3503,0.48,Low,0.42,2202,
2026-01-01 08:53:00,Vodacom,Benin,OTT Weekly Pass,Mobile,Kids Show,1,33,3.15,4.99,3308,0.11,Medium,0.13,7354,
2026-01-01 08:54:00,Orange,Senegal,OTT Weekly Pass,Web,Sport Live,1,25,3.63,9.99,4928,2.9,Low,0.07,8015,BUFFERING_ERROR
2026-01-01 08:55:00,Orange,Benin,Premium Sports Bundle,STB,Documentary D,1,29,4.8,14.99,1621,1.67,Low,0.11,4944,BUFFERING_ERROR
2026-01-01 08:56:00,Vodacom,Ivory Coast,Zero-Rating Bundle,STB,Series A,1,14,5.67,9.99,4357,1.58,Low,0.37,743,
2026-01-01 08:57:00,Orange,Ivory Coast,Premium Sports Bundle,STB,Series A,1,111,3.77,9.99,2521,1.93,High,0.24,1340,
2026-01-01 08:58:00,Vodacom,Cameroon,Premium Sports Bundle,Smart TV,Movie C,1,42,5.15,9.99,3332,1.7,Low,0.08,6083,
2026-01-01 08:59:00,Vodacom,Senegal,Premium Sports Bundle,STB,Sport Live,1,30,1.82,4.99,533,0.22,High,0.01,7592,AUTH_ERROR
2026-01-01 09:00:00,Airtel,Ivory Coast,OTT Daily Pass,STB,Documentary D,1,114,4.81,14.99,4016,2.1,Low,0.28,4990,BUFFERING_ERROR
2026-01-01 09:01:00,Moov,Ivory Coast,Zero-Rating Bundle,STB,Documentary D,1,65,6.87,9.99,1184,0.68,Low,0.2,2295,
2026-01-01 09:02:00,Airtel,Senegal,Family Entertainment,Web,Documentary D,1,24,6.93,9.99,1049,1.4,High,0.25,3083,
2026-01-01 09:03:00,Orange,Cameroon,Premium Sports Bundle,Mobile,Series A,1,35,2.94,4.99,2578,1.24,High,0.08,561,
2026-01-01 09:04:00,Vodacom,Cameroon,OTT Daily Pass,Web,Documentary D,1,101,6.35,14.99,3837,1.06,Medium,0.44,6877,
2026-01-01 09:05:00,Orange,Senegal,Family Entertainment,Web,Movie C,1,97,6.94,14.99,3031,2.82,Medium,0.34,880,
2026-01-01 09:06:00,Moov,Cameroon,Family Entertainment,Smart TV,Kids Show,1,9,6.02,9.99,1127,1.33,High,0.11,1828,
2026-01-01 09:07:00,Airtel,Senegal,OTT Daily Pass,Smart TV,Documentary D,1,91,1.6,4.99,1762,1.22,High,0.26,1738,
2026-01-01 09:08:00,Moov,Senegal,Premium Sports Bundle,Mobile,Sport Live,1,91,1.13,1.99,4886,1.44,High,0.23,2079,LOW_BITRATE
2026-01-01 09:09:00,Vodacom,Ivory Coast,OTT Daily Pass,Mobile,Movie C,1,76,4.39,9.99,4781,2.03,High,0.32,7590,
2026-01-01 09:10:00,Orange,Cameroon,OTT Weekly Pass,STB,Documentary D,1,28,6.05,9.99,2807,1.98,Medium,0.37,6883,AUTH_ERROR
2026-01-01 09:11:00,MTN,Rwanda,Family Entertainment,STB,Sport Live,1,61,2.07,4.99,1893,1.93,Low,0.28,1087,LOW_BITRATE
2026-01-01 09:12:00,Orange,Benin,Zero-Rating Bundle,Mobile,Series A,1,117,3.87,9.99,4402,0.82,Medium,0.3,2539,
2026-01-01 09:13:00,Moov,Cameroon,Zero-Rating Bundle,Mobile,Series A,1,28,0.74,1.99,2922,3.35,Medium,0.43,7186,
2026-01-01 09:14:00,Vodacom,Senegal,Zero-Rating Bundle,Smart TV,Documentary D,1,53,1.35,1.99,3397,3.05,High,0.36,8933,BUFFERING_ERROR
2026-01-01 09:15:00,MTN,Senegal,OTT Weekly Pass,Mobile,Sport Live,1,25,0.62,1.99,4052,2.01,High,0.06,563,
2026-01-01 09:16:00,MTN,Morocco,Family Entertainment,Web,Sport Live,1,69,3.44,9.99,868,0.78,Low,0.3,8033,
2026-01-01 09:17:00,Airtel,Senegal,Family Entertainment,Web,Documentary D,1,95,2.27,4.99,2120,3.41,High,0.32,1009,AUTH_ERROR
2026-01-01 09:18:00,Airtel,Benin,OTT Weekly Pass,Mobile,Kids Show,1,18,6.36,9.99,4204,3.42,High,0.41,7467,AUTH_ERROR
2026-01-01 09:19:00,Orange,Senegal,Zero-Rating Bundle,STB,Kids Show,1,18,3.09,4.99,993,2.9,Medium,0.31,4945,LOW_BITRATE
2026-01-01 09:20:00,Airtel,Ivory Coast,Zero-Rating Bundle,Smart TV,Documentary D,1,113,8.96,14.99,4103,2.49,Low,0.03,2614,
2026-01-01 09:21:00,MTN,Benin,Family Entertainment,Web,Sport Live,1,105,7.21,14.99,3579,2.99,Low,0.33,5596,AUTH_ERROR
2026-01-01 09:22:00,Airtel,Rwanda,Family Entertainment,Smart TV,Sport Live,1,119,1.53,4.99,1432,0.77,Medium,0.03,7342,AUTH_ERROR
2026-01-01 09:23:00,Vodacom,Ivory Coast,OTT Weekly Pass,STB,Kids Show,1,51,2.01,4.99,2377,0.87,Medium,0.44,7078,
2026-01-01 09:24:00,Moov,Benin,Zero-Rating Bundle,Smart TV,Sport Live,1,52,6.95,14.99,3451,2.93,High,0.27,3388,
2026-01-01 09:25:00,Vodacom,Ivory Coast,OTT Daily Pass,Web,Series A,1,79,7.97,14.99,3335,1.74,Low,0.36,1725,
2026-01-01 09:26:00,Moov,Cameroon,OTT Daily Pass,STB,Sport Live,1,40,6.45,14.99,3718,2.87,High,0.26,3853,
2026-01-01 09:27:00,Vodacom,Senegal,OTT Daily Pass,Web,Series A,1,64,1.03,1.99,3833,0.86,Medium,0.2,1520,AUTH_ERROR
2026-01-01 09:28:00,Moov,Morocco,Family Entertainment,STB,Sport Live,1,72,1.69,4.99,595,0.34,Low,0.28,7951,
2026-01-01 09:29:00,Moov,Rwanda,OTT Weekly Pass,STB,Kids Show,1,54,9.51,14.99,1097,1.98,Low,0.07,4722,BUFFERING_ERROR
2026-01-01 09:30:00,Orange,Ivory Coast,OTT Daily Pass,Smart TV,Movie C,1,59,1.06,1.99,2152,1.63,High,0.12,2793,
2026-01-01 09:31:00,Vodacom,Rwanda,Zero-Rating Bundle,Web,Movie C,1,62,6.57,14.99,2412,0.9,Medium,0.05,7602,LOW_BITRATE
2026-01-01 09:32:00,MTN,Cameroon,Premium Sports Bundle,Web,Documentary D,1,41,5.61,14.99,3209,0.22,Medium,0.28,4889,BUFFERING_ERROR
2026-01-01 09:33:00,Orange,Ivory Coast,Zero-Rating Bundle,Mobile,Documentary D,1,75,1.16,1.99,3850,1.78,Medium,0.35,5136,
2026-01-01 09:34:00,Vodacom,Ivory Coast,Zero-Rating Bundle,Mobile,Documentary D,1,91,1.01,1.99,4787,2.42,High,0.3,518,
2026-01-01 09:35:00,Orange,Benin,Family Entertainment,Web,Kids Show,1,57,3.2,9.99,2564,1.93,Medium,0.27,7522,
2026-01-01 09:36:00,Vodacom,Ivory Coast,Premium Sports Bundle,STB,Kids Show,1,21,1.38,1.99,4031,0.35,Medium,0.19,4180,
2026-01-01 09:37:00,Orange,Morocco,Premium Sports Bundle,STB,Movie C,1,40,1.13,1.99,843,1.09,Low,0.1,5645,
2026-01-01 09:38:00,Moov,Benin,Family Entertainment,Web,Kids Show,1,14,6.31,14.99,3671,1.63,High,0.11,1872,AUTH_ERROR
2026-01-01 09:39:00,Airtel,Ivory Coast,Zero-Rating Bundle,STB,Documentary D,1,77,0.79,1.99,3356,2.13,Medium,0.24,1757,BUFFERING_ERROR
2026-01-01 09:40:00,Moov,Morocco,Zero-Rating Bundle,Web,Series A,1,118,8.45,14.99,4026,1.62,Medium,0.07,8119,AUTH_ERROR
2026-01-01 09:41:00,Orange,Morocco,Zero-Rating Bundle,Mobile,Kids Show,1,87,9.11,14.99,4978,0.85,Low,0.34,8218,LOW_BITRATE
2026-01-01 09:42:00,MTN,Ivory Coast,Family Entertainment,Smart TV,Sport Live,1,43,4.08,9.99,3968,1.51,High,0.09,4098,
2026-01-01 09:43:00,Moov,Cameroon,Premium Sports Bundle,Smart TV,Kids Show,1,32,9.2,14.99,2610,0.88,Medium,0.26,6523,
2026-01-01 09:44:00,Orange,Morocco,Zero-Rating Bundle,Web,Kids Show,1,57,0.88,1.99,1797,1.4,High,0.12,723,LOW_BITRATE
2026-01-01 09:45:00,MTN,Ivory Coast,OTT Daily Pass,Mobile,Documentary D,1,55,1.35,1.99,3914,0.43,Low,0.26,2828,
2026-01-01 09:46:00,Vodacom,Cameroon,Family Entertainment,Mobile,Sport Live,1,69,10.23,14.99,3084,0.97,Low,0.13,5032,LOW_BITRATE
2026-01-01 09:47:00,Airtel,Benin,Premium Sports Bundle,Web,Series A,1,63,5.75,9.99,2084,1.29,Medium,0.09,6719,
2026-01-01 09:48:00,Airtel,Ivory Coast,Family Entertainment,Smart TV,Sport Live,1,75,1.55,4.99,4372,1.35,High,0.39,3165,
2026-01-01 09:49:00,Moov,Senegal,Family Entertainment,STB,Sport Live,1,51,6.7,9.99,3425,0.16,Low,0.17,3369,
2026-01-01 09:50:00,Vodacom,Morocco,Zero-Rating Bundle,STB,Series A,1,116,0.83,1.99,3786,0.81,High,0.35,1619,BUFFERING_ERROR
2026-01-01 09:51:00,Vodacom,Cameroon,Premium Sports Bundle,Web,Kids Show,1,20,2.96,4.99,4150,1.05,Medium,0.39,3878,AUTH_ERROR
2026-01-01 09:52:00,Vodacom,Morocco,OTT Weekly Pass,Web,Series A,1,78,8.88,14.99,2108,2.22,Medium,0.25,2854,
2026-01-01 09:53:00,MTN,Ivory Coast,Zero-Rating Bundle,STB,Documentary D,1,54,1.07,1.99,142,3.06,High,0.33,3692,
2026-01-01 09:54:00,Airtel,Benin,Family Entertainment,Mobile,Documentary D,1,85,3.29,4.99,1945,1.9,Low,0.23,8752,
2026-01-01 09:55:00,Orange,Senegal,OTT Daily Pass,Smart TV,Kids Show,1,5,2.59,4.99,3198,2.14,Low,0.12,8703,BUFFERING_ERROR
2026-01-01 09:56:00,Vodacom,Rwanda,OTT Weekly Pass,STB,Documentary D,1,86,1.53,4.99,4923,2.54,Medium,0.17,8740,
2026-01-01 09:57:00,MTN,Cameroon,Zero-Rating Bundle,Web,Movie C,1,108,7.11,14.99,1549,1.59,High,0.24,2079,AUTH_ERROR
2026-01-01 09:58:00,MTN,Rwanda,OTT Daily Pass,Smart TV,Documentary D,1,59,4.77,9.99,2097,2.48,Medium,0.22,1990,BUFFERING_ERROR
2026-01-01 09:59:00,Moov,Rwanda,OTT Daily Pass,Mobile,Kids Show,1,42,4.12,9.99,939,1.76,High,0.44,1240,
2026-01-01 10:00:00,Vodacom,Senegal,Premium Sports Bundle,Mobile,Sport Live,1,118,0.99,1.99,1784,1.38,High,0.39,2323,
2026-01-01 10:01:00,MTN,Senegal,Zero-Rating Bundle,Smart TV,Documentary D,1,22,1.06,1.99,1402,2.7,Low,0.34,1378,LOW_BITRATE
2026-01-01 10:02:00,Airtel,Cameroon,Zero-Rating Bundle,Smart TV,Movie C,1,83,3.77,9.99,1357,1.74,Medium,0.27,8017,AUTH_ERROR
2026-01-01 10:03:00,Vodacom,Benin,Zero-Rating Bundle,Web,Sport Live,1,15,4.51,9.99,1372,2.21,High,0.34,1243,
2026-01-01 10:04:00,Vodacom,Morocco,Zero-Rating Bundle,STB,Kids Show,1,70,1.34,1.99,2277,1.13,Medium,0.01,3069,BUFFERING_ERROR
2026-01-01 10:05:00,Orange,Senegal,OTT Weekly Pass,Mobile,Documentary D,1,95,1.01,1.99,1891,2.02,High,0.23,4469,
2026-01-01 10:06:00,MTN,Benin,Zero-Rating Bundle,Web,Movie C,1,117,3.54,9.99,3012,0.43,High,0.14,2326,BUFFERING_ERROR
2026-01-01 10:07:00,Airtel,Rwanda,Zero-Rating Bundle,Web,Documentary D,1,18,6.92,14.99,1726,2.73,Medium,0.37,2217,AUTH_ERROR
2026-01-01 10:08:00,Airtel,Rwanda,OTT Daily Pass,Web,Series A,1,92,5.67,14.99,3833,0.69,High,0.43,3014,BUFFERING_ERROR
2026-01-01 10:09:00,Airtel,Morocco,Zero-Rating Bundle,STB,Movie C,1,96,6.08,9.99,2943,2.85,Low,0.27,8362,
2026-01-01 10:10:00,MTN,Morocco,OTT Daily Pass,Mobile,Series A,1,11,5.11,9.99,1180,2.33,High,0.39,6158,
2026-01-01 10:11:00,Orange,Senegal,Zero-Rating Bundle,Mobile,Movie C,1,90,8.72,14.99,3568,1.18,Low,0.41,6761,
2026-01-01 10:12:00,MTN,Cameroon,Zero-Rating Bundle,Smart TV,Kids Show,1,101,2.2,4.99,2171,2.69,Low,0.04,8054,LOW_BITRATE
2026-01-01 10:13:00,Moov,Senegal,OTT Weekly Pass,Web,Movie C,1,55,3.44,4.99,1528,2.46,Medium,0.17,5485,
2026-01-01 10:14:00,MTN,Cameroon,OTT Weekly Pass,Web,Documentary D,1,92,6.62,14.99,1555,2.49,Medium,0.45,7775,LOW_BITRATE
2026-01-01 10:15:00,Vodacom,Benin,Zero-Rating Bundle,Smart TV,Sport Live,1,55,0.84,1.99,1443,0.72,High,0.39,8920,
2026-01-01 10:16:00,Moov,Cameroon,Zero-Rating Bundle,STB,Series A,1,115,2.72,4.99,192,2.79,Medium,0.34,7830,BUFFERING_ERROR
2026-01-01 10:17:00,Airtel,Senegal,OTT Daily Pass,Smart TV,Kids Show,1,45,0.91,1.99,4418,1.34,Low,0.37,7525,LOW_BITRATE
2026-01-01 10:18:00,Orange,Benin,OTT Weekly Pass,Mobile,Sport Live,1,20,1.34,1.99,2008,0.3,Medium,0.04,3645,AUTH_ERROR
2026-01-01 10:19:00,Orange,Ivory Coast,OTT Weekly Pass,STB,Movie C,1,9,4.72,14.99,2931,1.44,Low,0.22,5692,
2026-01-01 10:20:00,Vodacom,Cameroon,Family Entertainment,Smart TV,Sport Live,1,40,0.62,1.99,2091,1.15,Medium,0.39,2467,BUFFERING_ERROR
2026-01-01 10:21:00,Moov,Senegal,Zero-Rating Bundle,Web,Series A,1,27,3.99,9.99,231,3.26,High,0.16,1276,AUTH_ERROR
2026-01-01 10:22:00,Orange,Rwanda,Family Entertainment,Mobile,Documentary D,1,50,10.4,14.99,4195,0.71,High,0.31,4464,
2026-01-01 10:23:00,Vodacom,Benin,Premium Sports Bundle,Web,Sport Live,1,1,2.26,4.99,2319,1.71,Medium,0.1,7746,
2026-01-01 10:24:00,Vodacom,Cameroon,OTT Daily Pass,Web,Series A,1,34,5.7,9.99,4073,2.4,Medium,0.24,4795,
2026-01-01 10:25:00,MTN,Benin,Family Entertainment,Web,Movie C,1,88,3.23,9.99,1288,0.92,Low,0.07,5322,LOW_BITRATE
2026-01-01 10:26:00,Airtel,Ivory Coast,Zero-Rating Bundle,STB,Sport Live,1,112,0.85,1.99,2229,1.65,High,0.22,2651,
2026-01-01 10:27:00,Orange,Ivory Coast,Family Entertainment,Web,Series A,1,4,9.67,14.99,1997,0.38,Low,0.41,6886,
2026-01-01 10:28:00,Moov,Ivory Coast,Zero-Rating Bundle,Smart TV,Documentary D,1,40,5.23,14.99,2732,0.95,Low,0.08,6378,
2026-01-01 10:29:00,MTN,Senegal,OTT Weekly Pass,Web,Movie C,1,21,0.64,1.99,377,3.25,Medium,0.42,6993,
2026-01-01 10:30:00,Airtel,Ivory Coast,OTT Weekly Pass,Smart TV,Movie C,1,98,0.95,1.99,3199,1.53,Low,0.07,973,
2026-01-01 10:31:00,Moov,Benin,OTT Weekly Pass,Smart TV,Movie C,1,27,3.16,9.99,4386,0.96,Low,0.13,1910,BUFFERING_ERROR
2026-01-01 10:32:00,Vodacom,Senegal,Premium Sports Bundle,STB,Series A,1,49,3.21,9.99,4469,2.58,High,0.04,6016,
2026-01-01 10:33:00,Airtel,Cameroon,OTT Daily Pass,Mobile,Series A,1,79,4.09,9.99,3428,1.59,Medium,0.11,1120,BUFFERING_ERROR
2026-01-01 10:34:00,Moov,Rwanda,Zero-Rating Bundle,Smart TV,Documentary D,1,77,4.79,9.99,3898,0.86,Low,0.28,868,
2026-01-01 10:35:00,MTN,Morocco,OTT Weekly Pass,Mobile,Movie C,1,87,3.86,9.99,4971,0.51,High,0.41,6380,
2026-01-01 10:36:00,Orange,Cameroon,Premium Sports Bundle,Mobile,Movie C,1,104,6.99,14.99,2362,2.95,High,0.03,3363,
2026-01-01 10:37:00,Orange,Senegal,Zero-Rating Bundle,Mobile,Documentary D,1,76,1.22,1.99,1620,2.92,High,0.33,5162,LOW_BITRATE
2026-01-01 10:38:00,Moov,Ivory Coast,Family Entertainment,STB,Documentary D,1,119,5.45,9.99,303,0.87,High,0.06,7687,BUFFERING_ERROR
2026-01-01 10:39:00,Vodacom,Cameroon,Zero-Rating Bundle,STB,Kids Show,1,35,2.95,4.99,1397,2.49,Medium,0.19,8637,BUFFERING_ERROR
2026-01-01 10:40:00,Moov,Senegal,OTT Daily Pass,Mobile,Documentary D,1,21,4.22,9.99,4833,2.43,Low,0.42,5935,AUTH_ERROR
2026-01-01 10:41:00,MTN,Ivory Coast,Premium Sports Bundle,Web,Series A,1,110,5.56,9.99,3999,2.39,Low,0.22,7754,LOW_BITRATE
2026-01-01 10:42:00,Airtel,Morocco,Zero-Rating Bundle,STB,Sport Live,1,30,4.42,9.99,3169,0.42,High,0.2,541,AUTH_ERROR
2026-01-01 10:43:00,Airtel,Morocco,Family Entertainment,Web,Movie C,1,74,2.23,4.99,557,1.59,Medium,0.1,8431,
2026-01-01 10:44:00,Airtel,Rwanda,Family Entertainment,Smart TV,Kids Show,1,1,6.68,9.99,2229,2.8,Medium,0.14,6555,
2026-01-01 10:45:00,Airtel,Morocco,Family Entertainment,Smart TV,Kids Show,1,94,4.51,14.99,255,0.31,Low,0.21,5783,AUTH_ERROR
2026-01-01 10:46:00,Moov,Senegal,Family Entertainment,Mobile,Sport Live,1,81,5.05,14.99,882,1.49,Medium,0.4,5187,
2026-01-01 10:47:00,Airtel,Rwanda,Family Entertainment,STB,Kids Show,1,99,9.64,14.99,4976,2.83,High,0.22,2375,BUFFERING_ERROR
2026-01-01 10:48:00,Airtel,Ivory Coast,Premium Sports Bundle,Smart TV,Documentary D,1,77,6.92,14.99,2753,3.16,Medium,0.17,4632,
2026-01-01 10:49:00,Moov,Rwanda,Zero-Rating Bundle,STB,Series A,1,70,8.59,14.99,939,1.84,Medium,0.39,6506,AUTH_ERROR
2026-01-01 10:50:00,MTN,Morocco,Family Entertainment,Web,Movie C,1,85,7.54,14.99,465,2.54,Low,0.36,1191,
2026-01-01 10:51:00,Orange,Morocco,OTT Daily Pass,Mobile,Sport Live,1,77,6.28,14.99,2806,1.35,Low,0.42,4521,AUTH_ERROR
2026-01-01 10:52:00,Moov,Ivory Coast,OTT Weekly Pass,Web,Series A,1,43,2.55,4.99,4303,3.05,Medium,0.09,8442,BUFFERING_ERROR
2026-01-01 10:53:00,Vodacom,Cameroon,Zero-Rating Bundle,Web,Movie C,1,67,8.92,14.99,2101,1.58,High,0.03,1963,
2026-01-01 10:54:00,Orange,Senegal,Premium Sports Bundle,STB,Sport Live,1,6,0.93,1.99,2265,2.62,High,0.25,2010,
2026-01-01 10:55:00,Airtel,Senegal,Zero-Rating Bundle,Smart TV,Documentary D,1,103,1.03,1.99,1543,1.95,Medium,0.13,3533,LOW_BITRATE
2026-01-01 10:56:00,Orange,Ivory Coast,Zero-Rating Bundle,Smart TV,Kids Show,1,107,9.2,14.99,791,0.64,Medium,0.36,5910,BUFFERING_ERROR
2026-01-01 10:57:00,Moov,Cameroon,OTT Weekly Pass,Mobile,Sport Live,1,97,2.68,4.99,356,1.63,Low,0.19,6861,
2026-01-01 10:58:00,MTN,Senegal,OTT Weekly Pass,Web,Series A,1,116,0.64,1.99,3240,1.0,Medium,0.28,4844,
2026-01-01 10:59:00,Airtel,Rwanda,Zero-Rating Bundle,Web,Series A,1,76,9.16,14.99,4882,2.16,High,0.22,8194,AUTH_ERROR
2026-01-01 11:00:00,Airtel,Morocco,Family Entertainment,STB,Kids Show,1,46,1.76,4.99,592,0.18,Low,0.31,7216,LOW_BITRATE
2026-01-01 11:01:00,Moov,Morocco,Premium Sports Bundle,Web,Kids Show,1,66,6.5,14.99,4139,0.12,Medium,0.4,6912,AUTH_ERROR
2026-01-01 11:02:00,Orange,Morocco,OTT Daily Pass,Smart TV,Documentary D,1,64,1.37,1.99,2019,0.17,Low,0.08,7366,BUFFERING_ERROR
2026-01-01 11:03:00,Airtel,Senegal,Zero-Rating Bundle,Web,Documentary D,1,72,8.17,14.99,3329,1.84,Medium,0.16,8826,
2026-01-01 11:04:00,Vodacom,Cameroon,OTT Weekly Pass,Mobile,Series A,1,117,1.29,1.99,2863,0.46,Medium,0.09,5510,BUFFERING_ERROR
2026-01-01 11:05:00,Vodacom,Senegal,OTT Daily Pass,Mobile,Movie C,1,13,4.56,14.99,1729,1.44,Low,0.44,7888,
2026-01-01 11:06:00,Vodacom,Rwanda,Family Entertainment,Smart TV,Kids Show,1,27,2.22,4.99,2879,1.58,Medium,0.29,7526,LOW_BITRATE
2026-01-01 11:07:00,MTN,Ivory Coast,Premium Sports Bundle,Mobile,Sport Live,1,83,3.76,9.99,4138,3.16,Medium,0.23,2416,AUTH_ERROR
2026-01-01 11:08:00,Orange,Senegal,Premium Sports Bundle,Web,Movie C,1,26,7.56,14.99,3344,3.39,Low,0.26,3730,LOW_BITRATE
2026-01-01 11:09:00,Airtel,Benin,OTT Daily Pass,Smart TV,Documentary D,1,8,3.62,9.99,1278,1.74,Low,0.07,4566,
2026-01-01 11:10:00,Moov,Rwanda,Premium Sports Bundle,Smart TV,Series A,1,102,4.62,9.99,4211,0.84,Medium,0.12,4809,BUFFERING_ERROR
2026-01-01 11:11:00,Airtel,Rwanda,Family Entertainment,Web,Sport Live,1,95,1.67,4.99,3657,1.29,High,0.38,3798,
2026-01-01 11:12:00,MTN,Senegal,Premium Sports Bundle,Web,Sport Live,1,80,1.15,1.99,130,2.86,High,0.14,2262,BUFFERING_ERROR
2026-01-01 11:13:00,Moov,Senegal,Family Entertainment,Smart TV,Sport Live,1,86,2.47,4.99,556,2.73,High,0.23,4271,
2026-01-01 11:14:00,Vodacom,Rwanda,OTT Daily Pass,STB,Kids Show,1,71,1.93,4.99,525,0.21,Low,0.16,3793,
2026-01-01 11:15:00,Orange,Ivory Coast,Premium Sports Bundle,Smart TV,Series A,1,116,2.08,4.99,4919,1.57,High,0.07,6470,
2026-01-01 11:16:00,Airtel,Benin,OTT Daily Pass,Web,Movie C,1,112,0.91,1.99,1696,1.67,High,0.07,623,LOW_BITRATE
2026-01-01 11:17:00,MTN,Morocco,OTT Daily Pass,Smart TV,Kids Show,1,65,1.09,1.99,4484,0.76,High,0.22,3673,
2026-01-01 11:18:00,Orange,Rwanda,Zero-Rating Bundle,Mobile,Series A,1,112,1.74,4.99,444,2.33,Medium,0.32,5160,
2026-01-01 11:19:00,Airtel,Senegal,Premium Sports Bundle,Web,Movie C,1,89,3.47,4.99,1145,1.99,Medium,0.41,6194,AUTH_ERROR
2026-01-01 11:20:00,Moov,Ivory Coast,Premium Sports Bundle,Web,Sport Live,1,36,7.36,14.99,502,1.26,Low,0.38,7960,
2026-01-01 11:21:00,Moov,Rwanda,OTT Daily Pass,STB,Kids Show,1,25,9.44,14.99,2878,1.75,High,0.34,7866,AUTH_ERROR
2026-01-01 11:22:00,Airtel,Cameroon,Zero-Rating Bundle,Mobile,Kids Show,1,110,8.03,14.99,3231,1.16,Low,0.12,3135,
2026-01-01 11:23:00,Vodacom,Rwanda,Zero-Rating Bundle,STB,Kids Show,1,92,1.5,4.99,4391,3.22,Medium,0.19,1430,LOW_BITRATE
2026-01-01 11:24:00,Vodacom,Rwanda,Family Entertainment,Web,Series A,1,37,9.59,14.99,311,1.91,High,0.08,3326,
2026-01-01 11:25:00,MTN,Senegal,OTT Daily Pass,STB,Documentary D,1,21,8.71,14.99,1274,1.4,Low,0.11,5848,
2026-01-01 11:26:00,Airtel,Morocco,Zero-Rating Bundle,Mobile,Series A,1,94,1.25,1.99,1239,0.66,High,0.38,2719,BUFFERING_ERROR
2026-01-01 11:27:00,Orange,Morocco,Family Entertainment,Smart TV,Sport Live,1,118,2.4,4.99,4196,0.8,Medium,0.37,3952,BUFFERING_ERROR
2026-01-01 11:28:00,Orange,Ivory Coast,Premium Sports Bundle,STB,Sport Live,1,89,0.74,1.99,986,3.06,Medium,0.09,8853,
2026-01-01 11:29:00,Orange,Morocco,Zero-Rating Bundle,Smart TV,Documentary D,1,117,8.38,14.99,2212,1.03,Low,0.1,4492,BUFFERING_ERROR
2026-01-01 11:30:00,Vodacom,Senegal,OTT Daily Pass,Smart TV,Sport Live,1,119,2.04,4.99,4483,1.84,Low,0.2,6435,LOW_BITRATE
2026-01-01 11:31:00,Airtel,Rwanda,OTT Weekly Pass,Smart TV,Documentary D,1,75,2.21,4.99,4531,2.9,High,0.19,794,
2026-01-01 11:32:00,Orange,Cameroon,Premium Sports Bundle,STB,Sport Live,1,19,7.14,14.99,200,0.95,Medium,0.4,3387,AUTH_ERROR
2026-01-01 11:33:00,Orange,Senegal,Premium Sports Bundle,Smart TV,Kids Show,1,35,3.18,9.99,2873,3.28,Medium,0.15,686,
2026-01-01 11:34:00,Moov,Cameroon,OTT Weekly Pass,Smart TV,Documentary D,1,66,6.49,9.99,4644,2.46,Medium,0.39,8419,LOW_BITRATE
2026-01-01 11:35:00,Orange,Cameroon,OTT Weekly Pass,Web,Documentary D,1,87,2.35,4.99,2011,1.61,Medium,0.25,3355,
2026-01-01 11:36:00,Vodacom,Ivory Coast,Zero-Rating Bundle,STB,Documentary D,1,97,1.26,1.99,4334,1.59,Low,0.14,7684,
2026-01-01 11:37:00,Moov,Benin,Zero-Rating Bundle,STB,Kids Show,1,33,5.5,9.99,3789,2.92,Medium,0.23,2581,
2026-01-01 11:38:00,Vodacom,Morocco,Premium Sports Bundle,STB,Kids Show,1,83,3.35,4.99,2094,2.39,Medium,0.25,3220,
2026-01-01 11:39:00,Orange,Rwanda,Zero-Rating Bundle,Mobile,Kids Show,1,68,10.19,14.99,4782,2.86,Low,0.24,8827,BUFFERING_ERROR
2026-01-01 11:40:00,Orange,Benin,Zero-Rating Bundle,Mobile,Documentary D,1,105,9.24,14.99,2459,0.97,Low,0.33,6468,BUFFERING_ERROR
2026-01-01 11:41:00,Moov,Cameroon,Zero-Rating Bundle,STB,Sport Live,1,100,2.73,4.99,825,3.12,Medium,0.06,8876,
2026-01-01 11:42:00,Airtel,Ivory Coast,OTT Daily Pass,Smart TV,Series A,1,95,2.62,4.99,3483,2.04,Medium,0.07,4840,AUTH_ERROR
2026-01-01 11:43:00,Orange,Benin,OTT Weekly Pass,Web,Movie C,1,81,4.97,14.99,3237,2.0,High,0.08,2617,
2026-01-01 11:44:00,Airtel,Morocco,Zero-Rating Bundle,Smart TV,Documentary D,1,120,0.74,1.99,2236,0.73,Low,0.42,5014,AUTH_ERROR
2026-01-01 11:45:00,Vodacom,Rwanda,Family Entertainment,STB,Sport Live,1,61,9.42,14.99,1169,1.21,Medium,0.25,4326,LOW_BITRATE
2026-01-01 11:46:00,Orange,Senegal,Family Entertainment,Web,Series A,1,105,2.58,4.99,889,1.46,Low,0.26,1701,
2026-01-01 11:47:00,MTN,Ivory Coast,OTT Weekly Pass,STB,Movie C,1,118,1.35,1.99,1101,0.17,High,0.38,4433,BUFFERING_ERROR
2026-01-01 11:48:00,MTN,Cameroon,OTT Daily Pass,Web,Documentary D,1,113,9.94,14.99,4151,0.58,High,0.06,7726,
2026-01-01 11:49:00,Orange,Benin,Premium Sports Bundle,Web,Series A,1,46,8.91,14.99,3670,2.11,High,0.41,7866,
2026-01-01 11:50:00,Moov,Senegal,OTT Weekly Pass,Smart TV,Series A,1,109,1.39,1.99,3486,3.35,Medium,0.34,5142,LOW_BITRATE
2026-01-01 11:51:00,MTN,Morocco,Zero-Rating Bundle,Mobile,Series A,1,100,7.0,14.99,2176,1.5,High,0.25,7409,
2026-01-01 11:52:00,MTN,Benin,Family Entertainment,Smart TV,Documentary D,1,63,8.06,14.99,858,0.67,High,0.13,623,
2026-01-01 11:53:00,Vodacom,Ivory Coast,OTT Daily Pass,Smart TV,Sport Live,1,74,4.61,9.99,4892,2.85,Medium,0.14,7117,LOW_BITRATE
2026-01-01 11:54:00,Moov,Benin,Family Entertainment,Mobile,Sport Live,1,29,0.73,1.99,4685,1.51,High,0.32,2614,LOW_BITRATE
2026-01-01 11:55:00,MTN,Benin,Premium Sports Bundle,Web,Movie C,1,75,4.16,9.99,4624,2.7,Medium,0.14,8765,
2026-01-01 11:56:00,Airtel,Morocco,Family Entertainment,Web,Movie C,1,19,7.64,14.99,1864,0.23,Low,0.38,4059,BUFFERING_ERROR
2026-01-01 11:57:00,Vodacom,Rwanda,Zero-Rating Bundle,Smart TV,Documentary D,1,113,2.34,4.99,3078,0.96,Low,0.25,7679,
2026-01-01 11:58:00,Moov,Benin,Premium Sports Bundle,Mobile,Movie C,1,35,3.13,9.99,2371,0.63,High,0.16,8054,
2026-01-01 11:59:00,MTN,Benin,OTT Weekly Pass,STB,Kids Show,1,116,1.14,1.99,4663,1.42,Low,0.08,7860,AUTH_ERROR
2026-01-01 12:00:00,Airtel,Cameroon,Zero-Rating Bundle,Mobile,Documentary D,1,53,4.35,9.99,2923,0.48,Low,0.03,6425,BUFFERING_ERROR
2026-01-01 12:01:00,Vodacom,Ivory Coast,OTT Daily Pass,Web,Documentary D,1,67,6.65,9.99,4137,2.77,Low,0.39,606,AUTH_ERROR
2026-01-01 12:02:00,Moov,Benin,OTT Daily Pass,Web,Series A,1,26,7.28,14.99,4770,2.87,Medium,0.31,1616,
2026-01-01 12:03:00,Airtel,Morocco,Premium Sports Bundle,Mobile,Documentary D,1,119,0.76,1.99,4522,1.77,Low,0.1,2069,LOW_BITRATE
2026-01-01 12:04:00,Moov,Morocco,OTT Daily Pass,STB,Documentary D,1,67,1.31,1.99,4762,0.78,High,0.38,7755,AUTH_ERROR
2026-01-01 12:05:00,Airtel,Ivory Coast,OTT Weekly Pass,Mobile,Movie C,1,32,5.8,14.99,4845,0.41,Low,0.25,6898,LOW_BITRATE
2026-01-01 12:06:00,Airtel,Benin,OTT Weekly Pass,Smart TV,Movie C,1,64,3.22,4.99,3543,1.21,Medium,0.37,4159,BUFFERING_ERROR
2026-01-01 12:07:00,Airtel,Ivory Coast,Family Entertainment,Web,Series A,1,60,6.18,9.99,4562,0.79,Medium,0.03,3699,
2026-01-01 12:08:00,Vodacom,Morocco,Zero-Rating Bundle,STB,Documentary D,1,77,5.53,14.99,1873,2.38,Low,0.36,2678,BUFFERING_ERROR
2026-01-01 12:09:00,Orange,Cameroon,Family Entertainment,Smart TV,Kids Show,1,115,5.35,9.99,4601,0.6,High,0.12,2595,
2026-01-01 12:10:00,Orange,Ivory Coast,Premium Sports Bundle,STB,Documentary D,1,26,6.46,9.99,441,1.42,High,0.31,2292,
2026-01-01 12:11:00,Orange,Senegal,OTT Daily Pass,Mobile,Series A,1,103,4.92,9.99,2790,2.43,Low,0.21,1472,
2026-01-01 12:12:00,Orange,Benin,OTT Weekly Pass,Web,Series A,1,28,3.64,9.99,1333,0.4,Medium,0.34,816,AUTH_ERROR
2026-01-01 12:13:00,Airtel,Rwanda,Premium Sports Bundle,Web,Sport Live,1,4,6.07,9.99,4385,2.44,Medium,0.29,7069,
2026-01-01 12:14:00,Airtel,Morocco,Premium Sports Bundle,STB,Documentary D,1,49,1.02,1.99,1891,1.5,Medium,0.16,2255,LOW_BITRATE
2026-01-01 12:15:00,Airtel,Rwanda,OTT Weekly Pass,Smart TV,Series A,1,42,2.3,4.99,1491,0.48,Low,0.2,8022,AUTH_ERROR
2026-01-01 12:16:00,Moov,Senegal,OTT Weekly Pass,Mobile,Series A,1,19,0.93,1.99,4485,2.97,High,0.39,2818,LOW_BITRATE
2026-01-01 12:17:00,MTN,Morocco,Family Entertainment,Mobile,Movie C,1,105,4.68,14.99,2237,2.24,Medium,0.09,7467,
2026-01-01 12:18:00,Airtel,Benin,Premium Sports Bundle,Mobile,Series A,1,68,1.04,1.99,2750,2.7,Medium,0.23,7070,
2026-01-01 12:19:00,Vodacom,Senegal,Zero-Rating Bundle,Mobile,Documentary D,1,86,3.63,9.99,4188,1.49,High,0.02,2310,BUFFERING_ERROR
2026-01-01 12:20:00,MTN,Morocco,Family Entertainment,STB,Documentary D,1,56,10.13,14.99,4435,2.62,Low,0.22,3015,AUTH_ERROR
2026-01-01 12:21:00,Moov,Senegal,Premium Sports Bundle,STB,Series A,1,20,2.93,4.99,1887,1.14,Low,0.32,1644,
2026-01-01 12:22:00,Airtel,Rwanda,Premium Sports Bundle,STB,Kids Show,1,69,8.55,14.99,1139,2.47,Low,0.28,2405,LOW_BITRATE
2026-01-01 12:23:00,Orange,Rwanda,OTT Weekly Pass,Web,Sport Live,1,20,1.01,1.99,2703,2.18,Low,0.23,1896,LOW_BITRATE
2026-01-01 12:24:00,Airtel,Benin,Family Entertainment,Mobile,Documentary D,1,30,6.72,14.99,4313,2.97,Medium,0.24,4227,
2026-01-01 12:25:00,MTN,Rwanda,OTT Weekly Pass,STB,Kids Show,1,103,3.37,4.99,330,2.41,Low,0.29,6292,
2026-01-01 12:26:00,Vodacom,Ivory Coast,OTT Daily Pass,Mobile,Sport Live,1,4,2.72,4.99,2537,2.68,Low,0.18,4592,AUTH_ERROR
2026-01-01 12:27:00,Orange,Morocco,OTT Daily Pass,Web,Documentary D,1,48,0.78,1.99,751,3.19,High,0.39,5438,AUTH_ERROR
2026-01-01 12:28:00,Vodacom,Senegal,Zero-Rating Bundle,Smart TV,Documentary D,1,118,0.71,1.99,2635,0.65,Low,0.36,3563,
2026-01-01 12:29:00,Orange,Morocco,Family Entertainment,STB,Kids Show,1,86,1.21,1.99,3207,0.94,Medium,0.27,5119,
2026-01-01 12:30:00,Orange,Benin,Family Entertainment,STB,Kids Show,1,55,2.73,4.99,2345,2.49,Medium,0.11,8349,
2026-01-01 12:31:00,Moov,Cameroon,Family Entertainment,STB,Sport Live,1,82,3.05,4.99,2787,1.04,Low,0.41,8587,
2026-01-01 12:32:00,Orange,Senegal,Family Entertainment,Smart TV,Sport Live,1,18,2.33,4.99,1264,2.13,Medium,0.32,6472,AUTH_ERROR
2026-01-01 12:33:00,Moov,Ivory Coast,Zero-Rating Bundle,STB,Movie C,1,84,0.94,1.99,3370,0.76,Medium,0.03,8145,
2026-01-01 12:34:00,Vodacom,Ivory Coast,OTT Weekly Pass,Smart TV,Documentary D,1,60,10.47,14.99,3406,3.04,Low,0.17,6124,AUTH_ERROR
2026-01-01 12:35:00,Orange,Ivory Coast,OTT Daily Pass,Web,Documentary D,1,104,0.86,1.99,4536,2.99,High,0.15,7667,BUFFERING_ERROR
2026-01-01 12:36:00,Moov,Morocco,OTT Weekly Pass,Web,Kids Show,1,9,6.21,14.99,893,0.93,Medium,0.44,4091,
2026-01-01 12:37:00,Orange,Senegal,Zero-Rating Bundle,STB,Series A,1,4,4.89,9.99,631,1.65,Medium,0.12,7028,AUTH_ERROR
2026-01-01 12:38:00,MTN,Cameroon,Zero-Rating Bundle,Web,Sport Live,1,110,7.74,14.99,3198,1.04,Low,0.02,2345,
2026-01-01 12:39:00,Airtel,Cameroon,Premium Sports Bundle,STB,Kids Show,1,75,2.02,4.99,1616,0.74,High,0.14,3773,
2026-01-01 12:40:00,Airtel,Senegal,Family Entertainment,STB,Documentary D,1,85,3.38,4.99,4170,2.31,Low,0.38,3081,
2026-01-01 12:41:00,Airtel,Benin,Zero-Rating Bundle,Mobile,Series A,1,118,2.71,4.99,2994,2.42,Medium,0.05,3477,
2026-01-01 12:42:00,Vodacom,Morocco,Zero-Rating Bundle,Smart TV,Kids Show,1,68,2.46,4.99,2598,1.5,Medium,0.17,3346,BUFFERING_ERROR
2026-01-01 12:43:00,Moov,Benin,OTT Weekly Pass,Mobile,Movie C,1,9,3.31,4.99,4275,0.81,Low,0.13,6688,LOW_BITRATE
2026-01-01 12:44:00,Airtel,Morocco,Premium Sports Bundle,Mobile,Series A,1,120,0.63,1.99,2566,2.35,Low,0.17,3143,AUTH_ERROR
2026-01-01 12:45:00,Moov,Senegal,Premium Sports Bundle,Smart TV,Documentary D,1,34,2.07,4.99,3033,2.99,Medium,0.43,3125,
2026-01-01 12:46:00,Vodacom,Morocco,OTT Weekly Pass,Smart TV,Movie C,1,91,2.53,4.99,1420,2.43,High,0.08,5153,BUFFERING_ERROR
2026-01-01 12:47:00,Vodacom,Ivory Coast,Premium Sports Bundle,Web,Sport Live,1,89,3.63,9.99,1626,1.99,High,0.13,2611,
2026-01-01 12:48:00,Vodacom,Ivory Coast,OTT Weekly Pass,Web,Movie C,1,114,1.37,1.99,4374,1.93,Low,0.22,3504,
2026-01-01 12:49:00,Moov,Benin,Zero-Rating Bundle,Mobile,Documentary D,1,69,4.45,9.99,92,2.36,Low,0.43,8311,AUTH_ERROR
2026-01-01 12:50:00,MTN,Cameroon,Premium Sports Bundle,Smart TV,Series A,1,34,8.87,14.99,2395,0.92,High,0.06,1521,
2026-01-01 12:51:00,Moov,Rwanda,OTT Weekly Pass,Mobile,Kids Show,1,61,0.94,1.99,1472,0.75,Low,0.04,5777,LOW_BITRATE
2026-01-01 12:52:00,Airtel,Morocco,Premium Sports Bundle,Mobile,Series A,1,96,1.79,4.99,1490,0.98,Medium,0.44,4407,
2026-01-01 12:53:00,MTN,Rwanda,OTT Daily Pass,Smart TV,Series A,1,14,2.26,4.99,519,1.72,Low,0.05,2296,BUFFERING_ERROR
2026-01-01 12:54:00,Moov,Cameroon,Zero-Rating Bundle,Web,Sport Live,1,11,0.87,1.99,1747,1.41,Low,0.43,793,
2026-01-01 12:55:00,MTN,Ivory Coast,OTT Daily Pass,Smart TV,Kids Show,1,11,2.96,4.99,3606,0.75,Low,0.28,2661,
2026-01-01 12:56:00,MTN,Morocco,OTT Weekly Pass,Mobile,Series A,1,18,6.64,9.99,1562,0.72,High,0.15,6573,AUTH_ERROR
2026-01-01 12:57:00,MTN,Benin,OTT Daily Pass,Web,Kids Show,1,36,0.91,1.99,274,0.41,High,0.36,1562,BUFFERING_ERROR
2026-01-01 12:58:00,MTN,Benin,Family Entertainment,Smart TV,Series A,1,66,2.55,4.99,3282,2.23,Medium,0.08,2480,BUFFERING_ERROR
2026-01-01 12:59:00,Vodacom,Cameroon,Family Entertainment,Mobile,Series A,1,120,1.36,1.99,1410,1.77,Low,0.25,671,AUTH_ERROR
2026-01-01 13:00:00,MTN,Ivory Coast,Zero-Rating Bundle,Web,Movie C,1,9,3.32,4.99,1129,3.38,Medium,0.19,3042,BUFFERING_ERROR
2026-01-01 13:01:00,MTN,Ivory Coast,OTT Weekly Pass,Web,Series A,1,25,3.7,9.99,119,1.11,High,0.24,889,LOW_BITRATE
2026-01-01 13:02:00,Moov,Benin,Zero-Rating Bundle,STB,Movie C,1,70,0.87,1.99,2635,0.15,Low,0.43,2566,LOW_BITRATE
2026-01-01 13:03:00,MTN,Senegal,Zero-Rating Bundle,Smart TV,Documentary D,1,13,6.32,9.99,2035,2.95,Low,0.2,8847,
2026-01-01 13:04:00,Airtel,Benin,Zero-Rating Bundle,Smart TV,Documentary D,1,17,0.77,1.99,316,1.81,Medium,0.37,536,AUTH_ERROR
2026-01-01 13:05:00,Orange,Senegal,Family Entertainment,Smart TV,Movie C,1,93,1.17,1.99,2773,2.06,Medium,0.23,4748,
2026-01-01 13:06:00,Airtel,Morocco,OTT Weekly Pass,STB,Kids Show,1,15,1.0,1.99,1616,2.8,Low,0.26,2599,BUFFERING_ERROR
2026-01-01 13:07:00,MTN,Benin,OTT Daily Pass,Smart TV,Movie C,1,98,8.99,14.99,4675,1.69,Low,0.05,2477,
2026-01-01 13:08:00,Vodacom,Morocco,Zero-Rating Bundle,Web,Movie C,1,97,3.58,9.99,3547,2.1,Medium,0.4,3900,
2026-01-01 13:09:00,Moov,Morocco,OTT Weekly Pass,Smart TV,Sport Live,1,53,2.94,4.99,3559,2.24,Medium,0.25,548,AUTH_ERROR
2026-01-01 13:10:00,Orange,Morocco,OTT Weekly Pass,Web,Documentary D,1,45,1.51,4.99,1594,0.61,Low,0.33,7010,
2026-01-01 13:11:00,MTN,Rwanda,Family Entertainment,Web,Series A,1,30,3.12,4.99,1192,1.23,High,0.12,4231,
2026-01-01 13:12:00,Orange,Morocco,OTT Weekly Pass,Web,Documentary D,1,28,5.96,14.99,2414,1.04,Medium,0.27,2289,LOW_BITRATE
2026-01-01 13:13:00,Vodacom,Rwanda,Zero-Rating Bundle,Smart TV,Documentary D,1,112,6.16,14.99,3840,0.79,High,0.08,1822,BUFFERING_ERROR
2026-01-01 13:14:00,Orange,Senegal,OTT Daily Pass,Mobile,Kids Show,1,29,2.99,4.99,3364,2.59,Medium,0.16,5662,AUTH_ERROR
2026-01-01 13:15:00,Vodacom,Cameroon,OTT Weekly Pass,STB,Kids Show,1,14,5.77,9.99,3809,2.15,High,0.26,4538,
2026-01-01 13:16:00,Airtel,Morocco,Family Entertainment,Mobile,Movie C,1,103,1.37,1.99,3772,2.61,Medium,0.01,1731,LOW_BITRATE
2026-01-01 13:17:00,Vodacom,Senegal,OTT Daily Pass,STB,Kids Show,1,54,9.42,14.99,158,1.28,High,0.11,1415,
2026-01-01 13:18:00,Moov,Morocco,OTT Weekly Pass,Mobile,Sport Live,1,80,0.76,1.99,4996,1.01,High,0.1,5827,LOW_BITRATE
2026-01-01 13:19:00,Vodacom,Morocco,Zero-Rating Bundle,Mobile,Movie C,1,21,5.49,9.99,3506,1.07,Low,0.24,3860,LOW_BITRATE
2026-01-01 13:20:00,MTN,Senegal,Family Entertainment,STB,Kids Show,1,94,2.45,4.99,3955,2.01,Low,0.28,1750,BUFFERING_ERROR
2026-01-01 13:21:00,Vodacom,Morocco,OTT Weekly Pass,Smart TV,Documentary D,1,70,5.15,9.99,2156,2.95,Low,0.35,716,
2026-01-01 13:22:00,MTN,Rwanda,Family Entertainment,Mobile,Kids Show,1,84,6.52,9.99,2258,3.1,Low,0.17,2910,
2026-01-01 13:23:00,Airtel,Senegal,OTT Daily Pass,Mobile,Kids Show,1,2,6.65,9.99,303,1.27,Low,0.02,6615,LOW_BITRATE
2026-01-01 13:24:00,Airtel,Rwanda,Premium Sports Bundle,STB,Movie C,1,1,3.22,4.99,2062,0.21,Medium,0.11,8776,
2026-01-01 13:25:00,Airtel,Senegal,Premium Sports Bundle,Web,Sport Live,1,119,8.42,14.99,1465,0.14,Medium,0.25,6268,
2026-01-01 13:26:00,Moov,Cameroon,Family Entertainment,Mobile,Documentary D,1,8,3.68,9.99,3139,0.27,Low,0.24,2408,
2026-01-01 13:27:00,Airtel,Ivory Coast,Premium Sports Bundle,Smart TV,Sport Live,1,8,0.71,1.99,2051,1.38,Low,0.06,1328,
2026-01-01 13:28:00,Orange,Morocco,OTT Daily Pass,Smart TV,Documentary D,1,29,3.34,4.99,2373,2.88,Low,0.06,4613,LOW_BITRATE
2026-01-01 13:29:00,Orange,Cameroon,Family Entertainment,STB,Kids Show,1,31,6.57,14.99,1375,1.71,Low,0.26,6458,BUFFERING_ERROR
2026-01-01 13:30:00,Orange,Rwanda,Premium Sports Bundle,Mobile,Movie C,1,104,3.26,4.99,916,2.1,Low,0.16,1673,LOW_BITRATE
2026-01-01 13:31:00,Airtel,Ivory Coast,OTT Daily Pass,STB,Series A,1,63,1.22,1.99,4274,0.94,High,0.11,3677,
2026-01-01 13:32:00,Vodacom,Ivory Coast,OTT Weekly Pass,Smart TV,Sport Live,1,2,1.38,1.99,1064,1.89,High,0.06,4294,
2026-01-01 13:33:00,Airtel,Ivory Coast,Premium Sports Bundle,Web,Kids Show,1,10,4.36,9.99,913,1.85,Medium,0.03,8610,
2026-01-01 13:34:00,Airtel,Morocco,OTT Weekly Pass,Web,Kids Show,1,93,3.63,9.99,4367,0.32,Medium,0.28,6658,
2026-01-01 13:35:00,Vodacom,Morocco,OTT Weekly Pass,Web,Sport Live,1,56,9.16,14.99,869,1.81,Medium,0.44,6227,BUFFERING_ERROR
2026-01-01 13:36:00,Vodacom,Cameroon,Family Entertainment,STB,Movie C,1,62,1.17,1.99,4915,0.78,High,0.15,1404,BUFFERING_ERROR
2026-01-01 13:37:00,Orange,Benin,OTT Weekly Pass,STB,Movie C,1,76,5.18,9.99,2868,3.4,Medium,0.13,4328,BUFFERING_ERROR
2026-01-01 13:38:00,Airtel,Senegal,Premium Sports Bundle,Mobile,Sport Live,1,72,4.67,14.99,2633,2.79,High,0.28,4379,AUTH_ERROR
2026-01-01 13:39:00,Moov,Rwanda,OTT Weekly Pass,Smart TV,Series A,1,102,1.78,4.99,1166,0.46,Low,0.13,1988,LOW_BITRATE
2026-01-01 13:40:00,Moov,Ivory Coast,OTT Weekly Pass,Web,Kids Show,1,113,4.99,9.99,818,1.0,Low,0.06,829,BUFFERING_ERROR
2026-01-01 13:41:00,Airtel,Senegal,Family Entertainment,Mobile,Kids Show,1,44,1.06,1.99,1029,2.46,Low,0.34,7109,AUTH_ERROR
2026-01-01 13:42:00,Orange,Ivory Coast,Premium Sports Bundle,Smart TV,Sport Live,1,83,0.66,1.99,488,2.08,Medium,0.11,5397,
2026-01-01 13:43:00,Airtel,Morocco,OTT Daily Pass,Web,Documentary D,1,69,5.96,14.99,2929,1.11,Low,0.29,2697,AUTH_ERROR
2026-01-01 13:44:00,Orange,Ivory Coast,OTT Weekly Pass,Mobile,Movie C,1,48,7.35,14.99,4911,2.69,High,0.23,1322,
2026-01-01 13:45:00,Vodacom,Rwanda,OTT Weekly Pass,Mobile,Kids Show,1,68,0.97,1.99,1033,2.24,Medium,0.07,3072,
2026-01-01 13:46:00,MTN,Cameroon,OTT Weekly Pass,Smart TV,Sport Live,1,95,5.74,9.99,1064,2.52,Medium,0.12,1718,
2026-01-01 13:47:00,Airtel,Ivory Coast,Family Entertainment,Mobile,Sport Live,1,16,2.58,4.99,3491,3.41,Low,0.28,7733,
2026-01-01 13:48:00,Orange,Senegal,Family Entertainment,Mobile,Kids Show,1,38,5.16,9.99,535,2.9,Low,0.16,3356,LOW_BITRATE
2026-01-01 13:49:00,MTN,Rwanda,Premium Sports Bundle,Web,Kids Show,1,35,9.01,14.99,3828,3.12,Medium,0.04,3962,
2026-01-01 13:50:00,Moov,Benin,Family Entertainment,Web,Kids Show,1,41,1.01,1.99,3881,2.14,High,0.31,7460,AUTH_ERROR
2026-01-01 13:51:00,Orange,Cameroon,OTT Weekly Pass,Smart TV,Movie C,1,103,2.38,4.99,2264,2.46,Low,0.27,2706,
2026-01-01 13:52:00,Moov,Ivory Coast,OTT Weekly Pass,Smart TV,Kids Show,1,118,2.36,4.99,4534,3.22,Low,0.24,8133,BUFFERING_ERROR
2026-01-01 13:53:00,Orange,Ivory Coast,Premium Sports Bundle,STB,Movie C,1,74,9.79,14.99,4006,2.91,Medium,0.21,890,
2026-01-01 13:54:00,Vodacom,Rwanda,OTT Weekly Pass,Web,Series A,1,118,0.96,1.99,1079,2.31,Medium,0.39,1526,LOW_BITRATE
2026-01-01 13:55:00,Airtel,Rwanda,Zero-Rating Bundle,STB,Documentary D,1,36,5.41,14.99,3565,2.09,Medium,0.19,5712,
2026-01-01 13:56:00,MTN,Rwanda,Family Entertainment,Mobile,Documentary D,1,93,3.36,9.99,4430,2.77,High,0.28,4155,AUTH_ERROR
2026-01-01 13:57:00,Orange,Benin,Premium Sports Bundle,Mobile,Movie C,1,2,6.92,9.99,202,1.18,Low,0.36,4177,AUTH_ERROR
2026-01-01 13:58:00,Vodacom,Ivory Coast,Premium Sports Bundle,Mobile,Series A,1,67,6.41,14.99,2426,3.5,Low,0.44,898,BUFFERING_ERROR
2026-01-01 13:59:00,MTN,Morocco,OTT Daily Pass,Web,Sport Live,1,14,0.71,1.99,2637,0.6,High,0.14,6150,
2026-01-01 14:00:00,Vodacom,Senegal,Family Entertainment,Web,Movie C,1,71,6.31,14.99,4795,2.99,High,0.26,7520,BUFFERING_ERROR
2026-01-01 14:01:00,Airtel,Benin,Family Entertainment,Web,Documentary D,1,27,2.55,4.99,197,0.27,High,0.07,4105,
2026-01-01 14:02:00,Moov,Morocco,Family Entertainment,Mobile,Documentary D,1,53,8.75,14.99,3495,0.54,Medium,0.24,4362,
2026-01-01 14:03:00,Vodacom,Benin,Premium Sports Bundle,STB,Documentary D,1,48,1.05,1.99,2932,1.63,Low,0.25,8221,AUTH_ERROR
2026-01-01 14:04:00,Orange,Senegal,Family Entertainment,Smart TV,Series A,1,83,0.9,1.99,3927,2.25,High,0.2,5913,BUFFERING_ERROR
2026-01-01 14:05:00,Airtel,Rwanda,OTT Daily Pass,Web,Sport Live,1,55,4.84,14.99,3328,1.24,Low,0.09,7788,AUTH_ERROR
2026-01-01 14:06:00,Airtel,Ivory Coast,Zero-Rating Bundle,Smart TV,Movie C,1,1,1.38,1.99,328,0.72,High,0.02,3942,
2026-01-01 14:07:00,Airtel,Senegal,Premium Sports Bundle,STB,Sport Live,1,95,5.45,9.99,1240,2.63,Medium,0.38,6394,
2026-01-01 14:08:00,Airtel,Ivory Coast,OTT Daily Pass,Smart TV,Kids Show,1,111,1.1,1.99,4684,0.32,Low,0.1,7592,AUTH_ERROR
2026-01-01 14:09:00,Airtel,Rwanda,Premium Sports Bundle,STB,Documentary D,1,59,4.99,14.99,4892,3.25,Low,0.14,960,
2026-01-01 14:10:00,Moov,Senegal,Family Entertainment,STB,Documentary D,1,65,1.24,1.99,3918,2.76,High,0.31,2160,LOW_BITRATE
2026-01-01 14:11:00,Airtel,Morocco,Premium Sports Bundle,STB,Sport Live,1,20,0.77,1.99,3869,2.95,Low,0.29,7080,AUTH_ERROR
2026-01-01 14:12:00,Airtel,Ivory Coast,Premium Sports Bundle,STB,Kids Show,1,50,6.08,9.99,2333,1.45,Low,0.39,7999,AUTH_ERROR
2026-01-01 14:13:00,Airtel,Senegal,OTT Daily Pass,Mobile,Movie C,1,65,1.13,1.99,4204,2.73,Low,0.17,1695,AUTH_ERROR
2026-01-01 14:14:00,Orange,Morocco,Premium Sports Bundle,Mobile,Movie C,1,90,5.33,9.99,2290,1.17,Low,0.26,6818,AUTH_ERROR
2026-01-01 14:15:00,Moov,Ivory Coast,OTT Weekly Pass,Smart TV,Kids Show,1,87,4.12,9.99,2016,3.41,Low,0.31,7597,AUTH_ERROR
2026-01-01 14:16:00,Orange,Senegal,Zero-Rating Bundle,Web,Series A,1,45,8.19,14.99,4970,0.19,Medium,0.37,8638,BUFFERING_ERROR
2026-01-01 14:17:00,Airtel,Ivory Coast,Zero-Rating Bundle,Web,Kids Show,1,23,7.63,14.99,3050,0.49,Medium,0.14,8751,BUFFERING_ERROR
2026-01-01 14:18:00,Vodacom,Ivory Coast,OTT Weekly Pass,Mobile,Movie C,1,19,5.65,14.99,3957,2.74,Low,0.27,731,LOW_BITRATE
2026-01-01 14:19:00,Airtel,Ivory Coast,OTT Weekly Pass,STB,Sport Live,1,68,1.2,1.99,2245,1.45,Low,0.22,6371,
2026-01-01 14:20:00,MTN,Ivory Coast,Family Entertainment,Mobile,Movie C,1,92,0.95,1.99,665,0.5,High,0.28,5727,LOW_BITRATE
2026-01-01 14:21:00,Airtel,Senegal,Family Entertainment,Smart TV,Series A,1,120,5.97,9.99,2518,3.45,High,0.35,528,BUFFERING_ERROR
2026-01-01 14:22:00,MTN,Senegal,Family Entertainment,STB,Documentary D,1,65,9.17,14.99,3482,2.49,Medium,0.22,3350,
2026-01-01 14:23:00,Orange,Ivory Coast,OTT Daily Pass,Web,Sport Live,1,26,3.11,4.99,3125,2.45,Medium,0.41,2913,
2026-01-01 14:24:00,MTN,Senegal,Zero-Rating Bundle,Web,Kids Show,1,107,6.7,9.99,3909,0.24,Medium,0.38,1394,BUFFERING_ERROR
2026-01-01 14:25:00,MTN,Morocco,Zero-Rating Bundle,Mobile,Kids Show,1,66,5.04,14.99,1423,1.42,Low,0.16,3267,BUFFERING_ERROR
2026-01-01 14:26:00,MTN,Cameroon,OTT Daily Pass,Mobile,Movie C,1,26,8.82,14.99,3851,3.33,High,0.23,5020,
2026-01-01 14:27:00,Airtel,Ivory Coast,Family Entertainment,Mobile,Kids Show,1,115,6.93,9.99,523,3.03,High,0.23,3016,AUTH_ERROR
2026-01-01 14:28:00,Moov,Senegal,Premium Sports Bundle,Smart TV,Documentary D,1,16,5.57,9.99,3938,1.1,High,0.07,8923,AUTH_ERROR
2026-01-01 14:29:00,Vodacom,Rwanda,Zero-Rating Bundle,Mobile,Movie C,1,9,3.41,4.99,440,2.76,Medium,0.2,7784,
2026-01-01 14:30:00,MTN,Benin,Zero-Rating Bundle,Smart TV,Series A,1,68,3.05,4.99,2264,3.07,Medium,0.43,6063,LOW_BITRATE
2026-01-01 14:31:00,MTN,Morocco,OTT Weekly Pass,Mobile,Series A,1,84,6.08,14.99,2711,1.39,Medium,0.34,1905,BUFFERING_ERROR
2026-01-01 14:32:00,Moov,Senegal,Premium Sports Bundle,Web,Kids Show,1,62,4.4,9.99,4366,3.13,High,0.43,6646,
2026-01-01 14:33:00,Orange,Morocco,OTT Daily Pass,STB,Series A,1,14,2.88,4.99,4986,0.45,High,0.27,737,
2026-01-01 14:34:00,Airtel,Senegal,OTT Weekly Pass,Smart TV,Series A,1,76,1.15,1.99,1178,2.48,High,0.2,2420,
2026-01-01 14:35:00,Orange,Rwanda,Family Entertainment,Mobile,Sport Live,1,65,6.81,14.99,193,1.52,High,0.32,3190,BUFFERING_ERROR
2026-01-01 14:36:00,MTN,Morocco,Family Entertainment,Web,Movie C,1,76,1.0,1.99,1451,3.02,Medium,0.05,1157,AUTH_ERROR
2026-01-01 14:37:00,Moov,Senegal,Premium Sports Bundle,Smart TV,Documentary D,1,110,10.4,14.99,151,1.19,Low,0.01,7261,
2026-01-01 14:38:00,Vodacom,Cameroon,Premium Sports Bundle,Mobile,Movie C,1,46,9.57,14.99,4960,0.48,Medium,0.28,6980,
2026-01-01 14:39:00,MTN,Cameroon,OTT Weekly Pass,Web,Sport Live,1,70,2.24,4.99,1309,2.65,Low,0.44,5986,
2026-01-01 14:40:00,Moov,Ivory Coast,Family Entertainment,Mobile,Documentary D,1,47,3.49,9.99,1893,3.08,High,0.31,7312,BUFFERING_ERROR
2026-01-01 14:41:00,Moov,Ivory Coast,Premium Sports Bundle,Mobile,Sport Live,1,25,1.35,1.99,4734,1.65,High,0.26,1772,
2026-01-01 14:42:00,Vodacom,Benin,OTT Weekly Pass,Web,Kids Show,1,45,7.01,14.99,4128,0.24,Medium,0.36,5470,
2026-01-01 14:43:00,Moov,Senegal,Family Entertainment,Smart TV,Movie C,1,72,1.68,4.99,745,1.55,High,0.14,8221,AUTH_ERROR
2026-01-01 14:44:00,Vodacom,Benin,OTT Daily Pass,Mobile,Series A,1,103,2.41,4.99,591,2.97,High,0.12,3597,AUTH_ERROR
2026-01-01 14:45:00,Vodacom,Benin,Family Entertainment,Mobile,Kids Show,1,34,5.25,9.99,1543,1.98,High,0.35,3116,
2026-01-01 14:46:00,Airtel,Senegal,OTT Daily Pass,STB,Kids Show,1,38,8.55,14.99,3269,3.36,Low,0.28,8909,
2026-01-01 14:47:00,MTN,Cameroon,Premium Sports Bundle,Smart TV,Kids Show,1,110,3.5,9.99,2228,1.85,Medium,0.37,7001,
2026-01-01 14:48:00,Orange,Rwanda,Premium Sports Bundle,Mobile,Movie C,1,12,0.74,1.99,4328,2.67,Low,0.43,3329,BUFFERING_ERROR
2026-01-01 14:49:00,Vodacom,Cameroon,OTT Daily Pass,STB,Series A,1,98,3.47,4.99,2690,2.28,High,0.03,3199,BUFFERING_ERROR
2026-01-01 14:50:00,Moov,Morocco,OTT Daily Pass,Smart TV,Documentary D,1,95,5.69,14.99,1004,1.03,Medium,0.37,4347,AUTH_ERROR
2026-01-01 14:51:00,Orange,Benin,Family Entertainment,Mobile,Kids Show,1,80,0.78,1.99,497,0.68,Medium,0.1,8239,AUTH_ERROR
2026-01-01 14:52:00,Orange,Senegal,OTT Weekly Pass,Smart TV,Series A,1,37,2.42,4.99,1408,2.08,Low,0.32,6521,
2026-01-01 14:53:00,Vodacom,Rwanda,OTT Daily Pass,STB,Sport Live,1,4,1.23,1.99,3233,1.24,Low,0.02,2962,AUTH_ERROR
2026-01-01 14:54:00,Moov,Rwanda,Zero-Rating Bundle,Smart TV,Movie C,1,38,1.31,1.99,1457,0.87,Medium,0.21,7402,
2026-01-01 14:55:00,Airtel,Morocco,Premium Sports Bundle,Mobile,Sport Live,1,57,2.01,4.99,4934,1.92,Low,0.03,8068,
2026-01-01 14:56:00,Vodacom,Rwanda,Family Entertainment,Mobile,Documentary D,1,54,0.77,1.99,4038,0.18,High,0.03,3271,AUTH_ERROR
2026-01-01 14:57:00,MTN,Senegal,OTT Weekly Pass,Mobile,Movie C,1,89,0.77,1.99,4721,3.16,Low,0.27,6073,
2026-01-01 14:58:00,MTN,Cameroon,OTT Weekly Pass,Web,Movie C,1,40,5.94,9.99,3445,1.25,Low,0.33,2667,
2026-01-01 14:59:00,Airtel,Benin,Zero-Rating Bundle,Smart TV,Documentary D,1,89,1.27,1.99,461,2.76,Low,0.38,966,
2026-01-01 15:00:00,Orange,Ivory Coast,Family Entertainment,STB,Movie C,1,29,1.91,4.99,2819,0.21,Medium,0.17,2180,
2026-01-01 15:01:00,MTN,Rwanda,Family Entertainment,Smart TV,Sport Live,1,11,2.51,4.99,1773,3.36,Low,0.16,801,AUTH_ERROR
2026-01-01 15:02:00,MTN,Ivory Coast,OTT Daily Pass,Mobile,Kids Show,1,108,0.64,1.99,73,3.05,Medium,0.33,5849,LOW_BITRATE
2026-01-01 15:03:00,MTN,Rwanda,OTT Daily Pass,Smart TV,Series A,1,7,1.19,1.99,3074,1.69,Low,0.35,4459,LOW_BITRATE
2026-01-01 15:04:00,MTN,Rwanda,Premium Sports Bundle,Smart TV,Sport Live,1,30,0.95,1.99,514,1.49,Medium,0.06,8070,
2026-01-01 15:05:00,Airtel,Ivory Coast,Premium Sports Bundle,Mobile,Sport Live,1,100,1.18,1.99,4166,3.36,High,0.39,7028,LOW_BITRATE
2026-01-01 15:06:00,Vodacom,Senegal,Family Entertainment,Web,Movie C,1,37,5.22,9.99,821,0.12,High,0.41,7535,BUFFERING_ERROR
2026-01-01 15:07:00,Moov,Benin,Zero-Rating Bundle,Smart TV,Series A,1,34,5.8,9.99,1253,0.54,Low,0.19,2586,BUFFERING_ERROR
2026-01-01 15:08:00,Vodacom,Cameroon,OTT Daily Pass,Mobile,Documentary D,1,102,10.24,14.99,4204,2.95,High,0.22,7365,LOW_BITRATE
2026-01-01 15:09:00,Vodacom,Cameroon,Family Entertainment,STB,Documentary D,1,13,6.43,14.99,2829,0.18,Low,0.32,5595,
2026-01-01 15:10:00,Vodacom,Benin,Premium Sports Bundle,Mobile,Documentary D,1,109,2.54,4.99,3440,0.53,Low,0.14,3209,
2026-01-01 15:11:00,Orange,Morocco,OTT Daily Pass,Web,Movie C,1,26,6.72,14.99,1384,2.38,High,0.37,8052,LOW_BITRATE
2026-01-01 15:12:00,Airtel,Ivory Coast,Family Entertainment,Mobile,Sport Live,1,99,7.24,14.99,1047,1.63,Low,0.03,6797,BUFFERING_ERROR
2026-01-01 15:13:00,Vodacom,Ivory Coast,Zero-Rating Bundle,STB,Kids Show,1,20,3.01,9.99,4554,2.08,High,0.19,5148,
2026-01-01 15:14:00,Airtel,Senegal,Family Entertainment,Web,Kids Show,1,84,4.56,14.99,3460,1.88,Low,0.21,7198,
2026-01-01 15:15:00,Orange,Cameroon,Family Entertainment,Web,Sport Live,1,48,0.78,1.99,3850,0.66,High,0.1,7564,BUFFERING_ERROR
2026-01-01 15:16:00,Orange,Cameroon,OTT Daily Pass,Smart TV,Documentary D,1,89,8.24,14.99,2141,1.93,Low,0.35,3755,
2026-01-01 15:17:00,Moov,Benin,OTT Weekly Pass,Mobile,Documentary D,1,60,0.78,1.99,531,0.91,High,0.39,8177,
2026-01-01 15:18:00,Airtel,Rwanda,Zero-Rating Bundle,Web,Movie C,1,120,9.47,14.99,2807,1.81,Low,0.17,6226,
2026-01-01 15:19:00,MTN,Cameroon,OTT Weekly Pass,Smart TV,Documentary D,1,25,3.35,9.99,3440,1.37,High,0.35,7135,LOW_BITRATE
2026-01-01 15:20:00,Airtel,Senegal,Family Entertainment,Mobile,Series A,1,61,9.81,14.99,1319,0.63,Medium,0.25,6142,
2026-01-01 15:21:00,Orange,Rwanda,Family Entertainment,Smart TV,Kids Show,1,34,4.58,9.99,205,0.96,Medium,0.34,8112,LOW_BITRATE
2026-01-01 15:22:00,Airtel,Cameroon,Premium Sports Bundle,Smart TV,Documentary D,1,14,5.04,14.99,3365,1.74,Medium,0.1,8110,BUFFERING_ERROR
2026-01-01 15:23:00,Vodacom,Cameroon,Family Entertainment,Mobile,Sport Live,1,14,1.36,1.99,1641,1.11,High,0.37,6495,
2026-01-01 15:24:00,Moov,Rwanda,Zero-Rating Bundle,Web,Sport Live,1,63,9.6,14.99,1614,2.24,Medium,0.1,3685,
2026-01-01 15:25:00,Moov,Ivory Coast,Zero-Rating Bundle,Smart TV,Series A,1,83,2.32,4.99,2306,2.57,Low,0.44,8711,LOW_BITRATE
2026-01-01 15:26:00,Vodacom,Senegal,OTT Daily Pass,Mobile,Movie C,1,11,6.38,9.99,2498,3.24,Medium,0.35,2638,
2026-01-01 15:27:00,Airtel,Cameroon,OTT Daily Pass,STB,Sport Live,1,18,5.33,9.99,304,0.2,Low,0.21,8903,
2026-01-01 15:28:00,MTN,Cameroon,Family Entertainment,STB,Sport Live,1,74,0.75,1.99,1929,0.41,Medium,0.16,8631,LOW_BITRATE
2026-01-01 15:29:00,Orange,Ivory Coast,Zero-Rating Bundle,Smart TV,Sport Live,1,51,9.0,14.99,3690,3.47,Medium,0.41,2449,BUFFERING_ERROR
2026-01-01 15:30:00,Orange,Senegal,OTT Daily Pass,Smart TV,Documentary D,1,71,3.22,9.99,3606,1.91,High,0.2,4255,LOW_BITRATE
2026-01-01 15:31:00,Orange,Rwanda,Family Entertainment,STB,Documentary D,1,89,4.56,9.99,3071,0.97,Low,0.17,6313,AUTH_ERROR
2026-01-01 15:32:00,Vodacom,Cameroon,Premium Sports Bundle,Smart TV,Documentary D,1,66,4.37,9.99,4391,0.69,High,0.22,1166,
2026-01-01 15:33:00,MTN,Morocco,OTT Daily Pass,Web,Documentary D,1,85,4.42,9.99,2038,1.04,Medium,0.25,6455,
2026-01-01 15:34:00,Moov,Rwanda,Premium Sports Bundle,Smart TV,Movie C,1,120,8.04,14.99,3473,0.58,High,0.08,1924,BUFFERING_ERROR
2026-01-01 15:35:00,Airtel,Ivory Coast,OTT Weekly Pass,Smart TV,Sport Live,1,101,1.6,4.99,1782,0.77,Low,0.07,4414,
2026-01-01 15:36:00,Moov,Ivory Coast,Family Entertainment,Smart TV,Movie C,1,70,4.85,9.99,3892,0.52,Low,0.08,5293,
2026-01-01 15:37:00,Vodacom,Senegal,OTT Daily Pass,Mobile,Series A,1,45,10.31,14.99,2254,2.3,Medium,0.06,780,
2026-01-01 15:38:00,MTN,Senegal,Family Entertainment,Smart TV,Movie C,1,72,10.04,14.99,4654,3.49,High,0.43,5101,
2026-01-01 15:39:00,Airtel,Morocco,OTT Daily Pass,STB,Documentary D,1,94,5.59,14.99,4601,2.89,Low,0.29,2567,BUFFERING_ERROR
2026-01-01 15:40:00,Airtel,Cameroon,OTT Weekly Pass,Web,Movie C,1,70,1.53,4.99,434,2.79,Low,0.07,5173,
2026-01-01 15:41:00,Orange,Cameroon,OTT Weekly Pass,Mobile,Series A,1,7,1.26,1.99,2528,1.53,High,0.3,8911,LOW_BITRATE
2026-01-01 15:42:00,Moov,Cameroon,OTT Daily Pass,STB,Documentary D,1,25,8.8,14.99,532,2.15,High,0.04,3132,BUFFERING_ERROR
2026-01-01 15:43:00,MTN,Benin,Family Entertainment,Web,Documentary D,1,7,1.31,1.99,1062,2.52,High,0.35,7627,
2026-01-01 15:44:00,Airtel,Rwanda,OTT Weekly Pass,STB,Sport Live,1,4,0.78,1.99,398,1.74,Low,0.17,3250,
2026-01-01 15:45:00,Moov,Cameroon,Family Entertainment,Web,Kids Show,1,16,6.97,14.99,184,1.3,High,0.38,5480,BUFFERING_ERROR
2026-01-01 15:46:00,Airtel,Cameroon,Premium Sports Bundle,STB,Documentary D,1,17,4.29,9.99,3813,0.27,High,0.22,4682,
2026-01-01 15:47:00,Airtel,Senegal,OTT Weekly Pass,Web,Series A,1,42,0.86,1.99,243,1.14,High,0.23,8827,
2026-01-01 15:48:00,Vodacom,Morocco,Zero-Rating Bundle,STB,Sport Live,1,34,3.27,4.99,532,0.26,Medium,0.2,5238,LOW_BITRATE
2026-01-01 15:49:00,Airtel,Ivory Coast,Premium Sports Bundle,Smart TV,Movie C,1,15,1.16,1.99,4398,0.74,High,0.24,7436,AUTH_ERROR
2026-01-01 15:50:00,Orange,Ivory Coast,OTT Daily Pass,Smart TV,Movie C,1,12,3.2,4.99,1346,0.98,High,0.4,8934,AUTH_ERROR
2026-01-01 15:51:00,Orange,Ivory Coast,Premium Sports Bundle,Smart TV,Series A,1,64,4.07,9.99,153,3.3,Medium,0.27,7564,AUTH_ERROR
2026-01-01 15:52:00,Airtel,Rwanda,OTT Daily Pass,Web,Kids Show,1,114,3.96,9.99,652,1.15,Low,0.15,8192,LOW_BITRATE
2026-01-01 15:53:00,MTN,Cameroon,OTT Daily Pass,Web,Sport Live,1,57,3.32,4.99,3531,0.4,Medium,0.1,2037,AUTH_ERROR
2026-01-01 15:54:00,Moov,Ivory Coast,Zero-Rating Bundle,Web,Movie C,1,55,0.93,1.99,2844,1.31,High,0.07,964,
2026-01-01 15:55:00,Moov,Senegal,Premium Sports Bundle,Mobile,Movie C,1,46,2.5,4.99,2041,0.13,Medium,0.14,3121,LOW_BITRATE
2026-01-01 15:56:00,Airtel,Senegal,Premium Sports Bundle,Smart TV,Documentary D,1,104,5.38,9.99,4503,0.39,Medium,0.36,6134,BUFFERING_ERROR
2026-01-01 15:57:00,Orange,Senegal,Zero-Rating Bundle,STB,Documentary D,1,99,2.92,4.99,3751,0.93,Medium,0.34,4369,
2026-01-01 15:58:00,Vodacom,Cameroon,Family Entertainment,STB,Movie C,1,89,5.07,9.99,3780,0.7,High,0.24,1209,BUFFERING_ERROR
2026-01-01 15:59:00,Vodacom,Cameroon,Family Entertainment,Smart TV,Series A,1,56,6.32,14.99,2180,0.58,Medium,0.19,5668,BUFFERING_ERROR
2026-01-01 16:00:00,Moov,Cameroon,Family Entertainment,Smart TV,Series A,1,102,6.96,9.99,1133,2.74,Low,0.06,2516,
2026-01-01 16:01:00,Vodacom,Morocco,Premium Sports Bundle,Web,Kids Show,1,85,3.2,4.99,3731,2.52,Low,0.34,5842,BUFFERING_ERROR
2026-01-01 16:02:00,Vodacom,Senegal,Zero-Rating Bundle,Mobile,Kids Show,1,117,0.65,1.99,2728,0.42,High,0.21,3359,
2026-01-01 16:03:00,Moov,Ivory Coast,Premium Sports Bundle,STB,Sport Live,1,6,8.36,14.99,3961,3.06,Medium,0.26,7081,BUFFERING_ERROR
2026-01-01 16:04:00,Airtel,Cameroon,OTT Weekly Pass,Web,Kids Show,1,17,7.16,14.99,3910,0.24,Medium,0.34,3462,AUTH_ERROR
2026-01-01 16:05:00,Airtel,Morocco,Premium Sports Bundle,STB,Movie C,1,22,1.55,4.99,1693,0.13,High,0.05,2227,LOW_BITRATE
2026-01-01 16:06:00,Moov,Benin,OTT Weekly Pass,Smart TV,Sport Live,1,17,5.02,14.99,4565,1.39,Medium,0.29,1876,
2026-01-01 16:07:00,Vodacom,Rwanda,Family Entertainment,Mobile,Movie C,1,73,0.76,1.99,3209,1.4,Low,0.17,6677,LOW_BITRATE
2026-01-01 16:08:00,Vodacom,Cameroon,Family Entertainment,Web,Sport Live,1,82,3.4,9.99,2247,2.37,Medium,0.18,7810,LOW_BITRATE
2026-01-01 16:09:00,Moov,Rwanda,OTT Daily Pass,Web,Series A,1,95,5.24,14.99,3485,1.18,High,0.3,8634,
2026-01-01 16:10:00,Moov,Rwanda,Family Entertainment,STB,Documentary D,1,40,0.63,1.99,4874,2.02,Medium,0.12,2724,
2026-01-01 16:11:00,Airtel,Rwanda,OTT Weekly Pass,Mobile,Movie C,1,4,2.2,4.99,4501,3.48,Low,0.17,1963,BUFFERING_ERROR
2026-01-01 16:12:00,Orange,Rwanda,Premium Sports Bundle,Mobile,Kids Show,1,79,3.23,4.99,1159,0.14,Medium,0.16,7548,LOW_BITRATE
2026-01-01 16:13:00,Moov,Ivory Coast,Premium Sports Bundle,Smart TV,Sport Live,1,119,7.65,14.99,3099,2.7,Low,0.25,1187,
2026-01-01 16:14:00,Moov,Ivory Coast,Family Entertainment,STB,Sport Live,1,44,4.9,9.99,2754,1.42,Medium,0.36,2774,
2026-01-01 16:15:00,Orange,Cameroon,Premium Sports Bundle,Smart TV,Kids Show,1,34,3.19,4.99,2697,0.51,High,0.21,7540,AUTH_ERROR
2026-01-01 16:16:00,Vodacom,Benin,Premium Sports Bundle,Web,Documentary D,1,12,3.06,4.99,2789,2.27,Low,0.25,3829,BUFFERING_ERROR
2026-01-01 16:17:00,Moov,Senegal,OTT Daily Pass,Web,Kids Show,1,72,2.62,4.99,3122,0.78,High,0.36,6323,
2026-01-01 16:18:00,Orange,Cameroon,Family Entertainment,Smart TV,Documentary D,1,89,1.53,4.99,4534,2.53,Low,0.31,6314,BUFFERING_ERROR
2026-01-01 16:19:00,MTN,Benin,OTT Weekly Pass,Smart TV,Documentary D,1,6,3.25,4.99,1353,2.31,Low,0.14,6359,
2026-01-01 16:20:00,Orange,Morocco,OTT Daily Pass,Mobile,Kids Show,1,39,0.73,1.99,3219,2.62,Medium,0.4,3156,
2026-01-01 16:21:00,Orange,Cameroon,Zero-Rating Bundle,Smart TV,Sport Live,1,48,5.73,9.99,1256,0.68,High,0.36,4353,BUFFERING_ERROR
2026-01-01 16:22:00,MTN,Cameroon,Premium Sports Bundle,STB,Sport Live,1,97,2.78,4.99,370,1.6,High,0.26,6820,BUFFERING_ERROR
2026-01-01 16:23:00,Airtel,Benin,Family Entertainment,STB,Movie C,1,19,3.83,9.99,648,0.91,High,0.43,5498,
2026-01-01 16:24:00,Airtel,Ivory Coast,OTT Weekly Pass,Web,Sport Live,1,100,0.96,1.99,1885,1.29,High,0.44,2019,
2026-01-01 16:25:00,Orange,Benin,OTT Daily Pass,Smart TV,Documentary D,1,72,3.21,4.99,3702,3.33,High,0.17,5701,BUFFERING_ERROR
2026-01-01 16:26:00,Orange,Rwanda,Zero-Rating Bundle,Mobile,Kids Show,1,33,4.4,9.99,1655,1.04,Medium,0.01,855,LOW_BITRATE
2026-01-01 16:27:00,MTN,Rwanda,Zero-Rating Bundle,Smart TV,Kids Show,1,31,9.62,14.99,2934,2.33,Low,0.42,1852,
2026-01-01 16:28:00,MTN,Ivory Coast,OTT Daily Pass,Smart TV,Sport Live,1,27,9.65,14.99,507,3.13,Low,0.44,1691,
2026-01-01 16:29:00,Orange,Benin,Family Entertainment,Mobile,Kids Show,1,60,5.82,9.99,3882,3.26,Medium,0.28,6630,
2026-01-01 16:30:00,Orange,Cameroon,Zero-Rating Bundle,Web,Movie C,1,37,2.56,4.99,3448,1.01,Low,0.45,8247,
2026-01-01 16:31:00,MTN,Senegal,OTT Daily Pass,Mobile,Documentary D,1,81,6.45,14.99,2915,3.18,Medium,0.27,2633,AUTH_ERROR
2026-01-01 16:32:00,Moov,Cameroon,OTT Daily Pass,Mobile,Sport Live,1,103,5.09,14.99,793,3.36,Medium,0.41,4847,
2026-01-01 16:33:00,MTN,Morocco,OTT Daily Pass,Smart TV,Series A,1,74,9.12,14.99,4366,1.3,Low,0.13,501,BUFFERING_ERROR
2026-01-01 16:34:00,Moov,Cameroon,Family Entertainment,STB,Movie C,1,32,2.42,4.99,4338,0.84,Low,0.25,3463,LOW_BITRATE
2026-01-01 16:35:00,Airtel,Rwanda,Premium Sports Bundle,STB,Kids Show,1,108,5.62,9.99,3868,1.7,High,0.39,2437,BUFFERING_ERROR
2026-01-01 16:36:00,Orange,Cameroon,Zero-Rating Bundle,Web,Sport Live,1,119,2.95,4.99,3488,1.42,Low,0.05,4888,AUTH_ERROR
2026-01-01 16:37:00,Orange,Senegal,Family Entertainment,Web,Sport Live,1,55,0.71,1.99,1730,0.29,High,0.05,6861,
2026-01-01 16:38:00,Orange,Morocco,OTT Weekly Pass,Smart TV,Sport Live,1,88,6.75,14.99,4197,1.41,Medium,0.38,5177,
2026-01-01 16:39:00,Vodacom,Rwanda,Zero-Rating Bundle,Web,Documentary D,1,103,9.87,14.99,1317,3.12,Low,0.07,646,AUTH_ERROR
2026-01-01 16:40:00,Vodacom,Ivory Coast,Zero-Rating Bundle,Web,Series A,1,80,3.81,9.99,2366,1.85,High,0.07,7692,
2026-01-01 16:41:00,Airtel,Senegal,Zero-Rating Bundle,STB,Movie C,1,98,0.91,1.99,2425,0.49,Medium,0.24,7993,BUFFERING_ERROR
2026-01-01 16:42:00,Moov,Senegal,OTT Weekly Pass,Mobile,Series A,1,2,1.54,4.99,1158,1.96,Medium,0.04,7815,
2026-01-01 16:43:00,Moov,Benin,Premium Sports Bundle,Mobile,Kids Show,1,13,1.57,4.99,755,1.96,Medium,0.02,2174,
2026-01-01 16:44:00,Orange,Benin,Zero-Rating Bundle,Smart TV,Series A,1,105,4.81,14.99,3520,1.71,High,0.27,6265,
2026-01-01 16:45:00,Airtel,Benin,Premium Sports Bundle,STB,Documentary D,1,20,6.52,9.99,2614,2.97,High,0.18,720,
2026-01-01 16:46:00,Moov,Cameroon,OTT Daily Pass,Smart TV,Movie C,1,120,8.18,14.99,3292,3.16,High,0.4,1373,
2026-01-01 16:47:00,Vodacom,Cameroon,OTT Weekly Pass,Mobile,Kids Show,1,102,3.33,4.99,2947,0.13,Medium,0.38,7818,LOW_BITRATE
2026-01-01 16:48:00,Airtel,Senegal,Zero-Rating Bundle,STB,Kids Show,1,22,4.74,14.99,799,2.82,Low,0.26,7422,
2026-01-01 16:49:00,Moov,Senegal,OTT Daily Pass,STB,Documentary D,1,103,1.04,1.99,3858,1.26,Low,0.22,5289,
2026-01-01 16:50:00,Airtel,Morocco,Premium Sports Bundle,Smart TV,Sport Live,1,76,0.93,1.99,1600,1.59,Medium,0.33,6653,
2026-01-01 16:51:00,Orange,Rwanda,OTT Weekly Pass,STB,Series A,1,71,4.0,9.99,96,2.95,Medium,0.17,6991,
2026-01-01 16:52:00,Orange,Morocco,OTT Weekly Pass,STB,Documentary D,1,54,0.95,1.99,4873,3.23,Medium,0.2,4073,BUFFERING_ERROR
2026-01-01 16:53:00,MTN,Rwanda,Zero-Rating Bundle,Smart TV,Series A,1,38,5.92,9.99,1647,2.36,Medium,0.26,3896,
2026-01-01 16:54:00,Orange,Senegal,OTT Weekly Pass,Web,Movie C,1,7,5.78,14.99,2267,2.49,Low,0.14,5678,LOW_BITRATE
2026-01-01 16:55:00,MTN,Senegal,Premium Sports Bundle,Web,Series A,1,10,4.02,9.99,1374,2.53,Low,0.22,761,
2026-01-01 16:56:00,Vodacom,Rwanda,OTT Daily Pass,Mobile,Series A,1,14,3.5,9.99,1746,0.88,Low,0.32,7405,LOW_BITRATE
2026-01-01 16:57:00,Orange,Morocco,OTT Weekly Pass,Web,Documentary D,1,22,6.84,9.99,676,1.33,Low,0.26,6317,LOW_BITRATE
2026-01-01 16:58:00,MTN,Rwanda,Family Entertainment,Smart TV,Documentary D,1,40,4.95,9.99,1892,0.51,Medium,0.01,1080,
2026-01-01 16:59:00,Orange,Rwanda,Zero-Rating Bundle,Smart TV,Kids Show,1,14,5.76,14.99,2920,2.64,High,0.03,3693,AUTH_ERROR
2026-01-01 17:00:00,Vodacom,Benin,OTT Daily Pass,STB,Movie C,1,82,0.89,1.99,832,1.56,High,0.03,7545,AUTH_ERROR
2026-01-01 17:01:00,Moov,Ivory Coast,OTT Daily Pass,Smart TV,Sport Live,1,30,1.24,1.99,4187,1.04,Medium,0.45,2166,
2026-01-01 17:02:00,Orange,Cameroon,OTT Weekly Pass,Smart TV,Kids Show,1,67,6.66,9.99,2416,0.6,Medium,0.18,3883,LOW_BITRATE
2026-01-01 17:03:00,Orange,Ivory Coast,OTT Daily Pass,Smart TV,Documentary D,1,56,3.51,9.99,842,3.16,Low,0.17,6348,BUFFERING_ERROR
2026-01-01 17:04:00,Orange,Cameroon,Premium Sports Bundle,STB,Movie C,1,116,5.75,9.99,1049,0.76,Low,0.3,6492,LOW_BITRATE
2026-01-01 17:05:00,Orange,Cameroon,Family Entertainment,Smart TV,Series A,1,95,6.27,14.99,1140,2.24,Low,0.1,3717,BUFFERING_ERROR
2026-01-01 17:06:00,Orange,Cameroon,OTT Weekly Pass,Smart TV,Sport Live,1,116,0.84,1.99,155,1.19,Medium,0.38,6825,
2026-01-01 17:07:00,Airtel,Cameroon,Zero-Rating Bundle,STB,Movie C,1,94,1.0,1.99,2241,0.73,High,0.22,8172,
2026-01-01 17:08:00,Orange,Senegal,OTT Daily Pass,STB,Sport Live,1,71,2.49,4.99,2538,2.83,Medium,0.4,8039,BUFFERING_ERROR
2026-01-01 17:09:00,Airtel,Senegal,Zero-Rating Bundle,Web,Documentary D,1,115,6.12,9.99,284,1.55,Medium,0.42,6649,AUTH_ERROR
2026-01-01 17:10:00,Moov,Benin,Zero-Rating Bundle,Web,Movie C,1,86,1.06,1.99,2051,2.85,High,0.39,3391,AUTH_ERROR
2026-01-01 17:11:00,Moov,Morocco,Zero-Rating Bundle,Web,Series A,1,77,2.68,4.99,2329,1.96,Low,0.33,2123,LOW_BITRATE
2026-01-01 17:12:00,Vodacom,Senegal,OTT Weekly Pass,STB,Movie C,1,6,2.02,4.99,689,0.65,Low,0.1,1688,
2026-01-01 17:13:00,Moov,Morocco,Family Entertainment,Web,Documentary D,1,48,6.49,14.99,1212,3.17,Low,0.4,5918,
2026-01-01 17:14:00,MTN,Rwanda,OTT Daily Pass,STB,Kids Show,1,6,7.59,14.99,2723,0.38,Low,0.04,2415,LOW_BITRATE
2026-01-01 17:15:00,Airtel,Cameroon,Zero-Rating Bundle,Smart TV,Sport Live,1,30,3.9,9.99,4132,1.68,Medium,0.35,735,AUTH_ERROR
2026-01-01 17:16:00,Moov,Ivory Coast,Family Entertainment,Web,Kids Show,1,116,8.16,14.99,4339,1.55,Low,0.23,8749,
2026-01-01 17:17:00,Orange,Ivory Coast,Family Entertainment,Smart TV,Sport Live,1,54,2.96,4.99,260,3.33,High,0.21,5227,AUTH_ERROR
2026-01-01 17:18:00,Moov,Senegal,Premium Sports Bundle,Web,Movie C,1,111,6.73,9.99,3269,0.72,Medium,0.26,1047,
2026-01-01 17:19:00,Airtel,Benin,OTT Daily Pass,Smart TV,Series A,1,72,0.77,1.99,4044,2.3,Medium,0.21,7451,
2026-01-01 17:20:00,MTN,Rwanda,Premium Sports Bundle,Smart TV,Kids Show,1,64,5.59,9.99,3071,1.82,High,0.14,3804,
2026-01-01 17:21:00,Moov,Cameroon,Zero-Rating Bundle,Web,Kids Show,1,44,5.3,9.99,2420,1.41,Medium,0.11,6620,AUTH_ERROR
2026-01-01 17:22:00,Moov,Ivory Coast,Premium Sports Bundle,Smart TV,Kids Show,1,55,3.67,9.99,3538,0.34,High,0.35,4256,
2026-01-01 17:23:00,Orange,Morocco,OTT Weekly Pass,Mobile,Kids Show,1,42,0.88,1.99,3665,1.1,High,0.05,6318,
2026-01-01 17:24:00,Moov,Ivory Coast,Zero-Rating Bundle,Mobile,Documentary D,1,15,1.03,1.99,4414,3.34,Low,0.03,1204,AUTH_ERROR
2026-01-01 17:25:00,Moov,Morocco,Family Entertainment,Mobile,Series A,1,68,3.23,4.99,1505,2.54,High,0.37,4692,BUFFERING_ERROR
2026-01-01 17:26:00,Vodacom,Benin,Zero-Rating Bundle,STB,Movie C,1,68,6.84,9.99,1317,2.14,High,0.06,584,BUFFERING_ERROR
2026-01-01 17:27:00,Airtel,Morocco,Family Entertainment,STB,Documentary D,1,16,3.06,4.99,3105,3.23,Medium,0.33,3253,AUTH_ERROR
2026-01-01 17:28:00,Airtel,Cameroon,OTT Weekly Pass,Web,Series A,1,57,0.62,1.99,2423,2.88,High,0.18,3177,LOW_BITRATE
2026-01-01 17:29:00,Airtel,Senegal,Premium Sports Bundle,STB,Series A,1,105,4.81,14.99,3584,2.0,High,0.44,1106,BUFFERING_ERROR
2026-01-01 17:30:00,Airtel,Rwanda,OTT Weekly Pass,STB,Series A,1,66,4.19,9.99,3146,1.69,Low,0.03,7534,
2026-01-01 17:31:00,Airtel,Ivory Coast,OTT Daily Pass,STB,Documentary D,1,3,0.94,1.99,2233,2.74,High,0.26,1346,
2026-01-01 17:32:00,Vodacom,Morocco,Premium Sports Bundle,Web,Series A,1,39,9.68,14.99,2013,0.45,High,0.07,5512,
2026-01-01 17:33:00,Vodacom,Benin,OTT Daily Pass,STB,Sport Live,1,19,4.21,9.99,3725,0.83,High,0.2,4948,
2026-01-01 17:34:00,MTN,Ivory Coast,Premium Sports Bundle,Mobile,Documentary D,1,69,4.63,14.99,497,3.49,Low,0.16,4108,
2026-01-01 17:35:00,Orange,Ivory Coast,OTT Weekly Pass,STB,Kids Show,1,17,4.3,9.99,3716,3.02,Medium,0.07,5819,AUTH_ERROR
2026-01-01 17:36:00,Moov,Benin,OTT Daily Pass,STB,Documentary D,1,24,6.56,9.99,1372,2.25,High,0.01,4754,
2026-01-01 17:37:00,Moov,Cameroon,OTT Daily Pass,Web,Series A,1,68,3.13,9.99,1659,0.45,Medium,0.13,1593,
2026-01-01 17:38:00,Vodacom,Benin,OTT Daily Pass,Smart TV,Series A,1,84,2.48,4.99,3228,1.01,High,0.31,7625,AUTH_ERROR
2026-01-01 17:39:00,Vodacom,Morocco,Premium Sports Bundle,Mobile,Series A,1,54,3.62,9.99,2268,0.71,Low,0.34,7032,LOW_BITRATE
2026-01-01 17:40:00,Moov,Cameroon,Family Entertainment,STB,Sport Live,1,5,6.92,14.99,868,2.94,Medium,0.08,8721,
2026-01-01 17:41:00,MTN,Senegal,OTT Weekly Pass,STB,Series A,1,49,1.27,1.99,3949,1.87,High,0.14,8055,
2026-01-01 17:42:00,MTN,Morocco,Premium Sports Bundle,Smart TV,Kids Show,1,74,1.62,4.99,4498,3.32,Medium,0.22,5756,
2026-01-01 17:43:00,Airtel,Benin,OTT Daily Pass,Web,Sport Live,1,32,5.97,14.99,951,0.69,Low,0.26,7720,
2026-01-01 17:44:00,MTN,Benin,Family Entertainment,Mobile,Sport Live,1,89,1.59,4.99,4304,0.32,Low,0.41,6810,
2026-01-01 17:45:00,Airtel,Rwanda,Zero-Rating Bundle,Web,Movie C,1,2,6.27,14.99,642,2.36,Low,0.05,4595,AUTH_ERROR
2026-01-01 17:46:00,Airtel,Morocco,Premium Sports Bundle,Mobile,Movie C,1,81,4.56,9.99,1932,0.77,Medium,0.33,6916,BUFFERING_ERROR
2026-01-01 17:47:00,Moov,Ivory Coast,Family Entertainment,Web,Documentary D,1,15,4.46,9.99,306,2.78,Low,0.36,1000,
2026-01-01 17:48:00,Orange,Rwanda,Family Entertainment,Mobile,Documentary D,1,5,3.36,4.99,4932,2.67,Medium,0.08,8847,
2026-01-01 17:49:00,Moov,Benin,Family Entertainment,Web,Documentary D,1,88,4.18,9.99,1973,0.62,High,0.03,7486,LOW_BITRATE
2026-01-01 17:50:00,Vodacom,Rwanda,OTT Daily Pass,STB,Documentary D,1,82,2.73,4.99,2015,2.35,Medium,0.04,4713,AUTH_ERROR
2026-01-01 17:51:00,Airtel,Cameroon,OTT Weekly Pass,Mobile,Kids Show,1,48,9.05,14.99,2182,1.71,Low,0.01,2942,
2026-01-01 17:52:00,MTN,Morocco,OTT Weekly Pass,Web,Series A,1,86,1.08,1.99,563,2.12,Medium,0.34,2117,AUTH_ERROR
2026-01-01 17:53:00,Orange,Rwanda,Zero-Rating Bundle,Web,Kids Show,1,99,0.71,1.99,4971,1.27,Medium,0.33,6242,
2026-01-01 17:54:00,Airtel,Rwanda,Family Entertainment,Smart TV,Movie C,1,63,2.86,4.99,601,0.33,Low,0.08,4257,
2026-01-01 17:55:00,Airtel,Cameroon,Premium Sports Bundle,STB,Kids Show,1,23,4.63,14.99,3238,2.48,High,0.29,4114,LOW_BITRATE
2026-01-01 17:56:00,Vodacom,Rwanda,Family Entertainment,STB,Movie C,1,44,1.37,1.99,1112,1.66,Low,0.18,4375,
2026-01-01 17:57:00,Airtel,Rwanda,Premium Sports Bundle,Web,Kids Show,1,82,6.27,9.99,3396,1.0,High,0.34,3762,BUFFERING_ERROR
2026-01-01 17:58:00,Airtel,Benin,Family Entertainment,STB,Documentary D,1,40,4.88,14.99,3300,3.39,High,0.18,6320,BUFFERING_ERROR
2026-01-01 17:59:00,Vodacom,Senegal,OTT Daily Pass,Web,Kids Show,1,13,2.4,4.99,796,1.25,Medium,0.33,5363,
2026-01-01 18:00:00,Moov,Rwanda,OTT Daily Pass,Mobile,Documentary D,1,66,1.53,4.99,3436,0.68,Low,0.41,2508,
2026-01-01 18:01:00,Moov,Morocco,OTT Weekly Pass,STB,Kids Show,1,62,3.0,4.99,2308,0.55,Low,0.05,3542,
2026-01-01 18:02:00,Vodacom,Senegal,Premium Sports Bundle,Web,Sport Live,1,108,0.7,1.99,2317,3.34,Medium,0.22,3065,
2026-01-01 18:03:00,MTN,Rwanda,Premium Sports Bundle,Mobile,Kids Show,1,34,1.33,1.99,1819,1.92,Medium,0.14,7678,LOW_BITRATE
2026-01-01 18:04:00,Orange,Benin,OTT Weekly Pass,Smart TV,Kids Show,1,107,9.81,14.99,2377,0.45,Low,0.3,1365,
2026-01-01 18:05:00,MTN,Benin,Family Entertainment,Web,Sport Live,1,12,8.02,14.99,3295,2.88,Low,0.36,3684,AUTH_ERROR
2026-01-01 18:06:00,Airtel,Morocco,Premium Sports Bundle,STB,Movie C,1,20,1.89,4.99,3373,3.49,High,0.33,1071,
2026-01-01 18:07:00,Vodacom,Cameroon,Zero-Rating Bundle,STB,Kids Show,1,98,6.45,9.99,4829,0.28,Medium,0.13,7259,
2026-01-01 18:08:00,Vodacom,Rwanda,Family Entertainment,Web,Sport Live,1,95,6.69,9.99,996,1.93,High,0.35,2283,AUTH_ERROR
2026-01-01 18:09:00,Vodacom,Cameroon,Premium Sports Bundle,STB,Series A,1,62,9.58,14.99,108,0.87,Medium,0.09,1497,AUTH_ERROR
2026-01-01 18:10:00,Orange,Cameroon,Family Entertainment,Web,Movie C,1,98,1.37,1.99,141,3.24,Medium,0.19,3963,LOW_BITRATE
2026-01-01 18:11:00,Vodacom,Rwanda,OTT Daily Pass,Web,Kids Show,1,53,4.12,9.99,2227,2.43,Low,0.01,5483,BUFFERING_ERROR
2026-01-01 18:12:00,Airtel,Cameroon,Zero-Rating Bundle,Smart TV,Kids Show,1,56,5.04,9.99,4254,1.06,High,0.36,2938,LOW_BITRATE
2026-01-01 18:13:00,Orange,Morocco,OTT Weekly Pass,STB,Sport Live,1,33,9.94,14.99,3342,1.42,Low,0.03,6886,LOW_BITRATE
2026-01-01 18:14:00,Orange,Morocco,OTT Weekly Pass,STB,Kids Show,1,37,10.45,14.99,3845,1.99,High,0.09,1557,
2026-01-01 18:15:00,Moov,Benin,Zero-Rating Bundle,Mobile,Series A,1,35,1.83,4.99,2046,1.84,Medium,0.06,7206,
2026-01-01 18:16:00,Orange,Senegal,OTT Weekly Pass,Web,Documentary D,1,29,8.86,14.99,2288,0.98,Low,0.35,8506,LOW_BITRATE
2026-01-01 18:17:00,MTN,Rwanda,Premium Sports Bundle,Mobile,Documentary D,1,31,2.43,4.99,64,0.26,Low,0.42,4027,
2026-01-01 18:18:00,Orange,Morocco,Premium Sports Bundle,Smart TV,Documentary D,1,79,7.85,14.99,2518,1.84,High,0.13,7100,LOW_BITRATE
2026-01-01 18:19:00,Airtel,Rwanda,OTT Weekly Pass,Smart TV,Documentary D,1,56,9.11,14.99,3354,1.86,Medium,0.18,1916,
2026-01-01 18:20:00,Airtel,Ivory Coast,OTT Daily Pass,Mobile,Kids Show,1,119,0.78,1.99,1516,2.09,Low,0.45,3845,
2026-01-01 18:21:00,Orange,Rwanda,Zero-Rating Bundle,Mobile,Series A,1,26,4.88,9.99,4714,0.88,High,0.04,1130,
2026-01-01 18:22:00,Orange,Morocco,Premium Sports Bundle,STB,Series A,1,77,6.4,14.99,2380,1.19,Medium,0.07,4711,
2026-01-01 18:23:00,Moov,Rwanda,Family Entertainment,Web,Movie C,1,73,1.18,1.99,315,1.09,High,0.02,4210,
2026-01-01 18:24:00,Orange,Senegal,Premium Sports Bundle,Smart TV,Kids Show,1,14,3.16,9.99,1889,0.6,High,0.39,3467,
2026-01-01 18:25:00,Orange,Morocco,OTT Weekly Pass,STB,Kids Show,1,69,2.36,4.99,1212,0.82,Low,0.11,846,
2026-01-01 18:26:00,Vodacom,Morocco,Zero-Rating Bundle,Web,Series A,1,112,4.27,9.99,3412,2.66,Medium,0.23,6279,AUTH_ERROR
2026-01-01 18:27:00,Vodacom,Ivory Coast,Zero-Rating Bundle,STB,Kids Show,1,31,7.84,14.99,4684,2.52,Medium,0.07,5313,LOW_BITRATE
2026-01-01 18:28:00,Moov,Cameroon,Zero-Rating Bundle,Mobile,Series A,1,2,6.83,9.99,1548,3.43,High,0.03,6338,LOW_BITRATE
2026-01-01 18:29:00,MTN,Rwanda,Family Entertainment,Smart TV,Movie C,1,5,6.8,14.99,3967,1.19,Low,0.41,6404,BUFFERING_ERROR
2026-01-01 18:30:00,Airtel,Senegal,Zero-Rating Bundle,Smart TV,Documentary D,1,33,5.76,9.99,2508,0.21,Medium,0.03,6453,
2026-01-01 18:31:00,Orange,Senegal,Premium Sports Bundle,Web,Movie C,1,48,2.68,4.99,1783,2.36,Low,0.14,5198,BUFFERING_ERROR
2026-01-01 18:32:00,Moov,Ivory Coast,Premium Sports Bundle,Web,Movie C,1,11,6.12,9.99,1105,0.84,Medium,0.21,988,BUFFERING_ERROR
2026-01-01 18:33:00,Orange,Ivory Coast,OTT Daily Pass,STB,Series A,1,51,4.0,9.99,4079,1.05,Low,0.25,2157,LOW_BITRATE
2026-01-01 18:34:00,Airtel,Rwanda,OTT Daily Pass,Smart TV,Movie C,1,103,5.28,9.99,2865,0.36,High,0.23,681,
2026-01-01 18:35:00,Airtel,Cameroon,Premium Sports Bundle,Smart TV,Kids Show,1,67,0.67,1.99,3263,0.57,High,0.34,7413,BUFFERING_ERROR
2026-01-01 18:36:00,Moov,Ivory Coast,Family Entertainment,Mobile,Sport Live,1,56,5.31,9.99,1732,0.29,Medium,0.15,2717,AUTH_ERROR
2026-01-01 18:37:00,MTN,Morocco,Premium Sports Bundle,Web,Series A,1,89,8.78,14.99,999,0.5,Low,0.16,2423,AUTH_ERROR
2026-01-01 18:38:00,Moov,Benin,Family Entertainment,Smart TV,Series A,1,74,2.53,4.99,4436,1.88,Low,0.32,5407,LOW_BITRATE
2026-01-01 18:39:00,Moov,Ivory Coast,Family Entertainment,Mobile,Series A,1,51,2.9,4.99,2712,1.71,Medium,0.24,3898,AUTH_ERROR
2026-01-01 18:40:00,MTN,Cameroon,OTT Daily Pass,Smart TV,Kids Show,1,94,3.27,4.99,3591,0.78,High,0.25,1442,BUFFERING_ERROR
2026-01-01 18:41:00,Vodacom,Ivory Coast,Zero-Rating Bundle,Smart TV,Documentary D,1,46,3.01,4.99,2963,2.74,Medium,0.34,2559,AUTH_ERROR
2026-01-01 18:42:00,Moov,Cameroon,Zero-Rating Bundle,Mobile,Kids Show,1,96,1.0,1.99,2724,1.08,Low,0.18,2254,
2026-01-01 18:43:00,Orange,Senegal,Premium Sports Bundle,STB,Series A,1,116,6.65,14.99,1573,2.21,Low,0.03,5262,BUFFERING_ERROR
2026-01-01 18:44:00,Orange,Morocco,Family Entertainment,Web,Series A,1,13,1.67,4.99,4150,1.63,Low,0.05,3194,BUFFERING_ERROR
2026-01-01 18:45:00,Vodacom,Benin,Premium Sports Bundle,STB,Series A,1,91,5.27,14.99,3454,0.62,Low,0.29,4873,
2026-01-01 18:46:00,Airtel,Ivory Coast,Premium Sports Bundle,Web,Movie C,1,67,2.24,4.99,1101,1.35,Low,0.43,8556,LOW_BITRATE
2026-01-01 18:47:00,Orange,Ivory Coast,OTT Weekly Pass,STB,Documentary D,1,48,8.81,14.99,4602,2.76,High,0.24,2744,AUTH_ERROR
2026-01-01 18:48:00,Vodacom,Rwanda,Family Entertainment,Mobile,Documentary D,1,29,5.51,14.99,3663,0.4,High,0.1,8795,
2026-01-01 18:49:00,Airtel,Benin,OTT Daily Pass,Web,Sport Live,1,50,1.11,1.99,4065,2.0,Low,0.23,1029,BUFFERING_ERROR
2026-01-01 18:50:00,Orange,Senegal,OTT Weekly Pass,Web,Series A,1,38,2.8,4.99,3716,2.13,High,0.27,2706,BUFFERING_ERROR
2026-01-01 18:51:00,Airtel,Cameroon,Premium Sports Bundle,Web,Kids Show,1,113,4.82,9.99,2515,2.39,Low,0.24,2432,LOW_BITRATE
2026-01-01 18:52:00,Orange,Rwanda,OTT Weekly Pass,Web,Sport Live,1,70,2.48,4.99,2295,0.75,Low,0.33,8489,BUFFERING_ERROR
2026-01-01 18:53:00,Orange,Rwanda,Zero-Rating Bundle,Mobile,Documentary D,1,59,1.08,1.99,3397,1.9,High,0.36,3545,
2026-01-01 18:54:00,Orange,Cameroon,OTT Daily Pass,Smart TV,Documentary D,1,76,0.91,1.99,245,3.02,Medium,0.1,3223,
2026-01-01 18:55:00,Vodacom,Cameroon,Premium Sports Bundle,Web,Sport Live,1,17,10.29,14.99,118,1.69,Low,0.01,5067,LOW_BITRATE
2026-01-01 18:56:00,Moov,Morocco,OTT Weekly Pass,Mobile,Movie C,1,75,4.83,9.99,4339,1.6,High,0.13,5231,AUTH_ERROR
2026-01-01 18:57:00,Orange,Rwanda,OTT Weekly Pass,Smart TV,Sport Live,1,102,1.01,1.99,4495,0.2,Medium,0.23,2825,
2026-01-01 18:58:00,Airtel,Benin,OTT Weekly Pass,STB,Movie C,1,4,1.25,1.99,3983,0.51,High,0.32,7523,LOW_BITRATE
2026-01-01 18:59:00,Vodacom,Ivory Coast,Family Entertainment,Web,Documentary D,1,9,4.42,9.99,4740,0.11,Low,0.28,4125,AUTH_ERROR
2026-01-01 19:00:00,Moov,Senegal,Family Entertainment,Web,Movie C,1,115,5.89,14.99,3215,1.25,High,0.09,6389,LOW_BITRATE
2026-01-01 19:01:00,Orange,Senegal,Premium Sports Bundle,Smart TV,Sport Live,1,64,9.21,14.99,3690,0.37,Low,0.14,1817,
2026-01-01 19:02:00,Orange,Ivory Coast,OTT Weekly Pass,Smart TV,Sport Live,1,119,8.46,14.99,3308,3.15,High,0.37,7767,AUTH_ERROR
2026-01-01 19:03:00,Vodacom,Cameroon,Premium Sports Bundle,Web,Sport Live,1,102,1.32,1.99,3316,2.54,Low,0.13,2566,BUFFERING_ERROR
2026-01-01 19:04:00,Vodacom,Rwanda,OTT Daily Pass,STB,Movie C,1,46,7.91,14.99,210,1.46,Low,0.11,4725,
2026-01-01 19:05:00,Vodacom,Morocco,Zero-Rating Bundle,Smart TV,Movie C,1,6,6.91,9.99,1666,0.61,Medium,0.09,7511,LOW_BITRATE
2026-01-01 19:06:00,Orange,Cameroon,Zero-Rating Bundle,STB,Sport Live,1,115,2.76,4.99,4981,1.88,High,0.11,859,
2026-01-01 19:07:00,MTN,Ivory Coast,OTT Daily Pass,STB,Sport Live,1,44,0.6,1.99,3723,1.74,Low,0.42,5585,
2026-01-01 19:08:00,MTN,Morocco,OTT Weekly Pass,Web,Kids Show,1,42,2.46,4.99,2882,0.92,Medium,0.24,7207,BUFFERING_ERROR
2026-01-01 19:09:00,Orange,Rwanda,Premium Sports Bundle,Mobile,Documentary D,1,98,10.13,14.99,2202,2.06,Medium,0.27,7751,BUFFERING_ERROR
2026-01-01 19:10:00,Airtel,Rwanda,OTT Daily Pass,STB,Documentary D,1,118,10.11,14.99,2339,2.55,Medium,0.08,6128,LOW_BITRATE
2026-01-01 19:11:00,Airtel,Benin,OTT Daily Pass,Smart TV,Kids Show,1,52,4.98,14.99,743,2.07,Low,0.3,8435,AUTH_ERROR
2026-01-01 19:12:00,Orange,Cameroon,Zero-Rating Bundle,STB,Movie C,1,99,2.13,4.99,143,1.37,Low,0.32,1241,BUFFERING_ERROR
2026-01-01 19:13:00,MTN,Senegal,Zero-Rating Bundle,Mobile,Documentary D,1,1,0.83,1.99,2354,2.64,Low,0.3,7383,AUTH_ERROR
2026-01-01 19:14:00,Orange,Cameroon,OTT Weekly Pass,Smart TV,Sport Live,1,45,2.76,4.99,4441,1.78,Low,0.05,8629,
2026-01-01 19:15:00,Vodacom,Senegal,Zero-Rating Bundle,Web,Sport Live,1,115,6.54,14.99,537,3.37,High,0.35,5494,BUFFERING_ERROR
2026-01-01 19:16:00,MTN,Cameroon,Zero-Rating Bundle,STB,Documentary D,1,107,0.87,1.99,2698,2.99,High,0.26,7714,BUFFERING_ERROR
2026-01-01 19:17:00,Vodacom,Rwanda,OTT Daily Pass,Smart TV,Movie C,1,63,6.67,9.99,620,0.31,Medium,0.15,6285,
2026-01-01 19:18:00,Airtel,Benin,Family Entertainment,Mobile,Series A,1,118,0.67,1.99,162,1.76,High,0.06,4116,BUFFERING_ERROR
2026-01-01 19:19:00,Airtel,Benin,Premium Sports Bundle,Web,Sport Live,1,100,2.58,4.99,3954,1.62,High,0.06,7382,
2026-01-01 19:20:00,Orange,Cameroon,Family Entertainment,Mobile,Kids Show,1,113,5.09,14.99,2131,1.87,High,0.35,8217,LOW_BITRATE
2026-01-01 19:21:00,Airtel,Senegal,Family Entertainment,STB,Kids Show,1,26,7.71,14.99,252,2.73,Medium,0.35,4007,BUFFERING_ERROR
2026-01-01 19:22:00,MTN,Benin,OTT Weekly Pass,STB,Sport Live,1,82,1.06,1.99,2586,2.32,High,0.36,7637,BUFFERING_ERROR
2026-01-01 19:23:00,Moov,Benin,Family Entertainment,STB,Sport Live,1,24,4.36,9.99,2572,1.37,High,0.22,2835,AUTH_ERROR
2026-01-01 19:24:00,Airtel,Ivory Coast,Premium Sports Bundle,STB,Documentary D,1,88,5.28,9.99,4143,2.07,Medium,0.22,2677,
2026-01-01 19:25:00,Orange,Cameroon,Premium Sports Bundle,Smart TV,Series A,1,73,0.64,1.99,1074,1.71,High,0.29,1850,LOW_BITRATE
2026-01-01 19:26:00,Moov,Cameroon,Zero-Rating Bundle,Web,Kids Show,1,92,7.04,14.99,2431,3.45,Medium,0.42,8002,
2026-01-01 19:27:00,Orange,Rwanda,Zero-Rating Bundle,Web,Sport Live,1,106,2.09,4.99,4014,2.92,Medium,0.07,6888,
2026-01-01 19:28:00,Airtel,Benin,OTT Weekly Pass,Mobile,Documentary D,1,65,4.86,14.99,814,3.08,High,0.04,5590,LOW_BITRATE
2026-01-01 19:29:00,Vodacom,Rwanda,Family Entertainment,Mobile,Kids Show,1,117,3.11,9.99,4047,1.01,Medium,0.22,8724,BUFFERING_ERROR
2026-01-01 19:30:00,MTN,Morocco,Family Entertainment,STB,Documentary D,1,86,2.38,4.99,1618,2.52,Medium,0.2,4361,LOW_BITRATE
2026-01-01 19:31:00,MTN,Ivory Coast,Zero-Rating Bundle,Smart TV,Series A,1,20,4.95,9.99,1295,3.34,High,0.28,8612,
2026-01-01 19:32:00,Orange,Cameroon,OTT Daily Pass,Mobile,Sport Live,1,100,9.91,14.99,198,1.89,Low,0.45,861,
2026-01-01 19:33:00,Orange,Cameroon,OTT Weekly Pass,STB,Sport Live,1,10,3.91,9.99,2582,0.76,Medium,0.15,8738,
2026-01-01 19:34:00,Vodacom,Ivory Coast,OTT Weekly Pass,STB,Series A,1,101,0.92,1.99,3935,1.4,High,0.35,6315,LOW_BITRATE
2026-01-01 19:35:00,MTN,Rwanda,OTT Daily Pass,Mobile,Series A,1,48,2.65,4.99,1659,2.76,High,0.15,5197,
2026-01-01 19:36:00,Orange,Rwanda,Premium Sports Bundle,Smart TV,Movie C,1,90,3.15,9.99,4365,2.08,Low,0.42,3743,LOW_BITRATE
2026-01-01 19:37:00,Airtel,Rwanda,OTT Daily Pass,STB,Movie C,1,1,3.49,4.99,3909,1.09,High,0.32,2755,BUFFERING_ERROR
2026-01-01 19:38:00,Moov,Cameroon,Zero-Rating Bundle,Mobile,Sport Live,1,89,5.67,14.99,2355,1.16,Medium,0.14,5932,
2026-01-01 19:39:00,Airtel,Cameroon,Zero-Rating Bundle,Smart TV,Kids Show,1,119,1.63,4.99,1681,1.71,Medium,0.29,7502,AUTH_ERROR
2026-01-01 19:40:00,Vodacom,Cameroon,Zero-Rating Bundle,STB,Documentary D,1,118,6.66,14.99,2009,1.89,Low,0.42,8249,
2026-01-01 19:41:00,Moov,Rwanda,Family Entertainment,STB,Sport Live,1,91,3.82,9.99,2091,0.82,Low,0.16,1096,LOW_BITRATE
2026-01-01 19:42:00,Vodacom,Senegal,OTT Daily Pass,Web,Series A,1,9,0.89,1.99,4482,0.94,Low,0.08,4258,BUFFERING_ERROR
2026-01-01 19:43:00,Airtel,Rwanda,OTT Weekly Pass,Web,Kids Show,1,1,7.62,14.99,3037,1.61,Medium,0.27,7847,
2026-01-01 19:44:00,Moov,Morocco,Family Entertainment,Smart TV,Documentary D,1,12,0.73,1.99,4056,1.18,Low,0.12,5456,LOW_BITRATE
2026-01-01 19:45:00,Moov,Benin,OTT Weekly Pass,Smart TV,Series A,1,57,2.36,4.99,2913,3.26,Medium,0.33,3255,
2026-01-01 19:46:00,MTN,Benin,Premium Sports Bundle,Smart TV,Documentary D,1,101,6.88,9.99,3809,1.08,Low,0.25,5279,
2026-01-01 19:47:00,MTN,Senegal,Family Entertainment,Web,Sport Live,1,36,5.26,14.99,2774,3.42,Medium,0.06,4593,LOW_BITRATE
2026-01-01 19:48:00,Vodacom,Senegal,Premium Sports Bundle,STB,Movie C,1,48,0.98,1.99,2168,0.16,Low,0.02,652,LOW_BITRATE
2026-01-01 19:49:00,Orange,Cameroon,OTT Daily Pass,Web,Sport Live,1,45,6.03,14.99,3947,2.57,Medium,0.34,6509,LOW_BITRATE
2026-01-01 19:50:00,Moov,Rwanda,OTT Daily Pass,Web,Documentary D,1,90,6.78,14.99,633,0.51,High,0.22,7402,AUTH_ERROR
2026-01-01 19:51:00,MTN,Rwanda,Zero-Rating Bundle,Web,Kids Show,1,63,0.83,1.99,3063,3.37,Low,0.41,2915,
2026-01-01 19:52:00,MTN,Cameroon,OTT Weekly Pass,STB,Movie C,1,82,2.06,4.99,1311,0.98,Medium,0.05,1542,LOW_BITRATE
2026-01-01 19:53:00,Vodacom,Rwanda,OTT Daily Pass,Mobile,Series A,1,33,5.35,9.99,4557,1.01,High,0.45,4565,
2026-01-01 19:54:00,Vodacom,Senegal,Family Entertainment,STB,Kids Show,1,44,2.34,4.99,786,1.92,High,0.06,2195,AUTH_ERROR
2026-01-01 19:55:00,Vodacom,Cameroon,Premium Sports Bundle,Web,Series A,1,59,1.22,1.99,525,0.55,Medium,0.15,8866,LOW_BITRATE
2026-01-01 19:56:00,Orange,Cameroon,Premium Sports Bundle,Mobile,Series A,1,3,2.35,4.99,2868,0.61,Low,0.37,5732,
2026-01-01 19:57:00,Vodacom,Benin,Premium Sports Bundle,Smart TV,Movie C,1,109,5.37,14.99,3366,2.96,High,0.15,2970,
2026-01-01 19:58:00,Vodacom,Cameroon,Zero-Rating Bundle,Mobile,Sport Live,1,31,3.04,4.99,2413,1.75,Low,0.12,3501,BUFFERING_ERROR
2026-01-01 19:59:00,Vodacom,Ivory Coast,Zero-Rating Bundle,Mobile,Documentary D,1,82,0.8,1.99,3828,3.14,Low,0.05,4418,AUTH_ERROR
2026-01-01 20:00:00,Airtel,Cameroon,Family Entertainment,STB,Kids Show,1,95,4.91,14.99,850,1.82,Medium,0.3,3758,
2026-01-01 20:01:00,Orange,Rwanda,Zero-Rating Bundle,Web,Kids Show,1,12,9.21,14.99,4329,1.94,High,0.09,7006,
2026-01-01 20:02:00,Vodacom,Benin,OTT Daily Pass,Web,Sport Live,1,7,1.03,1.99,955,0.8,Medium,0.14,2540,AUTH_ERROR
2026-01-01 20:03:00,Moov,Morocco,Premium Sports Bundle,Mobile,Movie C,1,64,2.68,4.99,1001,2.31,High,0.41,709,BUFFERING_ERROR
2026-01-01 20:04:00,MTN,Rwanda,Zero-Rating Bundle,STB,Kids Show,1,23,6.75,14.99,922,0.59,Low,0.35,1078,
2026-01-01 20:05:00,Vodacom,Rwanda,Premium Sports Bundle,Web,Kids Show,1,37,0.67,1.99,3339,0.34,High,0.28,4804,
2026-01-01 20:06:00,Orange,Cameroon,OTT Weekly Pass,Mobile,Sport Live,1,9,2.16,4.99,1151,1.41,Low,0.16,3882,
2026-01-01 20:07:00,Moov,Benin,OTT Daily Pass,Web,Kids Show,1,14,6.94,9.99,805,1.33,High,0.02,4181,AUTH_ERROR
2026-01-01 20:08:00,MTN,Senegal,Zero-Rating Bundle,Web,Sport Live,1,117,4.05,9.99,407,1.52,Medium,0.07,6581,
2026-01-01 20:09:00,Airtel,Cameroon,Zero-Rating Bundle,Smart TV,Documentary D,1,63,1.15,1.99,663,2.5,Low,0.28,3050,
2026-01-01 20:10:00,Vodacom,Senegal,Premium Sports Bundle,STB,Movie C,1,66,0.84,1.99,2665,3.27,High,0.19,6235,BUFFERING_ERROR
2026-01-01 20:11:00,Vodacom,Senegal,Zero-Rating Bundle,Mobile,Documentary D,1,7,8.06,14.99,642,3.12,Low,0.16,5412,LOW_BITRATE
2026-01-01 20:12:00,Vodacom,Benin,OTT Daily Pass,STB,Documentary D,1,102,0.73,1.99,2550,0.92,Medium,0.25,5834,LOW_BITRATE
2026-01-01 20:13:00,Moov,Rwanda,OTT Weekly Pass,Smart TV,Sport Live,1,116,0.65,1.99,548,1.75,Low,0.43,8949,
2026-01-01 20:14:00,Moov,Ivory Coast,Family Entertainment,Smart TV,Kids Show,1,72,5.1,14.99,4233,2.62,High,0.35,8197,LOW_BITRATE
2026-01-01 20:15:00,MTN,Cameroon,Zero-Rating Bundle,STB,Kids Show,1,75,9.14,14.99,3008,0.35,High,0.4,2438,
2026-01-01 20:16:00,MTN,Morocco,Premium Sports Bundle,Smart TV,Kids Show,1,30,1.16,1.99,2433,1.53,High,0.26,2399,LOW_BITRATE
2026-01-01 20:17:00,Moov,Benin,OTT Daily Pass,Web,Movie C,1,50,1.35,1.99,1987,2.35,Medium,0.33,4248,BUFFERING_ERROR
2026-01-01 20:18:00,Airtel,Cameroon,Family Entertainment,Web,Sport Live,1,80,1.35,1.99,4083,3.11,Medium,0.44,5052,BUFFERING_ERROR
2026-01-01 20:19:00,Vodacom,Ivory Coast,Family Entertainment,Mobile,Sport Live,1,118,0.93,1.99,4762,0.95,Medium,0.21,2908,
2026-01-01 20:20:00,Airtel,Rwanda,Family Entertainment,Mobile,Movie C,1,117,4.2,9.99,1015,1.34,Medium,0.11,5224,
2026-01-01 20:21:00,Airtel,Benin,Zero-Rating Bundle,Mobile,Documentary D,1,49,6.3,9.99,3542,2.8,High,0.45,1843,
2026-01-01 20:22:00,MTN,Benin,OTT Daily Pass,Mobile,Sport Live,1,32,1.09,1.99,4991,1.21,Medium,0.31,3115,
2026-01-01 20:23:00,MTN,Cameroon,Premium Sports Bundle,STB,Documentary D,1,72,3.38,4.99,2227,1.86,Medium,0.32,8711,
2026-01-01 20:24:00,Vodacom,Ivory Coast,Family Entertainment,Smart TV,Documentary D,1,73,6.59,9.99,624,1.04,Medium,0.17,5067,
2026-01-01 20:25:00,Airtel,Senegal,Zero-Rating Bundle,Smart TV,Sport Live,1,81,8.21,14.99,1937,0.19,High,0.2,5045,BUFFERING_ERROR
2026-01-01 20:26:00,Moov,Morocco,OTT Weekly Pass,Web,Sport Live,1,67,1.24,1.99,2992,2.58,High,0.37,5347,
2026-01-01 20:27:00,Airtel,Senegal,Premium Sports Bundle,Web,Sport Live,1,85,1.87,4.99,1699,0.69,High,0.34,1519,LOW_BITRATE
2026-01-01 20:28:00,Airtel,Cameroon,Zero-Rating Bundle,STB,Movie C,1,48,4.44,9.99,3491,0.43,Low,0.43,7773,
2026-01-01 20:29:00,Orange,Morocco,Zero-Rating Bundle,STB,Sport Live,1,58,3.16,4.99,3345,2.59,High,0.27,5557,BUFFERING_ERROR
2026-01-01 20:30:00,Airtel,Rwanda,Family Entertainment,Web,Kids Show,1,42,2.3,4.99,1697,0.73,Low,0.43,2556,
2026-01-01 20:31:00,Vodacom,Morocco,OTT Weekly Pass,Mobile,Kids Show,1,106,0.87,1.99,3857,2.58,Medium,0.28,2501,BUFFERING_ERROR
2026-01-01 20:32:00,MTN,Rwanda,OTT Weekly Pass,STB,Sport Live,1,83,2.1,4.99,1575,0.32,Medium,0.09,7589,AUTH_ERROR
2026-01-01 20:33:00,Airtel,Ivory Coast,Zero-Rating Bundle,STB,Kids Show,1,45,3.0,4.99,3460,2.86,Low,0.11,5360,AUTH_ERROR
2026-01-01 20:34:00,Vodacom,Cameroon,OTT Weekly Pass,Smart TV,Sport Live,1,50,1.12,1.99,1748,3.19,Medium,0.29,3135,BUFFERING_ERROR
2026-01-01 20:35:00,Moov,Cameroon,OTT Daily Pass,Smart TV,Series A,1,65,0.9,1.99,2534,3.29,Low,0.43,1013,
2026-01-01 20:36:00,MTN,Morocco,Premium Sports Bundle,STB,Documentary D,1,73,1.21,1.99,3257,0.44,Low,0.36,8594,
2026-01-01 20:37:00,Vodacom,Senegal,Premium Sports Bundle,Smart TV,Movie C,1,97,6.32,9.99,980,1.49,High,0.03,7120,AUTH_ERROR
2026-01-01 20:38:00,Moov,Benin,Family Entertainment,Smart TV,Sport Live,1,17,1.36,1.99,4728,3.48,Medium,0.42,7387,
2026-01-01 20:39:00,Airtel,Ivory Coast,Premium Sports Bundle,STB,Documentary D,1,77,8.97,14.99,1320,3.44,Low,0.09,5701,AUTH_ERROR
2026-01-01 20:40:00,Orange,Cameroon,Premium Sports Bundle,Smart TV,Sport Live,1,98,1.27,1.99,1989,0.71,Low,0.27,6363,
2026-01-01 20:41:00,Vodacom,Morocco,OTT Daily Pass,Mobile,Documentary D,1,54,0.6,1.99,3094,0.9,Medium,0.25,7533,BUFFERING_ERROR
2026-01-01 20:42:00,Vodacom,Benin,Premium Sports Bundle,Mobile,Movie C,1,21,6.0,14.99,826,1.68,High,0.42,2513,
2026-01-01 20:43:00,Vodacom,Benin,Premium Sports Bundle,Smart TV,Movie C,1,64,1.14,1.99,4359,1.06,High,0.06,1101,LOW_BITRATE
2026-01-01 20:44:00,Airtel,Rwanda,Zero-Rating Bundle,Web,Kids Show,1,63,1.11,1.99,2618,3.35,Low,0.22,1751,LOW_BITRATE
2026-01-01 20:45:00,Vodacom,Rwanda,Premium Sports Bundle,Web,Series A,1,94,1.77,4.99,111,3.07,Medium,0.17,911,BUFFERING_ERROR
2026-01-01 20:46:00,MTN,Cameroon,Zero-Rating Bundle,STB,Kids Show,1,108,5.36,9.99,4379,1.19,Medium,0.13,5964,BUFFERING_ERROR
2026-01-01 20:47:00,Orange,Ivory Coast,Premium Sports Bundle,Mobile,Series A,1,53,4.31,9.99,4435,0.25,Low,0.26,692,
2026-01-01 20:48:00,Airtel,Morocco,Zero-Rating Bundle,Smart TV,Movie C,1,56,1.75,4.99,4758,0.9,Low,0.25,6162,
2026-01-01 20:49:00,Vodacom,Ivory Coast,Zero-Rating Bundle,Mobile,Series A,1,74,2.77,4.99,3561,1.55,Low,0.18,6476,
2026-01-01 20:50:00,MTN,Senegal,Zero-Rating Bundle,STB,Series A,1,107,8.54,14.99,4656,0.68,Low,0.37,8171,AUTH_ERROR
2026-01-01 20:51:00,Moov,Senegal,OTT Daily Pass,Mobile,Documentary D,1,83,3.59,9.99,1943,3.32,High,0.32,4671,AUTH_ERROR
2026-01-01 20:52:00,MTN,Senegal,Zero-Rating Bundle,Smart TV,Documentary D,1,44,8.79,14.99,3091,0.51,Medium,0.3,1085,
2026-01-01 20:53:00,Orange,Benin,Premium Sports Bundle,Smart TV,Sport Live,1,81,0.64,1.99,1840,2.39,Low,0.15,1750,LOW_BITRATE
2026-01-01 20:54:00,MTN,Cameroon,Premium Sports Bundle,Mobile,Sport Live,1,30,4.81,14.99,2053,2.82,Low,0.27,6004,AUTH_ERROR
2026-01-01 20:55:00,Vodacom,Benin,OTT Daily Pass,Web,Movie C,1,16,3.12,4.99,4280,1.73,Medium,0.05,4650,AUTH_ERROR
2026-01-01 20:56:00,Airtel,Benin,Zero-Rating Bundle,Web,Movie C,1,6,1.32,1.99,4146,0.17,High,0.42,7683,AUTH_ERROR
2026-01-01 20:57:00,MTN,Benin,OTT Weekly Pass,STB,Documentary D,1,53,4.94,9.99,108,1.83,Medium,0.22,2841,
2026-01-01 20:58:00,Moov,Morocco,OTT Weekly Pass,STB,Documentary D,1,93,8.82,14.99,3540,3.3,Low,0.12,6151,AUTH_ERROR
2026-01-01 20:59:00,Vodacom,Morocco,OTT Daily Pass,STB,Kids Show,1,64,4.94,9.99,624,2.25,High,0.24,8425,
2026-01-01 21:00:00,MTN,Benin,OTT Weekly Pass,Smart TV,Movie C,1,23,1.21,1.99,2888,1.61,High,0.12,8642,AUTH_ERROR
2026-01-01 21:01:00,Orange,Rwanda,OTT Weekly Pass,Mobile,Kids Show,1,45,3.36,4.99,2794,1.98,Low,0.42,7763,
2026-01-01 21:02:00,Moov,Benin,OTT Daily Pass,Smart TV,Sport Live,1,75,9.04,14.99,1221,0.49,High,0.26,7478,
2026-01-01 21:03:00,Orange,Ivory Coast,OTT Weekly Pass,Smart TV,Documentary D,1,32,1.01,1.99,3179,1.79,Medium,0.05,6991,BUFFERING_ERROR
2026-01-01 21:04:00,MTN,Ivory Coast,Premium Sports Bundle,Mobile,Series A,1,55,0.99,1.99,4610,3.48,Medium,0.27,1510,BUFFERING_ERROR
2026-01-01 21:05:00,Orange,Ivory Coast,OTT Weekly Pass,STB,Sport Live,1,76,6.78,9.99,4456,3.06,Low,0.07,914,AUTH_ERROR
2026-01-01 21:06:00,Orange,Cameroon,OTT Weekly Pass,Smart TV,Movie C,1,51,6.29,9.99,1107,0.66,Low,0.04,5565,
2026-01-01 21:07:00,Airtel,Senegal,OTT Daily Pass,STB,Series A,1,120,2.75,4.99,944,1.41,Low,0.19,1298,
2026-01-01 21:08:00,MTN,Rwanda,Premium Sports Bundle,Smart TV,Sport Live,1,24,2.14,4.99,3069,0.65,Low,0.02,2926,LOW_BITRATE
2026-01-01 21:09:00,Moov,Senegal,Zero-Rating Bundle,Web,Series A,1,45,2.29,4.99,887,0.62,High,0.21,3814,BUFFERING_ERROR
2026-01-01 21:10:00,Vodacom,Ivory Coast,OTT Weekly Pass,Smart TV,Series A,1,65,8.94,14.99,2817,3.31,Medium,0.39,8874,
2026-01-01 21:11:00,MTN,Cameroon,OTT Daily Pass,Mobile,Sport Live,1,37,0.71,1.99,4094,1.18,Medium,0.2,7878,
2026-01-01 21:12:00,Moov,Benin,Premium Sports Bundle,STB,Documentary D,1,67,3.43,4.99,4039,3.23,High,0.38,5398,
2026-01-01 21:13:00,Vodacom,Ivory Coast,Zero-Rating Bundle,STB,Kids Show,1,43,0.83,1.99,4197,3.23,Medium,0.43,5964,AUTH_ERROR
2026-01-01 21:14:00,Airtel,Senegal,Premium Sports Bundle,Smart TV,Movie C,1,103,4.8,9.99,185,1.34,High,0.29,1185,
2026-01-01 21:15:00,Airtel,Cameroon,Zero-Rating Bundle,STB,Sport Live,1,73,3.82,9.99,2540,2.44,Medium,0.03,1516,LOW_BITRATE
2026-01-01 21:16:00,MTN,Morocco,Premium Sports Bundle,Mobile,Movie C,1,21,4.69,9.99,171,2.97,Medium,0.21,7992,
2026-01-01 21:17:00,Moov,Rwanda,OTT Weekly Pass,Web,Series A,1,92,4.73,9.99,4848,2.95,Medium,0.13,3435,LOW_BITRATE
2026-01-01 21:18:00,Moov,Benin,Family Entertainment,Smart TV,Kids Show,1,40,1.75,4.99,550,0.75,Low,0.22,3626,AUTH_ERROR
2026-01-01 21:19:00,Moov,Ivory Coast,Zero-Rating Bundle,Web,Sport Live,1,63,5.49,14.99,3428,2.33,Low,0.31,7646,LOW_BITRATE
2026-01-01 21:20:00,MTN,Rwanda,OTT Daily Pass,Mobile,Documentary D,1,31,0.69,1.99,490,2.47,Low,0.02,8530,BUFFERING_ERROR
2026-01-01 21:21:00,MTN,Benin,OTT Weekly Pass,Smart TV,Series A,1,3,5.22,14.99,1584,2.33,Low,0.17,7174,AUTH_ERROR
2026-01-01 21:22:00,Airtel,Rwanda,OTT Weekly Pass,STB,Movie C,1,12,4.13,9.99,3606,0.48,High,0.17,576,AUTH_ERROR
2026-01-01 21:23:00,Orange,Morocco,Family Entertainment,Web,Sport Live,1,101,1.67,4.99,187,1.36,Low,0.2,8248,
2026-01-01 21:24:00,Vodacom,Benin,Premium Sports Bundle,STB,Sport Live,1,118,2.23,4.99,526,0.16,High,0.42,6270,AUTH_ERROR
2026-01-01 21:25:00,Airtel,Cameroon,OTT Weekly Pass,Web,Documentary D,1,48,6.7,14.99,4722,0.74,High,0.28,2561,
2026-01-01 21:26:00,Moov,Ivory Coast,OTT Daily Pass,Mobile,Documentary D,1,117,0.81,1.99,2026,2.94,Medium,0.1,6411,
2026-01-01 21:27:00,Moov,Benin,OTT Weekly Pass,Smart TV,Movie C,1,109,1.04,1.99,3904,1.71,Low,0.05,1190,
2026-01-01 21:28:00,MTN,Benin,OTT Daily Pass,STB,Documentary D,1,103,5.97,14.99,4389,1.37,Medium,0.1,2894,LOW_BITRATE
2026-01-01 21:29:00,Airtel,Morocco,Premium Sports Bundle,Mobile,Documentary D,1,21,0.85,1.99,870,0.25,High,0.19,4174,
2026-01-01 21:30:00,Vodacom,Senegal,OTT Weekly Pass,Mobile,Kids Show,1,118,9.49,14.99,3547,0.12,High,0.32,615,LOW_BITRATE
2026-01-01 21:31:00,Vodacom,Morocco,OTT Daily Pass,STB,Sport Live,1,105,5.11,14.99,1822,3.09,High,0.1,6414,
2026-01-01 21:32:00,MTN,Cameroon,Premium Sports Bundle,Smart TV,Documentary D,1,109,9.95,14.99,1019,2.36,Medium,0.28,4346,
2026-01-01 21:33:00,Orange,Ivory Coast,Zero-Rating Bundle,Smart TV,Series A,1,28,4.8,9.99,65,0.31,Medium,0.29,1983,AUTH_ERROR
2026-01-01 21:34:00,Vodacom,Morocco,Family Entertainment,Mobile,Kids Show,1,75,1.72,4.99,274,0.94,Low,0.37,5471,
2026-01-01 21:35:00,MTN,Senegal,OTT Daily Pass,Web,Documentary D,1,4,9.94,14.99,2645,2.52,Medium,0.07,644,
2026-01-01 21:36:00,Orange,Cameroon,Premium Sports Bundle,Mobile,Series A,1,98,4.53,14.99,492,1.62,High,0.29,7281,
2026-01-01 21:37:00,Vodacom,Cameroon,OTT Weekly Pass,Web,Series A,1,4,4.61,14.99,169,2.01,Medium,0.14,1539,
2026-01-01 21:38:00,Vodacom,Rwanda,OTT Daily Pass,Mobile,Documentary D,1,56,0.98,1.99,4062,0.88,High,0.23,1060,BUFFERING_ERROR
2026-01-01 21:39:00,Moov,Ivory Coast,Family Entertainment,Web,Documentary D,1,98,1.87,4.99,1542,2.4,Medium,0.03,3563,LOW_BITRATE
2026-01-01 21:40:00,Vodacom,Senegal,Premium Sports Bundle,Smart TV,Series A,1,69,8.43,14.99,2246,2.44,High,0.1,7147,
2026-01-01 21:41:00,Orange,Morocco,OTT Daily Pass,Mobile,Sport Live,1,35,0.84,1.99,3818,1.57,Low,0.11,6567,BUFFERING_ERROR
2026-01-01 21:42:00,Airtel,Morocco,Zero-Rating Bundle,Web,Movie C,1,49,5.86,9.99,3492,1.56,High,0.19,4249,AUTH_ERROR
2026-01-01 21:43:00,MTN,Ivory Coast,Zero-Rating Bundle,Web,Documentary D,1,59,7.83,14.99,2336,0.56,High,0.37,2589,BUFFERING_ERROR
2026-01-01 21:44:00,Orange,Benin,Family Entertainment,Mobile,Sport Live,1,1,3.04,4.99,4426,3.47,Medium,0.21,6293,BUFFERING_ERROR
2026-01-01 21:45:00,MTN,Senegal,Family Entertainment,STB,Movie C,1,82,8.15,14.99,668,0.6,High,0.23,6814,
2026-01-01 21:46:00,MTN,Benin,OTT Daily Pass,Mobile,Sport Live,1,63,2.49,4.99,2557,2.89,Medium,0.38,6399,AUTH_ERROR
2026-01-01 21:47:00,Orange,Morocco,OTT Daily Pass,Web,Series A,1,85,4.56,9.99,1189,2.48,High,0.11,3407,AUTH_ERROR
2026-01-01 21:48:00,Moov,Benin,OTT Weekly Pass,STB,Documentary D,1,15,5.65,9.99,1712,0.75,High,0.05,8380,
2026-01-01 21:49:00,Moov,Cameroon,Premium Sports Bundle,STB,Documentary D,1,114,2.04,4.99,4567,1.95,Low,0.25,4439,LOW_BITRATE
2026-01-01 21:50:00,MTN,Rwanda,Premium Sports Bundle,Smart TV,Kids Show,1,117,1.3,1.99,1687,2.87,Low,0.25,685,BUFFERING_ERROR
2026-01-01 21:51:00,Moov,Morocco,OTT Weekly Pass,Mobile,Kids Show,1,88,1.12,1.99,221,2.07,Medium,0.07,3467,AUTH_ERROR
2026-01-01 21:52:00,Vodacom,Morocco,Family Entertainment,STB,Series A,1,68,1.01,1.99,2867,3.1,High,0.07,7280,AUTH_ERROR
2026-01-01 21:53:00,Vodacom,Ivory Coast,OTT Daily Pass,Smart TV,Sport Live,1,40,6.19,14.99,717,2.79,Low,0.28,866,
2026-01-01 21:54:00,Orange,Ivory Coast,Zero-Rating Bundle,STB,Movie C,1,22,5.13,9.99,2230,2.23,Low,0.41,3378,
2026-01-01 21:55:00,MTN,Rwanda,Zero-Rating Bundle,STB,Documentary D,1,96,1.65,4.99,2452,0.32,High,0.05,8189,AUTH_ERROR
2026-01-01 21:56:00,Airtel,Rwanda,Premium Sports Bundle,Web,Series A,1,74,4.94,9.99,2078,0.64,Low,0.37,2092,LOW_BITRATE
2026-01-01 21:57:00,Airtel,Ivory Coast,Zero-Rating Bundle,Smart TV,Movie C,1,37,3.26,9.99,563,2.6,High,0.17,2900,
2026-01-01 21:58:00,Orange,Rwanda,Family Entertainment,Web,Series A,1,53,10.4,14.99,2380,1.53,Low,0.38,1339,
2026-01-01 21:59:00,Airtel,Ivory Coast,OTT Weekly Pass,Smart TV,Series A,1,96,0.64,1.99,2624,2.07,Low,0.16,8049,LOW_BITRATE
2026-01-01 22:00:00,Moov,Morocco,Family Entertainment,STB,Series A,1,15,5.07,9.99,2014,2.32,Low,0.22,4958,AUTH_ERROR
2026-01-01 22:01:00,Moov,Benin,Family Entertainment,Web,Movie C,1,105,7.16,14.99,1238,0.76,High,0.14,5548,
2026-01-01 22:02:00,MTN,Benin,Family Entertainment,STB,Documentary D,1,4,2.98,4.99,1129,0.86,Medium,0.18,6423,
2026-01-01 22:03:00,Orange,Benin,Zero-Rating Bundle,STB,Kids Show,1,39,1.37,1.99,4018,2.43,High,0.11,5103,AUTH_ERROR
2026-01-01 22:04:00,Vodacom,Rwanda,OTT Daily Pass,STB,Documentary D,1,32,7.45,14.99,4597,3.44,Medium,0.39,5352,
2026-01-01 22:05:00,MTN,Morocco,OTT Weekly Pass,STB,Movie C,1,105,3.06,4.99,4691,1.03,Medium,0.4,989,
2026-01-01 22:06:00,Moov,Benin,Zero-Rating Bundle,STB,Documentary D,1,95,0.99,1.99,3659,2.86,Medium,0.11,6796,AUTH_ERROR
2026-01-01 22:07:00,MTN,Senegal,Family Entertainment,STB,Sport Live,1,75,7.36,14.99,1500,3.19,Low,0.05,4529,
2026-01-01 22:08:00,Moov,Rwanda,Family Entertainment,Mobile,Documentary D,1,37,1.07,1.99,2255,0.6,High,0.13,5236,AUTH_ERROR
2026-01-01 22:09:00,Orange,Benin,Premium Sports Bundle,Web,Sport Live,1,35,9.85,14.99,2842,0.58,Medium,0.4,548,AUTH_ERROR
2026-01-01 22:10:00,Moov,Ivory Coast,Zero-Rating Bundle,Mobile,Kids Show,1,29,6.13,14.99,2941,0.91,High,0.29,5368,AUTH_ERROR
2026-01-01 22:11:00,Moov,Morocco,Zero-Rating Bundle,STB,Kids Show,1,39,2.56,4.99,2761,1.49,High,0.11,7311,AUTH_ERROR
2026-01-01 22:12:00,Vodacom,Morocco,OTT Weekly Pass,Smart TV,Documentary D,1,97,7.15,14.99,2855,2.86,Low,0.2,1094,
2026-01-01 22:13:00,Vodacom,Rwanda,OTT Daily Pass,STB,Sport Live,1,7,7.21,14.99,200,0.62,Low,0.21,3326,
2026-01-01 22:14:00,Vodacom,Rwanda,OTT Daily Pass,STB,Documentary D,1,70,2.8,4.99,4811,2.98,Medium,0.17,958,LOW_BITRATE
2026-01-01 22:15:00,Vodacom,Cameroon,Zero-Rating Bundle,STB,Kids Show,1,85,5.81,9.99,658,1.38,High,0.31,2729,LOW_BITRATE
2026-01-01 22:16:00,Moov,Senegal,OTT Daily Pass,Mobile,Series A,1,118,1.1,1.99,1758,0.63,Low,0.15,3429,
2026-01-01 22:17:00,Airtel,Rwanda,OTT Daily Pass,Web,Kids Show,1,9,0.68,1.99,2082,1.56,Low,0.07,1103,
2026-01-01 22:18:00,MTN,Benin,Zero-Rating Bundle,Web,Kids Show,1,106,5.35,9.99,634,2.18,Medium,0.22,6509,BUFFERING_ERROR
2026-01-01 22:19:00,MTN,Cameroon,OTT Weekly Pass,Web,Series A,1,100,2.09,4.99,3536,1.89,Low,0.39,7365,BUFFERING_ERROR
2026-01-01 22:20:00,Orange,Rwanda,Premium Sports Bundle,STB,Kids Show,1,75,1.6,4.99,3202,2.92,Medium,0.31,8312,BUFFERING_ERROR
2026-01-01 22:21:00,Moov,Benin,OTT Daily Pass,Web,Documentary D,1,47,7.63,14.99,1928,2.96,High,0.03,5992,BUFFERING_ERROR
2026-01-01 22:22:00,Orange,Ivory Coast,Premium Sports Bundle,Mobile,Documentary D,1,9,5.87,9.99,4012,1.32,Medium,0.04,5069,AUTH_ERROR
2026-01-01 22:23:00,Orange,Senegal,Premium Sports Bundle,STB,Documentary D,1,12,2.75,4.99,2746,0.32,Low,0.07,618,AUTH_ERROR
2026-01-01 22:24:00,Vodacom,Ivory Coast,Family Entertainment,STB,Documentary D,1,11,1.19,1.99,762,3.29,Medium,0.17,5890,LOW_BITRATE
2026-01-01 22:25:00,Moov,Senegal,Premium Sports Bundle,Web,Sport Live,1,79,3.34,4.99,2200,1.83,Medium,0.25,6721,
2026-01-01 22:26:00,Orange,Rwanda,OTT Daily Pass,STB,Series A,1,18,5.6,9.99,2704,1.25,Medium,0.07,1009,
2026-01-01 22:27:00,Orange,Ivory Coast,OTT Daily Pass,Web,Sport Live,1,6,1.2,1.99,3280,0.58,Low,0.03,719,AUTH_ERROR
2026-01-01 22:28:00,Moov,Morocco,OTT Daily Pass,Web,Sport Live,1,6,1.28,1.99,3729,3.08,Low,0.22,3959,
2026-01-01 22:29:00,Moov,Ivory Coast,Family Entertainment,Web,Kids Show,1,100,5.69,14.99,1455,2.64,High,0.17,570,
2026-01-01 22:30:00,Moov,Benin,Family Entertainment,Smart TV,Kids Show,1,4,9.22,14.99,2806,3.43,Low,0.1,8873,AUTH_ERROR
2026-01-01 22:31:00,Moov,Senegal,Zero-Rating Bundle,Mobile,Series A,1,93,2.86,4.99,3873,2.53,Low,0.32,1343,AUTH_ERROR
2026-01-01 22:32:00,Vodacom,Ivory Coast,Premium Sports Bundle,Mobile,Sport Live,1,35,1.26,1.99,149,2.48,High,0.27,7589,BUFFERING_ERROR
2026-01-01 22:33:00,Moov,Cameroon,Premium Sports Bundle,Web,Documentary D,1,71,5.93,9.99,1751,1.52,Medium,0.2,8060,
2026-01-01 22:34:00,Vodacom,Ivory Coast,Family Entertainment,STB,Movie C,1,101,2.96,4.99,701,0.55,Low,0.23,8927,
2026-01-01 22:35:00,Moov,Benin,Family Entertainment,STB,Sport Live,1,95,3.17,4.99,173,0.6,Medium,0.14,8447,
2026-01-01 22:36:00,MTN,Ivory Coast,Premium Sports Bundle,Smart TV,Documentary D,1,71,4.28,9.99,3318,2.65,Low,0.31,2408,BUFFERING_ERROR
2026-01-01 22:37:00,Orange,Benin,Family Entertainment,Mobile,Kids Show,1,21,0.97,1.99,2524,1.49,Low,0.03,941,AUTH_ERROR
2026-01-01 22:38:00,Orange,Senegal,Premium Sports Bundle,STB,Documentary D,1,87,6.71,9.99,846,1.16,Low,0.02,4164,BUFFERING_ERROR
2026-01-01 22:39:00,MTN,Morocco,OTT Daily Pass,Smart TV,Movie C,1,57,0.88,1.99,3644,0.44,High,0.09,3753,BUFFERING_ERROR
2026-01-01 22:40:00,Moov,Morocco,Premium Sports Bundle,Web,Sport Live,1,67,2.99,4.99,3800,1.41,High,0.15,1935,
2026-01-01 22:41:00,MTN,Ivory Coast,Premium Sports Bundle,Web,Sport Live,1,12,5.47,9.99,3279,1.61,Low,0.03,8243,
2026-01-01 22:42:00,Orange,Benin,OTT Weekly Pass,Smart TV,Sport Live,1,65,5.69,14.99,1299,0.23,High,0.02,5686,AUTH_ERROR
2026-01-01 22:43:00,Airtel,Morocco,Premium Sports Bundle,Smart TV,Series A,1,31,8.74,14.99,4065,2.22,High,0.37,7144,
2026-01-01 22:44:00,Vodacom,Benin,Family Entertainment,Web,Movie C,1,79,1.21,1.99,1570,2.64,High,0.33,4143,
2026-01-01 22:45:00,Orange,Senegal,Premium Sports Bundle,Web,Series A,1,101,2.0,4.99,4133,0.61,High,0.4,2975,
2026-01-01 22:46:00,Orange,Morocco,OTT Weekly Pass,Web,Sport Live,1,106,6.56,14.99,1959,1.77,High,0.35,1682,AUTH_ERROR
2026-01-01 22:47:00,Airtel,Morocco,OTT Weekly Pass,Mobile,Movie C,1,77,1.5,4.99,4006,3.11,Medium,0.45,7057,LOW_BITRATE
2026-01-01 22:48:00,Orange,Cameroon,OTT Daily Pass,STB,Series A,1,117,3.24,9.99,1748,0.82,High,0.11,4450,BUFFERING_ERROR
2026-01-01 22:49:00,Moov,Morocco,Premium Sports Bundle,Mobile,Movie C,1,65,5.06,14.99,4294,0.12,Medium,0.13,4040,AUTH_ERROR
2026-01-01 22:50:00,Moov,Cameroon,OTT Weekly Pass,Mobile,Kids Show,1,105,5.26,14.99,1765,0.5,Low,0.4,8988,
2026-01-01 22:51:00,Airtel,Rwanda,Zero-Rating Bundle,Smart TV,Documentary D,1,116,1.37,1.99,1830,0.76,High,0.12,5067,
2026-01-01 22:52:00,Orange,Cameroon,OTT Weekly Pass,Mobile,Documentary D,1,34,6.01,14.99,152,3.11,Medium,0.36,2777,
2026-01-01 22:53:00,Orange,Cameroon,Premium Sports Bundle,Smart TV,Series A,1,104,3.46,9.99,75,0.58,High,0.29,5053,
2026-01-01 22:54:00,Airtel,Rwanda,OTT Daily Pass,Web,Movie C,1,101,8.22,14.99,3118,2.11,High,0.36,6352,
2026-01-01 22:55:00,MTN,Morocco,Zero-Rating Bundle,Web,Sport Live,1,37,2.68,4.99,1835,1.46,High,0.29,1070,
2026-01-01 22:56:00,Vodacom,Ivory Coast,Family Entertainment,Web,Kids Show,1,31,1.79,4.99,2774,1.22,Low,0.28,4300,
2026-01-01 22:57:00,Airtel,Morocco,OTT Daily Pass,Mobile,Sport Live,1,69,3.02,9.99,1565,0.36,High,0.09,822,
2026-01-01 22:58:00,Vodacom,Cameroon,Zero-Rating Bundle,STB,Documentary D,1,36,0.66,1.99,4060,0.81,High,0.21,2037,
2026-01-01 22:59:00,Moov,Senegal,Zero-Rating Bundle,Smart TV,Documentary D,1,52,3.41,9.99,653,0.94,Medium,0.2,5308,LOW_BITRATE
2026-01-01 23:00:00,Orange,Rwanda,OTT Daily Pass,Smart TV,Movie C,1,114,3.0,4.99,3188,2.04,Low,0.29,2563,LOW_BITRATE
2026-01-01 23:01:00,MTN,Senegal,Family Entertainment,Mobile,Documentary D,1,74,2.01,4.99,1515,1.4,Low,0.01,1135,LOW_BITRATE
2026-01-01 23:02:00,Vodacom,Benin,OTT Daily Pass,STB,Movie C,1,19,3.08,9.99,1361,1.57,Medium,0.38,875,AUTH_ERROR
2026-01-01 23:03:00,Moov,Morocco,Family Entertainment,Web,Documentary D,1,95,1.12,1.99,2989,2.62,High,0.39,7283,
2026-01-01 23:04:00,Orange,Benin,Family Entertainment,Smart TV,Movie C,1,99,7.23,14.99,4812,3.36,High,0.07,2680,
2026-01-01 23:05:00,Moov,Ivory Coast,OTT Daily Pass,Web,Sport Live,1,76,0.69,1.99,4632,1.1,Low,0.08,4391,
2026-01-01 23:06:00,Moov,Benin,OTT Weekly Pass,Mobile,Kids Show,1,83,3.37,9.99,1069,1.13,High,0.17,2338,BUFFERING_ERROR
2026-01-01 23:07:00,Orange,Cameroon,Zero-Rating Bundle,STB,Documentary D,1,101,1.16,1.99,1471,2.89,Medium,0.32,3165,
2026-01-01 23:08:00,MTN,Rwanda,Family Entertainment,Smart TV,Movie C,1,101,2.99,4.99,1530,1.2,Low,0.07,839,
2026-01-01 23:09:00,Airtel,Benin,Zero-Rating Bundle,STB,Series A,1,39,1.35,1.99,3770,1.15,Low,0.37,6651,
2026-01-01 23:10:00,MTN,Benin,OTT Daily Pass,STB,Movie C,1,6,6.7,14.99,1283,3.06,Medium,0.31,2775,
2026-01-01 23:11:00,Airtel,Ivory Coast,OTT Weekly Pass,Smart TV,Series A,1,104,1.25,1.99,3071,2.19,Low,0.41,8003,
2026-01-01 23:12:00,MTN,Ivory Coast,OTT Weekly Pass,STB,Sport Live,1,39,3.29,9.99,2722,1.12,High,0.14,1076,BUFFERING_ERROR
2026-01-01 23:13:00,Orange,Senegal,OTT Daily Pass,Smart TV,Kids Show,1,5,7.66,14.99,620,3.16,High,0.33,2878,LOW_BITRATE
2026-01-01 23:14:00,Orange,Rwanda,OTT Weekly Pass,STB,Documentary D,1,53,2.99,4.99,3576,3.43,Medium,0.17,8036,
2026-01-01 23:15:00,Orange,Rwanda,OTT Weekly Pass,STB,Movie C,1,65,1.32,1.99,1417,0.97,High,0.22,1988,
2026-01-01 23:16:00,Vodacom,Rwanda,OTT Daily Pass,STB,Kids Show,1,59,8.12,14.99,3644,1.31,Low,0.44,5956,
2026-01-01 23:17:00,MTN,Ivory Coast,OTT Weekly Pass,Mobile,Movie C,1,118,4.08,9.99,449,1.4,Medium,0.11,2276,
2026-01-01 23:18:00,Moov,Ivory Coast,Premium Sports Bundle,STB,Documentary D,1,13,6.28,9.99,4552,0.16,Medium,0.23,940,AUTH_ERROR
2026-01-01 23:19:00,Vodacom,Morocco,Zero-Rating Bundle,Smart TV,Kids Show,1,56,3.24,9.99,1128,0.98,Low,0.09,7288,LOW_BITRATE
2026-01-01 23:20:00,Moov,Morocco,OTT Daily Pass,STB,Movie C,1,98,6.35,9.99,3935,0.44,Low,0.33,1057,AUTH_ERROR
2026-01-01 23:21:00,Vodacom,Morocco,Family Entertainment,STB,Movie C,1,5,1.23,1.99,1946,0.55,Low,0.05,7740,
2026-01-01 23:22:00,Airtel,Rwanda,Premium Sports Bundle,Web,Series A,1,26,5.56,9.99,4082,2.35,High,0.1,6871,BUFFERING_ERROR
2026-01-01 23:23:00,MTN,Rwanda,Zero-Rating Bundle,Mobile,Movie C,1,84,3.29,4.99,2461,1.59,Medium,0.44,3941,
2026-01-01 23:24:00,Orange,Benin,Zero-Rating Bundle,Smart TV,Kids Show,1,85,1.87,4.99,4336,0.84,Medium,0.1,1960,AUTH_ERROR
2026-01-01 23:25:00,Moov,Cameroon,Premium Sports Bundle,Smart TV,Series A,1,117,7.93,14.99,560,1.0,High,0.39,7144,
2026-01-01 23:26:00,Moov,Rwanda,Premium Sports Bundle,Smart TV,Sport Live,1,61,2.48,4.99,98,0.89,Low,0.25,6526,BUFFERING_ERROR
2026-01-01 23:27:00,Orange,Senegal,Premium Sports Bundle,Mobile,Movie C,1,36,6.13,14.99,2721,1.78,Low,0.44,1189,LOW_BITRATE
2026-01-01 23:28:00,Airtel,Benin,OTT Weekly Pass,Smart TV,Kids Show,1,59,5.46,9.99,1400,2.18,Medium,0.24,7201,
2026-01-01 23:29:00,Orange,Senegal,OTT Daily Pass,Smart TV,Documentary D,1,79,9.11,14.99,3982,0.42,Medium,0.29,5891,
2026-01-01 23:30:00,Vodacom,Ivory Coast,OTT Weekly Pass,STB,Sport Live,1,80,5.85,9.99,4012,3.38,High,0.33,6352,BUFFERING_ERROR
2026-01-01 23:31:00,Airtel,Rwanda,OTT Weekly Pass,Smart TV,Series A,1,53,6.34,14.99,3651,0.4,High,0.02,8963,
2026-01-01 23:32:00,Orange,Senegal,Family Entertainment,STB,Sport Live,1,86,4.32,9.99,1859,2.97,Low,0.25,8585,LOW_BITRATE
2026-01-01 23:33:00,Orange,Senegal,Zero-Rating Bundle,Smart TV,Kids Show,1,17,7.36,14.99,4661,2.05,Medium,0.07,2437,AUTH_ERROR
2026-01-01 23:34:00,Orange,Rwanda,Family Entertainment,Mobile,Kids Show,1,96,8.7,14.99,2387,2.05,Low,0.06,649,
2026-01-01 23:35:00,Vodacom,Cameroon,Family Entertainment,Smart TV,Sport Live,1,28,9.89,14.99,2019,0.86,Medium,0.09,3686,BUFFERING_ERROR
2026-01-01 23:36:00,Vodacom,Rwanda,Zero-Rating Bundle,STB,Documentary D,1,71,7.25,14.99,877,0.26,Low,0.27,2089,AUTH_ERROR
2026-01-01 23:37:00,MTN,Cameroon,OTT Weekly Pass,Mobile,Sport Live,1,91,4.95,14.99,4273,2.96,Low,0.13,5981,LOW_BITRATE
2026-01-01 23:38:00,MTN,Rwanda,OTT Weekly Pass,Smart TV,Series A,1,69,5.27,9.99,3675,1.91,High,0.13,5055,
2026-01-01 23:39:00,Orange,Senegal,OTT Daily Pass,Smart TV,Movie C,1,49,6.54,14.99,3496,3.15,Medium,0.43,7283,
2026-01-01 23:40:00,Vodacom,Rwanda,Zero-Rating Bundle,Mobile,Sport Live,1,38,0.8,1.99,693,0.69,Low,0.17,3136,LOW_BITRATE
2026-01-01 23:41:00,Orange,Rwanda,Zero-Rating Bundle,STB,Kids Show,1,44,6.31,14.99,1009,0.37,Medium,0.28,2788,AUTH_ERROR
2026-01-01 23:42:00,MTN,Benin,Family Entertainment,Mobile,Documentary D,1,102,2.73,4.99,4776,2.24,Low,0.35,3395,
2026-01-01 23:43:00,Orange,Ivory Coast,Family Entertainment,Smart TV,Kids Show,1,89,2.97,4.99,853,2.57,Low,0.23,1306,
2026-01-01 23:44:00,Vodacom,Ivory Coast,OTT Daily Pass,Smart TV,Documentary D,1,85,2.69,4.99,4706,0.39,Medium,0.03,5090,
2026-01-01 23:45:00,Orange,Benin,OTT Weekly Pass,Mobile,Movie C,1,1,8.0,14.99,691,1.51,Medium,0.09,5717,
2026-01-01 23:46:00,Moov,Rwanda,Family Entertainment,Smart TV,Documentary D,1,12,2.93,4.99,1885,2.66,High,0.21,1142,
2026-01-01 23:47:00,Orange,Rwanda,OTT Daily Pass,Web,Series A,1,110,1.26,1.99,3469,1.08,High,0.07,3355,
2026-01-01 23:48:00,MTN,Morocco,Family Entertainment,Mobile,Sport Live,1,108,6.88,9.99,3164,2.22,Medium,0.11,7703,
2026-01-01 23:49:00,Vodacom,Morocco,Zero-Rating Bundle,Mobile,Kids Show,1,41,4.48,9.99,1479,1.06,Medium,0.18,3960,
2026-01-01 23:50:00,Airtel,Cameroon,Zero-Rating Bundle,Mobile,Kids Show,1,98,6.33,14.99,2447,0.34,Low,0.22,7773,AUTH_ERROR
2026-01-01 23:51:00,Moov,Morocco,OTT Daily Pass,STB,Documentary D,1,93,0.61,1.99,1748,2.33,High,0.24,1915,
2026-01-01 23:52:00,Moov,Rwanda,OTT Weekly Pass,Smart TV,Kids Show,1,50,0.9,1.99,2902,2.52,Medium,0.05,7580,
2026-01-01 23:53:00,MTN,Cameroon,Family Entertainment,Web,Movie C,1,75,4.99,14.99,2021,3.24,Low,0.1,4451,LOW_BITRATE
2026-01-01 23:54:00,Vodacom,Morocco,OTT Daily Pass,STB,Sport Live,1,56,5.26,9.99,4479,1.23,Low,0.15,5838,AUTH_ERROR
2026-01-01 23:55:00,Vodacom,Senegal,OTT Daily Pass,Web,Documentary D,1,50,4.55,14.99,2693,3.01,Low,0.08,6331,
2026-01-01 23:56:00,Moov,Benin,Zero-Rating Bundle,Web,Movie C,1,117,8.83,14.99,2240,3.06,High,0.19,3045,
2026-01-01 23:57:00,Moov,Senegal,Premium Sports Bundle,Mobile,Movie C,1,53,5.68,14.99,401,0.66,High,0.27,4534,
2026-01-01 23:58:00,Airtel,Ivory Coast,Zero-Rating Bundle,Mobile,Kids Show,1,120,2.7,4.99,317,2.43,Medium,0.34,6837,
2026-01-01 23:59:00,Orange,Benin,Zero-Rating Bundle,STB,Series A,1,55,1.39,1.99,4373,2.21,Medium,0.35,6109,
2026-01-02 00:00:00,Vodacom,Ivory Coast,Family Entertainment,STB,Series A,1,10,0.63,1.99,1871,0.76,Medium,0.39,6045,LOW_BITRATE
2026-01-02 00:01:00,Moov,Ivory Coast,Zero-Rating Bundle,Web,Documentary D,1,74,8.86,14.99,1554,3.36,Medium,0.15,5990,
2026-01-02 00:02:00,Airtel,Cameroon,Family Entertainment,Web,Series A,1,9,1.35,1.99,1879,2.68,High,0.3,2075,LOW_BITRATE
2026-01-02 00:03:00,Moov,Benin,Zero-Rating Bundle,Mobile,Movie C,1,14,3.01,9.99,3406,0.9,Medium,0.29,8673,
2026-01-02 00:04:00,Orange,Cameroon,OTT Daily Pass,STB,Kids Show,1,114,0.89,1.99,4335,0.81,High,0.1,4273,
2026-01-02 00:05:00,MTN,Ivory Coast,Zero-Rating Bundle,STB,Documentary D,1,110,0.78,1.99,363,1.82,High,0.11,8744,
2026-01-02 00:06:00,Orange,Rwanda,OTT Daily Pass,Mobile,Documentary D,1,56,3.85,9.99,2831,0.24,Medium,0.17,8201,AUTH_ERROR
2026-01-02 00:07:00,Airtel,Benin,OTT Weekly Pass,Web,Series A,1,48,9.68,14.99,2232,2.63,Low,0.29,1682,BUFFERING_ERROR
2026-01-02 00:08:00,Moov,Cameroon,OTT Daily Pass,Smart TV,Kids Show,1,91,9.08,14.99,2539,2.41,Medium,0.23,8977,LOW_BITRATE
2026-01-02 00:09:00,Moov,Senegal,OTT Daily Pass,Smart TV,Movie C,1,120,8.78,14.99,3045,0.32,Medium,0.14,5417,LOW_BITRATE
2026-01-02 00:10:00,Airtel,Cameroon,Premium Sports Bundle,STB,Kids Show,1,112,9.11,14.99,3262,0.72,High,0.18,7372,BUFFERING_ERROR
2026-01-02 00:11:00,Vodacom,Senegal,Zero-Rating Bundle,Mobile,Kids Show,1,12,1.65,4.99,2137,1.38,Medium,0.21,3355,
2026-01-02 00:12:00,Orange,Ivory Coast,Family Entertainment,Mobile,Sport Live,1,20,0.83,1.99,431,0.29,Medium,0.18,3305,
2026-01-02 00:13:00,Airtel,Benin,Premium Sports Bundle,Smart TV,Documentary D,1,93,5.09,14.99,2225,2.06,High,0.26,5418,
2026-01-02 00:14:00,Airtel,Rwanda,Zero-Rating Bundle,Mobile,Movie C,1,30,8.83,14.99,735,3.49,High,0.13,4652,BUFFERING_ERROR
2026-01-02 00:15:00,MTN,Cameroon,Zero-Rating Bundle,Smart TV,Documentary D,1,97,5.83,9.99,4611,1.79,Low,0.11,6568,BUFFERING_ERROR
2026-01-02 00:16:00,Orange,Morocco,Family Entertainment,Web,Kids Show,1,25,1.14,1.99,3001,0.64,High,0.35,5697,AUTH_ERROR
2026-01-02 00:17:00,Moov,Ivory Coast,Family Entertainment,Web,Sport Live,1,93,3.97,9.99,279,3.34,Medium,0.38,1052,BUFFERING_ERROR
2026-01-02 00:18:00,Moov,Cameroon,Premium Sports Bundle,STB,Kids Show,1,6,1.19,1.99,3456,0.36,Low,0.33,8432,
2026-01-02 00:19:00,Moov,Senegal,OTT Weekly Pass,Mobile,Kids Show,1,5,6.31,9.99,1628,0.87,Medium,0.03,6841,
2026-01-02 00:20:00,MTN,Rwanda,OTT Weekly Pass,Web,Kids Show,1,32,3.35,4.99,845,2.32,Medium,0.36,4209,
2026-01-02 00:21:00,Airtel,Senegal,OTT Daily Pass,Mobile,Kids Show,1,90,8.61,14.99,4013,0.95,Medium,0.18,4264,LOW_BITRATE
2026-01-02 00:22:00,MTN,Morocco,Family Entertainment,Web,Series A,1,34,1.34,1.99,2286,3.31,Medium,0.11,3754,
2026-01-02 00:23:00,Orange,Cameroon,Premium Sports Bundle,STB,Movie C,1,34,1.03,1.99,409,1.67,Medium,0.43,6214,
2026-01-02 00:24:00,Orange,Cameroon,Family Entertainment,Mobile,Kids Show,1,95,6.73,9.99,4673,2.28,High,0.35,4654,BUFFERING_ERROR
2026-01-02 00:25:00,Airtel,Ivory Coast,Zero-Rating Bundle,Web,Series A,1,39,1.66,4.99,3120,1.28,Low,0.1,6594,LOW_BITRATE
2026-01-02 00:26:00,Moov,Morocco,OTT Daily Pass,Smart TV,Sport Live,1,2,6.86,14.99,4347,3.06,Low,0.2,7784,
2026-01-02 00:27:00,Airtel,Cameroon,OTT Weekly Pass,STB,Series A,1,71,2.97,4.99,2355,0.73,High,0.15,3824,
2026-01-02 00:28:00,Vodacom,Ivory Coast,Family Entertainment,Mobile,Movie C,1,78,2.75,4.99,2173,1.41,Low,0.22,5185,LOW_BITRATE
2026-01-02 00:29:00,Airtel,Cameroon,Family Entertainment,STB,Kids Show,1,98,6.78,14.99,1087,0.87,High,0.24,8101,LOW_BITRATE
2026-01-02 00:30:00,Vodacom,Benin,OTT Weekly Pass,Smart TV,Kids Show,1,12,2.1,4.99,1514,0.74,High,0.21,1818,LOW_BITRATE
2026-01-02 00:31:00,Airtel,Morocco,OTT Weekly Pass,Smart TV,Documentary D,1,21,0.72,1.99,3995,1.37,Low,0.17,6348,
2026-01-02 00:32:00,Vodacom,Rwanda,OTT Weekly Pass,Web,Movie C,1,41,10.02,14.99,2789,0.49,Low,0.09,2099,
2026-01-02 00:33:00,MTN,Ivory Coast,Zero-Rating Bundle,Smart TV,Movie C,1,88,1.58,4.99,4827,3.41,High,0.44,5741,AUTH_ERROR
2026-01-02 00:34:00,MTN,Senegal,Family Entertainment,Web,Movie C,1,101,6.52,14.99,4862,3.43,Medium,0.07,7139,BUFFERING_ERROR
2026-01-02 00:35:00,Vodacom,Cameroon,Zero-Rating Bundle,Mobile,Series A,1,103,4.6,9.99,2401,1.9,Medium,0.2,626,
2026-01-02 00:36:00,Orange,Benin,Premium Sports Bundle,STB,Kids Show,1,37,0.65,1.99,649,1.54,High,0.38,3160,
2026-01-02 00:37:00,Orange,Senegal,OTT Weekly Pass,Web,Documentary D,1,86,5.1,9.99,638,0.38,Medium,0.03,3623,
2026-01-02 00:38:00,Moov,Senegal,OTT Weekly Pass,Mobile,Sport Live,1,99,3.07,4.99,1242,1.57,High,0.26,3639,
2026-01-02 00:39:00,MTN,Rwanda,Family Entertainment,STB,Kids Show,1,84,6.29,14.99,723,1.9,High,0.3,6920,
2026-01-02 00:40:00,Airtel,Cameroon,Family Entertainment,STB,Kids Show,1,29,1.26,1.99,2050,1.23,High,0.31,4119,BUFFERING_ERROR
2026-01-02 00:41:00,MTN,Morocco,OTT Weekly Pass,Web,Documentary D,1,97,3.46,4.99,730,3.48,Medium,0.16,7610,
2026-01-02 00:42:00,Vodacom,Ivory Coast,Family Entertainment,Web,Sport Live,1,108,9.61,14.99,478,2.25,Medium,0.14,2248,
2026-01-02 00:43:00,MTN,Senegal,Zero-Rating Bundle,Mobile,Movie C,1,120,9.66,14.99,3562,1.71,Medium,0.41,4836,BUFFERING_ERROR
2026-01-02 00:44:00,MTN,Ivory Coast,Family Entertainment,Smart TV,Sport Live,1,26,3.07,9.99,1911,0.75,Low,0.16,3773,BUFFERING_ERROR
2026-01-02 00:45:00,Orange,Morocco,OTT Weekly Pass,Smart TV,Movie C,1,92,0.65,1.99,1133,2.33,Medium,0.19,776,
2026-01-02 00:46:00,Vodacom,Ivory Coast,OTT Daily Pass,Mobile,Series A,1,31,1.21,1.99,559,1.88,High,0.09,8014,
2026-01-02 00:47:00,Moov,Senegal,Premium Sports Bundle,Mobile,Documentary D,1,38,3.31,9.99,4417,1.2,Medium,0.13,841,
2026-01-02 00:48:00,Orange,Morocco,OTT Weekly Pass,Mobile,Movie C,1,16,5.73,9.99,4370,3.29,Low,0.43,8220,BUFFERING_ERROR
2026-01-02 00:49:00,Orange,Rwanda,Premium Sports Bundle,STB,Sport Live,1,9,0.79,1.99,1840,1.41,High,0.29,4736,AUTH_ERROR
2026-01-02 00:50:00,Vodacom,Cameroon,Premium Sports Bundle,Smart TV,Kids Show,1,102,0.82,1.99,3736,2.14,High,0.37,4752,
2026-01-02 00:51:00,Moov,Cameroon,Family Entertainment,Web,Sport Live,1,94,6.07,14.99,1302,2.72,High,0.27,2865,AUTH_ERROR
2026-01-02 00:52:00,Airtel,Ivory Coast,Family Entertainment,Smart TV,Kids Show,1,16,0.95,1.99,706,2.07,High,0.38,3933,
2026-01-02 00:53:00,MTN,Benin,OTT Weekly Pass,Mobile,Series A,1,112,2.02,4.99,2431,0.3,Low,0.07,3315,LOW_BITRATE
2026-01-02 00:54:00,Airtel,Benin,Premium Sports Bundle,STB,Documentary D,1,2,6.75,9.99,1731,2.18,High,0.13,5209,
2026-01-02 00:55:00,Moov,Senegal,Family Entertainment,Smart TV,Kids Show,1,49,1.17,1.99,2560,1.34,Low,0.36,5043,
2026-01-02 00:56:00,MTN,Rwanda,Premium Sports Bundle,Smart TV,Series A,1,32,8.0,14.99,4851,2.96,Low,0.44,7819,AUTH_ERROR
2026-01-02 00:57:00,Airtel,Cameroon,Premium Sports Bundle,Mobile,Documentary D,1,101,4.98,9.99,4629,1.86,High,0.14,8108,BUFFERING_ERROR
2026-01-02 00:58:00,Moov,Benin,Premium Sports Bundle,STB,Movie C,1,84,4.64,9.99,4949,3.29,Low,0.38,3934,
2026-01-02 00:59:00,Airtel,Ivory Coast,OTT Daily Pass,Web,Sport Live,1,36,0.83,1.99,4217,3.16,High,0.35,4123,
2026-01-02 01:00:00,Vodacom,Benin,Premium Sports Bundle,STB,Documentary D,1,6,8.4,14.99,3522,2.28,Medium,0.09,1779,
2026-01-02 01:01:00,Moov,Benin,Family Entertainment,STB,Series A,1,45,5.93,14.99,745,0.32,High,0.26,7350,AUTH_ERROR
2026-01-02 01:02:00,Moov,Cameroon,Zero-Rating Bundle,STB,Documentary D,1,19,0.65,1.99,3225,0.83,Low,0.15,6146,
2026-01-02 01:03:00,Orange,Senegal,OTT Daily Pass,STB,Documentary D,1,21,0.62,1.99,1480,3.36,High,0.24,1807,BUFFERING_ERROR
2026-01-02 01:04:00,Airtel,Rwanda,Family Entertainment,Smart TV,Series A,1,72,2.15,4.99,470,1.32,Medium,0.03,1038,
2026-01-02 01:05:00,Airtel,Benin,OTT Daily Pass,STB,Series A,1,27,0.92,1.99,3219,2.02,Low,0.05,8519,
2026-01-02 01:06:00,Vodacom,Cameroon,Premium Sports Bundle,Smart TV,Movie C,1,84,1.32,1.99,4793,1.61,High,0.35,882,
2026-01-02 01:07:00,MTN,Benin,Zero-Rating Bundle,Web,Documentary D,1,101,0.9,1.99,350,0.97,Low,0.11,8977,
2026-01-02 01:08:00,Moov,Cameroon,Zero-Rating Bundle,STB,Series A,1,24,3.11,4.99,4568,1.92,High,0.28,3807,
2026-01-02 01:09:00,Orange,Ivory Coast,OTT Daily Pass,Smart TV,Kids Show,1,73,1.16,1.99,3334,2.81,High,0.42,8977,BUFFERING_ERROR
2026-01-02 01:10:00,Orange,Benin,Family Entertainment,Mobile,Sport Live,1,31,3.16,4.99,3216,3.33,Medium,0.05,3409,BUFFERING_ERROR
2026-01-02 01:11:00,Airtel,Benin,Zero-Rating Bundle,Web,Sport Live,1,28,1.93,4.99,1441,2.16,Low,0.25,2067,
2026-01-02 01:12:00,Airtel,Senegal,Zero-Rating Bundle,STB,Sport Live,1,13,2.43,4.99,297,2.19,Low,0.27,3844,
2026-01-02 01:13:00,Orange,Ivory Coast,Family Entertainment,Web,Sport Live,1,49,2.15,4.99,1862,3.45,High,0.07,1304,
2026-01-02 01:14:00,Vodacom,Ivory Coast,OTT Daily Pass,Smart TV,Series A,1,110,6.13,9.99,3624,3.27,Low,0.23,6692,
2026-01-02 01:15:00,Orange,Cameroon,Family Entertainment,Web,Documentary D,1,64,8.13,14.99,2137,0.19,Medium,0.18,1115,
2026-01-02 01:16:00,Vodacom,Senegal,Zero-Rating Bundle,STB,Documentary D,1,39,5.05,9.99,2995,0.56,Medium,0.44,7424,LOW_BITRATE
2026-01-02 01:17:00,Airtel,Ivory Coast,Premium Sports Bundle,Web,Movie C,1,115,3.02,4.99,3608,2.99,Medium,0.37,834,AUTH_ERROR
2026-01-02 01:18:00,Moov,Benin,OTT Daily Pass,STB,Series A,1,117,2.62,4.99,1911,1.48,High,0.35,8077,AUTH_ERROR
2026-01-02 01:19:00,Vodacom,Morocco,Premium Sports Bundle,Mobile,Documentary D,1,11,7.31,14.99,2488,3.39,Low,0.45,3730,LOW_BITRATE
2026-01-02 01:20:00,Orange,Benin,Zero-Rating Bundle,Smart TV,Sport Live,1,74,1.04,1.99,3915,1.45,High,0.38,6552,LOW_BITRATE
2026-01-02 01:21:00,Airtel,Senegal,OTT Weekly Pass,Mobile,Series A,1,31,5.84,9.99,4332,0.2,High,0.14,2234,
2026-01-02 01:22:00,Moov,Senegal,OTT Daily Pass,STB,Movie C,1,56,5.71,9.99,4444,2.41,High,0.16,8506,
2026-01-02 01:23:00,Vodacom,Senegal,OTT Daily Pass,Web,Movie C,1,37,1.29,1.99,3860,0.69,Low,0.21,2400,
2026-01-02 01:24:00,Vodacom,Senegal,Zero-Rating Bundle,Mobile,Movie C,1,83,1.28,1.99,2034,3.17,Medium,0.42,8395,
2026-01-02 01:25:00,Moov,Senegal,Premium Sports Bundle,Mobile,Kids Show,1,118,4.49,9.99,2051,2.77,Medium,0.11,7278,
2026-01-02 01:26:00,MTN,Benin,Zero-Rating Bundle,Mobile,Series A,1,6,5.05,9.99,2812,1.41,Low,0.15,4492,LOW_BITRATE
2026-01-02 01:27:00,MTN,Rwanda,Family Entertainment,Web,Kids Show,1,33,10.21,14.99,2595,0.96,High,0.29,6635,
2026-01-02 01:28:00,Vodacom,Benin,OTT Weekly Pass,Smart TV,Kids Show,1,65,7.39,14.99,613,2.55,Medium,0.14,6080,AUTH_ERROR
2026-01-02 01:29:00,Airtel,Senegal,OTT Daily Pass,Smart TV,Movie C,1,80,9.86,14.99,368,2.38,Medium,0.34,4085,
2026-01-02 01:30:00,Vodacom,Cameroon,Family Entertainment,Smart TV,Movie C,1,20,4.9,9.99,369,3.22,Low,0.25,2126,AUTH_ERROR
2026-01-02 01:31:00,MTN,Morocco,OTT Weekly Pass,Mobile,Kids Show,1,108,9.17,14.99,1810,1.72,High,0.01,4121,BUFFERING_ERROR
2026-01-02 01:32:00,Moov,Benin,OTT Weekly Pass,Web,Kids Show,1,29,1.54,4.99,1323,2.05,Medium,0.23,4963,
2026-01-02 01:33:00,MTN,Senegal,Premium Sports Bundle,Smart TV,Series A,1,82,4.9,9.99,162,2.2,Medium,0.45,560,LOW_BITRATE
2026-01-02 01:34:00,MTN,Morocco,OTT Weekly Pass,Mobile,Sport Live,1,79,6.99,9.99,3376,2.06,Low,0.39,8524,BUFFERING_ERROR
2026-01-02 01:35:00,Airtel,Rwanda,OTT Weekly Pass,Smart TV,Kids Show,1,23,2.46,4.99,3297,2.73,Medium,0.18,6296,
2026-01-02 01:36:00,Orange,Rwanda,Family Entertainment,STB,Sport Live,1,66,3.23,4.99,2763,1.61,Medium,0.38,7222,AUTH_ERROR
2026-01-02 01:37:00,Moov,Benin,OTT Daily Pass,Mobile,Sport Live,1,69,2.82,4.99,1736,3.34,High,0.23,3839,
2026-01-02 01:38:00,MTN,Benin,Zero-Rating Bundle,Mobile,Kids Show,1,44,0.95,1.99,1793,0.85,Low,0.35,5115,
2026-01-02 01:39:00,Orange,Cameroon,Zero-Rating Bundle,Mobile,Movie C,1,106,5.34,14.99,4896,2.93,Medium,0.16,8980,LOW_BITRATE
2026-01-02 01:40:00,Orange,Cameroon,Zero-Rating Bundle,STB,Movie C,1,13,1.27,1.99,3522,2.67,High,0.05,1048,
2026-01-02 01:41:00,Orange,Benin,Premium Sports Bundle,STB,Kids Show,1,97,2.64,4.99,1511,3.35,High,0.35,1051,BUFFERING_ERROR
2026-01-02 01:42:00,Orange,Morocco,Family Entertainment,Smart TV,Documentary D,1,25,9.64,14.99,744,1.97,High,0.04,8842,
2026-01-02 01:43:00,Orange,Rwanda,Premium Sports Bundle,Mobile,Documentary D,1,32,2.6,4.99,1713,2.8,Medium,0.28,7476,BUFFERING_ERROR
2026-01-02 01:44:00,Vodacom,Rwanda,OTT Weekly Pass,Smart TV,Series A,1,113,0.68,1.99,3194,2.03,High,0.36,1662,
2026-01-02 01:45:00,Airtel,Benin,Family Entertainment,STB,Sport Live,1,97,5.79,14.99,322,2.86,High,0.13,6554,BUFFERING_ERROR
2026-01-02 01:46:00,Airtel,Morocco,OTT Daily Pass,Smart TV,Kids Show,1,21,4.02,9.99,1437,3.18,High,0.12,7949,AUTH_ERROR
2026-01-02 01:47:00,Orange,Cameroon,Premium Sports Bundle,Mobile,Documentary D,1,119,1.02,1.99,353,3.49,High,0.04,5195,BUFFERING_ERROR
2026-01-02 01:48:00,Orange,Morocco,Zero-Rating Bundle,Smart TV,Series A,1,3,5.57,14.99,4184,0.93,High,0.41,3313,
2026-01-02 01:49:00,Airtel,Rwanda,OTT Daily Pass,Mobile,Kids Show,1,26,0.68,1.99,3719,1.9,High,0.36,6034,
2026-01-02 01:50:00,Moov,Benin,Zero-Rating Bundle,STB,Documentary D,1,116,5.87,9.99,3927,2.56,Medium,0.14,8921,LOW_BITRATE
2026-01-02 01:51:00,Vodacom,Ivory Coast,Premium Sports Bundle,Smart TV,Sport Live,1,3,0.61,1.99,4728,1.21,Medium,0.37,4684,
2026-01-02 01:52:00,Orange,Ivory Coast,Family Entertainment,Mobile,Kids Show,1,44,5.68,14.99,1739,3.49,Low,0.28,7015,LOW_BITRATE
2026-01-02 01:53:00,Moov,Ivory Coast,Family Entertainment,STB,Series A,1,83,2.52,4.99,4463,1.11,Medium,0.15,5636,
2026-01-02 01:54:00,Moov,Benin,Zero-Rating Bundle,STB,Documentary D,1,115,0.9,1.99,4826,2.25,Medium,0.23,1453,BUFFERING_ERROR
2026-01-02 01:55:00,MTN,Cameroon,OTT Weekly Pass,STB,Kids Show,1,40,0.96,1.99,4719,2.15,Medium,0.29,800,AUTH_ERROR
2026-01-02 01:56:00,Vodacom,Morocco,OTT Daily Pass,Web,Series A,1,109,0.62,1.99,3928,1.58,Low,0.43,1768,
2026-01-02 01:57:00,Moov,Rwanda,Premium Sports Bundle,Web,Documentary D,1,97,5.85,14.99,2347,0.49,High,0.38,5927,BUFFERING_ERROR
2026-01-02 01:58:00,Vodacom,Benin,Zero-Rating Bundle,Mobile,Kids Show,1,112,1.28,1.99,4523,0.41,Medium,0.12,2205,LOW_BITRATE
2026-01-02 01:59:00,Vodacom,Cameroon,Premium Sports Bundle,STB,Series A,1,37,4.69,9.99,3032,2.53,High,0.15,5443,BUFFERING_ERROR
2026-01-02 02:00:00,Vodacom,Ivory Coast,OTT Weekly Pass,Mobile,Sport Live,1,54,1.92,4.99,2647,0.63,Low,0.29,8013,BUFFERING_ERROR
2026-01-02 02:01:00,Orange,Ivory Coast,Zero-Rating Bundle,Web,Movie C,1,38,0.78,1.99,3518,3.45,Medium,0.24,2233,LOW_BITRATE
2026-01-02 02:02:00,Orange,Benin,Family Entertainment,STB,Movie C,1,113,2.95,4.99,2967,1.3,High,0.25,2018,LOW_BITRATE
2026-01-02 02:03:00,Vodacom,Cameroon,OTT Daily Pass,Mobile,Movie C,1,119,4.83,14.99,3445,1.63,High,0.08,3593,
2026-01-02 02:04:00,Vodacom,Senegal,Premium Sports Bundle,Web,Series A,1,16,2.87,4.99,1678,1.34,Low,0.43,6238,BUFFERING_ERROR
2026-01-02 02:05:00,Airtel,Rwanda,Premium Sports Bundle,STB,Series A,1,71,7.93,14.99,3875,0.67,Medium,0.35,5951,
2026-01-02 02:06:00,Orange,Senegal,Premium Sports Bundle,Mobile,Movie C,1,18,0.75,1.99,1354,0.15,Medium,0.25,6591,BUFFERING_ERROR
2026-01-02 02:07:00,Orange,Rwanda,OTT Daily Pass,STB,Movie C,1,48,6.94,14.99,2249,3.46,Medium,0.44,1556,
2026-01-02 02:08:00,Orange,Cameroon,OTT Weekly Pass,Smart TV,Sport Live,1,33,2.39,4.99,3449,1.34,Medium,0.39,6064,
2026-01-02 02:09:00,Orange,Senegal,Premium Sports Bundle,STB,Documentary D,1,86,4.21,9.99,3683,3.2,Medium,0.42,635,LOW_BITRATE
2026-01-02 02:10:00,Orange,Rwanda,Zero-Rating Bundle,Mobile,Kids Show,1,106,6.54,9.99,2344,2.63,Medium,0.24,7581,
2026-01-02 02:11:00,MTN,Senegal,OTT Daily Pass,Web,Kids Show,1,67,8.31,14.99,376,0.9,Low,0.31,8129,LOW_BITRATE
2026-01-02 02:12:00,Orange,Cameroon,Zero-Rating Bundle,Web,Kids Show,1,111,6.29,14.99,2365,0.97,Medium,0.3,5789,
2026-01-02 02:13:00,Moov,Ivory Coast,Zero-Rating Bundle,Web,Kids Show,1,7,1.72,4.99,4672,2.69,Low,0.03,7379,
2026-01-02 02:14:00,Orange,Senegal,Premium Sports Bundle,Smart TV,Sport Live,1,112,2.36,4.99,1953,1.61,High,0.19,4415,BUFFERING_ERROR
2026-01-02 02:15:00,Moov,Senegal,OTT Daily Pass,Mobile,Kids Show,1,99,8.53,14.99,2528,0.67,Low,0.21,890,
2026-01-02 02:16:00,Airtel,Senegal,Premium Sports Bundle,Web,Documentary D,1,7,0.71,1.99,1124,2.01,Medium,0.31,1332,
2026-01-02 02:17:00,Airtel,Ivory Coast,OTT Weekly Pass,STB,Documentary D,1,57,6.65,9.99,4812,3.24,Low,0.37,6659,
2026-01-02 02:18:00,Moov,Senegal,Premium Sports Bundle,Mobile,Documentary D,1,92,2.54,4.99,2456,0.3,Medium,0.16,7871,
2026-01-02 02:19:00,MTN,Benin,Premium Sports Bundle,Mobile,Series A,1,31,9.83,14.99,276,1.1,Medium,0.11,6071,
2026-01-02 02:20:00,Moov,Benin,OTT Weekly Pass,Mobile,Kids Show,1,8,0.99,1.99,2178,1.53,Medium,0.16,6999,LOW_BITRATE
2026-01-02 02:21:00,Vodacom,Ivory Coast,Premium Sports Bundle,Mobile,Movie C,1,13,6.37,14.99,843,2.97,Medium,0.23,3639,
2026-01-02 02:22:00,MTN,Rwanda,Zero-Rating Bundle,Smart TV,Kids Show,1,6,1.65,4.99,3774,1.27,High,0.29,3141,
2026-01-02 02:23:00,Airtel,Senegal,OTT Daily Pass,Web,Kids Show,1,101,5.68,9.99,3475,2.12,Low,0.2,1202,
2026-01-02 02:24:00,Vodacom,Cameroon,Premium Sports Bundle,Web,Series A,1,81,0.78,1.99,934,1.66,Low,0.06,8036,
2026-01-02 02:25:00,Moov,Senegal,Family Entertainment,STB,Sport Live,1,96,2.25,4.99,3193,0.39,Low,0.19,2980,
2026-01-02 02:26:00,Moov,Morocco,OTT Daily Pass,STB,Documentary D,1,120,9.4,14.99,283,2.74,Medium,0.01,1510,
2026-01-02 02:27:00,MTN,Senegal,OTT Weekly Pass,Smart TV,Movie C,1,20,4.01,9.99,4018,0.85,High,0.35,6318,
2026-01-02 02:28:00,Moov,Benin,OTT Daily Pass,Web,Documentary D,1,56,10.43,14.99,3147,0.75,Medium,0.22,1788,
2026-01-02 02:29:00,Airtel,Rwanda,Zero-Rating Bundle,Mobile,Sport Live,1,44,4.92,9.99,2049,0.93,High,0.07,5942,
2026-01-02 02:30:00,Orange,Morocco,OTT Daily Pass,Smart TV,Movie C,1,17,1.31,1.99,643,0.72,Medium,0.27,3928,
2026-01-02 02:31:00,MTN,Benin,OTT Weekly Pass,Web,Sport Live,1,5,6.67,14.99,50,1.15,Medium,0.23,5412,
2026-01-02 02:32:00,MTN,Benin,Zero-Rating Bundle,Web,Movie C,1,35,7.58,14.99,1226,2.49,High,0.36,2701,
2026-01-02 02:33:00,Airtel,Senegal,Premium Sports Bundle,Smart TV,Kids Show,1,13,5.28,14.99,918,2.7,Medium,0.2,8519,BUFFERING_ERROR
2026-01-02 02:34:00,Moov,Rwanda,Premium Sports Bundle,Smart TV,Documentary D,1,115,9.9,14.99,413,1.4,Low,0.23,7805,
2026-01-02 02:35:00,Moov,Ivory Coast,Premium Sports Bundle,Mobile,Series A,1,89,3.37,4.99,4822,0.97,Low,0.06,7781,BUFFERING_ERROR
2026-01-02 02:36:00,Orange,Morocco,Premium Sports Bundle,STB,Series A,1,59,2.48,4.99,193,1.11,Medium,0.24,2214,AUTH_ERROR
2026-01-02 02:37:00,Airtel,Benin,OTT Daily Pass,Web,Documentary D,1,83,2.58,4.99,1944,2.32,Medium,0.21,7216,
2026-01-02 02:38:00,Orange,Rwanda,Premium Sports Bundle,Mobile,Kids Show,1,106,1.25,1.99,2148,1.35,Low,0.2,5827,
2026-01-02 02:39:00,MTN,Senegal,OTT Weekly Pass,STB,Kids Show,1,34,0.83,1.99,268,1.81,Low,0.31,1357,
2026-01-02 02:40:00,MTN,Rwanda,Family Entertainment,Mobile,Movie C,1,1,10.28,14.99,1961,1.48,High,0.25,7528,LOW_BITRATE
2026-01-02 02:41:00,Orange,Morocco,Premium Sports Bundle,Mobile,Series A,1,111,0.77,1.99,2499,2.48,Medium,0.4,4045,AUTH_ERROR
2026-01-02 02:42:00,Airtel,Ivory Coast,Family Entertainment,STB,Documentary D,1,11,1.7,4.99,3524,2.55,Medium,0.1,7243,BUFFERING_ERROR
2026-01-02 02:43:00,MTN,Benin,OTT Daily Pass,Mobile,Documentary D,1,108,0.66,1.99,2837,2.68,Low,0.13,4313,AUTH_ERROR
2026-01-02 02:44:00,Vodacom,Rwanda,Family Entertainment,Mobile,Movie C,1,103,4.91,9.99,4640,0.95,Low,0.05,6855,
2026-01-02 02:45:00,Moov,Cameroon,Zero-Rating Bundle,Web,Movie C,1,82,2.52,4.99,4277,0.5,Low,0.31,5104,AUTH_ERROR
2026-01-02 02:46:00,Orange,Senegal,Premium Sports Bundle,STB,Documentary D,1,108,4.51,9.99,3642,1.77,Medium,0.12,1325,LOW_BITRATE
2026-01-02 02:47:00,Airtel,Morocco,OTT Daily Pass,STB,Series A,1,43,1.27,1.99,4193,1.76,Medium,0.22,6941,
2026-01-02 02:48:00,Vodacom,Senegal,Premium Sports Bundle,Web,Documentary D,1,12,4.08,9.99,2688,2.22,High,0.02,4160,
2026-01-02 02:49:00,Vodacom,Rwanda,Zero-Rating Bundle,Web,Documentary D,1,35,2.53,4.99,4452,1.61,High,0.28,3299,
2026-01-02 02:50:00,Airtel,Senegal,OTT Daily Pass,Mobile,Sport Live,1,46,5.93,9.99,703,1.49,High,0.3,6943,
2026-01-02 02:51:00,Orange,Morocco,Premium Sports Bundle,Web,Series A,1,113,1.1,1.99,813,0.75,Medium,0.19,1000,LOW_BITRATE
2026-01-02 02:52:00,Airtel,Senegal,OTT Daily Pass,STB,Movie C,1,55,4.09,9.99,2720,3.04,Low,0.36,6663,
2026-01-02 02:53:00,Moov,Rwanda,OTT Weekly Pass,Web,Movie C,1,71,6.16,14.99,3027,2.13,Medium,0.11,8516,AUTH_ERROR
2026-01-02 02:54:00,Orange,Ivory Coast,Zero-Rating Bundle,Smart TV,Movie C,1,32,5.09,9.99,2968,3.16,High,0.28,8765,AUTH_ERROR
2026-01-02 02:55:00,Moov,Senegal,OTT Weekly Pass,Smart TV,Movie C,1,75,4.04,9.99,2561,1.97,Medium,0.11,4366,BUFFERING_ERROR
2026-01-02 02:56:00,Orange,Ivory Coast,OTT Daily Pass,STB,Movie C,1,97,5.88,9.99,3304,3.2,Medium,0.33,5941,AUTH_ERROR
2026-01-02 02:57:00,Airtel,Morocco,Premium Sports Bundle,Web,Sport Live,1,31,6.0,9.99,277,1.92,Medium,0.2,3841,AUTH_ERROR
2026-01-02 02:58:00,MTN,Senegal,Premium Sports Bundle,Web,Documentary D,1,25,8.36,14.99,4402,0.88,Medium,0.04,6325,LOW_BITRATE
2026-01-02 02:59:00,Moov,Morocco,OTT Daily Pass,Web,Kids Show,1,32,2.97,4.99,4327,0.2,High,0.19,4962,LOW_BITRATE
2026-01-02 03:00:00,Vodacom,Morocco,Premium Sports Bundle,Mobile,Documentary D,1,60,6.22,14.99,1148,0.83,High,0.22,5565,BUFFERING_ERROR
2026-01-02 03:01:00,Orange,Benin,Zero-Rating Bundle,Smart TV,Kids Show,1,97,4.34,9.99,2381,0.2,Low,0.02,2837,BUFFERING_ERROR
2026-01-02 03:02:00,Vodacom,Cameroon,Premium Sports Bundle,Web,Documentary D,1,102,1.38,1.99,4470,0.15,Medium,0.45,1137,
2026-01-02 03:03:00,Airtel,Rwanda,OTT Daily Pass,Smart TV,Kids Show,1,100,2.11,4.99,4511,3.35,Low,0.05,1733,
2026-01-02 03:04:00,Orange,Ivory Coast,Premium Sports Bundle,Mobile,Series A,1,4,1.89,4.99,3861,3.23,Low,0.15,1313,
2026-01-02 03:05:00,Vodacom,Ivory Coast,Family Entertainment,Smart TV,Sport Live,1,1,1.18,1.99,2329,1.51,High,0.37,5012,LOW_BITRATE
2026-01-02 03:06:00,Vodacom,Senegal,Family Entertainment,Web,Movie C,1,7,0.81,1.99,1672,1.31,Low,0.42,4841,
2026-01-02 03:07:00,MTN,Cameroon,Zero-Rating Bundle,STB,Movie C,1,118,6.79,9.99,1325,0.85,Medium,0.21,1755,BUFFERING_ERROR
2026-01-02 03:08:00,Moov,Morocco,Premium Sports Bundle,Mobile,Movie C,1,14,9.7,14.99,2423,2.4,Low,0.23,6105,AUTH_ERROR
2026-01-02 03:09:00,Orange,Cameroon,Zero-Rating Bundle,STB,Movie C,1,40,8.96,14.99,314,0.68,Low,0.03,8039,
2026-01-02 03:10:00,MTN,Senegal,Premium Sports Bundle,Mobile,Kids Show,1,53,3.35,9.99,4291,0.62,High,0.17,8674,AUTH_ERROR
2026-01-02 03:11:00,Moov,Rwanda,OTT Weekly Pass,Web,Series A,1,9,5.51,9.99,3424,3.23,Medium,0.01,8721,LOW_BITRATE
2026-01-02 03:12:00,Orange,Morocco,Zero-Rating Bundle,STB,Kids Show,1,30,5.37,14.99,109,3.05,Low,0.12,7616,AUTH_ERROR
2026-01-02 03:13:00,Orange,Ivory Coast,Premium Sports Bundle,STB,Documentary D,1,66,1.85,4.99,4576,3.07,Medium,0.24,1367,LOW_BITRATE
2026-01-02 03:14:00,MTN,Rwanda,Zero-Rating Bundle,STB,Documentary D,1,53,8.1,14.99,3413,1.62,Medium,0.32,6460,
2026-01-02 03:15:00,Vodacom,Benin,Premium Sports Bundle,Web,Kids Show,1,110,6.59,14.99,2393,0.49,Medium,0.39,2853,BUFFERING_ERROR
2026-01-02 03:16:00,Moov,Cameroon,OTT Daily Pass,STB,Series A,1,98,6.32,9.99,2235,0.46,Medium,0.28,5281,
2026-01-02 03:17:00,MTN,Senegal,Zero-Rating Bundle,STB,Series A,1,108,4.02,9.99,3744,1.39,Medium,0.15,3293,
2026-01-02 03:18:00,Moov,Benin,Family Entertainment,Smart TV,Kids Show,1,39,5.08,9.99,250,2.34,Medium,0.24,3313,LOW_BITRATE
2026-01-02 03:19:00,Moov,Rwanda,OTT Weekly Pass,STB,Kids Show,1,97,0.99,1.99,4799,0.3,High,0.22,6042,
2026-01-02 03:20:00,Airtel,Rwanda,OTT Daily Pass,Smart TV,Series A,1,8,1.13,1.99,4169,3.36,Low,0.17,6018,BUFFERING_ERROR
2026-01-02 03:21:00,Airtel,Rwanda,OTT Weekly Pass,STB,Sport Live,1,83,0.81,1.99,1571,1.06,Medium,0.06,7421,
2026-01-02 03:22:00,Orange,Ivory Coast,Premium Sports Bundle,Mobile,Sport Live,1,83,1.27,1.99,3607,3.25,Medium,0.31,751,LOW_BITRATE
2026-01-02 03:23:00,Vodacom,Ivory Coast,Family Entertainment,Web,Documentary D,1,73,5.33,9.99,4479,2.62,Low,0.19,7307,AUTH_ERROR
2026-01-02 03:24:00,Moov,Rwanda,Premium Sports Bundle,Smart TV,Movie C,1,103,1.05,1.99,263,1.26,Low,0.4,5518,
2026-01-02 03:25:00,Airtel,Senegal,Zero-Rating Bundle,Smart TV,Sport Live,1,95,2.75,4.99,4617,2.34,Medium,0.12,7087,
2026-01-02 03:26:00,Moov,Morocco,Family Entertainment,Mobile,Documentary D,1,88,5.86,14.99,3400,2.55,Medium,0.05,6646,LOW_BITRATE
2026-01-02 03:27:00,MTN,Cameroon,Premium Sports Bundle,Web,Kids Show,1,86,2.87,4.99,1722,0.71,High,0.03,7589,AUTH_ERROR
2026-01-02 03:28:00,Orange,Benin,OTT Weekly Pass,STB,Movie C,1,110,2.66,4.99,3581,0.35,High,0.06,7056,BUFFERING_ERROR
2026-01-02 03:29:00,MTN,Benin,Premium Sports Bundle,STB,Sport Live,1,65,3.03,9.99,1814,2.67,Medium,0.12,7565,
2026-01-02 03:30:00,MTN,Cameroon,OTT Weekly Pass,Smart TV,Kids Show,1,98,4.18,9.99,2334,1.95,Medium,0.05,7175,BUFFERING_ERROR
2026-01-02 03:31:00,Airtel,Senegal,Zero-Rating Bundle,Web,Sport Live,1,29,0.7,1.99,2996,0.39,Medium,0.09,8755,AUTH_ERROR
2026-01-02 03:32:00,MTN,Senegal,Premium Sports Bundle,Mobile,Documentary D,1,67,2.13,4.99,1589,2.44,Low,0.14,6085,LOW_BITRATE
2026-01-02 03:33:00,Orange,Cameroon,Zero-Rating Bundle,Smart TV,Series A,1,20,0.84,1.99,1179,1.93,Low,0.07,7103,
2026-01-02 03:34:00,Airtel,Ivory Coast,OTT Weekly Pass,Smart TV,Documentary D,1,79,4.36,9.99,4975,0.71,Medium,0.16,3865,BUFFERING_ERROR
2026-01-02 03:35:00,Airtel,Senegal,Zero-Rating Bundle,STB,Movie C,1,109,6.68,9.99,4944,1.84,Low,0.42,3916,AUTH_ERROR
2026-01-02 03:36:00,Orange,Cameroon,Premium Sports Bundle,Web,Movie C,1,19,3.32,4.99,2544,1.29,Low,0.15,2894,LOW_BITRATE
2026-01-02 03:37:00,Moov,Ivory Coast,OTT Daily Pass,Smart TV,Kids Show,1,58,5.12,14.99,2566,3.23,Medium,0.17,4246,
2026-01-02 03:38:00,MTN,Rwanda,Premium Sports Bundle,Web,Series A,1,107,3.32,9.99,4634,1.36,Low,0.2,2355,AUTH_ERROR
2026-01-02 03:39:00,MTN,Senegal,Zero-Rating Bundle,Smart TV,Movie C,1,15,2.08,4.99,4546,2.0,High,0.23,8268,
2026-01-02 03:40:00,Moov,Senegal,Family Entertainment,Web,Kids Show,1,83,6.47,9.99,3483,3.09,Medium,0.13,3068,BUFFERING_ERROR
2026-01-02 03:41:00,Moov,Rwanda,Family Entertainment,Mobile,Documentary D,1,28,8.07,14.99,4989,3.29,Medium,0.12,3735,
2026-01-02 03:42:00,Airtel,Morocco,Family Entertainment,Web,Movie C,1,91,1.93,4.99,1517,3.12,High,0.37,4262,LOW_BITRATE
2026-01-02 03:43:00,Airtel,Morocco,Premium Sports Bundle,Mobile,Kids Show,1,113,4.49,9.99,3834,0.7,Low,0.07,5311,
2026-01-02 03:44:00,Airtel,Morocco,OTT Daily Pass,Web,Sport Live,1,30,1.01,1.99,4506,3.32,Low,0.4,8886,
2026-01-02 03:45:00,Airtel,Rwanda,Family Entertainment,Mobile,Series A,1,119,3.4,4.99,980,2.11,Low,0.37,1663,BUFFERING_ERROR
2026-01-02 03:46:00,MTN,Rwanda,OTT Weekly Pass,STB,Documentary D,1,37,5.81,9.99,2433,1.21,Medium,0.19,3091,
2026-01-02 03:47:00,Airtel,Cameroon,Zero-Rating Bundle,Mobile,Movie C,1,14,1.22,1.99,2126,0.47,Medium,0.45,6095,
2026-01-02 03:48:00,Vodacom,Morocco,OTT Weekly Pass,Mobile,Sport Live,1,18,3.11,4.99,783,3.36,Medium,0.09,1949,
2026-01-02 03:49:00,Orange,Benin,OTT Weekly Pass,Smart TV,Movie C,1,44,2.48,4.99,1679,3.26,Low,0.43,6169,AUTH_ERROR
2026-01-02 03:50:00,MTN,Benin,Premium Sports Bundle,STB,Series A,1,87,0.64,1.99,4497,0.52,Medium,0.36,5208,BUFFERING_ERROR
2026-01-02 03:51:00,MTN,Cameroon,OTT Daily Pass,Smart TV,Documentary D,1,58,2.3,4.99,4584,2.63,High,0.34,4533,BUFFERING_ERROR
2026-01-02 03:52:00,Airtel,Rwanda,Zero-Rating Bundle,STB,Kids Show,1,78,1.24,1.99,890,3.18,High,0.17,4969,
2026-01-02 03:53:00,Moov,Cameroon,Zero-Rating Bundle,Mobile,Series A,1,101,1.87,4.99,188,1.5,Low,0.34,2688,
2026-01-02 03:54:00,Vodacom,Cameroon,Premium Sports Bundle,STB,Sport Live,1,39,2.73,4.99,326,2.57,High,0.3,1345,
2026-01-02 03:55:00,MTN,Morocco,OTT Weekly Pass,Mobile,Movie C,1,17,1.36,1.99,3246,0.59,High,0.34,731,LOW_BITRATE
2026-01-02 03:56:00,MTN,Cameroon,Zero-Rating Bundle,Smart TV,Kids Show,1,38,1.64,4.99,2443,0.34,Medium,0.17,7091,BUFFERING_ERROR
2026-01-02 03:57:00,Moov,Cameroon,Premium Sports Bundle,Mobile,Series A,1,66,2.88,4.99,3545,3.07,Low,0.41,8911,
2026-01-02 03:58:00,Moov,Rwanda,Family Entertainment,Web,Kids Show,1,119,5.83,14.99,2015,0.69,Medium,0.34,1277,
2026-01-02 03:59:00,Orange,Cameroon,OTT Weekly Pass,Smart TV,Movie C,1,119,9.61,14.99,573,0.6,High,0.08,4679,AUTH_ERROR
2026-01-02 04:00:00,Airtel,Cameroon,Family Entertainment,Web,Documentary D,1,61,4.62,14.99,3313,0.91,High,0.28,1573,AUTH_ERROR
2026-01-02 04:01:00,MTN,Ivory Coast,OTT Daily Pass,STB,Movie C,1,82,5.04,9.99,3063,1.86,Low,0.35,1076,BUFFERING_ERROR
2026-01-02 04:02:00,Orange,Cameroon,Premium Sports Bundle,Web,Series A,1,68,0.6,1.99,4610,1.44,High,0.25,7487,
2026-01-02 04:03:00,Vodacom,Benin,Zero-Rating Bundle,Smart TV,Kids Show,1,104,4.44,9.99,1243,3.31,Low,0.42,8462,
2026-01-02 04:04:00,Vodacom,Cameroon,Premium Sports Bundle,Mobile,Movie C,1,24,1.37,1.99,4270,1.17,High,0.33,1854,
2026-01-02 04:05:00,MTN,Ivory Coast,OTT Daily Pass,STB,Documentary D,1,60,6.87,14.99,2186,0.38,High,0.29,573,BUFFERING_ERROR
2026-01-02 04:06:00,MTN,Rwanda,Family Entertainment,STB,Sport Live,1,100,1.02,1.99,1636,0.1,High,0.45,3205,
2026-01-02 04:07:00,Moov,Benin,Family Entertainment,Web,Documentary D,1,75,3.45,9.99,2747,1.64,Low,0.14,6050,AUTH_ERROR
2026-01-02 04:08:00,Airtel,Benin,OTT Daily Pass,Mobile,Movie C,1,20,1.58,4.99,4786,1.53,Medium,0.23,5681,LOW_BITRATE
2026-01-02 04:09:00,Orange,Benin,Family Entertainment,Web,Series A,1,92,1.86,4.99,2446,0.63,High,0.13,1877,BUFFERING_ERROR
2026-01-02 04:10:00,Vodacom,Senegal,OTT Daily Pass,Smart TV,Documentary D,1,15,6.62,9.99,3173,0.82,Low,0.27,1581,LOW_BITRATE
2026-01-02 04:11:00,Airtel,Ivory Coast,Family Entertainment,STB,Documentary D,1,5,3.23,9.99,2938,1.53,Medium,0.33,7018,
2026-01-02 04:12:00,Moov,Rwanda,Family Entertainment,Web,Movie C,1,46,2.22,4.99,3001,3.29,Low,0.16,798,
2026-01-02 04:13:00,Airtel,Ivory Coast,OTT Daily Pass,Mobile,Documentary D,1,12,7.99,14.99,4790,3.21,Medium,0.01,7323,
2026-01-02 04:14:00,Orange,Morocco,OTT Daily Pass,Smart TV,Sport Live,1,69,1.19,1.99,3067,0.62,Low,0.17,4533,
2026-01-02 04:15:00,Airtel,Cameroon,Family Entertainment,Smart TV,Sport Live,1,82,4.24,9.99,3980,2.7,Low,0.07,2749,AUTH_ERROR
2026-01-02 04:16:00,Airtel,Senegal,Zero-Rating Bundle,Smart TV,Documentary D,1,31,1.32,1.99,4952,3.06,High,0.43,5949,
2026-01-02 04:17:00,Airtel,Senegal,Family Entertainment,Smart TV,Series A,1,47,2.39,4.99,4083,1.81,Medium,0.15,3301,BUFFERING_ERROR
2026-01-02 04:18:00,Moov,Ivory Coast,Family Entertainment,Web,Movie C,1,38,3.49,4.99,1415,0.71,Medium,0.17,1075,LOW_BITRATE
2026-01-02 04:19:00,Airtel,Ivory Coast,Zero-Rating Bundle,Mobile,Documentary D,1,52,1.34,1.99,1097,1.8,High,0.4,1678,AUTH_ERROR
2026-01-02 04:20:00,Vodacom,Senegal,OTT Daily Pass,STB,Kids Show,1,62,4.03,9.99,4013,1.17,High,0.39,5024,BUFFERING_ERROR
2026-01-02 04:21:00,Vodacom,Ivory Coast,Zero-Rating Bundle,Web,Sport Live,1,47,3.03,4.99,4517,0.55,Low,0.36,6170,
2026-01-02 04:22:00,Orange,Senegal,Premium Sports Bundle,STB,Kids Show,1,78,1.14,1.99,4860,0.26,Low,0.39,5723,
2026-01-02 04:23:00,Airtel,Morocco,Family Entertainment,Web,Sport Live,1,14,2.82,4.99,1517,2.84,Low,0.39,7037,AUTH_ERROR
2026-01-02 04:24:00,Moov,Benin,OTT Daily Pass,Smart TV,Kids Show,1,67,5.13,9.99,1359,1.34,Medium,0.27,7449,
2026-01-02 04:25:00,Orange,Rwanda,Zero-Rating Bundle,Mobile,Kids Show,1,43,6.08,9.99,1336,2.43,Low,0.19,2663,BUFFERING_ERROR
2026-01-02 04:26:00,MTN,Ivory Coast,Family Entertainment,STB,Sport Live,1,60,2.57,4.99,3661,0.19,Medium,0.19,8207,
2026-01-02 04:27:00,Moov,Cameroon,OTT Weekly Pass,Mobile,Kids Show,1,65,2.95,4.99,3173,2.68,Medium,0.05,7671,AUTH_ERROR
2026-01-02 04:28:00,Orange,Benin,OTT Daily Pass,STB,Kids Show,1,71,7.92,14.99,3109,3.18,Low,0.34,1211,
2026-01-02 04:29:00,Airtel,Senegal,Premium Sports Bundle,STB,Kids Show,1,105,3.17,9.99,4491,2.57,High,0.15,6371,BUFFERING_ERROR
2026-01-02 04:30:00,Moov,Rwanda,OTT Weekly Pass,Smart TV,Sport Live,1,50,0.86,1.99,1551,1.69,High,0.12,6028,AUTH_ERROR
2026-01-02 04:31:00,Orange,Benin,Family Entertainment,STB,Sport Live,1,111,1.18,1.99,4436,2.69,Low,0.36,2789,
2026-01-02 04:32:00,Moov,Benin,OTT Daily Pass,STB,Sport Live,1,4,1.08,1.99,2406,2.33,Medium,0.43,4436,BUFFERING_ERROR
2026-01-02 04:33:00,Airtel,Morocco,Zero-Rating Bundle,Smart TV,Sport Live,1,17,5.76,14.99,3832,2.51,Low,0.31,2139,
2026-01-02 04:34:00,MTN,Morocco,Family Entertainment,Web,Series A,1,100,4.14,9.99,1415,3.48,High,0.41,560,BUFFERING_ERROR
2026-01-02 04:35:00,Orange,Rwanda,Premium Sports Bundle,Mobile,Series A,1,29,5.74,9.99,4698,0.66,Medium,0.27,7965,BUFFERING_ERROR
2026-01-02 04:36:00,Moov,Benin,Zero-Rating Bundle,STB,Documentary D,1,46,2.25,4.99,3928,1.47,Medium,0.41,8535,
2026-01-02 04:37:00,MTN,Cameroon,Premium Sports Bundle,Web,Documentary D,1,58,5.55,14.99,369,1.6,High,0.15,6000,LOW_BITRATE
2026-01-02 04:38:00,Orange,Senegal,Family Entertainment,Mobile,Sport Live,1,67,6.59,9.99,3796,2.49,Medium,0.36,3098,LOW_BITRATE
2026-01-02 04:39:00,Orange,Benin,Zero-Rating Bundle,Mobile,Movie C,1,42,1.32,1.99,215,3.17,High,0.34,8943,
2026-01-02 04:40:00,Orange,Cameroon,OTT Weekly Pass,Mobile,Movie C,1,74,6.16,9.99,4453,0.78,Low,0.09,8163,
2026-01-02 04:41:00,Orange,Ivory Coast,Premium Sports Bundle,Smart TV,Kids Show,1,101,2.62,4.99,195,3.02,Low,0.12,8291,LOW_BITRATE
2026-01-02 04:42:00,Orange,Cameroon,OTT Daily Pass,Web,Movie C,1,37,6.49,9.99,3902,0.88,High,0.03,551,LOW_BITRATE
2026-01-02 04:43:00,Airtel,Rwanda,OTT Weekly Pass,STB,Kids Show,1,44,7.85,14.99,2862,2.93,Medium,0.32,8612,LOW_BITRATE
2026-01-02 04:44:00,Vodacom,Senegal,Premium Sports Bundle,Smart TV,Documentary D,1,54,0.89,1.99,4604,0.68,High,0.3,6153,LOW_BITRATE
2026-01-02 04:45:00,Vodacom,Rwanda,Premium Sports Bundle,Mobile,Kids Show,1,67,2.51,4.99,4443,0.34,Low,0.36,8943,BUFFERING_ERROR
2026-01-02 04:46:00,Airtel,Ivory Coast,OTT Weekly Pass,Smart TV,Sport Live,1,31,1.36,1.99,4477,1.58,Medium,0.16,4856,LOW_BITRATE
2026-01-02 04:47:00,MTN,Benin,Family Entertainment,STB,Sport Live,1,96,0.99,1.99,4233,1.41,Low,0.37,3155,
2026-01-02 04:48:00,Moov,Rwanda,Family Entertainment,STB,Series A,1,107,6.57,9.99,1915,2.21,Medium,0.18,4816,AUTH_ERROR
2026-01-02 04:49:00,Orange,Morocco,Premium Sports Bundle,Mobile,Sport Live,1,94,8.43,14.99,1048,3.29,Medium,0.31,7262,LOW_BITRATE
2026-01-02 04:50:00,Moov,Benin,OTT Weekly Pass,STB,Series A,1,113,4.37,9.99,2345,3.08,Medium,0.04,4288,
2026-01-02 04:51:00,MTN,Ivory Coast,OTT Daily Pass,Smart TV,Kids Show,1,12,1.08,1.99,1663,2.17,High,0.43,6597,LOW_BITRATE
2026-01-02 04:52:00,Airtel,Ivory Coast,Family Entertainment,Mobile,Sport Live,1,112,6.25,9.99,926,0.51,Medium,0.02,3229,BUFFERING_ERROR
2026-01-02 04:53:00,Orange,Benin,Family Entertainment,STB,Documentary D,1,16,0.95,1.99,4066,2.23,Medium,0.14,5899,LOW_BITRATE
2026-01-02 04:54:00,MTN,Benin,Premium Sports Bundle,Smart TV,Series A,1,105,1.0,1.99,2699,2.11,High,0.13,605,
2026-01-02 04:55:00,Orange,Ivory Coast,OTT Daily Pass,Mobile,Documentary D,1,68,3.34,4.99,1175,1.59,High,0.3,4885,BUFFERING_ERROR
2026-01-02 04:56:00,Airtel,Cameroon,OTT Daily Pass,Mobile,Sport Live,1,77,7.81,14.99,79,2.09,Medium,0.41,4985,
2026-01-02 04:57:00,Moov,Ivory Coast,Zero-Rating Bundle,STB,Series A,1,40,2.37,4.99,3395,1.66,High,0.24,1986,BUFFERING_ERROR
2026-01-02 04:58:00,Orange,Morocco,OTT Daily Pass,STB,Movie C,1,29,8.01,14.99,4632,3.3,High,0.23,6420,
2026-01-02 04:59:00,Airtel,Cameroon,Family Entertainment,Web,Documentary D,1,53,9.03,14.99,4951,1.33,Medium,0.28,601,
2026-01-02 05:00:00,Moov,Senegal,OTT Weekly Pass,STB,Movie C,1,3,9.84,14.99,1539,1.46,High,0.43,1456,AUTH_ERROR
2026-01-02 05:01:00,Orange,Senegal,Family Entertainment,Web,Movie C,1,67,6.43,14.99,3188,2.05,High,0.09,4105,
2026-01-02 05:02:00,Airtel,Senegal,OTT Daily Pass,Web,Kids Show,1,47,3.26,9.99,1114,3.39,High,0.32,7697,AUTH_ERROR
2026-01-02 05:03:00,Vodacom,Benin,Premium Sports Bundle,Mobile,Kids Show,1,103,6.89,14.99,2840,3.13,Low,0.23,4141,AUTH_ERROR
2026-01-02 05:04:00,Orange,Cameroon,Family Entertainment,STB,Series A,1,103,10.05,14.99,3476,1.46,Low,0.06,8449,
2026-01-02 05:05:00,Airtel,Morocco,OTT Daily Pass,Smart TV,Movie C,1,48,1.07,1.99,4288,0.44,Low,0.28,1246,LOW_BITRATE
2026-01-02 05:06:00,MTN,Senegal,Premium Sports Bundle,Mobile,Series A,1,83,2.13,4.99,4950,1.66,Low,0.26,7826,BUFFERING_ERROR
2026-01-02 05:07:00,MTN,Rwanda,OTT Daily Pass,Web,Documentary D,1,102,6.35,9.99,337,3.37,Low,0.43,2808,AUTH_ERROR
2026-01-02 05:08:00,Airtel,Ivory Coast,OTT Weekly Pass,Smart TV,Sport Live,1,30,4.5,9.99,1908,2.56,Medium,0.1,7089,BUFFERING_ERROR
2026-01-02 05:09:00,Vodacom,Rwanda,Zero-Rating Bundle,Smart TV,Movie C,1,109,0.72,1.99,3164,1.13,High,0.28,713,AUTH_ERROR
2026-01-02 05:10:00,Airtel,Benin,Premium Sports Bundle,STB,Kids Show,1,115,2.04,4.99,4183,2.15,Low,0.28,3513,
2026-01-02 05:11:00,Orange,Cameroon,OTT Weekly Pass,STB,Series A,1,118,0.77,1.99,2911,0.31,Low,0.29,3960,AUTH_ERROR
2026-01-02 05:12:00,Airtel,Senegal,OTT Daily Pass,Web,Movie C,1,19,1.26,1.99,3910,2.76,High,0.21,1584,AUTH_ERROR
2026-01-02 05:13:00,Moov,Ivory Coast,Premium Sports Bundle,Mobile,Movie C,1,8,0.66,1.99,4265,1.48,Medium,0.35,1456,BUFFERING_ERROR
2026-01-02 05:14:00,Orange,Ivory Coast,Family Entertainment,Web,Sport Live,1,13,0.62,1.99,991,1.53,High,0.05,7508,
2026-01-02 05:15:00,MTN,Benin,Family Entertainment,Mobile,Kids Show,1,114,0.94,1.99,270,1.68,Low,0.37,2873,LOW_BITRATE
2026-01-02 05:16:00,Orange,Morocco,OTT Daily Pass,Mobile,Sport Live,1,74,1.25,1.99,1635,1.29,Low,0.27,8695,BUFFERING_ERROR
2026-01-02 05:17:00,Vodacom,Rwanda,OTT Weekly Pass,Web,Kids Show,1,69,0.85,1.99,735,2.5,Medium,0.36,5565,
2026-01-02 05:18:00,Moov,Ivory Coast,Zero-Rating Bundle,Smart TV,Sport Live,1,57,4.96,9.99,2420,0.17,Low,0.36,1906,AUTH_ERROR
2026-01-02 05:19:00,Moov,Benin,OTT Weekly Pass,Smart TV,Documentary D,1,91,4.37,9.99,1450,1.68,High,0.08,4954,
2026-01-02 05:20:00,Airtel,Benin,Zero-Rating Bundle,STB,Documentary D,1,74,6.93,9.99,1799,0.75,Low,0.03,3049,LOW_BITRATE
2026-01-02 05:21:00,Vodacom,Senegal,Family Entertainment,Web,Documentary D,1,8,6.65,9.99,3877,3.06,High,0.37,2958,BUFFERING_ERROR
2026-01-02 05:22:00,Moov,Ivory Coast,Zero-Rating Bundle,Web,Sport Live,1,9,8.98,14.99,4645,2.39,Low,0.35,5306,BUFFERING_ERROR
2026-01-02 05:23:00,Vodacom,Ivory Coast,OTT Daily Pass,Web,Movie C,1,64,1.0,1.99,581,0.6,High,0.44,3463,
2026-01-02 05:24:00,MTN,Benin,Premium Sports Bundle,STB,Movie C,1,75,3.06,4.99,1520,3.38,High,0.19,1252,
2026-01-02 05:25:00,Moov,Senegal,Family Entertainment,STB,Movie C,1,22,0.89,1.99,816,0.92,High,0.06,3055,AUTH_ERROR
2026-01-02 05:26:00,Airtel,Ivory Coast,Zero-Rating Bundle,STB,Series A,1,91,6.31,14.99,4053,3.15,Medium,0.39,8076,
2026-01-02 05:27:00,Moov,Ivory Coast,OTT Weekly Pass,Mobile,Sport Live,1,109,9.5,14.99,3469,1.37,High,0.14,8471,LOW_BITRATE
2026-01-02 05:28:00,Airtel,Rwanda,Zero-Rating Bundle,STB,Documentary D,1,86,5.67,9.99,1453,2.66,Medium,0.38,3073,AUTH_ERROR
2026-01-02 05:29:00,Airtel,Rwanda,OTT Daily Pass,Web,Series A,1,1,5.42,9.99,2047,0.21,Medium,0.29,7301,LOW_BITRATE
2026-01-02 05:30:00,Moov,Ivory Coast,Premium Sports Bundle,Mobile,Series A,1,9,1.35,1.99,3745,1.36,Medium,0.27,974,BUFFERING_ERROR
2026-01-02 05:31:00,MTN,Ivory Coast,OTT Daily Pass,Smart TV,Series A,1,49,8.63,14.99,2806,1.05,Low,0.12,7484,
2026-01-02 05:32:00,MTN,Benin,OTT Weekly Pass,Mobile,Movie C,1,47,3.79,9.99,3507,1.85,Medium,0.44,7472,AUTH_ERROR
2026-01-02 05:33:00,MTN,Rwanda,OTT Weekly Pass,Smart TV,Movie C,1,97,5.54,9.99,757,1.19,Low,0.23,3670,BUFFERING_ERROR
2026-01-02 05:34:00,Moov,Senegal,OTT Daily Pass,STB,Kids Show,1,18,0.71,1.99,3560,2.04,Medium,0.31,7773,LOW_BITRATE
2026-01-02 05:35:00,Moov,Senegal,OTT Daily Pass,STB,Movie C,1,105,7.28,14.99,3913,2.7,Low,0.01,3572,
2026-01-02 05:36:00,Airtel,Senegal,Premium Sports Bundle,Web,Kids Show,1,33,3.02,9.99,1305,0.57,Low,0.06,3686,
2026-01-02 05:37:00,Orange,Cameroon,Zero-Rating Bundle,Smart TV,Documentary D,1,53,1.11,1.99,354,0.57,Low,0.38,1154,
2026-01-02 05:38:00,MTN,Senegal,Premium Sports Bundle,Web,Series A,1,100,5.32,9.99,3654,0.73,Low,0.26,6733,BUFFERING_ERROR
2026-01-02 05:39:00,Moov,Ivory Coast,Family Entertainment,Web,Kids Show,1,11,2.95,4.99,4467,2.22,Low,0.07,6298,
2026-01-02 05:40:00,Orange,Benin,Family Entertainment,STB,Documentary D,1,11,4.87,9.99,3161,2.39,Medium,0.05,4045,AUTH_ERROR
2026-01-02 05:41:00,Moov,Benin,OTT Weekly Pass,STB,Series A,1,17,1.86,4.99,439,0.29,Medium,0.39,8377,LOW_BITRATE
2026-01-02 05:42:00,MTN,Senegal,Premium Sports Bundle,Web,Kids Show,1,24,5.55,9.99,2761,1.01,High,0.44,3524,
2026-01-02 05:43:00,Vodacom,Cameroon,Family Entertainment,STB,Movie C,1,77,1.6,4.99,3244,0.14,Medium,0.44,8064,
2026-01-02 05:44:00,Vodacom,Senegal,OTT Daily Pass,Mobile,Kids Show,1,25,3.11,9.99,1945,1.74,High,0.25,2983,
2026-01-02 05:45:00,Moov,Cameroon,Premium Sports Bundle,STB,Series A,1,52,3.04,9.99,3697,3.1,Low,0.25,1049,LOW_BITRATE
2026-01-02 05:46:00,MTN,Senegal,Family Entertainment,STB,Series A,1,112,0.6,1.99,1412,2.98,Medium,0.09,8781,
2026-01-02 05:47:00,Orange,Senegal,OTT Daily Pass,Smart TV,Documentary D,1,29,0.94,1.99,3432,3.42,Medium,0.12,4806,
2026-01-02 05:48:00,Airtel,Morocco,OTT Weekly Pass,Mobile,Sport Live,1,62,3.09,9.99,3684,2.26,Low,0.05,2261,BUFFERING_ERROR
2026-01-02 05:49:00,MTN,Cameroon,Premium Sports Bundle,Mobile,Series A,1,116,1.03,1.99,852,0.44,Low,0.33,6228,
2026-01-02 05:50:00,Orange,Rwanda,OTT Daily Pass,STB,Documentary D,1,29,5.87,9.99,2840,1.38,High,0.28,549,BUFFERING_ERROR
2026-01-02 05:51:00,Vodacom,Cameroon,Premium Sports Bundle,Mobile,Series A,1,118,3.05,4.99,1295,0.11,Medium,0.12,6585,
2026-01-02 05:52:00,Orange,Morocco,Zero-Rating Bundle,Mobile,Sport Live,1,113,1.53,4.99,4633,1.82,High,0.45,2274,LOW_BITRATE
2026-01-02 05:53:00,Airtel,Rwanda,Premium Sports Bundle,Web,Movie C,1,1,5.42,14.99,2306,1.48,High,0.1,8981,LOW_BITRATE
2026-01-02 05:54:00,Vodacom,Cameroon,Premium Sports Bundle,STB,Series A,1,104,0.78,1.99,845,2.98,Low,0.34,815,
2026-01-02 05:55:00,MTN,Benin,Premium Sports Bundle,STB,Kids Show,1,2,8.3,14.99,4353,2.68,Low,0.15,4959,LOW_BITRATE
2026-01-02 05:56:00,MTN,Rwanda,OTT Weekly Pass,Mobile,Kids Show,1,27,1.94,4.99,251,1.22,High,0.27,6738,BUFFERING_ERROR
2026-01-02 05:57:00,Airtel,Ivory Coast,OTT Daily Pass,Smart TV,Kids Show,1,38,0.77,1.99,2213,2.25,Medium,0.28,1722,
2026-01-02 05:58:00,Vodacom,Benin,OTT Daily Pass,STB,Documentary D,1,85,0.74,1.99,825,0.84,Medium,0.19,2266,LOW_BITRATE
2026-01-02 05:59:00,Orange,Benin,OTT Weekly Pass,Web,Series A,1,70,5.39,9.99,3372,1.49,Low,0.4,1446,
2026-01-02 06:00:00,Vodacom,Benin,Premium Sports Bundle,Mobile,Series A,1,22,5.16,14.99,4382,2.43,Medium,0.13,1627,LOW_BITRATE
2026-01-02 06:01:00,Moov,Benin,Family Entertainment,STB,Sport Live,1,48,5.36,14.99,2699,1.03,Low,0.23,7121,
2026-01-02 06:02:00,Vodacom,Benin,Zero-Rating Bundle,Web,Series A,1,91,6.72,9.99,325,0.75,Low,0.32,6623,
2026-01-02 06:03:00,Orange,Morocco,Family Entertainment,Smart TV,Documentary D,1,63,0.61,1.99,4922,1.83,Low,0.32,7712,AUTH_ERROR
2026-01-02 06:04:00,Orange,Morocco,Zero-Rating Bundle,STB,Movie C,1,16,0.76,1.99,2286,0.66,High,0.35,8569,LOW_BITRATE
2026-01-02 06:05:00,Moov,Rwanda,OTT Weekly Pass,Mobile,Movie C,1,115,2.1,4.99,3494,1.53,High,0.35,4024,LOW_BITRATE
2026-01-02 06:06:00,Orange,Rwanda,Premium Sports Bundle,STB,Movie C,1,114,0.64,1.99,1197,1.44,Low,0.41,5022,LOW_BITRATE
2026-01-02 06:07:00,Orange,Benin,Family Entertainment,STB,Documentary D,1,56,5.14,9.99,1488,0.64,Medium,0.34,2868,
2026-01-02 06:08:00,Airtel,Ivory Coast,OTT Daily Pass,Smart TV,Documentary D,1,120,8.29,14.99,3525,1.97,Low,0.42,3540,
2026-01-02 06:09:00,MTN,Senegal,Family Entertainment,Smart TV,Series A,1,104,1.74,4.99,2923,0.35,High,0.09,1567,
2026-01-02 06:10:00,Orange,Rwanda,Family Entertainment,Web,Movie C,1,44,9.61,14.99,2135,1.51,Medium,0.19,8953,BUFFERING_ERROR
2026-01-02 06:11:00,Moov,Morocco,Zero-Rating Bundle,Smart TV,Series A,1,1,2.55,4.99,853,2.44,Low,0.39,8663,
2026-01-02 06:12:00,Moov,Ivory Coast,Family Entertainment,Smart TV,Sport Live,1,56,9.29,14.99,1993,3.1,High,0.42,2784,
2026-01-02 06:13:00,Vodacom,Rwanda,Family Entertainment,Smart TV,Kids Show,1,2,2.02,4.99,433,2.06,Medium,0.05,5569,AUTH_ERROR
2026-01-02 06:14:00,Orange,Benin,Premium Sports Bundle,Web,Series A,1,14,2.75,4.99,2853,1.34,Medium,0.23,841,
2026-01-02 06:15:00,Moov,Cameroon,Premium Sports Bundle,Mobile,Sport Live,1,18,6.78,14.99,3112,0.87,Medium,0.18,2704,BUFFERING_ERROR
2026-01-02 06:16:00,Vodacom,Ivory Coast,Zero-Rating Bundle,Mobile,Documentary D,1,94,1.17,1.99,4896,3.19,High,0.24,1573,
2026-01-02 06:17:00,Airtel,Morocco,OTT Weekly Pass,Smart TV,Documentary D,1,13,1.89,4.99,762,3.33,Medium,0.11,3712,
2026-01-02 06:18:00,Orange,Benin,OTT Daily Pass,Smart TV,Series A,1,54,10.31,14.99,1526,0.11,Low,0.27,5298,BUFFERING_ERROR
2026-01-02 06:19:00,Airtel,Morocco,OTT Weekly Pass,Mobile,Documentary D,1,22,2.8,4.99,1961,1.65,Low,0.39,4893,BUFFERING_ERROR
2026-01-02 06:20:00,Orange,Rwanda,Zero-Rating Bundle,Web,Movie C,1,9,3.08,9.99,1190,3.13,Medium,0.12,8198,LOW_BITRATE
2026-01-02 06:21:00,Vodacom,Rwanda,Zero-Rating Bundle,Web,Movie C,1,8,8.06,14.99,2513,1.38,High,0.4,3037,
2026-01-02 06:22:00,Vodacom,Ivory Coast,Premium Sports Bundle,Web,Sport Live,1,97,0.73,1.99,658,2.81,Low,0.16,6008,BUFFERING_ERROR
2026-01-02 06:23:00,Moov,Rwanda,Family Entertainment,Mobile,Documentary D,1,112,6.53,9.99,359,3.13,Low,0.05,7430,BUFFERING_ERROR
2026-01-02 06:24:00,MTN,Benin,OTT Weekly Pass,STB,Movie C,1,24,5.72,14.99,3682,0.18,Medium,0.45,4340,
2026-01-02 06:25:00,Orange,Benin,OTT Weekly Pass,Web,Movie C,1,67,5.25,9.99,3761,1.25,High,0.3,8110,
2026-01-02 06:26:00,Vodacom,Benin,Premium Sports Bundle,Web,Sport Live,1,85,2.08,4.99,1395,1.41,Low,0.03,749,
2026-01-02 06:27:00,Vodacom,Cameroon,OTT Daily Pass,Smart TV,Movie C,1,87,4.78,14.99,2319,1.15,Low,0.1,1162,LOW_BITRATE
2026-01-02 06:28:00,Moov,Rwanda,Premium Sports Bundle,Web,Series A,1,69,3.05,4.99,2847,1.32,Medium,0.12,2444,LOW_BITRATE
2026-01-02 06:29:00,MTN,Morocco,Premium Sports Bundle,Smart TV,Movie C,1,57,4.32,9.99,3242,3.08,Low,0.24,6129,
2026-01-02 06:30:00,Airtel,Benin,Premium Sports Bundle,STB,Sport Live,1,82,5.78,9.99,3950,0.19,High,0.21,4625,AUTH_ERROR
2026-01-02 06:31:00,Vodacom,Rwanda,OTT Daily Pass,Mobile,Documentary D,1,37,5.34,9.99,1617,0.65,Medium,0.12,2642,BUFFERING_ERROR
2026-01-02 06:32:00,Orange,Senegal,Family Entertainment,STB,Documentary D,1,58,1.94,4.99,1699,2.12,Medium,0.1,4090,LOW_BITRATE
2026-01-02 06:33:00,Airtel,Ivory Coast,OTT Weekly Pass,Mobile,Movie C,1,83,5.57,9.99,2492,2.05,Medium,0.09,4001,LOW_BITRATE
2026-01-02 06:34:00,Airtel,Ivory Coast,OTT Weekly Pass,Web,Sport Live,1,59,6.0,9.99,2307,0.89,Medium,0.03,7483,
2026-01-02 06:35:00,Vodacom,Senegal,Premium Sports Bundle,Smart TV,Movie C,1,64,1.09,1.99,2624,0.68,Medium,0.44,2922,
2026-01-02 06:36:00,MTN,Benin,Family Entertainment,Mobile,Kids Show,1,45,6.21,9.99,472,3.25,Low,0.15,3669,AUTH_ERROR
2026-01-02 06:37:00,Moov,Ivory Coast,OTT Daily Pass,Smart TV,Series A,1,87,1.95,4.99,223,1.65,Medium,0.09,2714,BUFFERING_ERROR
2026-01-02 06:38:00,Airtel,Senegal,OTT Daily Pass,Mobile,Movie C,1,118,6.7,9.99,3043,1.52,Low,0.4,6060,
2026-01-02 06:39:00,Airtel,Rwanda,OTT Daily Pass,Smart TV,Documentary D,1,115,5.38,14.99,515,1.43,Medium,0.17,5098,AUTH_ERROR
2026-01-02 06:40:00,Orange,Rwanda,Premium Sports Bundle,STB,Sport Live,1,7,0.87,1.99,3051,1.89,High,0.21,3217,BUFFERING_ERROR
2026-01-02 06:41:00,Airtel,Ivory Coast,OTT Weekly Pass,Smart TV,Movie C,1,35,2.16,4.99,2784,2.29,Low,0.34,6839,AUTH_ERROR
2026-01-02 06:42:00,Vodacom,Cameroon,Premium Sports Bundle,Smart TV,Sport Live,1,68,2.45,4.99,286,2.67,High,0.35,7366,
2026-01-02 06:43:00,Orange,Ivory Coast,Premium Sports Bundle,STB,Documentary D,1,90,2.84,4.99,842,3.37,Medium,0.34,8106,
2026-01-02 06:44:00,Orange,Benin,Premium Sports Bundle,Smart TV,Documentary D,1,70,5.67,14.99,2715,1.2,Low,0.24,8547,
2026-01-02 06:45:00,Airtel,Benin,Family Entertainment,Smart TV,Documentary D,1,21,3.54,9.99,135,2.76,Medium,0.27,8624,
2026-01-02 06:46:00,Orange,Senegal,Family Entertainment,STB,Documentary D,1,120,8.65,14.99,84,3.13,High,0.4,2886,
2026-01-02 06:47:00,Vodacom,Benin,OTT Daily Pass,STB,Documentary D,1,114,1.75,4.99,4237,1.05,Low,0.28,3061,
2026-01-02 06:48:00,Vodacom,Morocco,Family Entertainment,Mobile,Sport Live,1,23,2.71,4.99,555,1.84,High,0.33,4733,BUFFERING_ERROR
2026-01-02 06:49:00,Vodacom,Senegal,OTT Weekly Pass,STB,Sport Live,1,32,0.87,1.99,1585,2.31,Medium,0.14,3394,
2026-01-02 06:50:00,MTN,Rwanda,Family Entertainment,STB,Kids Show,1,60,1.37,1.99,3923,3.1,Low,0.13,4014,
2026-01-02 06:51:00,Moov,Cameroon,Premium Sports Bundle,Mobile,Sport Live,1,12,3.07,9.99,660,2.63,Low,0.16,5929,
2026-01-02 06:52:00,Orange,Rwanda,Zero-Rating Bundle,STB,Documentary D,1,56,1.55,4.99,4848,1.7,High,0.17,6881,
2026-01-02 06:53:00,Moov,Ivory Coast,OTT Daily Pass,Web,Documentary D,1,22,8.36,14.99,2067,1.58,Medium,0.32,581,AUTH_ERROR
2026-01-02 06:54:00,Orange,Ivory Coast,Family Entertainment,Smart TV,Movie C,1,26,4.03,9.99,3740,2.36,High,0.24,4324,
2026-01-02 06:55:00,Airtel,Morocco,Zero-Rating Bundle,Web,Kids Show,1,89,4.28,9.99,3952,1.27,Medium,0.39,6711,LOW_BITRATE
2026-01-02 06:56:00,MTN,Benin,OTT Daily Pass,STB,Movie C,1,89,6.68,9.99,601,2.75,Medium,0.07,7909,
2026-01-02 06:57:00,Orange,Cameroon,Premium Sports Bundle,Mobile,Sport Live,1,18,9.67,14.99,3277,1.18,Medium,0.2,2658,
2026-01-02 06:58:00,Orange,Cameroon,OTT Weekly Pass,STB,Series A,1,106,1.23,1.99,4880,0.61,Medium,0.44,4357,
2026-01-02 06:59:00,Vodacom,Rwanda,OTT Daily Pass,STB,Movie C,1,13,3.32,4.99,1177,2.86,High,0.36,6465,
2026-01-02 07:00:00,MTN,Rwanda,Premium Sports Bundle,Smart TV,Series A,1,55,5.91,14.99,2189,0.86,High,0.29,5792,AUTH_ERROR
2026-01-02 07:01:00,MTN,Morocco,OTT Weekly Pass,Mobile,Sport Live,1,36,10.27,14.99,118,0.65,Low,0.3,5195,AUTH_ERROR
2026-01-02 07:02:00,Airtel,Ivory Coast,Zero-Rating Bundle,Smart TV,Movie C,1,3,3.93,9.99,4165,0.78,Low,0.05,2885,
2026-01-02 07:03:00,Orange,Morocco,OTT Daily Pass,Web,Movie C,1,32,5.91,9.99,799,2.01,High,0.36,807,BUFFERING_ERROR
2026-01-02 07:04:00,Airtel,Benin,Family Entertainment,Smart TV,Sport Live,1,15,3.51,9.99,4003,3.41,Medium,0.31,1103,
2026-01-02 07:05:00,Moov,Benin,Zero-Rating Bundle,Smart TV,Kids Show,1,58,7.07,14.99,2780,1.37,Medium,0.31,6267,
2026-01-02 07:06:00,Airtel,Ivory Coast,Zero-Rating Bundle,Web,Documentary D,1,97,5.56,14.99,2665,2.03,Low,0.36,997,
2026-01-02 07:07:00,Orange,Senegal,Family Entertainment,Smart TV,Series A,1,46,1.77,4.99,3262,0.85,Low,0.18,710,LOW_BITRATE
2026-01-02 07:08:00,MTN,Morocco,Premium Sports Bundle,Web,Series A,1,7,9.37,14.99,1084,0.53,Medium,0.43,7741,
2026-01-02 07:09:00,Moov,Morocco,OTT Weekly Pass,Smart TV,Movie C,1,57,10.06,14.99,2571,2.22,Low,0.11,594,BUFFERING_ERROR
2026-01-02 07:10:00,Airtel,Morocco,OTT Weekly Pass,STB,Documentary D,1,76,0.79,1.99,1716,0.81,Low,0.44,5340,LOW_BITRATE
2026-01-02 07:11:00,Airtel,Benin,OTT Daily Pass,STB,Series A,1,84,6.36,14.99,505,2.2,Low,0.37,1790,AUTH_ERROR
2026-01-02 07:12:00,Moov,Ivory Coast,Family Entertainment,Smart TV,Kids Show,1,14,6.58,14.99,3534,1.73,Medium,0.38,8793,
2026-01-02 07:13:00,Vodacom,Morocco,OTT Weekly Pass,Mobile,Series A,1,101,2.08,4.99,1853,2.44,Low,0.32,5935,
2026-01-02 07:14:00,Airtel,Ivory Coast,OTT Daily Pass,STB,Series A,1,30,4.37,9.99,2335,2.19,High,0.02,7007,LOW_BITRATE
2026-01-02 07:15:00,Vodacom,Cameroon,Family Entertainment,Smart TV,Movie C,1,47,1.06,1.99,3173,1.82,Medium,0.1,5630,
2026-01-02 07:16:00,MTN,Morocco,Zero-Rating Bundle,Smart TV,Series A,1,14,2.59,4.99,1939,0.87,Low,0.45,8672,LOW_BITRATE
2026-01-02 07:17:00,Orange,Benin,Family Entertainment,Web,Documentary D,1,58,0.68,1.99,1868,2.03,Low,0.35,4558,BUFFERING_ERROR
2026-01-02 07:18:00,MTN,Benin,OTT Weekly Pass,Mobile,Documentary D,1,106,8.19,14.99,2500,0.98,Medium,0.28,4913,
2026-01-02 07:19:00,Airtel,Senegal,Family Entertainment,STB,Series A,1,54,5.72,9.99,4293,2.55,High,0.44,1727,AUTH_ERROR
2026-01-02 07:20:00,Vodacom,Ivory Coast,OTT Daily Pass,STB,Sport Live,1,106,0.95,1.99,82,1.04,Medium,0.21,7062,
2026-01-02 07:21:00,Moov,Ivory Coast,Premium Sports Bundle,Web,Documentary D,1,84,9.16,14.99,2006,1.39,Medium,0.02,5182,AUTH_ERROR
2026-01-02 07:22:00,Vodacom,Benin,Zero-Rating Bundle,Web,Sport Live,1,87,6.92,9.99,2810,0.87,Low,0.06,8495,
2026-01-02 07:23:00,Moov,Ivory Coast,OTT Weekly Pass,Web,Movie C,1,91,1.39,1.99,967,1.68,High,0.38,3455,
2026-01-02 07:24:00,Moov,Cameroon,OTT Weekly Pass,Mobile,Sport Live,1,40,0.89,1.99,2993,2.94,High,0.37,5319,
2026-01-02 07:25:00,Orange,Ivory Coast,Premium Sports Bundle,Smart TV,Documentary D,1,74,9.32,14.99,4817,1.03,Medium,0.08,2331,
2026-01-02 07:26:00,Orange,Cameroon,OTT Weekly Pass,Mobile,Series A,1,3,1.71,4.99,1488,2.86,High,0.02,7732,LOW_BITRATE
2026-01-02 07:27:00,Airtel,Rwanda,Premium Sports Bundle,Smart TV,Movie C,1,99,2.61,4.99,3720,1.86,High,0.14,7776,AUTH_ERROR
2026-01-02 07:28:00,Vodacom,Cameroon,Zero-Rating Bundle,Mobile,Series A,1,18,5.12,14.99,2094,2.95,High,0.1,8727,AUTH_ERROR
2026-01-02 07:29:00,Vodacom,Morocco,Premium Sports Bundle,Mobile,Series A,1,78,1.95,4.99,3846,2.22,High,0.27,8479,
2026-01-02 07:30:00,Vodacom,Benin,OTT Weekly Pass,Mobile,Sport Live,1,73,1.07,1.99,72,0.13,High,0.19,5230,
2026-01-02 07:31:00,Orange,Senegal,Zero-Rating Bundle,Mobile,Movie C,1,62,2.7,4.99,279,2.73,Medium,0.05,3102,
2026-01-02 07:32:00,Vodacom,Benin,OTT Daily Pass,Smart TV,Series A,1,87,5.39,14.99,1168,0.71,High,0.2,8561,
2026-01-02 07:33:00,Airtel,Senegal,Family Entertainment,STB,Movie C,1,24,4.3,9.99,2118,1.05,Low,0.41,2617,AUTH_ERROR
2026-01-02 07:34:00,Moov,Rwanda,Premium Sports Bundle,Mobile,Kids Show,1,116,7.72,14.99,1671,3.05,Low,0.14,2276,AUTH_ERROR
2026-01-02 07:35:00,Airtel,Ivory Coast,Premium Sports Bundle,Web,Sport Live,1,112,0.87,1.99,2487,3.0,Medium,0.08,4559,
2026-01-02 07:36:00,MTN,Senegal,Premium Sports Bundle,STB,Kids Show,1,105,8.24,14.99,3068,2.91,High,0.32,2164,AUTH_ERROR
2026-01-02 07:37:00,Vodacom,Morocco,Premium Sports Bundle,Smart TV,Movie C,1,102,1.38,1.99,133,0.12,Medium,0.41,5580,
2026-01-02 07:38:00,Airtel,Ivory Coast,Premium Sports Bundle,Smart TV,Movie C,1,58,6.92,14.99,2074,1.99,High,0.29,8718,
2026-01-02 07:39:00,Moov,Cameroon,OTT Weekly Pass,STB,Sport Live,1,58,2.93,4.99,2547,0.8,Medium,0.23,5139,AUTH_ERROR
2026-01-02 07:40:00,Vodacom,Benin,OTT Daily Pass,Smart TV,Movie C,1,111,5.07,9.99,4239,3.22,High,0.44,1410,
2026-01-02 07:41:00,Orange,Cameroon,Family Entertainment,Web,Sport Live,1,43,4.5,9.99,4510,1.2,Low,0.36,1474,
2026-01-02 07:42:00,Airtel,Rwanda,Zero-Rating Bundle,Smart TV,Kids Show,1,93,6.35,14.99,1920,2.65,Low,0.44,7591,
2026-01-02 07:43:00,Orange,Benin,Premium Sports Bundle,Mobile,Movie C,1,101,5.15,9.99,3464,2.95,Low,0.24,1385,AUTH_ERROR
2026-01-02 07:44:00,Airtel,Benin,OTT Daily Pass,Web,Movie C,1,30,0.7,1.99,442,0.63,High,0.08,1024,
2026-01-02 07:45:00,Orange,Ivory Coast,OTT Daily Pass,Mobile,Documentary D,1,17,0.9,1.99,767,2.6,Medium,0.44,7374,
2026-01-02 07:46:00,Moov,Rwanda,Premium Sports Bundle,Mobile,Series A,1,25,2.28,4.99,4874,1.93,Low,0.43,6918,LOW_BITRATE
2026-01-02 07:47:00,Moov,Ivory Coast,Zero-Rating Bundle,Mobile,Movie C,1,15,3.8,9.99,3641,0.69,High,0.21,3511,BUFFERING_ERROR
2026-01-02 07:48:00,MTN,Cameroon,Premium Sports Bundle,Mobile,Movie C,1,51,5.25,9.99,2630,1.12,High,0.16,4721,
2026-01-02 07:49:00,Orange,Ivory Coast,OTT Daily Pass,Smart TV,Documentary D,1,23,5.13,9.99,3002,0.84,Low,0.27,7849,LOW_BITRATE
2026-01-02 07:50:00,MTN,Cameroon,OTT Weekly Pass,Mobile,Kids Show,1,21,3.0,4.99,388,2.11,High,0.37,3908,
2026-01-02 07:51:00,Orange,Morocco,OTT Weekly Pass,Web,Documentary D,1,104,1.94,4.99,1475,3.18,High,0.12,5846,BUFFERING_ERROR
2026-01-02 07:52:00,Orange,Cameroon,Zero-Rating Bundle,Smart TV,Sport Live,1,115,6.23,14.99,3520,2.9,High,0.02,1182,
2026-01-02 07:53:00,Orange,Senegal,OTT Daily Pass,STB,Sport Live,1,32,1.09,1.99,4455,2.5,Low,0.11,7335,BUFFERING_ERROR
2026-01-02 07:54:00,MTN,Benin,Zero-Rating Bundle,Smart TV,Documentary D,1,64,8.87,14.99,1828,3.34,High,0.31,2901,
2026-01-02 07:55:00,Orange,Benin,OTT Daily Pass,Web,Sport Live,1,11,1.38,1.99,4610,1.48,Medium,0.4,7121,
2026-01-02 07:56:00,MTN,Benin,Zero-Rating Bundle,Smart TV,Movie C,1,86,3.05,9.99,4928,2.87,Medium,0.39,2718,
2026-01-02 07:57:00,MTN,Benin,OTT Daily Pass,Web,Series A,1,85,1.19,1.99,4264,0.92,Medium,0.18,8375,
2026-01-02 07:58:00,Airtel,Cameroon,Family Entertainment,Mobile,Sport Live,1,47,5.16,14.99,407,1.75,Medium,0.29,6447,
2026-01-02 07:59:00,MTN,Cameroon,OTT Weekly Pass,STB,Sport Live,1,67,8.39,14.99,1302,1.87,Low,0.26,2963,BUFFERING_ERROR
2026-01-02 08:00:00,Moov,Morocco,OTT Weekly Pass,Web,Documentary D,1,63,7.56,14.99,101,2.03,Low,0.17,2450,
2026-01-02 08:01:00,MTN,Benin,OTT Weekly Pass,Smart TV,Kids Show,1,5,1.15,1.99,4786,3.5,Low,0.11,8138,
2026-01-02 08:02:00,MTN,Benin,Zero-Rating Bundle,Web,Kids Show,1,114,2.16,4.99,4466,2.16,High,0.11,6842,LOW_BITRATE
2026-01-02 08:03:00,MTN,Cameroon,Family Entertainment,STB,Kids Show,1,110,1.23,1.99,3902,1.22,High,0.38,5416,
2026-01-02 08:04:00,Vodacom,Rwanda,OTT Daily Pass,Web,Documentary D,1,68,7.12,14.99,532,1.63,Low,0.36,4081,
2026-01-02 08:05:00,Moov,Ivory Coast,OTT Daily Pass,STB,Documentary D,1,23,3.25,4.99,3858,2.36,High,0.23,8668,
2026-01-02 08:06:00,Orange,Ivory Coast,Zero-Rating Bundle,Smart TV,Sport Live,1,56,6.26,14.99,4451,2.49,High,0.28,5704,
2026-01-02 08:07:00,Moov,Cameroon,Zero-Rating Bundle,STB,Kids Show,1,41,4.73,9.99,4100,2.42,High,0.34,5295,BUFFERING_ERROR
2026-01-02 08:08:00,Moov,Rwanda,Zero-Rating Bundle,Smart TV,Sport Live,1,118,3.43,4.99,1321,1.4,Low,0.23,3659,
2026-01-02 08:09:00,Orange,Cameroon,Zero-Rating Bundle,STB,Series A,1,35,2.73,4.99,4183,0.12,Low,0.18,3455,LOW_BITRATE
2026-01-02 08:10:00,Orange,Morocco,Premium Sports Bundle,Smart TV,Documentary D,1,110,1.27,1.99,4326,1.39,Medium,0.4,2562,
2026-01-02 08:11:00,Moov,Senegal,OTT Weekly Pass,Smart TV,Documentary D,1,70,5.57,9.99,2439,2.69,High,0.1,1078,
2026-01-02 08:12:00,Airtel,Cameroon,OTT Daily Pass,STB,Sport Live,1,40,9.89,14.99,286,0.68,Low,0.39,6567,BUFFERING_ERROR
2026-01-02 08:13:00,Vodacom,Senegal,OTT Weekly Pass,Web,Sport Live,1,59,7.12,14.99,2325,2.36,Low,0.3,6837,AUTH_ERROR
2026-01-02 08:14:00,Orange,Rwanda,Premium Sports Bundle,Mobile,Series A,1,39,0.74,1.99,2798,2.42,Medium,0.07,6242,
2026-01-02 08:15:00,Airtel,Benin,Zero-Rating Bundle,STB,Series A,1,63,1.33,1.99,4077,1.11,High,0.17,5152,LOW_BITRATE
2026-01-02 08:16:00,Orange,Ivory Coast,OTT Weekly Pass,Smart TV,Series A,1,90,3.44,9.99,2870,1.7,High,0.18,2945,LOW_BITRATE
2026-01-02 08:17:00,Airtel,Cameroon,Premium Sports Bundle,Web,Kids Show,1,72,4.71,9.99,4284,2.38,High,0.41,8177,
2026-01-02 08:18:00,Orange,Senegal,Premium Sports Bundle,Web,Sport Live,1,85,8.96,14.99,2314,0.8,High,0.19,1799,
2026-01-02 08:19:00,Orange,Senegal,OTT Weekly Pass,Smart TV,Documentary D,1,26,0.96,1.99,2524,1.23,Low,0.33,5646,LOW_BITRATE
2026-01-02 08:20:00,Vodacom,Senegal,OTT Weekly Pass,Smart TV,Sport Live,1,61,6.08,14.99,788,1.58,Low,0.07,3515,LOW_BITRATE
2026-01-02 08:21:00,Orange,Rwanda,Zero-Rating Bundle,Web,Movie C,1,19,5.61,9.99,164,0.99,Medium,0.11,3092,AUTH_ERROR
2026-01-02 08:22:00,MTN,Senegal,OTT Daily Pass,Mobile,Series A,1,32,0.81,1.99,2654,3.16,Low,0.31,5552,
2026-01-02 08:23:00,Vodacom,Benin,Premium Sports Bundle,Mobile,Movie C,1,13,0.88,1.99,2038,1.05,Medium,0.3,3201,BUFFERING_ERROR
2026-01-02 08:24:00,Airtel,Cameroon,OTT Weekly Pass,Mobile,Series A,1,29,6.44,9.99,1168,2.46,Low,0.19,4881,BUFFERING_ERROR
2026-01-02 08:25:00,Vodacom,Benin,Zero-Rating Bundle,STB,Kids Show,1,100,7.67,14.99,3602,0.51,Low,0.19,8423,BUFFERING_ERROR
2026-01-02 08:26:00,Airtel,Ivory Coast,Zero-Rating Bundle,STB,Documentary D,1,35,5.31,9.99,3428,1.04,Low,0.26,4975,LOW_BITRATE
2026-01-02 08:27:00,Vodacom,Rwanda,Zero-Rating Bundle,Smart TV,Series A,1,84,2.88,4.99,2368,1.66,High,0.15,2219,AUTH_ERROR
2026-01-02 08:28:00,MTN,Rwanda,OTT Weekly Pass,Web,Sport Live,1,8,0.66,1.99,3641,1.94,Medium,0.02,6101,
2026-01-02 08:29:00,MTN,Ivory Coast,OTT Weekly Pass,STB,Movie C,1,106,2.73,4.99,153,2.81,High,0.21,6680,
2026-01-02 08:30:00,Orange,Senegal,Family Entertainment,Mobile,Kids Show,1,111,5.05,14.99,3465,1.13,Low,0.12,6830,BUFFERING_ERROR
2026-01-02 08:31:00,Vodacom,Cameroon,OTT Daily Pass,Mobile,Series A,1,20,3.21,4.99,2594,2.22,Low,0.15,527,
2026-01-02 08:32:00,Moov,Cameroon,OTT Weekly Pass,STB,Documentary D,1,4,2.88,4.99,2985,0.61,Low,0.24,3630,BUFFERING_ERROR
2026-01-02 08:33:00,Vodacom,Ivory Coast,Zero-Rating Bundle,Smart TV,Movie C,1,60,5.1,9.99,2568,2.89,High,0.17,6906,AUTH_ERROR
2026-01-02 08:34:00,Vodacom,Cameroon,OTT Daily Pass,Web,Movie C,1,78,5.28,9.99,4289,1.51,High,0.32,4982,
2026-01-02 08:35:00,MTN,Morocco,OTT Daily Pass,Web,Movie C,1,24,6.78,14.99,2515,1.58,Low,0.35,8704,
2026-01-02 08:36:00,MTN,Benin,Zero-Rating Bundle,Web,Documentary D,1,12,0.9,1.99,3758,0.72,High,0.11,6835,BUFFERING_ERROR
2026-01-02 08:37:00,Airtel,Ivory Coast,OTT Daily Pass,Smart TV,Kids Show,1,63,1.34,1.99,4420,1.41,Medium,0.16,7689,
2026-01-02 08:38:00,Orange,Ivory Coast,Family Entertainment,Web,Series A,1,94,1.25,1.99,362,2.69,Low,0.28,4733,
2026-01-02 08:39:00,Moov,Benin,OTT Weekly Pass,Smart TV,Kids Show,1,18,2.26,4.99,3557,0.42,Low,0.21,1856,
2026-01-02 08:40:00,Vodacom,Morocco,Family Entertainment,Mobile,Kids Show,1,112,0.7,1.99,1568,3.39,Medium,0.16,2067,
2026-01-02 08:41:00,Vodacom,Cameroon,Premium Sports Bundle,Mobile,Sport Live,1,109,8.1,14.99,415,3.12,High,0.03,8226,LOW_BITRATE
2026-01-02 08:42:00,Moov,Benin,OTT Daily Pass,STB,Sport Live,1,6,9.26,14.99,68,0.42,High,0.22,2658,
2026-01-02 08:43:00,Orange,Rwanda,OTT Weekly Pass,Web,Sport Live,1,53,3.12,9.99,4176,2.87,Medium,0.22,896,
2026-01-02 08:44:00,Orange,Rwanda,OTT Weekly Pass,Mobile,Kids Show,1,56,6.96,9.99,3324,2.76,Medium,0.37,7601,AUTH_ERROR
2026-01-02 08:45:00,Orange,Senegal,Premium Sports Bundle,Smart TV,Series A,1,63,5.48,9.99,669,0.49,High,0.43,2133,
2026-01-02 08:46:00,Airtel,Rwanda,OTT Daily Pass,STB,Sport Live,1,54,5.6,9.99,3076,0.54,Medium,0.28,3450,
2026-01-02 08:47:00,Orange,Cameroon,OTT Daily Pass,Mobile,Documentary D,1,117,1.01,1.99,2711,1.0,Medium,0.42,8848,BUFFERING_ERROR
2026-01-02 08:48:00,Vodacom,Cameroon,OTT Daily Pass,STB,Sport Live,1,64,5.84,9.99,831,0.82,Low,0.34,7609,AUTH_ERROR
2026-01-02 08:49:00,Moov,Cameroon,Family Entertainment,Web,Kids Show,1,60,8.89,14.99,3837,3.09,High,0.29,7440,
2026-01-02 08:50:00,Orange,Senegal,Family Entertainment,Web,Documentary D,1,1,9.41,14.99,280,2.74,High,0.14,3961,AUTH_ERROR
2026-01-02 08:51:00,MTN,Ivory Coast,OTT Weekly Pass,Smart TV,Sport Live,1,106,7.31,14.99,2657,1.76,Low,0.33,1854,
2026-01-02 08:52:00,Airtel,Benin,Zero-Rating Bundle,Mobile,Movie C,1,29,2.47,4.99,2208,2.45,High,0.17,6904,AUTH_ERROR
2026-01-02 08:53:00,MTN,Rwanda,OTT Weekly Pass,Smart TV,Documentary D,1,66,3.29,4.99,4068,2.41,High,0.43,817,BUFFERING_ERROR
2026-01-02 08:54:00,MTN,Ivory Coast,OTT Daily Pass,Smart TV,Movie C,1,50,1.35,1.99,902,1.23,Medium,0.13,2098,BUFFERING_ERROR
2026-01-02 08:55:00,Airtel,Rwanda,Family Entertainment,Web,Kids Show,1,48,7.36,14.99,3562,1.35,Medium,0.02,5320,
2026-01-02 08:56:00,Moov,Benin,Premium Sports Bundle,Smart TV,Series A,1,48,2.5,4.99,3563,3.47,High,0.04,1856,AUTH_ERROR
2026-01-02 08:57:00,Vodacom,Senegal,Premium Sports Bundle,Smart TV,Sport Live,1,8,7.36,14.99,3467,0.14,Medium,0.11,5500,BUFFERING_ERROR
2026-01-02 08:58:00,Moov,Senegal,Zero-Rating Bundle,Web,Movie C,1,71,2.76,4.99,2608,3.37,Low,0.03,6336,
2026-01-02 08:59:00,Airtel,Senegal,Premium Sports Bundle,Web,Documentary D,1,91,0.85,1.99,4065,3.44,Low,0.26,881,
2026-01-02 09:00:00,Airtel,Rwanda,Family Entertainment,STB,Sport Live,1,110,0.66,1.99,2709,0.95,High,0.17,3005,AUTH_ERROR
2026-01-02 09:01:00,MTN,Morocco,OTT Weekly Pass,Smart TV,Sport Live,1,29,2.2,4.99,3104,2.05,Medium,0.08,8044,
2026-01-02 09:02:00,Vodacom,Senegal,OTT Weekly Pass,Smart TV,Movie C,1,112,3.59,9.99,4348,2.83,High,0.34,2463,LOW_BITRATE
2026-01-02 09:03:00,MTN,Cameroon,OTT Daily Pass,STB,Documentary D,1,4,2.92,4.99,303,0.89,Medium,0.02,2539,
2026-01-02 09:04:00,MTN,Cameroon,Family Entertainment,Smart TV,Documentary D,1,93,0.61,1.99,3942,1.61,Low,0.31,1358,
2026-01-02 09:05:00,Moov,Cameroon,Premium Sports Bundle,Smart TV,Kids Show,1,5,9.69,14.99,1743,2.53,High,0.38,8818,
2026-01-02 09:06:00,Airtel,Cameroon,OTT Daily Pass,Web,Movie C,1,91,6.51,9.99,3960,2.12,Medium,0.15,8126,BUFFERING_ERROR
2026-01-02 09:07:00,MTN,Rwanda,Zero-Rating Bundle,Smart TV,Documentary D,1,24,7.11,14.99,4999,3.02,Low,0.37,4362,
2026-01-02 09:08:00,MTN,Senegal,OTT Daily Pass,Smart TV,Sport Live,1,27,1.3,1.99,3648,2.86,Medium,0.13,7812,AUTH_ERROR
2026-01-02 09:09:00,MTN,Benin,Family Entertainment,STB,Series A,1,60,7.37,14.99,1582,2.57,High,0.1,1308,LOW_BITRATE
2026-01-02 09:10:00,Airtel,Senegal,Family Entertainment,Mobile,Sport Live,1,7,2.99,4.99,3866,2.39,High,0.24,3956,BUFFERING_ERROR
2026-01-02 09:11:00,Orange,Ivory Coast,Family Entertainment,Mobile,Kids Show,1,67,0.61,1.99,4487,2.59,High,0.1,3095,AUTH_ERROR
2026-01-02 09:12:00,Moov,Rwanda,OTT Daily Pass,STB,Documentary D,1,56,5.37,14.99,662,2.59,Medium,0.26,3518,BUFFERING_ERROR
2026-01-02 09:13:00,Vodacom,Senegal,Zero-Rating Bundle,STB,Sport Live,1,44,10.15,14.99,600,2.07,Low,0.14,4972,
2026-01-02 09:14:00,Orange,Cameroon,OTT Weekly Pass,STB,Movie C,1,2,6.01,9.99,1270,1.44,Medium,0.39,559,BUFFERING_ERROR
2026-01-02 09:15:00,Orange,Ivory Coast,Zero-Rating Bundle,Smart TV,Documentary D,1,28,8.5,14.99,3381,1.73,High,0.17,1240,
2026-01-02 09:16:00,Vodacom,Ivory Coast,Premium Sports Bundle,Smart TV,Sport Live,1,102,1.17,1.99,2016,1.04,High,0.15,2200,BUFFERING_ERROR
2026-01-02 09:17:00,Airtel,Cameroon,OTT Weekly Pass,STB,Kids Show,1,56,3.26,4.99,2910,0.77,Medium,0.22,6961,LOW_BITRATE
2026-01-02 09:18:00,MTN,Ivory Coast,Zero-Rating Bundle,Smart TV,Series A,1,34,0.73,1.99,1352,1.31,Medium,0.32,7247,BUFFERING_ERROR
2026-01-02 09:19:00,Airtel,Benin,OTT Weekly Pass,Smart TV,Sport Live,1,88,9.37,14.99,2750,1.82,Medium,0.04,5570,BUFFERING_ERROR
2026-01-02 09:20:00,Vodacom,Ivory Coast,Family Entertainment,Mobile,Kids Show,1,15,1.39,1.99,2225,0.95,Medium,0.13,6913,
2026-01-02 09:21:00,Moov,Cameroon,Premium Sports Bundle,STB,Series A,1,102,0.62,1.99,732,1.7,Medium,0.37,3580,
2026-01-02 09:22:00,Airtel,Senegal,OTT Daily Pass,STB,Movie C,1,63,3.4,9.99,4900,0.36,High,0.13,5230,BUFFERING_ERROR
2026-01-02 09:23:00,Moov,Rwanda,OTT Weekly Pass,Mobile,Kids Show,1,14,7.56,14.99,632,0.45,Low,0.07,2387,
2026-01-02 09:24:00,Vodacom,Cameroon,OTT Daily Pass,STB,Documentary D,1,8,4.72,14.99,1986,0.8,High,0.42,2618,
2026-01-02 09:25:00,Orange,Morocco,OTT Weekly Pass,STB,Movie C,1,49,6.65,9.99,3489,2.4,Low,0.38,4405,AUTH_ERROR
2026-01-02 09:26:00,Orange,Cameroon,OTT Weekly Pass,Mobile,Sport Live,1,103,3.04,4.99,1221,0.78,High,0.06,3753,
2026-01-02 09:27:00,Orange,Morocco,Premium Sports Bundle,Smart TV,Series A,1,28,1.16,1.99,4005,2.84,High,0.19,3334,
2026-01-02 09:28:00,Moov,Benin,OTT Weekly Pass,Mobile,Sport Live,1,114,7.88,14.99,4232,1.29,High,0.06,3111,AUTH_ERROR
2026-01-02 09:29:00,Orange,Morocco,OTT Weekly Pass,Mobile,Kids Show,1,100,5.41,9.99,3067,1.95,Low,0.34,6658,
2026-01-02 09:30:00,Moov,Ivory Coast,Family Entertainment,Mobile,Series A,1,76,1.18,1.99,311,1.4,Medium,0.02,4717,
2026-01-02 09:31:00,Orange,Cameroon,OTT Daily Pass,Web,Kids Show,1,118,2.67,4.99,1791,2.35,Medium,0.36,3627,BUFFERING_ERROR
2026-01-02 09:32:00,Moov,Senegal,OTT Daily Pass,Web,Series A,1,56,7.94,14.99,1376,2.34,Medium,0.18,1824,
2026-01-02 09:33:00,MTN,Benin,Family Entertainment,Web,Movie C,1,88,0.79,1.99,2088,1.43,High,0.15,8139,BUFFERING_ERROR
2026-01-02 09:34:00,Orange,Morocco,OTT Daily Pass,Web,Sport Live,1,103,5.5,9.99,446,1.91,Low,0.24,8344,
2026-01-02 09:35:00,Moov,Benin,Premium Sports Bundle,Mobile,Movie C,1,56,0.61,1.99,505,1.13,High,0.1,8115,AUTH_ERROR
2026-01-02 09:36:00,Vodacom,Morocco,OTT Weekly Pass,Smart TV,Sport Live,1,4,5.07,14.99,4745,0.7,Low,0.2,3081,
2026-01-02 09:37:00,MTN,Rwanda,Premium Sports Bundle,Smart TV,Documentary D,1,36,1.34,1.99,1921,1.6,High,0.3,7332,LOW_BITRATE
2026-01-02 09:38:00,Moov,Cameroon,OTT Weekly Pass,Web,Documentary D,1,59,0.9,1.99,1449,3.45,High,0.24,3717,LOW_BITRATE
2026-01-02 09:39:00,Airtel,Morocco,OTT Daily Pass,Mobile,Documentary D,1,80,1.23,1.99,4120,0.64,High,0.43,653,
2026-01-02 09:40:00,MTN,Morocco,Premium Sports Bundle,Smart TV,Documentary D,1,44,0.81,1.99,3389,0.55,Low,0.07,2961,
2026-01-02 09:41:00,Airtel,Morocco,OTT Weekly Pass,STB,Documentary D,1,109,1.17,1.99,187,0.47,Medium,0.06,7101,AUTH_ERROR
2026-01-02 09:42:00,Orange,Senegal,OTT Weekly Pass,Web,Movie C,1,83,2.58,4.99,1354,2.16,Low,0.43,3334,
2026-01-02 09:43:00,Orange,Senegal,Zero-Rating Bundle,Web,Sport Live,1,98,0.88,1.99,204,1.65,Medium,0.15,6883,BUFFERING_ERROR
2026-01-02 09:44:00,Orange,Cameroon,Family Entertainment,STB,Documentary D,1,111,6.22,9.99,2056,1.16,Low,0.02,7019,
2026-01-02 09:45:00,Moov,Morocco,Premium Sports Bundle,Web,Movie C,1,69,6.74,9.99,1341,0.84,Medium,0.17,7800,LOW_BITRATE
2026-01-02 09:46:00,Airtel,Rwanda,Family Entertainment,Smart TV,Sport Live,1,119,2.77,4.99,4208,0.52,High,0.29,3220,
2026-01-02 09:47:00,MTN,Morocco,OTT Daily Pass,Smart TV,Movie C,1,52,0.66,1.99,4963,1.85,High,0.11,2021,AUTH_ERROR
2026-01-02 09:48:00,Vodacom,Cameroon,OTT Weekly Pass,STB,Documentary D,1,9,0.89,1.99,2029,1.11,Medium,0.16,2790,BUFFERING_ERROR
2026-01-02 09:49:00,Airtel,Benin,OTT Weekly Pass,Smart TV,Series A,1,98,0.74,1.99,1180,3.29,Medium,0.31,8997,
2026-01-02 09:50:00,Vodacom,Ivory Coast,OTT Daily Pass,Mobile,Documentary D,1,54,0.71,1.99,876,1.91,Low,0.32,7633,
2026-01-02 09:51:00,MTN,Benin,OTT Daily Pass,STB,Documentary D,1,12,1.3,1.99,3914,1.88,Low,0.35,3230,LOW_BITRATE
2026-01-02 09:52:00,Airtel,Morocco,Premium Sports Bundle,STB,Series A,1,20,6.81,14.99,3094,1.9,Medium,0.31,3783,
2026-01-02 09:53:00,Vodacom,Ivory Coast,OTT Daily Pass,Web,Series A,1,21,5.18,14.99,2337,0.36,High,0.15,652,
2026-01-02 09:54:00,Orange,Ivory Coast,OTT Weekly Pass,Web,Movie C,1,26,1.13,1.99,3195,1.99,Low,0.39,5461,
2026-01-02 09:55:00,Orange,Ivory Coast,Family Entertainment,STB,Kids Show,1,41,3.18,4.99,3720,0.7,Low,0.09,4207,
2026-01-02 09:56:00,MTN,Morocco,Premium Sports Bundle,Mobile,Movie C,1,55,2.12,4.99,2052,1.51,Medium,0.31,1378,LOW_BITRATE
2026-01-02 09:57:00,MTN,Benin,OTT Weekly Pass,Smart TV,Series A,1,39,1.18,1.99,2282,3.13,Low,0.33,8014,BUFFERING_ERROR
2026-01-02 09:58:00,MTN,Benin,OTT Weekly Pass,Web,Movie C,1,58,0.79,1.99,2889,2.44,Medium,0.36,6790,AUTH_ERROR
2026-01-02 09:59:00,Orange,Morocco,Family Entertainment,Smart TV,Movie C,1,88,2.72,4.99,3418,3.49,Low,0.04,8045,LOW_BITRATE
2026-01-02 10:00:00,Moov,Ivory Coast,OTT Weekly Pass,STB,Documentary D,1,72,10.2,14.99,3135,1.3,High,0.17,2699,BUFFERING_ERROR
2026-01-02 10:01:00,Vodacom,Senegal,Family Entertainment,STB,Movie C,1,106,6.27,9.99,718,2.38,Low,0.21,912,
2026-01-02 10:02:00,Vodacom,Senegal,OTT Weekly Pass,STB,Series A,1,104,3.46,9.99,1127,2.96,High,0.36,6773,LOW_BITRATE
2026-01-02 10:03:00,Vodacom,Benin,Family Entertainment,Web,Movie C,1,12,2.9,4.99,1057,0.92,Low,0.06,7345,LOW_BITRATE
2026-01-02 10:04:00,MTN,Morocco,OTT Daily Pass,Web,Sport Live,1,8,4.39,9.99,2324,3.26,Low,0.22,7108,AUTH_ERROR
2026-01-02 10:05:00,Orange,Senegal,Zero-Rating Bundle,Web,Kids Show,1,61,5.28,9.99,1480,2.06,High,0.29,695,AUTH_ERROR
2026-01-02 10:06:00,Moov,Rwanda,OTT Daily Pass,Smart TV,Movie C,1,36,5.7,9.99,2206,2.03,High,0.36,6842,AUTH_ERROR
2026-01-02 10:07:00,Vodacom,Senegal,Premium Sports Bundle,Mobile,Documentary D,1,41,4.16,9.99,761,2.59,Low,0.12,3399,LOW_BITRATE
2026-01-02 10:08:00,Vodacom,Ivory Coast,Premium Sports Bundle,Web,Sport Live,1,42,1.24,1.99,2014,2.13,High,0.24,8614,
2026-01-02 10:09:00,Orange,Benin,Family Entertainment,Web,Sport Live,1,85,1.59,4.99,2203,1.89,Medium,0.13,1490,
2026-01-02 10:10:00,Moov,Cameroon,Family Entertainment,Mobile,Movie C,1,108,1.73,4.99,2444,2.28,High,0.16,5042,
2026-01-02 10:11:00,Airtel,Cameroon,Family Entertainment,Smart TV,Kids Show,1,9,4.8,14.99,1475,2.49,Medium,0.01,2998,LOW_BITRATE
2026-01-02 10:12:00,Orange,Cameroon,OTT Daily Pass,Web,Kids Show,1,31,4.73,9.99,1936,1.4,High,0.1,7603,
2026-01-02 10:13:00,Airtel,Senegal,OTT Weekly Pass,STB,Kids Show,1,34,1.54,4.99,1402,0.7,Medium,0.33,3351,
2026-01-02 10:14:00,MTN,Rwanda,Family Entertainment,Web,Kids Show,1,99,0.63,1.99,2131,2.72,Medium,0.23,4964,LOW_BITRATE
2026-01-02 10:15:00,Orange,Senegal,Zero-Rating Bundle,STB,Documentary D,1,24,3.97,9.99,3818,3.47,Medium,0.31,3250,
2026-01-02 10:16:00,Vodacom,Morocco,Family Entertainment,Smart TV,Documentary D,1,119,7.96,14.99,1991,1.67,Medium,0.16,1623,
2026-01-02 10:17:00,Vodacom,Cameroon,OTT Weekly Pass,Mobile,Sport Live,1,118,4.26,9.99,3161,0.43,Medium,0.4,3379,
2026-01-02 10:18:00,Airtel,Ivory Coast,Zero-Rating Bundle,Web,Sport Live,1,113,2.12,4.99,4224,3.11,Low,0.38,2863,
2026-01-02 10:19:00,Orange,Ivory Coast,OTT Daily Pass,Web,Documentary D,1,66,1.78,4.99,1985,2.76,Medium,0.3,664,
2026-01-02 10:20:00,MTN,Cameroon,OTT Weekly Pass,STB,Series A,1,21,1.37,1.99,2542,0.91,Low,0.21,3383,BUFFERING_ERROR
2026-01-02 10:21:00,Airtel,Cameroon,Zero-Rating Bundle,Web,Movie C,1,103,2.19,4.99,510,2.71,Low,0.19,8563,AUTH_ERROR
2026-01-02 10:22:00,MTN,Morocco,Zero-Rating Bundle,STB,Series A,1,58,6.25,14.99,4230,0.21,Medium,0.25,8402,BUFFERING_ERROR
2026-01-02 10:23:00,Airtel,Cameroon,OTT Daily Pass,Mobile,Sport Live,1,92,0.94,1.99,2020,1.99,Medium,0.29,5180,
2026-01-02 10:24:00,MTN,Rwanda,OTT Weekly Pass,STB,Movie C,1,93,0.94,1.99,2613,2.98,Low,0.35,6264,AUTH_ERROR
2026-01-02 10:25:00,Vodacom,Morocco,Premium Sports Bundle,STB,Series A,1,6,3.98,9.99,4905,1.48,Low,0.02,789,
2026-01-02 10:26:00,Orange,Ivory Coast,OTT Weekly Pass,STB,Kids Show,1,5,8.16,14.99,1162,3.24,Medium,0.26,4691,
2026-01-02 10:27:00,Orange,Senegal,Premium Sports Bundle,Mobile,Movie C,1,32,6.59,9.99,1385,2.77,High,0.2,8957,BUFFERING_ERROR
2026-01-02 10:28:00,Airtel,Cameroon,Zero-Rating Bundle,STB,Sport Live,1,11,7.77,14.99,956,1.34,High,0.19,7185,BUFFERING_ERROR
2026-01-02 10:29:00,MTN,Rwanda,OTT Daily Pass,Web,Documentary D,1,34,3.05,4.99,4777,1.61,Low,0.14,4697,LOW_BITRATE
2026-01-02 10:30:00,MTN,Ivory Coast,OTT Daily Pass,Smart TV,Sport Live,1,68,5.86,9.99,360,1.83,High,0.11,4932,
2026-01-02 10:31:00,Airtel,Rwanda,Family Entertainment,Mobile,Kids Show,1,5,0.73,1.99,4708,3.31,High,0.25,8558,
2026-01-02 10:32:00,MTN,Senegal,Family Entertainment,Web,Movie C,1,18,7.66,14.99,1029,2.21,High,0.24,829,LOW_BITRATE
2026-01-02 10:33:00,Vodacom,Cameroon,OTT Daily Pass,Smart TV,Kids Show,1,94,0.97,1.99,3305,1.39,Medium,0.02,931,AUTH_ERROR
2026-01-02 10:34:00,MTN,Ivory Coast,OTT Weekly Pass,Web,Movie C,1,96,8.68,14.99,4306,0.2,Low,0.08,3627,LOW_BITRATE
2026-01-02 10:35:00,Vodacom,Ivory Coast,Zero-Rating Bundle,Web,Sport Live,1,99,2.54,4.99,2788,2.68,High,0.12,5928,
2026-01-02 10:36:00,Airtel,Cameroon,Family Entertainment,STB,Movie C,1,96,4.7,9.99,3490,1.67,High,0.21,1897,
2026-01-02 10:37:00,Airtel,Morocco,Family Entertainment,STB,Movie C,1,17,0.87,1.99,3840,2.02,High,0.39,5891,
2026-01-02 10:38:00,Orange,Ivory Coast,Family Entertainment,STB,Kids Show,1,80,0.63,1.99,1557,1.52,Medium,0.31,4773,
2026-01-02 10:39:00,Vodacom,Rwanda,Family Entertainment,Smart TV,Sport Live,1,109,0.68,1.99,4765,0.81,High,0.42,4379,
2026-01-02 10:40:00,Vodacom,Ivory Coast,Family Entertainment,Smart TV,Movie C,1,32,5.05,9.99,4583,0.68,High,0.12,8810,AUTH_ERROR
2026-01-02 10:41:00,MTN,Rwanda,Premium Sports Bundle,STB,Series A,1,105,5.46,9.99,2928,0.71,Low,0.14,8702,
2026-01-02 10:42:00,Moov,Rwanda,OTT Weekly Pass,STB,Series A,1,21,10.3,14.99,2432,2.7,Medium,0.19,7578,
2026-01-02 10:43:00,Vodacom,Morocco,OTT Weekly Pass,Smart TV,Series A,1,6,8.21,14.99,3212,2.23,High,0.05,7348,LOW_BITRATE
2026-01-02 10:44:00,Vodacom,Rwanda,OTT Daily Pass,STB,Documentary D,1,92,6.28,14.99,1429,2.66,High,0.25,4455,LOW_BITRATE
2026-01-02 10:45:00,Moov,Ivory Coast,OTT Weekly Pass,Web,Movie C,1,45,5.38,9.99,4350,1.67,Low,0.26,5141,BUFFERING_ERROR
2026-01-02 10:46:00,Vodacom,Senegal,OTT Daily Pass,Web,Sport Live,1,56,6.97,9.99,3613,3.18,Low,0.11,907,AUTH_ERROR
2026-01-02 10:47:00,MTN,Rwanda,Zero-Rating Bundle,STB,Movie C,1,39,2.73,4.99,357,1.72,Medium,0.34,7792,
2026-01-02 10:48:00,MTN,Senegal,OTT Weekly Pass,Smart TV,Sport Live,1,1,10.49,14.99,4989,0.28,High,0.44,5240,BUFFERING_ERROR
2026-01-02 10:49:00,MTN,Benin,OTT Weekly Pass,Web,Documentary D,1,116,1.39,1.99,1260,3.06,Low,0.03,1525,AUTH_ERROR
2026-01-02 10:50:00,Vodacom,Benin,OTT Daily Pass,STB,Kids Show,1,23,5.26,9.99,1544,2.96,Low,0.31,1628,
2026-01-02 10:51:00,MTN,Morocco,Premium Sports Bundle,Web,Kids Show,1,32,1.34,1.99,941,3.44,Low,0.16,7345,
2026-01-02 10:52:00,Vodacom,Senegal,Family Entertainment,STB,Kids Show,1,70,6.13,14.99,4483,3.32,Low,0.4,7250,
2026-01-02 10:53:00,MTN,Morocco,OTT Daily Pass,STB,Documentary D,1,106,2.67,4.99,1721,3.02,Medium,0.18,6879,
2026-01-02 10:54:00,Vodacom,Ivory Coast,OTT Weekly Pass,STB,Sport Live,1,44,2.23,4.99,3610,3.28,Low,0.17,3101,
2026-01-02 10:55:00,Orange,Benin,OTT Weekly Pass,Mobile,Kids Show,1,44,0.99,1.99,4260,1.01,Medium,0.22,2652,
2026-01-02 10:56:00,Airtel,Morocco,Premium Sports Bundle,Smart TV,Sport Live,1,40,6.07,9.99,3053,0.11,High,0.05,3560,
2026-01-02 10:57:00,Vodacom,Morocco,Premium Sports Bundle,Mobile,Movie C,1,95,1.22,1.99,1084,1.74,Low,0.02,5035,AUTH_ERROR
2026-01-02 10:58:00,Airtel,Cameroon,Zero-Rating Bundle,Mobile,Sport Live,1,17,2.55,4.99,1060,3.24,Medium,0.05,1358,BUFFERING_ERROR
2026-01-02 10:59:00,Orange,Cameroon,Zero-Rating Bundle,Smart TV,Sport Live,1,42,0.86,1.99,69,1.33,Low,0.11,7523,
2026-01-02 11:00:00,Orange,Ivory Coast,Zero-Rating Bundle,Mobile,Movie C,1,83,1.67,4.99,4137,1.62,Low,0.14,8429,LOW_BITRATE
2026-01-02 11:01:00,Orange,Senegal,OTT Weekly Pass,Smart TV,Sport Live,1,55,7.19,14.99,1511,2.97,Medium,0.23,7146,
2026-01-02 11:02:00,Orange,Senegal,OTT Daily Pass,STB,Movie C,1,112,1.27,1.99,2560,2.96,Low,0.11,4381,LOW_BITRATE
2026-01-02 11:03:00,MTN,Rwanda,OTT Weekly Pass,Mobile,Sport Live,1,66,10.1,14.99,2670,2.89,Medium,0.05,3080,
2026-01-02 11:04:00,Airtel,Ivory Coast,Premium Sports Bundle,Smart TV,Series A,1,37,1.8,4.99,1771,1.84,Medium,0.27,5320,
2026-01-02 11:05:00,Orange,Cameroon,OTT Weekly Pass,Web,Sport Live,1,74,3.49,9.99,753,2.23,Medium,0.05,6968,
2026-01-02 11:06:00,Vodacom,Cameroon,Family Entertainment,Smart TV,Series A,1,80,4.3,9.99,4263,2.57,Medium,0.33,7881,LOW_BITRATE
2026-01-02 11:07:00,Airtel,Morocco,OTT Daily Pass,Web,Kids Show,1,112,1.25,1.99,1878,2.73,Low,0.09,3510,LOW_BITRATE
2026-01-02 11:08:00,Airtel,Rwanda,OTT Daily Pass,Web,Movie C,1,111,0.78,1.99,1496,2.92,High,0.39,7240,
2026-01-02 11:09:00,Airtel,Benin,Zero-Rating Bundle,Smart TV,Kids Show,1,29,1.16,1.99,1285,0.48,High,0.15,6887,
2026-01-02 11:10:00,Vodacom,Senegal,OTT Weekly Pass,Mobile,Kids Show,1,27,4.57,14.99,3474,0.55,High,0.16,8783,AUTH_ERROR
2026-01-02 11:11:00,Vodacom,Morocco,OTT Daily Pass,STB,Series A,1,28,3.31,4.99,825,2.0,Low,0.44,1593,BUFFERING_ERROR
2026-01-02 11:12:00,Airtel,Benin,Zero-Rating Bundle,Web,Documentary D,1,4,5.37,9.99,4420,1.78,Low,0.34,603,
2026-01-02 11:13:00,Orange,Cameroon,Zero-Rating Bundle,STB,Movie C,1,68,7.88,14.99,3905,2.96,Low,0.14,4378,
2026-01-02 11:14:00,MTN,Rwanda,OTT Daily Pass,STB,Kids Show,1,61,6.59,14.99,2161,1.44,High,0.42,952,
2026-01-02 11:15:00,MTN,Benin,Family Entertainment,Smart TV,Series A,1,106,1.66,4.99,689,2.45,Low,0.22,5010,AUTH_ERROR
2026-01-02 11:16:00,Vodacom,Cameroon,Zero-Rating Bundle,STB,Series A,1,78,0.68,1.99,1512,0.41,Low,0.26,8938,LOW_BITRATE
2026-01-02 11:17:00,MTN,Ivory Coast,OTT Daily Pass,Web,Documentary D,1,27,2.28,4.99,3212,3.24,Medium,0.34,4619,
2026-01-02 11:18:00,Vodacom,Benin,Zero-Rating Bundle,STB,Kids Show,1,86,1.72,4.99,4445,3.38,Low,0.08,2269,AUTH_ERROR
2026-01-02 11:19:00,Airtel,Senegal,Zero-Rating Bundle,Web,Documentary D,1,6,0.73,1.99,1772,0.42,High,0.4,5473,AUTH_ERROR
2026-01-02 11:20:00,Orange,Morocco,Zero-Rating Bundle,Smart TV,Series A,1,55,3.21,4.99,4730,2.76,High,0.21,8974,
2026-01-02 11:21:00,Moov,Rwanda,Zero-Rating Bundle,Smart TV,Series A,1,14,2.58,4.99,1237,0.8,Low,0.44,3504,AUTH_ERROR
2026-01-02 11:22:00,Orange,Ivory Coast,OTT Daily Pass,Web,Series A,1,73,2.52,4.99,2916,3.22,Medium,0.11,6541,LOW_BITRATE
2026-01-02 11:23:00,Orange,Morocco,Premium Sports Bundle,Mobile,Kids Show,1,103,2.58,4.99,4253,0.58,Low,0.06,3701,BUFFERING_ERROR
2026-01-02 11:24:00,Orange,Ivory Coast,Premium Sports Bundle,Smart TV,Series A,1,25,9.24,14.99,1562,3.12,Low,0.43,3439,
2026-01-02 11:25:00,MTN,Morocco,Family Entertainment,STB,Sport Live,1,120,0.63,1.99,2157,0.24,Medium,0.32,716,AUTH_ERROR
2026-01-02 11:26:00,Orange,Ivory Coast,Family Entertainment,Web,Series A,1,11,6.0,9.99,3999,1.45,Low,0.07,6239,BUFFERING_ERROR
2026-01-02 11:27:00,Vodacom,Ivory Coast,Zero-Rating Bundle,Mobile,Kids Show,1,57,1.2,1.99,2440,1.04,High,0.15,2111,BUFFERING_ERROR
2026-01-02 11:28:00,Orange,Rwanda,Premium Sports Bundle,STB,Movie C,1,79,1.38,1.99,869,0.84,Medium,0.3,1270,AUTH_ERROR
2026-01-02 11:29:00,Airtel,Benin,OTT Daily Pass,Mobile,Documentary D,1,43,4.02,9.99,3566,0.7,Low,0.27,7651,BUFFERING_ERROR
2026-01-02 11:30:00,Vodacom,Senegal,Family Entertainment,Smart TV,Series A,1,116,6.41,14.99,669,1.71,Low,0.03,2241,
2026-01-02 11:31:00,Orange,Senegal,Zero-Rating Bundle,STB,Documentary D,1,34,2.99,4.99,4722,1.79,High,0.27,2373,
2026-01-02 11:32:00,Orange,Rwanda,Premium Sports Bundle,Web,Documentary D,1,15,1.09,1.99,2851,3.14,High,0.1,4260,AUTH_ERROR
2026-01-02 11:33:00,Orange,Senegal,OTT Daily Pass,Mobile,Movie C,1,87,0.98,1.99,3822,1.93,Low,0.11,7189,AUTH_ERROR
2026-01-02 11:34:00,Airtel,Ivory Coast,Zero-Rating Bundle,Smart TV,Sport Live,1,42,0.65,1.99,3160,2.03,High,0.2,6263,
2026-01-02 11:35:00,Moov,Ivory Coast,Premium Sports Bundle,STB,Movie C,1,32,9.69,14.99,3764,0.47,High,0.12,2074,BUFFERING_ERROR
2026-01-02 11:36:00,Moov,Cameroon,OTT Daily Pass,Mobile,Sport Live,1,9,0.94,1.99,4180,1.73,High,0.3,2555,BUFFERING_ERROR
2026-01-02 11:37:00,Moov,Rwanda,OTT Daily Pass,Web,Sport Live,1,10,2.59,4.99,4030,1.84,High,0.4,7161,
2026-01-02 11:38:00,Vodacom,Senegal,Premium Sports Bundle,Smart TV,Kids Show,1,49,2.88,4.99,4566,3.07,Low,0.07,7681,
2026-01-02 11:39:00,Vodacom,Cameroon,Family Entertainment,Smart TV,Sport Live,1,86,5.54,14.99,3731,3.23,High,0.18,7205,
2026-01-02 11:40:00,Vodacom,Rwanda,Family Entertainment,Smart TV,Sport Live,1,94,10.3,14.99,1588,1.53,Medium,0.35,5106,AUTH_ERROR
2026-01-02 11:41:00,Moov,Senegal,OTT Daily Pass,Smart TV,Kids Show,1,110,4.68,14.99,1663,0.68,High,0.23,6381,BUFFERING_ERROR
2026-01-02 11:42:00,Airtel,Morocco,Zero-Rating Bundle,Web,Kids Show,1,77,6.27,14.99,5000,0.82,High,0.31,6093,LOW_BITRATE
2026-01-02 11:43:00,Moov,Morocco,Zero-Rating Bundle,Smart TV,Movie C,1,66,2.9,4.99,79,2.89,High,0.3,3025,
2026-01-02 11:44:00,Vodacom,Rwanda,Premium Sports Bundle,Smart TV,Documentary D,1,78,2.97,4.99,948,0.59,Low,0.36,4423,AUTH_ERROR
2026-01-02 11:45:00,Vodacom,Ivory Coast,OTT Daily Pass,Mobile,Series A,1,93,6.12,9.99,2446,1.08,Medium,0.07,7438,
2026-01-02 11:46:00,Vodacom,Cameroon,OTT Daily Pass,Mobile,Movie C,1,20,2.88,4.99,4026,1.46,Medium,0.12,1503,LOW_BITRATE
2026-01-02 11:47:00,Vodacom,Ivory Coast,Premium Sports Bundle,STB,Documentary D,1,22,4.93,9.99,433,0.56,High,0.05,5754,
2026-01-02 11:48:00,MTN,Cameroon,Zero-Rating Bundle,STB,Documentary D,1,39,4.87,9.99,4600,1.02,High,0.4,4443,
2026-01-02 11:49:00,Orange,Morocco,Premium Sports Bundle,Mobile,Movie C,1,69,2.71,4.99,2350,0.32,Low,0.02,3478,
2026-01-02 11:50:00,Moov,Senegal,OTT Weekly Pass,Smart TV,Sport Live,1,2,4.26,9.99,2541,1.21,Medium,0.23,7796,LOW_BITRATE
2026-01-02 11:51:00,Moov,Morocco,OTT Weekly Pass,Web,Movie C,1,46,5.67,9.99,1280,3.08,Medium,0.14,1771,AUTH_ERROR
2026-01-02 11:52:00,Airtel,Cameroon,OTT Weekly Pass,STB,Movie C,1,82,5.3,9.99,3965,1.46,Medium,0.05,1931,AUTH_ERROR
2026-01-02 11:53:00,Airtel,Benin,OTT Weekly Pass,Web,Sport Live,1,73,3.42,4.99,1811,1.91,Medium,0.14,4275,
2026-01-02 11:54:00,MTN,Ivory Coast,OTT Weekly Pass,Web,Sport Live,1,47,6.84,9.99,1834,1.02,Medium,0.24,7982,
2026-01-02 11:55:00,Airtel,Benin,OTT Daily Pass,STB,Movie C,1,39,6.25,9.99,1568,1.37,Low,0.31,5068,
2026-01-02 11:56:00,Moov,Senegal,OTT Weekly Pass,Web,Kids Show,1,119,4.87,9.99,1310,3.32,High,0.12,910,
2026-01-02 11:57:00,Orange,Cameroon,OTT Weekly Pass,STB,Movie C,1,62,1.15,1.99,4991,0.58,High,0.32,5793,
2026-01-02 11:58:00,Orange,Morocco,Zero-Rating Bundle,Smart TV,Documentary D,1,59,3.51,9.99,486,0.33,Medium,0.35,2818,
2026-01-02 11:59:00,Moov,Cameroon,Family Entertainment,STB,Series A,1,47,9.52,14.99,4142,0.78,High,0.34,7724,LOW_BITRATE
2026-01-02 12:00:00,Moov,Senegal,Zero-Rating Bundle,Web,Sport Live,1,111,1.06,1.99,3301,0.46,Medium,0.29,5322,
2026-01-02 12:01:00,MTN,Ivory Coast,Family Entertainment,Web,Series A,1,50,6.31,9.99,782,2.35,Low,0.03,6928,
2026-01-02 12:02:00,Vodacom,Senegal,Family Entertainment,Smart TV,Movie C,1,94,10.01,14.99,1991,0.98,High,0.29,4127,
2026-01-02 12:03:00,Airtel,Ivory Coast,OTT Daily Pass,Web,Documentary D,1,54,0.84,1.99,2987,0.7,Medium,0.03,5290,AUTH_ERROR
2026-01-02 12:04:00,Moov,Benin,OTT Daily Pass,STB,Series A,1,75,10.05,14.99,4218,1.29,Medium,0.13,2497,AUTH_ERROR
2026-01-02 12:05:00,Airtel,Benin,Zero-Rating Bundle,Web,Sport Live,1,7,4.1,9.99,2304,3.38,Low,0.21,8488,BUFFERING_ERROR
2026-01-02 12:06:00,Airtel,Senegal,OTT Daily Pass,Smart TV,Movie C,1,68,1.26,1.99,613,3.33,Medium,0.07,6018,LOW_BITRATE
2026-01-02 12:07:00,Moov,Rwanda,Zero-Rating Bundle,STB,Series A,1,64,9.39,14.99,140,0.26,Medium,0.34,6590,AUTH_ERROR
2026-01-02 12:08:00,MTN,Cameroon,OTT Daily Pass,Web,Sport Live,1,115,2.18,4.99,4750,3.08,Low,0.03,6070,
2026-01-02 12:09:00,Airtel,Ivory Coast,Zero-Rating Bundle,Mobile,Documentary D,1,78,2.57,4.99,4370,2.97,High,0.19,6068,AUTH_ERROR
2026-01-02 12:10:00,Airtel,Morocco,Premium Sports Bundle,Smart TV,Series A,1,37,8.99,14.99,3026,1.04,Low,0.31,3228,
2026-01-02 12:11:00,Vodacom,Senegal,Zero-Rating Bundle,STB,Movie C,1,95,8.42,14.99,2696,1.28,Medium,0.15,6789,LOW_BITRATE
2026-01-02 12:12:00,Moov,Senegal,Zero-Rating Bundle,STB,Sport Live,1,97,2.02,4.99,4477,2.51,Low,0.44,5621,BUFFERING_ERROR
2026-01-02 12:13:00,Orange,Senegal,Family Entertainment,Mobile,Documentary D,1,113,2.35,4.99,4687,1.75,High,0.42,7938,
2026-01-02 12:14:00,Moov,Senegal,OTT Weekly Pass,Web,Movie C,1,61,5.35,14.99,1874,2.67,Medium,0.36,3256,LOW_BITRATE
2026-01-02 12:15:00,MTN,Benin,OTT Weekly Pass,STB,Documentary D,1,15,3.96,9.99,2330,1.99,High,0.14,8506,BUFFERING_ERROR
2026-01-02 12:16:00,MTN,Senegal,Family Entertainment,STB,Kids Show,1,93,6.55,14.99,4233,0.45,High,0.37,5869,BUFFERING_ERROR
2026-01-02 12:17:00,Moov,Senegal,OTT Daily Pass,Mobile,Series A,1,99,0.7,1.99,3812,1.8,Medium,0.43,4633,AUTH_ERROR
2026-01-02 12:18:00,Airtel,Rwanda,Zero-Rating Bundle,Mobile,Sport Live,1,29,4.36,9.99,4379,1.76,Medium,0.15,5188,AUTH_ERROR
2026-01-02 12:19:00,Airtel,Senegal,Premium Sports Bundle,Web,Documentary D,1,7,2.98,4.99,2172,0.2,Medium,0.31,8958,
2026-01-02 12:20:00,Airtel,Benin,OTT Daily Pass,STB,Sport Live,1,81,6.0,14.99,4377,3.47,High,0.07,1142,
2026-01-02 12:21:00,MTN,Senegal,Family Entertainment,STB,Movie C,1,19,0.63,1.99,435,2.41,Medium,0.45,2752,
2026-01-02 12:22:00,Vodacom,Ivory Coast,Premium Sports Bundle,Web,Documentary D,1,28,4.48,9.99,3575,3.03,High,0.13,4048,AUTH_ERROR
2026-01-02 12:23:00,Orange,Benin,OTT Weekly Pass,Smart TV,Sport Live,1,32,3.31,4.99,4769,2.95,Low,0.37,1753,LOW_BITRATE
2026-01-02 12:24:00,MTN,Senegal,OTT Weekly Pass,Smart TV,Sport Live,1,16,4.41,9.99,1505,3.04,High,0.41,3825,AUTH_ERROR
2026-01-02 12:25:00,Moov,Cameroon,OTT Weekly Pass,Smart TV,Kids Show,1,103,4.65,14.99,2079,0.67,Low,0.14,2838,BUFFERING_ERROR
2026-01-02 12:26:00,Airtel,Benin,OTT Daily Pass,Mobile,Kids Show,1,45,1.06,1.99,4081,2.23,High,0.03,7052,LOW_BITRATE
2026-01-02 12:27:00,Orange,Ivory Coast,OTT Weekly Pass,Mobile,Series A,1,56,2.14,4.99,1894,0.54,Medium,0.17,5555,BUFFERING_ERROR
2026-01-02 12:28:00,Airtel,Morocco,OTT Daily Pass,STB,Sport Live,1,114,5.97,9.99,4391,2.12,High,0.08,739,AUTH_ERROR
2026-01-02 12:29:00,Orange,Morocco,OTT Weekly Pass,Web,Sport Live,1,104,1.12,1.99,3042,3.09,Low,0.14,4384,AUTH_ERROR
2026-01-02 12:30:00,Airtel,Cameroon,Family Entertainment,Smart TV,Kids Show,1,12,3.76,9.99,4704,0.49,Medium,0.02,2819,
2026-01-02 12:31:00,Vodacom,Rwanda,Zero-Rating Bundle,Web,Sport Live,1,7,5.75,9.99,1463,1.47,Low,0.1,8401,AUTH_ERROR
2026-01-02 12:32:00,Airtel,Senegal,Premium Sports Bundle,STB,Sport Live,1,24,0.66,1.99,3408,1.37,High,0.1,1079,LOW_BITRATE
2026-01-02 12:33:00,Airtel,Cameroon,Family Entertainment,Web,Movie C,1,104,9.94,14.99,918,1.17,Medium,0.43,1274,BUFFERING_ERROR
2026-01-02 12:34:00,Airtel,Benin,OTT Daily Pass,STB,Kids Show,1,15,3.31,4.99,2791,1.41,High,0.35,4723,
2026-01-02 12:35:00,Orange,Morocco,Family Entertainment,Smart TV,Sport Live,1,114,0.72,1.99,1628,1.55,Medium,0.22,3717,
2026-01-02 12:36:00,Airtel,Rwanda,OTT Daily Pass,Web,Series A,1,89,2.54,4.99,3799,1.06,High,0.03,7591,
2026-01-02 12:37:00,Vodacom,Senegal,OTT Weekly Pass,STB,Documentary D,1,26,0.67,1.99,3175,0.39,Low,0.09,4984,
2026-01-02 12:38:00,Moov,Rwanda,OTT Weekly Pass,Smart TV,Kids Show,1,7,1.25,1.99,3521,2.95,High,0.27,4013,
2026-01-02 12:39:00,Orange,Morocco,Premium Sports Bundle,Mobile,Series A,1,55,5.54,14.99,3931,3.01,Low,0.18,4867,LOW_BITRATE
2026-01-02 12:40:00,Airtel,Senegal,OTT Daily Pass,Smart TV,Movie C,1,65,2.51,4.99,4261,1.96,Medium,0.27,3257,
2026-01-02 12:41:00,Moov,Benin,Family Entertainment,Smart TV,Documentary D,1,14,5.04,9.99,4992,0.82,Medium,0.44,2485,
2026-01-02 12:42:00,MTN,Morocco,OTT Daily Pass,Smart TV,Movie C,1,32,3.04,4.99,3088,3.27,High,0.09,4889,LOW_BITRATE
2026-01-02 12:43:00,Airtel,Ivory Coast,Family Entertainment,Web,Series A,1,62,5.15,14.99,1618,3.06,Medium,0.16,5180,BUFFERING_ERROR
2026-01-02 12:44:00,Vodacom,Rwanda,Premium Sports Bundle,STB,Series A,1,107,6.74,9.99,3465,1.14,Low,0.01,7385,
2026-01-02 12:45:00,Moov,Morocco,OTT Weekly Pass,Web,Series A,1,104,8.79,14.99,999,1.83,Medium,0.16,6310,
2026-01-02 12:46:00,MTN,Rwanda,Family Entertainment,Smart TV,Kids Show,1,109,2.26,4.99,3074,2.08,High,0.14,5244,LOW_BITRATE
2026-01-02 12:47:00,Moov,Cameroon,OTT Weekly Pass,Web,Documentary D,1,29,3.26,4.99,2677,0.28,High,0.27,3330,AUTH_ERROR
2026-01-02 12:48:00,Airtel,Ivory Coast,OTT Daily Pass,Mobile,Movie C,1,3,1.14,1.99,1470,3.33,High,0.28,2252,LOW_BITRATE
2026-01-02 12:49:00,Moov,Rwanda,Premium Sports Bundle,Mobile,Sport Live,1,89,6.71,9.99,4119,3.27,High,0.13,5594,LOW_BITRATE
2026-01-02 12:50:00,Vodacom,Ivory Coast,OTT Weekly Pass,Mobile,Movie C,1,77,6.81,14.99,4832,2.26,Low,0.24,6021,
2026-01-02 12:51:00,Airtel,Senegal,Family Entertainment,Smart TV,Sport Live,1,97,0.81,1.99,150,3.46,High,0.28,5606,LOW_BITRATE
2026-01-02 12:52:00,Moov,Rwanda,OTT Daily Pass,Web,Kids Show,1,101,7.84,14.99,377,1.4,High,0.18,1644,BUFFERING_ERROR
2026-01-02 12:53:00,Vodacom,Cameroon,OTT Daily Pass,Smart TV,Documentary D,1,46,2.6,4.99,4739,2.22,Medium,0.21,8763,
2026-01-02 12:54:00,Orange,Ivory Coast,Family Entertainment,Web,Kids Show,1,18,4.75,14.99,4876,2.97,High,0.25,7087,
2026-01-02 12:55:00,MTN,Morocco,Zero-Rating Bundle,STB,Kids Show,1,54,7.59,14.99,3980,0.71,Medium,0.1,8014,
2026-01-02 12:56:00,MTN,Ivory Coast,OTT Weekly Pass,Mobile,Series A,1,120,2.01,4.99,3192,1.47,Medium,0.07,8088,
2026-01-02 12:57:00,Airtel,Rwanda,Family Entertainment,Mobile,Documentary D,1,50,5.44,9.99,2089,1.29,High,0.43,7270,
2026-01-02 12:58:00,Moov,Rwanda,Premium Sports Bundle,STB,Documentary D,1,112,3.39,9.99,4710,0.74,Low,0.11,6830,
2026-01-02 12:59:00,Airtel,Senegal,Zero-Rating Bundle,STB,Kids Show,1,118,2.37,4.99,3512,1.12,Low,0.31,8889,
2026-01-02 13:00:00,MTN,Ivory Coast,OTT Weekly Pass,Web,Series A,1,32,1.32,1.99,596,1.1,High,0.09,4750,
2026-01-02 13:01:00,Moov,Ivory Coast,OTT Weekly Pass,STB,Series A,1,63,2.36,4.99,796,1.61,Low,0.26,3944,
2026-01-02 13:02:00,Moov,Rwanda,OTT Weekly Pass,STB,Sport Live,1,29,2.1,4.99,2980,1.64,High,0.34,3773,
2026-01-02 13:03:00,Vodacom,Cameroon,Family Entertainment,Smart TV,Series A,1,75,0.97,1.99,918,0.54,High,0.11,8733,
2026-01-02 13:04:00,Moov,Ivory Coast,OTT Weekly Pass,Mobile,Movie C,1,67,4.74,14.99,3158,2.75,Low,0.35,1425,
2026-01-02 13:05:00,Moov,Ivory Coast,Family Entertainment,Mobile,Documentary D,1,23,6.89,9.99,4615,2.8,Low,0.17,6274,LOW_BITRATE
2026-01-02 13:06:00,Vodacom,Benin,OTT Daily Pass,Mobile,Sport Live,1,105,5.02,14.99,3677,1.5,Medium,0.07,6994,
2026-01-02 13:07:00,Airtel,Morocco,OTT Weekly Pass,Mobile,Movie C,1,47,5.87,14.99,4412,3.24,Medium,0.15,8730,BUFFERING_ERROR
2026-01-02 13:08:00,Airtel,Morocco,Zero-Rating Bundle,Mobile,Series A,1,44,6.49,9.99,896,1.89,Low,0.04,4633,LOW_BITRATE
2026-01-02 13:09:00,Orange,Ivory Coast,OTT Weekly Pass,STB,Movie C,1,55,7.04,14.99,677,0.62,High,0.29,5872,
2026-01-02 13:10:00,MTN,Ivory Coast,Premium Sports Bundle,Mobile,Documentary D,1,8,1.61,4.99,1739,0.34,Low,0.38,8715,BUFFERING_ERROR
2026-01-02 13:11:00,Vodacom,Benin,OTT Daily Pass,Mobile,Sport Live,1,46,5.4,9.99,4016,1.53,Medium,0.41,616,LOW_BITRATE
2026-01-02 13:12:00,Vodacom,Senegal,OTT Daily Pass,Smart TV,Series A,1,30,1.32,1.99,2440,1.82,Low,0.21,8406,
2026-01-02 13:13:00,Airtel,Morocco,OTT Weekly Pass,STB,Series A,1,12,6.09,9.99,3269,1.89,High,0.24,1549,
2026-01-02 13:14:00,Vodacom,Rwanda,OTT Daily Pass,Smart TV,Series A,1,31,3.48,4.99,2159,1.36,Medium,0.23,2144,
2026-01-02 13:15:00,MTN,Rwanda,Premium Sports Bundle,Mobile,Series A,1,104,0.8,1.99,4856,0.65,High,0.35,2392,BUFFERING_ERROR
2026-01-02 13:16:00,MTN,Benin,Family Entertainment,Web,Series A,1,25,0.62,1.99,1955,3.4,High,0.39,902,
2026-01-02 13:17:00,MTN,Rwanda,Premium Sports Bundle,Smart TV,Series A,1,60,6.85,9.99,2065,1.85,High,0.45,7646,AUTH_ERROR
2026-01-02 13:18:00,Moov,Benin,OTT Daily Pass,Smart TV,Documentary D,1,90,1.08,1.99,3299,0.11,Low,0.37,7490,AUTH_ERROR
2026-01-02 13:19:00,MTN,Morocco,OTT Daily Pass,Web,Movie C,1,26,9.16,14.99,1667,2.41,Low,0.39,1938,
2026-01-02 13:20:00,Orange,Ivory Coast,Family Entertainment,STB,Kids Show,1,76,4.81,9.99,3890,2.69,High,0.17,6307,
2026-01-02 13:21:00,Vodacom,Ivory Coast,Premium Sports Bundle,Web,Kids Show,1,100,5.66,9.99,3004,2.55,Low,0.25,4867,BUFFERING_ERROR
2026-01-02 13:22:00,Orange,Benin,Premium Sports Bundle,Smart TV,Series A,1,23,2.89,4.99,2527,2.09,High,0.27,8881,
2026-01-02 13:23:00,Airtel,Morocco,Family Entertainment,Web,Movie C,1,54,0.82,1.99,1915,1.82,Low,0.4,1128,LOW_BITRATE
2026-01-02 13:24:00,Vodacom,Cameroon,Premium Sports Bundle,Smart TV,Movie C,1,45,1.9,4.99,139,1.23,High,0.33,5238,
2026-01-02 13:25:00,Airtel,Morocco,Zero-Rating Bundle,Web,Kids Show,1,42,3.17,4.99,2734,0.25,Low,0.08,2789,AUTH_ERROR
2026-01-02 13:26:00,Moov,Ivory Coast,OTT Weekly Pass,Web,Documentary D,1,80,2.07,4.99,3477,2.23,Medium,0.39,4338,
2026-01-02 13:27:00,MTN,Benin,Family Entertainment,STB,Series A,1,111,3.29,4.99,4318,0.43,High,0.14,1679,AUTH_ERROR
2026-01-02 13:28:00,Airtel,Senegal,OTT Weekly Pass,Web,Sport Live,1,72,4.49,9.99,3824,2.0,High,0.03,1148,AUTH_ERROR
2026-01-02 13:29:00,Vodacom,Benin,OTT Daily Pass,Mobile,Kids Show,1,95,1.27,1.99,2269,3.02,Low,0.4,4647,
2026-01-02 13:30:00,Moov,Benin,OTT Daily Pass,Mobile,Series A,1,95,4.52,9.99,2862,1.27,Medium,0.37,1897,LOW_BITRATE
2026-01-02 13:31:00,Moov,Morocco,Zero-Rating Bundle,Web,Kids Show,1,50,1.17,1.99,810,0.74,Medium,0.44,8554,LOW_BITRATE
2026-01-02 13:32:00,Vodacom,Rwanda,Family Entertainment,Mobile,Kids Show,1,70,3.31,4.99,2036,2.03,Low,0.11,6142,
2026-01-02 13:33:00,Airtel,Ivory Coast,OTT Weekly Pass,Mobile,Sport Live,1,17,5.46,9.99,2566,2.57,Low,0.09,7449,LOW_BITRATE
2026-01-02 13:34:00,Airtel,Benin,Zero-Rating Bundle,Smart TV,Documentary D,1,15,6.0,14.99,2117,1.2,Low,0.07,2467,BUFFERING_ERROR
2026-01-02 13:35:00,Airtel,Morocco,OTT Daily Pass,Web,Documentary D,1,92,1.34,1.99,2205,2.98,Low,0.29,6838,
2026-01-02 13:36:00,Orange,Senegal,Zero-Rating Bundle,Web,Documentary D,1,112,2.79,4.99,1745,1.51,Low,0.11,5804,BUFFERING_ERROR
2026-01-02 13:37:00,Orange,Ivory Coast,Family Entertainment,STB,Sport Live,1,84,1.13,1.99,2058,3.41,Low,0.42,1217,AUTH_ERROR
2026-01-02 13:38:00,MTN,Senegal,OTT Weekly Pass,Smart TV,Series A,1,54,0.82,1.99,404,2.34,Medium,0.33,3290,
2026-01-02 13:39:00,Orange,Rwanda,OTT Weekly Pass,Smart TV,Movie C,1,88,1.08,1.99,108,1.64,High,0.15,6861,
2026-01-02 13:40:00,MTN,Morocco,OTT Daily Pass,Mobile,Series A,1,30,3.43,9.99,4865,2.56,High,0.25,1377,
2026-01-02 13:41:00,Airtel,Senegal,Zero-Rating Bundle,Web,Series A,1,10,2.04,4.99,2415,1.5,Medium,0.28,6543,
2026-01-02 13:42:00,Orange,Senegal,Premium Sports Bundle,Web,Movie C,1,94,4.57,9.99,4147,0.87,Low,0.35,1118,LOW_BITRATE
2026-01-02 13:43:00,Moov,Ivory Coast,Premium Sports Bundle,Smart TV,Documentary D,1,14,3.39,4.99,3304,1.0,Medium,0.45,5721,BUFFERING_ERROR
2026-01-02 13:44:00,Moov,Cameroon,Family Entertainment,Mobile,Sport Live,1,84,1.1,1.99,3943,1.51,Low,0.18,8663,
2026-01-02 13:45:00,Moov,Ivory Coast,Zero-Rating Bundle,Smart TV,Documentary D,1,8,1.61,4.99,4341,2.02,Low,0.41,8114,
2026-01-02 13:46:00,Airtel,Cameroon,Family Entertainment,Web,Series A,1,119,2.34,4.99,3322,1.6,Low,0.24,4692,
2026-01-02 13:47:00,MTN,Rwanda,Zero-Rating Bundle,Smart TV,Kids Show,1,81,6.63,14.99,327,1.03,Medium,0.07,6488,
2026-01-02 13:48:00,MTN,Ivory Coast,Premium Sports Bundle,Web,Movie C,1,83,3.6,9.99,3868,1.79,Medium,0.33,2695,BUFFERING_ERROR
2026-01-02 13:49:00,Orange,Cameroon,Zero-Rating Bundle,Smart TV,Series A,1,59,1.9,4.99,1602,3.38,Low,0.14,8680,BUFFERING_ERROR
2026-01-02 13:50:00,Moov,Senegal,OTT Weekly Pass,Smart TV,Series A,1,38,3.37,4.99,3289,0.67,Low,0.16,4918,LOW_BITRATE
2026-01-02 13:51:00,MTN,Ivory Coast,OTT Weekly Pass,Web,Documentary D,1,117,1.18,1.99,3510,3.49,High,0.26,1345,LOW_BITRATE
2026-01-02 13:52:00,Vodacom,Morocco,Zero-Rating Bundle,Web,Sport Live,1,6,4.87,14.99,1028,2.93,High,0.12,2918,
2026-01-02 13:53:00,Vodacom,Morocco,OTT Weekly Pass,STB,Movie C,1,1,0.62,1.99,3149,1.98,Low,0.02,7417,BUFFERING_ERROR
2026-01-02 13:54:00,MTN,Benin,OTT Weekly Pass,STB,Sport Live,1,76,2.08,4.99,3153,0.94,High,0.31,8536,
2026-01-02 13:55:00,MTN,Senegal,Zero-Rating Bundle,Smart TV,Kids Show,1,79,7.57,14.99,3378,0.93,High,0.19,4015,AUTH_ERROR
2026-01-02 13:56:00,Vodacom,Ivory Coast,Family Entertainment,Mobile,Movie C,1,85,7.17,14.99,452,2.87,High,0.28,3221,LOW_BITRATE
2026-01-02 13:57:00,Vodacom,Benin,OTT Weekly Pass,STB,Kids Show,1,110,3.75,9.99,3413,1.79,High,0.14,2781,
2026-01-02 13:58:00,MTN,Ivory Coast,Family Entertainment,Smart TV,Series A,1,68,0.76,1.99,4788,1.52,Low,0.25,1759,LOW_BITRATE
2026-01-02 13:59:00,Airtel,Senegal,Premium Sports Bundle,STB,Series A,1,28,4.2,9.99,513,3.11,High,0.26,6416,BUFFERING_ERROR
2026-01-02 14:00:00,Airtel,Cameroon,Family Entertainment,Smart TV,Movie C,1,40,6.73,9.99,4856,2.38,High,0.19,4033,BUFFERING_ERROR
2026-01-02 14:01:00,Orange,Benin,OTT Weekly Pass,STB,Sport Live,1,116,3.35,4.99,4803,2.2,Low,0.32,5247,
2026-01-02 14:02:00,Orange,Benin,Premium Sports Bundle,STB,Documentary D,1,50,4.74,14.99,4166,2.37,Medium,0.39,2105,
2026-01-02 14:03:00,MTN,Senegal,Family Entertainment,Smart TV,Movie C,1,1,1.23,1.99,605,1.26,High,0.16,7056,LOW_BITRATE
2026-01-02 14:04:00,Vodacom,Ivory Coast,Premium Sports Bundle,Web,Movie C,1,21,0.88,1.99,640,1.49,High,0.13,3545,BUFFERING_ERROR
2026-01-02 14:05:00,Orange,Benin,OTT Daily Pass,Smart TV,Kids Show,1,119,1.37,1.99,2176,1.73,High,0.04,1188,
2026-01-02 14:06:00,Moov,Senegal,OTT Weekly Pass,Web,Sport Live,1,22,1.01,1.99,4503,0.53,Low,0.39,4195,
2026-01-02 14:07:00,Moov,Rwanda,Family Entertainment,Smart TV,Documentary D,1,36,2.41,4.99,3461,0.93,High,0.19,5358,BUFFERING_ERROR
2026-01-02 14:08:00,MTN,Cameroon,Family Entertainment,Mobile,Documentary D,1,83,1.11,1.99,1259,1.35,Low,0.21,3923,AUTH_ERROR
2026-01-02 14:09:00,Moov,Benin,OTT Weekly Pass,Smart TV,Documentary D,1,91,1.08,1.99,223,1.48,Medium,0.34,2387,
2026-01-02 14:10:00,Vodacom,Ivory Coast,Family Entertainment,Smart TV,Sport Live,1,69,6.01,14.99,3678,0.76,Low,0.22,6212,
2026-01-02 14:11:00,MTN,Rwanda,Family Entertainment,STB,Movie C,1,120,2.75,4.99,2911,0.31,Low,0.36,2284,LOW_BITRATE
2026-01-02 14:12:00,Moov,Ivory Coast,OTT Weekly Pass,Mobile,Series A,1,21,7.98,14.99,4698,2.36,Low,0.14,7495,
2026-01-02 14:13:00,Moov,Benin,OTT Daily Pass,Web,Movie C,1,89,10.38,14.99,2954,3.42,Medium,0.33,4486,AUTH_ERROR
2026-01-02 14:14:00,MTN,Rwanda,Premium Sports Bundle,Smart TV,Documentary D,1,64,5.7,14.99,3000,1.45,Medium,0.15,5860,
2026-01-02 14:15:00,Airtel,Cameroon,Family Entertainment,Web,Sport Live,1,72,1.96,4.99,2961,0.85,High,0.14,5272,AUTH_ERROR
2026-01-02 14:16:00,Orange,Rwanda,OTT Daily Pass,STB,Series A,1,112,6.9,14.99,3705,0.35,High,0.42,1191,LOW_BITRATE
2026-01-02 14:17:00,Vodacom,Cameroon,Zero-Rating Bundle,Mobile,Series A,1,97,9.19,14.99,1396,3.06,Medium,0.11,8411,
2026-01-02 14:18:00,Vodacom,Rwanda,Zero-Rating Bundle,Web,Movie C,1,30,3.2,4.99,1874,3.3,Medium,0.27,7515,LOW_BITRATE
2026-01-02 14:19:00,MTN,Cameroon,OTT Weekly Pass,Smart TV,Series A,1,72,3.33,4.99,3885,2.33,Low,0.16,6173,LOW_BITRATE
2026-01-02 14:20:00,Vodacom,Rwanda,OTT Daily Pass,STB,Sport Live,1,117,0.68,1.99,1876,1.61,Medium,0.04,3389,
2026-01-02 14:21:00,Orange,Ivory Coast,OTT Daily Pass,STB,Sport Live,1,69,3.01,4.99,4169,0.67,Medium,0.13,6971,
2026-01-02 14:22:00,Moov,Cameroon,Premium Sports Bundle,Smart TV,Sport Live,1,36,4.7,9.99,3646,0.24,Low,0.37,7203,BUFFERING_ERROR
2026-01-02 14:23:00,Vodacom,Ivory Coast,Premium Sports Bundle,STB,Sport Live,1,56,0.86,1.99,1856,2.46,High,0.03,4380,
2026-01-02 14:24:00,MTN,Benin,Family Entertainment,Smart TV,Documentary D,1,36,9.42,14.99,2518,2.18,High,0.32,5478,AUTH_ERROR
2026-01-02 14:25:00,Vodacom,Cameroon,OTT Weekly Pass,Mobile,Series A,1,10,3.3,9.99,3105,3.42,Medium,0.16,833,AUTH_ERROR
2026-01-02 14:26:00,Orange,Rwanda,OTT Daily Pass,Smart TV,Kids Show,1,58,2.47,4.99,1372,0.97,High,0.18,7409,BUFFERING_ERROR
2026-01-02 14:27:00,Vodacom,Cameroon,OTT Daily Pass,STB,Sport Live,1,89,1.64,4.99,463,2.5,Medium,0.26,6813,LOW_BITRATE
2026-01-02 14:28:00,Orange,Benin,Premium Sports Bundle,Mobile,Kids Show,1,83,0.7,1.99,3601,1.07,High,0.15,5244,
2026-01-02 14:29:00,Vodacom,Ivory Coast,Premium Sports Bundle,STB,Sport Live,1,43,3.25,9.99,4457,2.15,High,0.14,5743,LOW_BITRATE
2026-01-02 14:30:00,Orange,Cameroon,Zero-Rating Bundle,STB,Sport Live,1,115,1.69,4.99,3601,2.22,Low,0.42,4553,LOW_BITRATE
2026-01-02 14:31:00,Vodacom,Senegal,OTT Daily Pass,STB,Sport Live,1,106,1.54,4.99,2753,3.32,Medium,0.23,4047,
2026-01-02 14:32:00,MTN,Senegal,OTT Weekly Pass,Smart TV,Kids Show,1,102,0.6,1.99,4361,3.27,Medium,0.16,3701,
2026-01-02 14:33:00,Airtel,Ivory Coast,OTT Weekly Pass,Web,Movie C,1,88,2.0,4.99,1570,2.1,Low,0.29,876,
2026-01-02 14:34:00,Orange,Ivory Coast,OTT Daily Pass,Web,Sport Live,1,21,1.77,4.99,452,2.24,Medium,0.19,2171,AUTH_ERROR
2026-01-02 14:35:00,Airtel,Cameroon,Family Entertainment,Web,Series A,1,1,7.69,14.99,2808,0.33,Low,0.41,7608,BUFFERING_ERROR
2026-01-02 14:36:00,Moov,Senegal,OTT Daily Pass,Web,Sport Live,1,50,3.41,9.99,4285,3.48,Medium,0.24,2724,
2026-01-02 14:37:00,Airtel,Senegal,Zero-Rating Bundle,Web,Sport Live,1,42,0.82,1.99,4436,3.23,Medium,0.06,6362,LOW_BITRATE
2026-01-02 14:38:00,Orange,Rwanda,Family Entertainment,Mobile,Documentary D,1,114,5.63,9.99,3043,1.45,Medium,0.18,6666,AUTH_ERROR
2026-01-02 14:39:00,Moov,Benin,Premium Sports Bundle,Web,Movie C,1,77,6.6,9.99,735,1.43,Low,0.12,1854,BUFFERING_ERROR
2026-01-02 14:40:00,MTN,Benin,Family Entertainment,STB,Series A,1,24,5.64,9.99,3752,0.23,Low,0.39,7845,LOW_BITRATE
2026-01-02 14:41:00,Airtel,Cameroon,Premium Sports Bundle,Smart TV,Series A,1,4,0.6,1.99,3894,2.78,Low,0.14,1802,AUTH_ERROR
2026-01-02 14:42:00,Airtel,Benin,Premium Sports Bundle,Web,Kids Show,1,91,10.11,14.99,3119,1.24,High,0.29,3592,
2026-01-02 14:43:00,Vodacom,Benin,Family Entertainment,Web,Documentary D,1,60,5.08,9.99,4782,3.03,Low,0.08,3423,BUFFERING_ERROR
2026-01-02 14:44:00,Vodacom,Senegal,OTT Weekly Pass,STB,Movie C,1,29,3.17,4.99,111,2.18,High,0.15,8945,AUTH_ERROR
2026-01-02 14:45:00,Vodacom,Senegal,Family Entertainment,Smart TV,Kids Show,1,48,8.05,14.99,3832,0.47,Low,0.18,5263,
2026-01-02 14:46:00,MTN,Ivory Coast,Family Entertainment,Web,Documentary D,1,97,2.95,4.99,4628,2.63,Low,0.36,7803,
2026-01-02 14:47:00,Moov,Ivory Coast,Zero-Rating Bundle,Web,Sport Live,1,7,8.01,14.99,2262,3.01,High,0.23,2126,
2026-01-02 14:48:00,Vodacom,Morocco,OTT Weekly Pass,Mobile,Documentary D,1,104,7.03,14.99,1536,2.26,Low,0.03,2817,BUFFERING_ERROR
2026-01-02 14:49:00,Vodacom,Benin,Zero-Rating Bundle,STB,Movie C,1,68,1.11,1.99,3462,1.4,Medium,0.21,6393,
2026-01-02 14:50:00,Orange,Cameroon,Premium Sports Bundle,Mobile,Sport Live,1,103,0.71,1.99,2148,1.43,Low,0.43,3108,
2026-01-02 14:51:00,Vodacom,Cameroon,OTT Weekly Pass,Smart TV,Series A,1,97,1.7,4.99,260,1.74,Medium,0.12,3701,AUTH_ERROR
2026-01-02 14:52:00,Vodacom,Ivory Coast,Family Entertainment,Web,Series A,1,56,1.18,1.99,2800,2.18,Medium,0.34,1230,
2026-01-02 14:53:00,Airtel,Rwanda,Premium Sports Bundle,Mobile,Sport Live,1,58,9.2,14.99,2225,1.7,Medium,0.16,8161,
2026-01-02 14:54:00,MTN,Rwanda,Family Entertainment,Smart TV,Sport Live,1,76,4.8,14.99,2472,0.47,Medium,0.32,2263,
2026-01-02 14:55:00,Orange,Ivory Coast,OTT Daily Pass,Smart TV,Movie C,1,95,7.26,14.99,2244,0.83,High,0.09,4926,BUFFERING_ERROR
2026-01-02 14:56:00,MTN,Morocco,Premium Sports Bundle,Mobile,Sport Live,1,49,6.51,9.99,1491,0.6,High,0.21,1085,
2026-01-02 14:57:00,Airtel,Cameroon,Family Entertainment,Web,Series A,1,35,3.6,9.99,1853,0.62,Low,0.18,6200,BUFFERING_ERROR
2026-01-02 14:58:00,Moov,Benin,OTT Weekly Pass,Mobile,Movie C,1,83,1.21,1.99,94,1.23,Low,0.22,8319,BUFFERING_ERROR
2026-01-02 14:59:00,Airtel,Rwanda,Family Entertainment,Smart TV,Series A,1,24,1.09,1.99,2051,1.75,High,0.26,4486,LOW_BITRATE
2026-01-02 15:00:00,MTN,Benin,Zero-Rating Bundle,Mobile,Series A,1,59,7.13,14.99,4680,1.65,Low,0.4,1997,
2026-01-02 15:01:00,Moov,Rwanda,OTT Weekly Pass,Web,Series A,1,75,5.71,9.99,4299,1.75,High,0.28,7614,LOW_BITRATE
2026-01-02 15:02:00,Airtel,Senegal,Premium Sports Bundle,Mobile,Documentary D,1,84,1.32,1.99,2221,3.3,High,0.04,3710,BUFFERING_ERROR
2026-01-02 15:03:00,Moov,Rwanda,OTT Daily Pass,Mobile,Series A,1,42,2.84,4.99,1316,2.92,High,0.4,1025,BUFFERING_ERROR
2026-01-02 15:04:00,Vodacom,Senegal,Family Entertainment,Web,Sport Live,1,11,0.75,1.99,2993,1.14,High,0.1,1495,LOW_BITRATE
2026-01-02 15:05:00,Airtel,Benin,Zero-Rating Bundle,Smart TV,Movie C,1,63,4.68,9.99,4000,1.52,Low,0.07,5374,
2026-01-02 15:06:00,MTN,Benin,Family Entertainment,STB,Series A,1,54,2.21,4.99,256,1.44,High,0.38,1469,
2026-01-02 15:07:00,Airtel,Cameroon,Premium Sports Bundle,Web,Kids Show,1,108,10.49,14.99,4358,2.39,Low,0.34,2244,
2026-01-02 15:08:00,MTN,Benin,Zero-Rating Bundle,Smart TV,Sport Live,1,105,3.29,9.99,1758,0.29,Medium,0.02,945,
2026-01-02 15:09:00,MTN,Rwanda,OTT Daily Pass,STB,Kids Show,1,99,8.99,14.99,584,0.97,Low,0.26,8763,AUTH_ERROR
2026-01-02 15:10:00,Orange,Benin,Premium Sports Bundle,Smart TV,Movie C,1,72,0.7,1.99,4882,1.58,High,0.25,2127,
2026-01-02 15:11:00,Orange,Ivory Coast,Zero-Rating Bundle,Smart TV,Kids Show,1,89,3.85,9.99,2622,0.77,Low,0.4,6703,
2026-01-02 15:12:00,MTN,Benin,Premium Sports Bundle,Web,Sport Live,1,64,9.87,14.99,4057,2.91,Medium,0.42,3572,
2026-01-02 15:13:00,MTN,Morocco,OTT Daily Pass,Web,Sport Live,1,40,2.89,4.99,941,1.98,Medium,0.2,7935,LOW_BITRATE
2026-01-02 15:14:00,Moov,Rwanda,Zero-Rating Bundle,Smart TV,Sport Live,1,1,1.09,1.99,3846,0.53,Medium,0.08,1356,LOW_BITRATE
2026-01-02 15:15:00,Orange,Cameroon,OTT Weekly Pass,Web,Documentary D,1,29,2.0,4.99,4177,3.48,High,0.03,845,
2026-01-02 15:16:00,Orange,Cameroon,OTT Weekly Pass,Web,Series A,1,49,2.0,4.99,327,0.31,High,0.02,2139,
2026-01-02 15:17:00,Airtel,Rwanda,Zero-Rating Bundle,STB,Documentary D,1,87,1.21,1.99,844,0.35,Low,0.21,5152,
2026-01-02 15:18:00,Vodacom,Morocco,Family Entertainment,Mobile,Kids Show,1,15,3.47,4.99,4488,2.82,Medium,0.04,5492,
2026-01-02 15:19:00,Orange,Cameroon,OTT Daily Pass,STB,Movie C,1,109,7.31,14.99,788,1.85,Medium,0.16,3132,
2026-01-02 15:20:00,MTN,Rwanda,Premium Sports Bundle,Smart TV,Sport Live,1,76,2.08,4.99,200,0.94,Medium,0.19,8644,AUTH_ERROR
2026-01-02 15:21:00,Airtel,Morocco,OTT Daily Pass,Web,Series A,1,114,3.46,4.99,225,3.21,Low,0.15,6727,BUFFERING_ERROR
2026-01-02 15:22:00,MTN,Rwanda,OTT Weekly Pass,Web,Kids Show,1,35,9.2,14.99,2764,2.7,Medium,0.02,3173,
2026-01-02 15:23:00,MTN,Ivory Coast,Premium Sports Bundle,STB,Kids Show,1,56,4.08,9.99,4611,1.65,Medium,0.39,8289,BUFFERING_ERROR
2026-01-02 15:24:00,Moov,Cameroon,OTT Weekly Pass,Web,Series A,1,79,1.29,1.99,4115,3.46,High,0.24,586,
2026-01-02 15:25:00,Orange,Senegal,Premium Sports Bundle,STB,Documentary D,1,6,5.12,14.99,2762,0.56,Low,0.14,574,AUTH_ERROR
2026-01-02 15:26:00,Vodacom,Morocco,Premium Sports Bundle,Mobile,Sport Live,1,23,3.36,4.99,3081,2.36,High,0.09,3689,
2026-01-02 15:27:00,Vodacom,Morocco,OTT Weekly Pass,Web,Sport Live,1,101,5.12,9.99,4274,2.45,Medium,0.36,8044,AUTH_ERROR
2026-01-02 15:28:00,Airtel,Benin,Premium Sports Bundle,STB,Series A,1,117,0.74,1.99,1807,1.94,High,0.29,789,
2026-01-02 15:29:00,Vodacom,Ivory Coast,Family Entertainment,STB,Movie C,1,7,6.9,9.99,1944,1.59,High,0.08,4028,BUFFERING_ERROR
2026-01-02 15:30:00,Vodacom,Rwanda,OTT Weekly Pass,Smart TV,Sport Live,1,78,10.34,14.99,2153,2.98,Medium,0.27,1583,
2026-01-02 15:31:00,Airtel,Benin,OTT Weekly Pass,STB,Sport Live,1,113,6.68,9.99,3895,0.86,Low,0.28,5531,
2026-01-02 15:32:00,Orange,Rwanda,Zero-Rating Bundle,Mobile,Documentary D,1,29,3.35,9.99,1393,1.86,Low,0.05,5003,BUFFERING_ERROR
2026-01-02 15:33:00,MTN,Senegal,Family Entertainment,Mobile,Kids Show,1,32,0.9,1.99,228,1.07,High,0.36,3481,BUFFERING_ERROR
2026-01-02 15:34:00,MTN,Morocco,Family Entertainment,Smart TV,Kids Show,1,70,1.51,4.99,2026,1.18,Low,0.38,4129,BUFFERING_ERROR
2026-01-02 15:35:00,Orange,Rwanda,Family Entertainment,STB,Movie C,1,51,10.44,14.99,3664,0.19,Low,0.19,3718,
2026-01-02 15:36:00,Orange,Benin,Family Entertainment,Mobile,Series A,1,68,6.4,14.99,1205,2.54,Low,0.19,6158,
2026-01-02 15:37:00,Airtel,Ivory Coast,Family Entertainment,Smart TV,Documentary D,1,17,0.74,1.99,1049,1.9,High,0.43,8052,
2026-01-02 15:38:00,Airtel,Rwanda,Zero-Rating Bundle,Mobile,Kids Show,1,48,7.72,14.99,56,1.73,Low,0.39,7002,BUFFERING_ERROR
2026-01-02 15:39:00,MTN,Cameroon,Zero-Rating Bundle,Smart TV,Sport Live,1,96,9.85,14.99,3314,2.43,Low,0.44,3875,
2026-01-02 15:40:00,Orange,Senegal,OTT Daily Pass,Mobile,Series A,1,53,0.68,1.99,1789,0.78,High,0.02,3955,BUFFERING_ERROR
2026-01-02 15:41:00,Moov,Morocco,Premium Sports Bundle,Web,Movie C,1,47,1.14,1.99,341,3.36,High,0.07,8823,AUTH_ERROR
2026-01-02 15:42:00,Moov,Morocco,Premium Sports Bundle,Smart TV,Movie C,1,113,0.63,1.99,1700,2.92,Medium,0.01,1417,AUTH_ERROR
2026-01-02 15:43:00,MTN,Ivory Coast,OTT Weekly Pass,Mobile,Kids Show,1,4,4.59,9.99,2517,2.36,High,0.4,8143,AUTH_ERROR
2026-01-02 15:44:00,Airtel,Morocco,Zero-Rating Bundle,Web,Documentary D,1,9,3.09,4.99,4035,0.55,Medium,0.35,7968,LOW_BITRATE
2026-01-02 15:45:00,Airtel,Benin,Premium Sports Bundle,STB,Sport Live,1,69,1.68,4.99,2808,1.9,Medium,0.25,685,
2026-01-02 15:46:00,Airtel,Cameroon,Zero-Rating Bundle,Smart TV,Sport Live,1,29,3.89,9.99,3327,1.68,Low,0.2,4191,BUFFERING_ERROR
2026-01-02 15:47:00,Orange,Benin,OTT Weekly Pass,Smart TV,Kids Show,1,73,5.9,9.99,4125,0.11,Low,0.22,4597,AUTH_ERROR
2026-01-02 15:48:00,Orange,Ivory Coast,Zero-Rating Bundle,Smart TV,Movie C,1,27,5.48,14.99,4984,0.79,Low,0.39,2140,AUTH_ERROR
2026-01-02 15:49:00,Airtel,Morocco,Family Entertainment,Web,Documentary D,1,110,6.14,9.99,2543,0.55,Low,0.38,2740,
2026-01-02 15:50:00,Moov,Rwanda,Premium Sports Bundle,Smart TV,Kids Show,1,7,4.95,9.99,56,3.08,Medium,0.34,7990,
2026-01-02 15:51:00,MTN,Cameroon,OTT Weekly Pass,Smart TV,Movie C,1,115,3.59,9.99,2021,2.31,Medium,0.2,5438,
2026-01-02 15:52:00,Vodacom,Benin,Family Entertainment,Mobile,Sport Live,1,120,1.13,1.99,3903,3.16,High,0.15,7638,AUTH_ERROR
2026-01-02 15:53:00,Vodacom,Morocco,Zero-Rating Bundle,Web,Movie C,1,36,0.66,1.99,2569,1.5,Medium,0.05,1118,BUFFERING_ERROR
2026-01-02 15:54:00,Moov,Benin,Zero-Rating Bundle,STB,Kids Show,1,46,4.68,9.99,4039,0.33,Medium,0.25,8273,LOW_BITRATE
2026-01-02 15:55:00,MTN,Ivory Coast,Family Entertainment,Smart TV,Sport Live,1,34,6.88,14.99,1637,2.81,Medium,0.05,8585,BUFFERING_ERROR
2026-01-02 15:56:00,MTN,Rwanda,Family Entertainment,Web,Documentary D,1,20,4.73,9.99,4077,1.75,Medium,0.39,893,BUFFERING_ERROR
2026-01-02 15:57:00,Moov,Senegal,OTT Daily Pass,Smart TV,Kids Show,1,72,6.09,14.99,985,3.4,Low,0.33,2611,
2026-01-02 15:58:00,Vodacom,Morocco,Zero-Rating Bundle,STB,Movie C,1,22,5.31,9.99,3980,1.21,High,0.07,8749,
2026-01-02 15:59:00,Airtel,Rwanda,Family Entertainment,Web,Series A,1,15,5.65,9.99,2344,2.15,High,0.37,6312,AUTH_ERROR
2026-01-02 16:00:00,Orange,Cameroon,Zero-Rating Bundle,Web,Sport Live,1,53,0.7,1.99,3477,1.72,High,0.42,1138,
2026-01-02 16:01:00,Vodacom,Cameroon,Family Entertainment,Smart TV,Sport Live,1,90,3.13,4.99,2039,2.49,Medium,0.06,5375,BUFFERING_ERROR
2026-01-02 16:02:00,Vodacom,Rwanda,OTT Weekly Pass,Smart TV,Kids Show,1,95,1.6,4.99,770,2.38,Medium,0.42,3276,
2026-01-02 16:03:00,Moov,Morocco,Premium Sports Bundle,Mobile,Sport Live,1,99,0.78,1.99,2421,0.24,Low,0.32,4045,
2026-01-02 16:04:00,Airtel,Cameroon,OTT Daily Pass,Mobile,Sport Live,1,26,1.92,4.99,326,1.57,Medium,0.26,1486,
2026-01-02 16:05:00,Moov,Morocco,Premium Sports Bundle,STB,Kids Show,1,49,4.0,9.99,2778,2.52,Medium,0.44,1178,BUFFERING_ERROR
2026-01-02 16:06:00,Moov,Cameroon,OTT Weekly Pass,STB,Documentary D,1,44,8.26,14.99,4115,0.49,High,0.35,7291,
2026-01-02 16:07:00,Orange,Ivory Coast,OTT Weekly Pass,STB,Kids Show,1,77,2.2,4.99,2787,2.85,Low,0.07,3481,LOW_BITRATE
2026-01-02 16:08:00,Moov,Cameroon,Premium Sports Bundle,STB,Documentary D,1,47,1.58,4.99,3863,1.57,Medium,0.36,4031,LOW_BITRATE
2026-01-02 16:09:00,Airtel,Ivory Coast,OTT Weekly Pass,Web,Documentary D,1,100,1.85,4.99,1145,3.3,High,0.28,2023,LOW_BITRATE
2026-01-02 16:10:00,Orange,Benin,Premium Sports Bundle,Smart TV,Series A,1,9,3.33,9.99,2562,1.95,Medium,0.23,6544,
2026-01-02 16:11:00,MTN,Senegal,Zero-Rating Bundle,Web,Series A,1,106,6.15,14.99,1400,0.61,Medium,0.22,6284,AUTH_ERROR
2026-01-02 16:12:00,Orange,Morocco,Premium Sports Bundle,Web,Sport Live,1,33,5.14,14.99,4609,3.14,Low,0.21,6472,
2026-01-02 16:13:00,Moov,Ivory Coast,Premium Sports Bundle,STB,Kids Show,1,7,6.73,9.99,4326,2.36,Low,0.08,8769,
2026-01-02 16:14:00,MTN,Senegal,OTT Weekly Pass,Smart TV,Kids Show,1,20,1.31,1.99,3412,0.78,Medium,0.27,8073,
2026-01-02 16:15:00,MTN,Benin,Family Entertainment,Smart TV,Documentary D,1,109,10.08,14.99,4408,2.67,High,0.22,5423,
2026-01-02 16:16:00,Orange,Morocco,Premium Sports Bundle,Web,Kids Show,1,74,2.01,4.99,3877,2.77,Low,0.44,6120,LOW_BITRATE
2026-01-02 16:17:00,Orange,Senegal,OTT Daily Pass,STB,Series A,1,119,0.91,1.99,328,1.94,Medium,0.14,3848,
2026-01-02 16:18:00,Vodacom,Rwanda,Premium Sports Bundle,STB,Sport Live,1,58,2.79,4.99,3255,2.48,High,0.28,6505,AUTH_ERROR
2026-01-02 16:19:00,MTN,Cameroon,OTT Weekly Pass,Web,Kids Show,1,47,4.8,14.99,1130,2.97,Low,0.38,8881,AUTH_ERROR
2026-01-02 16:20:00,Airtel,Morocco,Premium Sports Bundle,Web,Documentary D,1,69,0.83,1.99,3155,1.54,High,0.45,6321,
2026-01-02 16:21:00,Airtel,Cameroon,Premium Sports Bundle,STB,Sport Live,1,56,7.83,14.99,4635,1.17,Low,0.23,8203,
2026-01-02 16:22:00,Orange,Rwanda,OTT Daily Pass,Smart TV,Documentary D,1,88,6.14,9.99,3825,2.17,Low,0.03,2353,
2026-01-02 16:23:00,Moov,Senegal,Premium Sports Bundle,Mobile,Series A,1,26,3.25,4.99,2081,0.46,High,0.16,2968,LOW_BITRATE
2026-01-02 16:24:00,Moov,Benin,Premium Sports Bundle,Mobile,Series A,1,42,1.79,4.99,2683,3.29,Medium,0.24,6861,
2026-01-02 16:25:00,Vodacom,Benin,Zero-Rating Bundle,Web,Series A,1,73,1.23,1.99,2437,0.18,Medium,0.35,5965,AUTH_ERROR
2026-01-02 16:26:00,Vodacom,Morocco,Premium Sports Bundle,Smart TV,Movie C,1,16,6.37,14.99,4572,0.12,Low,0.19,7177,AUTH_ERROR
2026-01-02 16:27:00,Airtel,Cameroon,OTT Weekly Pass,Web,Sport Live,1,119,9.44,14.99,2549,2.34,Medium,0.44,1066,AUTH_ERROR
2026-01-02 16:28:00,Airtel,Benin,OTT Weekly Pass,Mobile,Series A,1,53,8.06,14.99,1686,2.48,High,0.22,616,
2026-01-02 16:29:00,Moov,Ivory Coast,Zero-Rating Bundle,STB,Series A,1,42,3.24,9.99,2588,0.27,Low,0.37,4332,BUFFERING_ERROR
2026-01-02 16:30:00,Airtel,Morocco,Zero-Rating Bundle,STB,Kids Show,1,27,0.98,1.99,4848,2.13,High,0.43,6213,
2026-01-02 16:31:00,Vodacom,Ivory Coast,Zero-Rating Bundle,STB,Series A,1,18,3.49,4.99,4677,1.87,Medium,0.26,4201,
2026-01-02 16:32:00,MTN,Benin,Family Entertainment,Smart TV,Kids Show,1,66,1.13,1.99,2496,1.44,Low,0.12,1791,
2026-01-02 16:33:00,Airtel,Ivory Coast,Premium Sports Bundle,Web,Series A,1,113,3.12,4.99,3846,2.98,Low,0.34,2984,BUFFERING_ERROR
2026-01-02 16:34:00,Vodacom,Morocco,Zero-Rating Bundle,Web,Sport Live,1,33,10.13,14.99,302,1.69,High,0.38,1915,
2026-01-02 16:35:00,MTN,Ivory Coast,Premium Sports Bundle,Mobile,Kids Show,1,59,5.0,9.99,3232,3.31,Medium,0.22,7090,
2026-01-02 16:36:00,Moov,Rwanda,OTT Daily Pass,Smart TV,Documentary D,1,90,1.29,1.99,1246,2.22,Low,0.35,7146,
2026-01-02 16:37:00,Airtel,Cameroon,Zero-Rating Bundle,STB,Documentary D,1,36,2.72,4.99,1528,2.45,High,0.24,7286,
2026-01-02 16:38:00,Vodacom,Ivory Coast,Premium Sports Bundle,Mobile,Series A,1,60,3.13,4.99,2409,3.14,Medium,0.43,5185,
2026-01-02 16:39:00,MTN,Morocco,Premium Sports Bundle,Smart TV,Series A,1,9,6.69,14.99,325,1.79,Medium,0.14,8723,LOW_BITRATE
2026-01-02 16:40:00,Moov,Rwanda,Family Entertainment,Web,Kids Show,1,115,8.59,14.99,3319,3.46,Low,0.07,7351,
2026-01-02 16:41:00,MTN,Rwanda,OTT Weekly Pass,Mobile,Sport Live,1,54,0.89,1.99,943,2.46,Low,0.35,3800,
2026-01-02 16:42:00,MTN,Benin,OTT Weekly Pass,Mobile,Documentary D,1,95,1.31,1.99,4439,2.47,Low,0.17,760,
2026-01-02 16:43:00,Airtel,Morocco,OTT Daily Pass,STB,Movie C,1,4,1.31,1.99,2514,1.66,Low,0.43,3110,BUFFERING_ERROR
2026-01-02 16:44:00,Vodacom,Ivory Coast,Family Entertainment,STB,Documentary D,1,94,8.0,14.99,4471,1.9,Low,0.4,842,
2026-01-02 16:45:00,Moov,Ivory Coast,OTT Weekly Pass,Web,Movie C,1,15,1.79,4.99,772,1.35,Low,0.28,5120,
2026-01-02 16:46:00,Vodacom,Senegal,OTT Weekly Pass,Mobile,Series A,1,76,2.54,4.99,1044,2.69,High,0.09,7082,LOW_BITRATE
2026-01-02 16:47:00,Orange,Cameroon,Zero-Rating Bundle,STB,Series A,1,117,1.32,1.99,2293,0.48,Low,0.16,3661,
2026-01-02 16:48:00,Moov,Cameroon,OTT Weekly Pass,STB,Kids Show,1,102,3.72,9.99,1995,0.36,Low,0.02,7506,AUTH_ERROR
2026-01-02 16:49:00,Moov,Senegal,Family Entertainment,Smart TV,Kids Show,1,15,4.29,9.99,2168,1.24,Medium,0.08,4211,
2026-01-02 16:50:00,Vodacom,Benin,Premium Sports Bundle,Mobile,Documentary D,1,34,0.91,1.99,1326,3.13,Medium,0.39,5908,BUFFERING_ERROR
2026-01-02 16:51:00,Orange,Rwanda,OTT Daily Pass,STB,Sport Live,1,86,4.75,14.99,1952,0.66,High,0.28,3256,
2026-01-02 16:52:00,Airtel,Senegal,OTT Daily Pass,Smart TV,Kids Show,1,119,1.06,1.99,1503,2.31,Low,0.21,2338,LOW_BITRATE
2026-01-02 16:53:00,Moov,Senegal,OTT Weekly Pass,Web,Sport Live,1,69,2.89,4.99,4359,3.18,Medium,0.27,4704,AUTH_ERROR
2026-01-02 16:54:00,Orange,Benin,OTT Daily Pass,STB,Series A,1,64,1.32,1.99,4886,0.46,High,0.17,2498,AUTH_ERROR
2026-01-02 16:55:00,MTN,Benin,Zero-Rating Bundle,Smart TV,Documentary D,1,32,0.87,1.99,4728,0.75,Medium,0.05,2385,
2026-01-02 16:56:00,MTN,Ivory Coast,Premium Sports Bundle,Mobile,Series A,1,89,2.55,4.99,2955,1.56,Low,0.29,790,
2026-01-02 16:57:00,Vodacom,Rwanda,Family Entertainment,Smart TV,Series A,1,54,2.91,4.99,3534,2.23,Low,0.22,1542,LOW_BITRATE
2026-01-02 16:58:00,Vodacom,Morocco,OTT Weekly Pass,STB,Series A,1,116,3.41,4.99,1753,1.61,Low,0.29,2568,
2026-01-02 16:59:00,Airtel,Morocco,OTT Weekly Pass,Mobile,Movie C,1,34,2.21,4.99,2818,2.79,Medium,0.34,5030,
2026-01-02 17:00:00,Moov,Benin,OTT Daily Pass,STB,Kids Show,1,85,7.94,14.99,805,0.9,Low,0.34,6212,BUFFERING_ERROR
2026-01-02 17:01:00,Vodacom,Senegal,OTT Weekly Pass,Mobile,Movie C,1,36,0.83,1.99,4345,2.92,Low,0.05,1506,LOW_BITRATE
2026-01-02 17:02:00,Airtel,Benin,OTT Weekly Pass,Smart TV,Sport Live,1,61,2.06,4.99,3209,1.02,Medium,0.36,8037,BUFFERING_ERROR
2026-01-02 17:03:00,Vodacom,Senegal,Zero-Rating Bundle,STB,Series A,1,72,5.55,14.99,2368,1.45,Low,0.44,3544,AUTH_ERROR
2026-01-02 17:04:00,Orange,Senegal,Premium Sports Bundle,Web,Movie C,1,116,3.03,9.99,1178,1.13,Medium,0.41,1154,
2026-01-02 17:05:00,MTN,Morocco,OTT Weekly Pass,Mobile,Documentary D,1,28,0.75,1.99,4640,2.08,Medium,0.44,3371,
2026-01-02 17:06:00,Moov,Cameroon,Premium Sports Bundle,Mobile,Movie C,1,37,0.72,1.99,286,1.06,High,0.36,5867,LOW_BITRATE
2026-01-02 17:07:00,Vodacom,Cameroon,Zero-Rating Bundle,STB,Series A,1,51,2.54,4.99,1690,0.44,Low,0.14,3120,
2026-01-02 17:08:00,Airtel,Rwanda,OTT Daily Pass,Mobile,Movie C,1,116,2.54,4.99,4357,1.98,Medium,0.2,8832,
2026-01-02 17:09:00,Airtel,Rwanda,OTT Weekly Pass,Smart TV,Sport Live,1,97,0.89,1.99,2801,2.64,Low,0.14,2689,BUFFERING_ERROR
2026-01-02 17:10:00,Vodacom,Cameroon,Premium Sports Bundle,STB,Series A,1,71,1.84,4.99,1433,2.59,Medium,0.14,1874,LOW_BITRATE
2026-01-02 17:11:00,Moov,Rwanda,Premium Sports Bundle,Web,Movie C,1,75,5.13,14.99,4055,1.27,High,0.1,4989,
2026-01-02 17:12:00,Orange,Rwanda,Zero-Rating Bundle,STB,Sport Live,1,93,2.67,4.99,209,1.78,Low,0.32,3759,
2026-01-02 17:13:00,MTN,Ivory Coast,OTT Weekly Pass,Mobile,Movie C,1,5,4.81,14.99,1619,3.44,Low,0.12,556,
2026-01-02 17:14:00,Moov,Rwanda,Premium Sports Bundle,STB,Series A,1,80,4.97,9.99,2058,1.35,Medium,0.4,8616,AUTH_ERROR
2026-01-02 17:15:00,Vodacom,Cameroon,OTT Daily Pass,Web,Series A,1,74,6.48,14.99,1745,3.47,High,0.1,4685,
2026-01-02 17:16:00,Vodacom,Senegal,Zero-Rating Bundle,STB,Documentary D,1,23,1.73,4.99,2916,1.38,Medium,0.04,4125,
2026-01-02 17:17:00,Airtel,Rwanda,Zero-Rating Bundle,Web,Kids Show,1,111,9.74,14.99,4306,0.46,Medium,0.25,3597,
2026-01-02 17:18:00,Airtel,Morocco,OTT Daily Pass,STB,Documentary D,1,53,0.73,1.99,735,1.99,Low,0.04,4377,LOW_BITRATE
2026-01-02 17:19:00,Orange,Senegal,Premium Sports Bundle,Smart TV,Sport Live,1,96,0.64,1.99,4106,1.04,Medium,0.13,8226,LOW_BITRATE
2026-01-02 17:20:00,Airtel,Cameroon,OTT Daily Pass,Smart TV,Series A,1,54,3.38,4.99,1050,0.11,Low,0.03,3047,
2026-01-02 17:21:00,Airtel,Ivory Coast,Zero-Rating Bundle,STB,Kids Show,1,51,1.19,1.99,4262,3.2,Low,0.45,2086,AUTH_ERROR
2026-01-02 17:22:00,Airtel,Rwanda,Family Entertainment,STB,Sport Live,1,18,0.95,1.99,180,2.72,High,0.15,4174,LOW_BITRATE
2026-01-02 17:23:00,Vodacom,Morocco,Premium Sports Bundle,Smart TV,Movie C,1,75,8.3,14.99,4699,0.14,Low,0.17,6328,BUFFERING_ERROR
2026-01-02 17:24:00,Moov,Senegal,OTT Weekly Pass,Web,Kids Show,1,56,1.83,4.99,974,3.11,Medium,0.42,4993,BUFFERING_ERROR
2026-01-02 17:25:00,Orange,Senegal,Premium Sports Bundle,Mobile,Movie C,1,86,4.56,14.99,2998,2.48,Medium,0.09,2167,BUFFERING_ERROR
2026-01-02 17:26:00,MTN,Benin,Premium Sports Bundle,STB,Sport Live,1,114,1.01,1.99,564,0.24,Low,0.35,3583,
2026-01-02 17:27:00,Airtel,Rwanda,OTT Weekly Pass,STB,Movie C,1,82,5.07,9.99,2098,0.53,Medium,0.16,2137,
2026-01-02 17:28:00,Orange,Morocco,Family Entertainment,STB,Series A,1,83,1.99,4.99,1678,2.37,Low,0.14,8189,AUTH_ERROR
2026-01-02 17:29:00,Airtel,Rwanda,OTT Daily Pass,Smart TV,Series A,1,120,1.71,4.99,2769,0.68,High,0.18,8500,AUTH_ERROR
2026-01-02 17:30:00,Vodacom,Ivory Coast,Family Entertainment,Web,Kids Show,1,91,7.61,14.99,874,0.78,High,0.07,4083,
2026-01-02 17:31:00,MTN,Rwanda,Zero-Rating Bundle,STB,Sport Live,1,27,2.52,4.99,3219,3.41,Low,0.02,4499,
2026-01-02 17:32:00,Orange,Benin,OTT Weekly Pass,STB,Movie C,1,69,9.75,14.99,4670,1.07,Medium,0.43,6514,AUTH_ERROR
2026-01-02 17:33:00,Moov,Cameroon,Premium Sports Bundle,Mobile,Movie C,1,46,0.78,1.99,145,3.12,High,0.19,4769,BUFFERING_ERROR
2026-01-02 17:34:00,Orange,Senegal,OTT Daily Pass,STB,Kids Show,1,111,6.52,9.99,2927,2.15,Medium,0.18,1612,BUFFERING_ERROR
2026-01-02 17:35:00,Vodacom,Senegal,Zero-Rating Bundle,Web,Sport Live,1,44,1.32,1.99,3312,0.77,Low,0.44,2090,
2026-01-02 17:36:00,Vodacom,Morocco,OTT Weekly Pass,STB,Kids Show,1,13,6.65,9.99,3021,1.95,Medium,0.06,8097,LOW_BITRATE
2026-01-02 17:37:00,Orange,Ivory Coast,Premium Sports Bundle,STB,Kids Show,1,6,5.42,9.99,3415,0.79,Medium,0.26,5323,LOW_BITRATE
2026-01-02 17:38:00,Vodacom,Morocco,Family Entertainment,Smart TV,Movie C,1,39,3.43,4.99,3387,2.29,High,0.38,8269,
2026-01-02 17:39:00,Vodacom,Benin,OTT Daily Pass,Web,Sport Live,1,75,2.2,4.99,1549,2.33,High,0.15,7863,BUFFERING_ERROR
2026-01-02 17:40:00,Moov,Cameroon,Family Entertainment,Smart TV,Sport Live,1,27,6.24,14.99,1027,1.33,High,0.38,2781,
2026-01-02 17:41:00,Orange,Morocco,Premium Sports Bundle,Smart TV,Sport Live,1,8,3.39,9.99,4073,0.28,High,0.04,3052,BUFFERING_ERROR
2026-01-02 17:42:00,Orange,Morocco,Family Entertainment,Mobile,Documentary D,1,16,9.26,14.99,3563,1.95,Low,0.25,8902,LOW_BITRATE
2026-01-02 17:43:00,MTN,Morocco,Zero-Rating Bundle,Smart TV,Documentary D,1,33,3.34,9.99,4101,1.94,Low,0.27,3164,
2026-01-02 17:44:00,Orange,Morocco,Family Entertainment,Web,Series A,1,21,3.45,4.99,3860,3.43,Medium,0.17,1258,
2026-01-02 17:45:00,Vodacom,Senegal,Family Entertainment,Mobile,Sport Live,1,61,10.03,14.99,1418,1.84,Medium,0.15,656,
2026-01-02 17:46:00,Airtel,Cameroon,Family Entertainment,Mobile,Kids Show,1,68,2.96,4.99,2866,1.03,Medium,0.28,8498,LOW_BITRATE
2026-01-02 17:47:00,Airtel,Cameroon,Zero-Rating Bundle,STB,Sport Live,1,115,5.96,9.99,3906,1.98,Medium,0.41,7124,
2026-01-02 17:48:00,Moov,Ivory Coast,Zero-Rating Bundle,STB,Kids Show,1,96,6.79,9.99,789,2.68,Low,0.17,6220,
2026-01-02 17:49:00,MTN,Morocco,OTT Weekly Pass,Smart TV,Movie C,1,83,1.89,4.99,2542,0.66,High,0.07,2568,
2026-01-02 17:50:00,MTN,Ivory Coast,Premium Sports Bundle,STB,Series A,1,112,3.16,9.99,4076,2.6,High,0.24,1031,
2026-01-02 17:51:00,Moov,Benin,OTT Daily Pass,Smart TV,Movie C,1,71,7.06,14.99,3948,3.23,High,0.27,3704,
2026-01-02 17:52:00,MTN,Senegal,OTT Weekly Pass,Mobile,Kids Show,1,36,2.71,4.99,2705,0.84,High,0.02,4620,
2026-01-02 17:53:00,Moov,Cameroon,OTT Weekly Pass,STB,Sport Live,1,62,5.43,14.99,4124,1.31,Medium,0.33,6298,BUFFERING_ERROR
2026-01-02 17:54:00,Airtel,Cameroon,OTT Daily Pass,Web,Documentary D,1,110,1.61,4.99,262,3.27,High,0.27,7621,BUFFERING_ERROR
2026-01-02 17:55:00,Moov,Benin,Family Entertainment,Smart TV,Series A,1,31,0.63,1.99,240,0.89,Low,0.26,8165,BUFFERING_ERROR
2026-01-02 17:56:00,Orange,Rwanda,OTT Daily Pass,STB,Documentary D,1,78,2.92,4.99,4167,1.38,High,0.42,1535,
2026-01-02 17:57:00,Vodacom,Ivory Coast,Zero-Rating Bundle,STB,Movie C,1,5,1.15,1.99,3856,1.36,Low,0.14,2695,
2026-01-02 17:58:00,Moov,Cameroon,Zero-Rating Bundle,Web,Sport Live,1,87,6.11,14.99,3384,3.43,High,0.41,7083,AUTH_ERROR
2026-01-02 17:59:00,MTN,Cameroon,OTT Weekly Pass,Mobile,Kids Show,1,50,1.35,1.99,3465,2.78,Medium,0.12,7480,BUFFERING_ERROR
2026-01-02 18:00:00,Orange,Benin,Family Entertainment,STB,Movie C,1,70,6.39,14.99,956,2.37,High,0.12,3530,BUFFERING_ERROR
2026-01-02 18:01:00,Airtel,Benin,OTT Daily Pass,STB,Kids Show,1,45,2.35,4.99,691,2.42,Low,0.39,2945,
2026-01-02 18:02:00,Vodacom,Benin,Premium Sports Bundle,Web,Movie C,1,103,1.16,1.99,2485,2.12,Medium,0.18,8728,BUFFERING_ERROR
2026-01-02 18:03:00,Orange,Morocco,Family Entertainment,Smart TV,Sport Live,1,81,2.67,4.99,2277,0.17,Medium,0.02,5213,AUTH_ERROR
2026-01-02 18:04:00,Moov,Rwanda,OTT Weekly Pass,Smart TV,Sport Live,1,113,4.98,9.99,1847,2.38,Medium,0.04,7101,
2026-01-02 18:05:00,Moov,Rwanda,Zero-Rating Bundle,Mobile,Series A,1,101,1.25,1.99,3428,0.94,Medium,0.39,729,
2026-01-02 18:06:00,Vodacom,Ivory Coast,Family Entertainment,STB,Kids Show,1,50,7.54,14.99,1105,2.01,Medium,0.31,8613,
2026-01-02 18:07:00,Moov,Ivory Coast,Family Entertainment,Smart TV,Movie C,1,29,1.7,4.99,4985,2.67,Medium,0.05,5607,
2026-01-02 18:08:00,Moov,Senegal,OTT Weekly Pass,Smart TV,Documentary D,1,70,5.05,9.99,2315,3.08,Medium,0.18,7106,AUTH_ERROR
2026-01-02 18:09:00,MTN,Benin,OTT Weekly Pass,Mobile,Movie C,1,52,4.09,9.99,429,0.6,High,0.25,2678,BUFFERING_ERROR
2026-01-02 18:10:00,Orange,Senegal,Family Entertainment,Smart TV,Series A,1,88,1.04,1.99,368,3.37,High,0.26,2413,BUFFERING_ERROR
2026-01-02 18:11:00,Vodacom,Benin,Zero-Rating Bundle,STB,Movie C,1,119,2.65,4.99,3118,2.83,High,0.04,2584,
2026-01-02 18:12:00,Orange,Senegal,Premium Sports Bundle,Smart TV,Sport Live,1,111,3.11,4.99,3676,3.31,High,0.06,5716,BUFFERING_ERROR
2026-01-02 18:13:00,Orange,Cameroon,Family Entertainment,Smart TV,Movie C,1,53,0.78,1.99,3065,1.22,Medium,0.12,8053,
2026-01-02 18:14:00,MTN,Rwanda,Zero-Rating Bundle,Smart TV,Sport Live,1,66,2.91,4.99,4804,3.39,Low,0.16,1171,LOW_BITRATE
2026-01-02 18:15:00,Orange,Ivory Coast,Premium Sports Bundle,STB,Movie C,1,110,0.73,1.99,1604,2.34,Low,0.19,1089,AUTH_ERROR
2026-01-02 18:16:00,MTN,Ivory Coast,OTT Daily Pass,Mobile,Movie C,1,58,2.43,4.99,978,1.87,High,0.42,6668,
2026-01-02 18:17:00,Moov,Cameroon,OTT Weekly Pass,STB,Sport Live,1,27,4.2,9.99,3223,1.38,High,0.43,1737,
2026-01-02 18:18:00,Airtel,Rwanda,OTT Weekly Pass,STB,Kids Show,1,107,6.17,9.99,3468,2.54,High,0.22,2129,
2026-01-02 18:19:00,Vodacom,Rwanda,Zero-Rating Bundle,Mobile,Documentary D,1,35,1.6,4.99,4144,2.7,Low,0.19,3793,
2026-01-02 18:20:00,MTN,Rwanda,OTT Daily Pass,STB,Kids Show,1,30,5.24,14.99,776,1.18,High,0.25,7125,LOW_BITRATE
2026-01-02 18:21:00,MTN,Benin,OTT Weekly Pass,Web,Movie C,1,69,0.65,1.99,2365,0.37,High,0.39,8625,
2026-01-02 18:22:00,Orange,Ivory Coast,OTT Daily Pass,Smart TV,Kids Show,1,2,1.31,1.99,3174,1.17,High,0.34,5749,
2026-01-02 18:23:00,Vodacom,Cameroon,Premium Sports Bundle,STB,Kids Show,1,95,5.53,9.99,234,2.54,Low,0.08,1233,
2026-01-02 18:24:00,MTN,Senegal,Family Entertainment,Smart TV,Series A,1,97,3.35,4.99,2097,1.06,High,0.07,4337,
2026-01-02 18:25:00,Orange,Cameroon,Premium Sports Bundle,STB,Kids Show,1,88,6.83,9.99,2461,2.7,High,0.04,3078,
2026-01-02 18:26:00,Airtel,Ivory Coast,OTT Daily Pass,Smart TV,Series A,1,45,4.55,14.99,3710,3.34,Low,0.1,7545,LOW_BITRATE
2026-01-02 18:27:00,Airtel,Rwanda,OTT Weekly Pass,STB,Movie C,1,93,3.07,9.99,1222,0.14,Low,0.06,2636,BUFFERING_ERROR
2026-01-02 18:28:00,MTN,Rwanda,OTT Weekly Pass,STB,Movie C,1,50,5.66,14.99,2526,3.17,High,0.37,4322,
2026-01-02 18:29:00,MTN,Ivory Coast,Family Entertainment,Web,Documentary D,1,34,4.83,9.99,1880,3.37,Medium,0.11,2190,
2026-01-02 18:30:00,Moov,Ivory Coast,OTT Weekly Pass,Web,Movie C,1,38,0.8,1.99,4088,1.24,High,0.17,1420,
2026-01-02 18:31:00,Airtel,Morocco,Premium Sports Bundle,Web,Series A,1,51,0.63,1.99,1335,2.28,High,0.04,1128,AUTH_ERROR
2026-01-02 18:32:00,Moov,Senegal,Family Entertainment,Smart TV,Kids Show,1,89,5.72,14.99,2193,2.74,Low,0.19,8671,AUTH_ERROR
2026-01-02 18:33:00,Orange,Senegal,OTT Weekly Pass,Web,Kids Show,1,60,6.32,9.99,4534,0.19,Medium,0.07,5303,
2026-01-02 18:34:00,Orange,Senegal,Premium Sports Bundle,STB,Documentary D,1,64,6.99,9.99,2265,0.19,Low,0.35,5091,
2026-01-02 18:35:00,Moov,Cameroon,Premium Sports Bundle,Web,Movie C,1,1,0.81,1.99,2094,1.42,High,0.18,3765,LOW_BITRATE
2026-01-02 18:36:00,Moov,Morocco,Family Entertainment,STB,Series A,1,117,0.64,1.99,4786,0.98,Medium,0.41,2386,
2026-01-02 18:37:00,Vodacom,Rwanda,Premium Sports Bundle,STB,Documentary D,1,84,4.05,9.99,3029,0.2,Medium,0.05,1470,
2026-01-02 18:38:00,MTN,Morocco,Premium Sports Bundle,STB,Documentary D,1,103,3.34,4.99,1740,3.35,High,0.12,6087,BUFFERING_ERROR
2026-01-02 18:39:00,Airtel,Rwanda,Zero-Rating Bundle,Smart TV,Sport Live,1,81,7.84,14.99,1034,2.28,High,0.24,1411,
2026-01-02 18:40:00,Moov,Benin,Zero-Rating Bundle,STB,Kids Show,1,73,4.63,14.99,4765,0.48,Medium,0.2,5099,
2026-01-02 18:41:00,MTN,Rwanda,Zero-Rating Bundle,Smart TV,Series A,1,53,10.45,14.99,3762,1.14,High,0.36,3220,
2026-01-02 18:42:00,Orange,Senegal,OTT Weekly Pass,Web,Sport Live,1,29,8.61,14.99,996,2.46,High,0.07,4293,
2026-01-02 18:43:00,Moov,Benin,Family Entertainment,Mobile,Documentary D,1,44,1.24,1.99,3405,2.09,High,0.37,4760,BUFFERING_ERROR
2026-01-02 18:44:00,MTN,Benin,Premium Sports Bundle,Web,Sport Live,1,90,5.64,14.99,3246,2.48,High,0.28,8640,LOW_BITRATE
2026-01-02 18:45:00,MTN,Cameroon,Zero-Rating Bundle,STB,Documentary D,1,69,7.75,14.99,4354,1.2,Low,0.32,4264,AUTH_ERROR
2026-01-02 18:46:00,Airtel,Cameroon,OTT Weekly Pass,Smart TV,Sport Live,1,93,3.09,9.99,844,2.6,Low,0.34,553,AUTH_ERROR
2026-01-02 18:47:00,Airtel,Morocco,OTT Weekly Pass,STB,Documentary D,1,8,1.02,1.99,858,0.64,High,0.09,7818,
2026-01-02 18:48:00,Orange,Cameroon,Premium Sports Bundle,Smart TV,Kids Show,1,16,0.93,1.99,1472,0.36,High,0.02,7596,
2026-01-02 18:49:00,Orange,Senegal,Family Entertainment,Mobile,Series A,1,58,5.15,9.99,1477,0.44,High,0.28,7094,AUTH_ERROR
2026-01-02 18:50:00,Moov,Benin,OTT Daily Pass,Smart TV,Movie C,1,90,0.98,1.99,4150,3.39,Low,0.3,4302,LOW_BITRATE
2026-01-02 18:51:00,Vodacom,Morocco,Premium Sports Bundle,Web,Kids Show,1,112,2.77,4.99,3432,2.02,Medium,0.17,8276,
2026-01-02 18:52:00,Moov,Cameroon,Family Entertainment,STB,Sport Live,1,53,1.35,1.99,3926,0.88,High,0.14,2290,
2026-01-02 18:53:00,MTN,Senegal,Premium Sports Bundle,STB,Kids Show,1,68,8.75,14.99,2888,1.49,Medium,0.24,3251,
2026-01-02 18:54:00,Vodacom,Ivory Coast,Zero-Rating Bundle,Smart TV,Series A,1,58,0.61,1.99,4224,0.69,Medium,0.13,4238,BUFFERING_ERROR
2026-01-02 18:55:00,Vodacom,Ivory Coast,Family Entertainment,Smart TV,Documentary D,1,87,6.97,9.99,1574,1.58,Low,0.32,4037,AUTH_ERROR
2026-01-02 18:56:00,MTN,Benin,Premium Sports Bundle,STB,Movie C,1,94,6.66,14.99,4240,1.92,Low,0.39,6098,BUFFERING_ERROR
2026-01-02 18:57:00,Moov,Cameroon,OTT Weekly Pass,Smart TV,Movie C,1,18,6.19,9.99,4467,3.49,High,0.34,1487,AUTH_ERROR
2026-01-02 18:58:00,Orange,Ivory Coast,Family Entertainment,Mobile,Sport Live,1,91,9.87,14.99,4031,2.99,High,0.43,8390,BUFFERING_ERROR
2026-01-02 18:59:00,MTN,Morocco,Premium Sports Bundle,STB,Series A,1,52,1.07,1.99,2778,2.5,Low,0.27,4694,
2026-01-02 19:00:00,Moov,Cameroon,Premium Sports Bundle,Smart TV,Kids Show,1,53,2.3,4.99,2178,3.07,Low,0.41,1721,BUFFERING_ERROR
2026-01-02 19:01:00,Vodacom,Senegal,Zero-Rating Bundle,Smart TV,Sport Live,1,13,1.84,4.99,4132,2.41,High,0.44,8495,LOW_BITRATE
2026-01-02 19:02:00,Orange,Benin,Family Entertainment,Mobile,Kids Show,1,11,9.04,14.99,3583,0.92,Low,0.21,4526,
2026-01-02 19:03:00,Airtel,Ivory Coast,Premium Sports Bundle,Smart TV,Documentary D,1,49,0.61,1.99,336,2.34,Low,0.09,8628,
2026-01-02 19:04:00,Orange,Rwanda,OTT Daily Pass,STB,Movie C,1,113,0.6,1.99,4230,2.32,Low,0.03,1960,AUTH_ERROR
2026-01-02 19:05:00,MTN,Rwanda,Family Entertainment,Mobile,Movie C,1,80,1.3,1.99,1042,2.08,Medium,0.21,3435,AUTH_ERROR
2026-01-02 19:06:00,Moov,Benin,Family Entertainment,Web,Movie C,1,87,5.68,9.99,2776,2.13,Medium,0.12,5457,
2026-01-02 19:07:00,Vodacom,Benin,Zero-Rating Bundle,STB,Series A,1,50,0.92,1.99,4315,0.39,Medium,0.22,4873,
2026-01-02 19:08:00,Vodacom,Morocco,OTT Weekly Pass,STB,Documentary D,1,42,2.68,4.99,2760,3.13,High,0.23,5688,
2026-01-02 19:09:00,Orange,Cameroon,OTT Daily Pass,Web,Movie C,1,27,6.99,9.99,2996,1.56,High,0.37,668,
2026-01-02 19:10:00,Airtel,Cameroon,Family Entertainment,STB,Documentary D,1,72,1.03,1.99,2790,1.73,Medium,0.23,4603,
2026-01-02 19:11:00,Moov,Senegal,Family Entertainment,Smart TV,Kids Show,1,59,1.78,4.99,4073,2.97,High,0.07,8609,LOW_BITRATE
2026-01-02 19:12:00,Vodacom,Ivory Coast,Zero-Rating Bundle,Smart TV,Kids Show,1,98,9.34,14.99,213,2.23,Medium,0.14,1932,
2026-01-02 19:13:00,Orange,Morocco,Family Entertainment,Smart TV,Series A,1,90,6.12,14.99,3205,1.03,Low,0.35,4863,
2026-01-02 19:14:00,Airtel,Cameroon,Zero-Rating Bundle,Mobile,Documentary D,1,105,6.7,14.99,1162,0.28,High,0.01,1390,AUTH_ERROR
2026-01-02 19:15:00,Vodacom,Senegal,OTT Weekly Pass,STB,Movie C,1,8,3.23,4.99,2319,2.04,High,0.19,8941,
2026-01-02 19:16:00,Airtel,Benin,OTT Daily Pass,STB,Documentary D,1,73,4.77,9.99,2265,3.18,Low,0.07,2507,BUFFERING_ERROR
2026-01-02 19:17:00,Moov,Cameroon,Zero-Rating Bundle,Web,Documentary D,1,100,7.83,14.99,4970,2.52,High,0.18,8694,
2026-01-02 19:18:00,Vodacom,Benin,Family Entertainment,Mobile,Documentary D,1,115,9.71,14.99,1641,2.27,Low,0.1,7851,BUFFERING_ERROR
2026-01-02 19:19:00,Orange,Benin,OTT Weekly Pass,Mobile,Sport Live,1,55,1.13,1.99,1252,3.11,Low,0.39,1808,LOW_BITRATE
2026-01-02 19:20:00,Airtel,Ivory Coast,OTT Weekly Pass,Smart TV,Series A,1,61,0.76,1.99,3197,2.62,Medium,0.29,8958,LOW_BITRATE
2026-01-02 19:21:00,Moov,Morocco,Family Entertainment,STB,Sport Live,1,63,1.2,1.99,2117,2.34,Medium,0.19,4505,
2026-01-02 19:22:00,Airtel,Ivory Coast,OTT Weekly Pass,Mobile,Documentary D,1,108,2.12,4.99,4574,0.5,High,0.17,3903,LOW_BITRATE
2026-01-02 19:23:00,Airtel,Ivory Coast,OTT Weekly Pass,Smart TV,Sport Live,1,6,3.08,9.99,4630,0.37,Medium,0.24,8321,
2026-01-02 19:24:00,Moov,Morocco,OTT Weekly Pass,Smart TV,Movie C,1,49,6.33,9.99,4001,0.66,High,0.39,8744,
2026-01-02 19:25:00,Moov,Cameroon,Zero-Rating Bundle,Smart TV,Documentary D,1,52,2.24,4.99,152,3.35,High,0.05,7910,
2026-01-02 19:26:00,Vodacom,Benin,Premium Sports Bundle,Mobile,Sport Live,1,43,1.76,4.99,1060,3.35,Low,0.29,2984,
2026-01-02 19:27:00,Orange,Senegal,OTT Daily Pass,Web,Movie C,1,101,5.27,9.99,2825,3.48,High,0.17,2041,BUFFERING_ERROR
2026-01-02 19:28:00,Vodacom,Rwanda,OTT Weekly Pass,Web,Kids Show,1,76,0.91,1.99,2056,0.81,High,0.36,6161,AUTH_ERROR
2026-01-02 19:29:00,MTN,Morocco,Family Entertainment,STB,Documentary D,1,96,3.64,9.99,3693,3.03,Medium,0.16,6409,
2026-01-02 19:30:00,Orange,Rwanda,Family Entertainment,Smart TV,Series A,1,37,0.7,1.99,3777,1.45,High,0.35,7810,AUTH_ERROR
2026-01-02 19:31:00,Orange,Senegal,Premium Sports Bundle,Smart TV,Series A,1,79,8.9,14.99,1591,3.29,High,0.09,2032,
2026-01-02 19:32:00,Vodacom,Morocco,OTT Daily Pass,Mobile,Sport Live,1,77,2.48,4.99,4501,1.87,Low,0.29,1500,
2026-01-02 19:33:00,MTN,Ivory Coast,Zero-Rating Bundle,STB,Documentary D,1,117,7.96,14.99,818,1.42,Medium,0.05,4927,AUTH_ERROR
2026-01-02 19:34:00,Moov,Morocco,Zero-Rating Bundle,Mobile,Series A,1,104,1.15,1.99,328,2.66,Low,0.03,3152,
2026-01-02 19:35:00,MTN,Morocco,Premium Sports Bundle,Mobile,Sport Live,1,64,6.45,9.99,3591,2.14,Medium,0.36,5930,BUFFERING_ERROR
2026-01-02 19:36:00,MTN,Ivory Coast,Premium Sports Bundle,Smart TV,Movie C,1,98,4.74,9.99,1385,1.45,High,0.09,4095,AUTH_ERROR
2026-01-02 19:37:00,Vodacom,Senegal,Premium Sports Bundle,STB,Kids Show,1,120,4.12,9.99,202,2.58,Low,0.3,4207,
2026-01-02 19:38:00,Orange,Cameroon,Family Entertainment,Smart TV,Series A,1,5,3.17,4.99,710,0.62,Medium,0.18,2313,
2026-01-02 19:39:00,Moov,Rwanda,Premium Sports Bundle,Web,Movie C,1,100,1.36,1.99,2759,0.96,High,0.16,8718,BUFFERING_ERROR
2026-01-02 19:40:00,MTN,Benin,Premium Sports Bundle,Mobile,Kids Show,1,33,8.98,14.99,599,1.81,High,0.33,4362,
2026-01-02 19:41:00,MTN,Senegal,OTT Daily Pass,Mobile,Sport Live,1,45,1.32,1.99,2339,2.56,Medium,0.12,1662,BUFFERING_ERROR
2026-01-02 19:42:00,Moov,Senegal,Family Entertainment,STB,Movie C,1,25,3.0,4.99,266,1.54,High,0.25,5715,
2026-01-02 19:43:00,Vodacom,Cameroon,Zero-Rating Bundle,Smart TV,Sport Live,1,32,2.19,4.99,1696,3.37,Low,0.45,697,
2026-01-02 19:44:00,MTN,Cameroon,OTT Daily Pass,Mobile,Sport Live,1,36,2.98,4.99,1267,1.91,Low,0.05,8726,
2026-01-02 19:45:00,Airtel,Rwanda,Premium Sports Bundle,Mobile,Sport Live,1,116,4.27,9.99,4326,2.89,Low,0.24,6690,
2026-01-02 19:46:00,Orange,Senegal,Zero-Rating Bundle,Mobile,Movie C,1,50,6.73,14.99,3403,1.4,Low,0.32,5891,
2026-01-02 19:47:00,Orange,Benin,OTT Daily Pass,Mobile,Series A,1,119,2.4,4.99,1800,3.12,High,0.37,3793,
2026-01-02 19:48:00,Moov,Ivory Coast,OTT Weekly Pass,Mobile,Kids Show,1,79,3.08,4.99,1912,0.75,Medium,0.08,1529,AUTH_ERROR
2026-01-02 19:49:00,Orange,Ivory Coast,Family Entertainment,STB,Series A,1,113,0.83,1.99,206,1.96,High,0.12,5959,
2026-01-02 19:50:00,Airtel,Benin,Premium Sports Bundle,STB,Movie C,1,110,5.62,14.99,4961,3.06,High,0.35,1324,
2026-01-02 19:51:00,MTN,Benin,Zero-Rating Bundle,Mobile,Kids Show,1,55,3.15,4.99,804,3.25,High,0.18,5098,AUTH_ERROR
2026-01-02 19:52:00,Moov,Cameroon,Family Entertainment,Mobile,Documentary D,1,119,9.38,14.99,3418,3.14,High,0.36,8333,
2026-01-02 19:53:00,Moov,Cameroon,Premium Sports Bundle,Mobile,Kids Show,1,11,6.57,14.99,1846,0.27,Low,0.18,5072,BUFFERING_ERROR
2026-01-02 19:54:00,Moov,Morocco,Family Entertainment,Smart TV,Movie C,1,68,0.71,1.99,2268,1.48,Medium,0.18,4224,BUFFERING_ERROR
2026-01-02 19:55:00,Orange,Ivory Coast,OTT Weekly Pass,STB,Sport Live,1,74,0.72,1.99,3444,1.79,Medium,0.26,8381,AUTH_ERROR
2026-01-02 19:56:00,MTN,Benin,Zero-Rating Bundle,Mobile,Movie C,1,100,0.81,1.99,1999,0.22,Low,0.37,8490,AUTH_ERROR
2026-01-02 19:57:00,Moov,Rwanda,Family Entertainment,Smart TV,Documentary D,1,36,1.1,1.99,62,1.84,Medium,0.39,3485,
2026-01-02 19:58:00,Orange,Ivory Coast,Zero-Rating Bundle,STB,Series A,1,24,1.54,4.99,1318,0.16,High,0.06,8602,
2026-01-02 19:59:00,Airtel,Rwanda,OTT Daily Pass,Web,Series A,1,28,3.88,9.99,4119,2.84,Low,0.29,1526,LOW_BITRATE
2026-01-02 20:00:00,Airtel,Cameroon,Premium Sports Bundle,Mobile,Movie C,1,94,2.99,4.99,3895,2.18,High,0.02,7693,BUFFERING_ERROR
2026-01-02 20:01:00,Moov,Cameroon,OTT Weekly Pass,Web,Documentary D,1,16,8.79,14.99,1284,1.92,Low,0.01,7394,
2026-01-02 20:02:00,Vodacom,Benin,OTT Weekly Pass,STB,Movie C,1,15,2.51,4.99,335,1.36,Medium,0.35,7685,
2026-01-02 20:03:00,Airtel,Rwanda,OTT Daily Pass,Smart TV,Series A,1,97,2.7,4.99,2617,2.45,Medium,0.44,7293,LOW_BITRATE
2026-01-02 20:04:00,Vodacom,Cameroon,OTT Daily Pass,Smart TV,Kids Show,1,93,2.29,4.99,186,0.5,High,0.37,4721,
2026-01-02 20:05:00,Orange,Ivory Coast,OTT Weekly Pass,Web,Movie C,1,77,1.21,1.99,4740,1.86,Low,0.02,8029,
2026-01-02 20:06:00,Moov,Rwanda,Premium Sports Bundle,Mobile,Sport Live,1,116,1.36,1.99,3990,2.98,High,0.44,2799,
2026-01-02 20:07:00,Airtel,Cameroon,Family Entertainment,Web,Documentary D,1,120,1.38,1.99,987,3.19,Low,0.1,5786,LOW_BITRATE
2026-01-02 20:08:00,Moov,Rwanda,Zero-Rating Bundle,STB,Sport Live,1,62,1.17,1.99,2497,0.69,High,0.27,3767,
2026-01-02 20:09:00,Vodacom,Cameroon,Zero-Rating Bundle,Mobile,Sport Live,1,29,3.47,4.99,1201,0.24,Medium,0.35,7515,LOW_BITRATE
2026-01-02 20:10:00,Orange,Ivory Coast,Zero-Rating Bundle,Web,Documentary D,1,41,1.39,1.99,3126,3.11,High,0.41,7400,LOW_BITRATE
2026-01-02 20:11:00,MTN,Morocco,Zero-Rating Bundle,Smart TV,Movie C,1,118,2.88,4.99,2763,0.4,Medium,0.32,1028,BUFFERING_ERROR
2026-01-02 20:12:00,Moov,Ivory Coast,Family Entertainment,Mobile,Kids Show,1,14,2.57,4.99,1799,0.41,Low,0.24,4852,
2026-01-02 20:13:00,Orange,Ivory Coast,Zero-Rating Bundle,Web,Movie C,1,93,1.13,1.99,620,1.63,Medium,0.13,1586,
2026-01-02 20:14:00,Moov,Benin,Premium Sports Bundle,Web,Series A,1,57,6.16,14.99,3831,0.99,High,0.32,7542,BUFFERING_ERROR
2026-01-02 20:15:00,Moov,Senegal,Premium Sports Bundle,Web,Kids Show,1,22,9.42,14.99,1597,1.42,Low,0.41,7699,
2026-01-02 20:16:00,Orange,Cameroon,OTT Daily Pass,Web,Kids Show,1,91,0.91,1.99,2733,2.1,Medium,0.18,5707,
2026-01-02 20:17:00,Airtel,Benin,Family Entertainment,Mobile,Series A,1,77,1.19,1.99,3317,2.26,Medium,0.05,8608,
2026-01-02 20:18:00,Airtel,Benin,Premium Sports Bundle,Smart TV,Sport Live,1,35,3.82,9.99,1764,2.15,High,0.28,4332,
2026-01-02 20:19:00,Orange,Benin,OTT Weekly Pass,Web,Series A,1,104,5.43,14.99,4655,2.99,Medium,0.18,4337,AUTH_ERROR
2026-01-02 20:20:00,Vodacom,Senegal,OTT Weekly Pass,Mobile,Movie C,1,19,4.54,14.99,3550,0.96,High,0.24,7954,BUFFERING_ERROR
2026-01-02 20:21:00,Moov,Morocco,OTT Daily Pass,Mobile,Sport Live,1,118,3.47,4.99,1387,2.15,Low,0.28,958,AUTH_ERROR
2026-01-02 20:22:00,Airtel,Benin,Family Entertainment,Mobile,Series A,1,101,2.05,4.99,2182,3.26,High,0.11,5532,LOW_BITRATE
2026-01-02 20:23:00,Moov,Morocco,Premium Sports Bundle,Web,Series A,1,80,10.22,14.99,4796,0.63,Low,0.44,634,BUFFERING_ERROR
2026-01-02 20:24:00,Orange,Cameroon,Premium Sports Bundle,STB,Kids Show,1,61,5.81,9.99,2492,0.78,Low,0.18,5035,
2026-01-02 20:25:00,Vodacom,Benin,Zero-Rating Bundle,STB,Kids Show,1,100,4.98,9.99,3130,1.24,Medium,0.45,7449,BUFFERING_ERROR
2026-01-02 20:26:00,Orange,Ivory Coast,OTT Daily Pass,Web,Sport Live,1,101,0.93,1.99,4096,3.04,High,0.05,5833,LOW_BITRATE
2026-01-02 20:27:00,Moov,Cameroon,OTT Daily Pass,Mobile,Sport Live,1,114,4.32,9.99,1833,1.71,High,0.26,2972,LOW_BITRATE
2026-01-02 20:28:00,Vodacom,Morocco,OTT Daily Pass,Mobile,Series A,1,8,0.85,1.99,681,2.89,Low,0.16,4657,
2026-01-02 20:29:00,Airtel,Senegal,Family Entertainment,Web,Sport Live,1,44,2.48,4.99,979,2.51,High,0.36,8131,BUFFERING_ERROR
2026-01-02 20:30:00,MTN,Cameroon,Family Entertainment,Web,Documentary D,1,5,1.1,1.99,2423,1.45,Low,0.07,5769,
2026-01-02 20:31:00,Orange,Rwanda,Family Entertainment,Smart TV,Series A,1,39,0.67,1.99,4069,2.44,Medium,0.2,949,BUFFERING_ERROR
2026-01-02 20:32:00,Orange,Cameroon,Zero-Rating Bundle,Smart TV,Series A,1,88,1.38,1.99,4366,0.98,Low,0.3,614,LOW_BITRATE
2026-01-02 20:33:00,MTN,Rwanda,Zero-Rating Bundle,Mobile,Sport Live,1,76,3.33,4.99,2981,0.46,Medium,0.04,4262,BUFFERING_ERROR
2026-01-02 20:34:00,Orange,Senegal,Zero-Rating Bundle,Web,Documentary D,1,23,6.18,14.99,4685,2.96,Medium,0.4,3801,LOW_BITRATE
2026-01-02 20:35:00,Airtel,Rwanda,OTT Daily Pass,STB,Movie C,1,38,1.29,1.99,1362,2.33,High,0.32,3636,
2026-01-02 20:36:00,Vodacom,Morocco,Family Entertainment,Web,Series A,1,23,5.88,14.99,4074,2.06,Medium,0.25,3510,AUTH_ERROR
2026-01-02 20:37:00,Moov,Ivory Coast,Family Entertainment,Mobile,Documentary D,1,72,1.32,1.99,2741,3.02,Medium,0.09,2194,
2026-01-02 20:38:00,MTN,Cameroon,OTT Weekly Pass,STB,Movie C,1,15,0.61,1.99,783,1.86,Low,0.19,8477,
2026-01-02 20:39:00,MTN,Ivory Coast,OTT Daily Pass,Smart TV,Kids Show,1,22,1.26,1.99,344,3.34,Medium,0.1,3451,AUTH_ERROR
2026-01-02 20:40:00,Airtel,Rwanda,OTT Daily Pass,STB,Documentary D,1,95,0.96,1.99,986,0.76,High,0.37,5620,AUTH_ERROR
2026-01-02 20:41:00,MTN,Benin,Family Entertainment,Smart TV,Sport Live,1,44,4.67,9.99,552,3.04,Medium,0.05,7068,AUTH_ERROR
2026-01-02 20:42:00,Vodacom,Cameroon,Family Entertainment,Web,Series A,1,1,4.44,9.99,2559,3.02,High,0.14,4103,BUFFERING_ERROR
2026-01-02 20:43:00,Orange,Rwanda,Family Entertainment,STB,Movie C,1,24,1.31,1.99,4233,0.63,Medium,0.11,880,
2026-01-02 20:44:00,Moov,Morocco,OTT Weekly Pass,Mobile,Kids Show,1,95,3.39,4.99,4404,0.22,Low,0.26,6643,
2026-01-02 20:45:00,Moov,Ivory Coast,OTT Weekly Pass,Web,Series A,1,40,1.59,4.99,1080,2.82,Low,0.12,4651,
2026-01-02 20:46:00,Orange,Benin,OTT Weekly Pass,Web,Kids Show,1,40,1.03,1.99,687,1.19,Low,0.1,2678,
2026-01-02 20:47:00,Moov,Morocco,OTT Weekly Pass,STB,Movie C,1,76,2.44,4.99,3590,3.29,High,0.43,2124,
2026-01-02 20:48:00,Vodacom,Benin,Premium Sports Bundle,STB,Kids Show,1,84,4.2,9.99,2957,1.07,Medium,0.11,7127,LOW_BITRATE
2026-01-02 20:49:00,MTN,Cameroon,Premium Sports Bundle,Web,Series A,1,22,0.84,1.99,4480,3.22,Medium,0.4,4153,
2026-01-02 20:50:00,Orange,Senegal,Zero-Rating Bundle,STB,Sport Live,1,39,5.05,9.99,3089,0.48,High,0.06,958,LOW_BITRATE
2026-01-02 20:51:00,Orange,Cameroon,Zero-Rating Bundle,Mobile,Series A,1,54,9.22,14.99,2843,0.21,High,0.19,6841,AUTH_ERROR
2026-01-02 20:52:00,Moov,Senegal,OTT Weekly Pass,Smart TV,Series A,1,43,8.11,14.99,3978,1.82,Low,0.27,6608,BUFFERING_ERROR
2026-01-02 20:53:00,Orange,Rwanda,Zero-Rating Bundle,Smart TV,Movie C,1,77,10.11,14.99,528,1.08,High,0.32,8658,
2026-01-02 20:54:00,Orange,Cameroon,OTT Daily Pass,Mobile,Kids Show,1,26,4.27,9.99,2768,0.83,Low,0.05,5610,AUTH_ERROR
2026-01-02 20:55:00,Vodacom,Cameroon,OTT Daily Pass,Smart TV,Kids Show,1,107,7.18,14.99,4683,1.18,Medium,0.25,2909,
2026-01-02 20:56:00,Airtel,Morocco,Family Entertainment,Smart TV,Movie C,1,85,3.42,4.99,4040,1.06,Low,0.28,2961,
2026-01-02 20:57:00,Vodacom,Benin,Family Entertainment,Web,Series A,1,113,7.98,14.99,2574,1.14,Low,0.07,8840,
2026-01-02 20:58:00,Moov,Ivory Coast,Premium Sports Bundle,Mobile,Documentary D,1,71,6.72,9.99,1192,3.13,Low,0.03,2891,
2026-01-02 20:59:00,MTN,Ivory Coast,Family Entertainment,Web,Kids Show,1,98,1.6,4.99,2198,0.33,Medium,0.4,2173,
2026-01-02 21:00:00,Airtel,Benin,Family Entertainment,Mobile,Movie C,1,26,0.95,1.99,2257,0.45,High,0.27,7297,
2026-01-02 21:01:00,Vodacom,Cameroon,OTT Daily Pass,Web,Documentary D,1,99,1.23,1.99,4528,2.22,High,0.36,5080,LOW_BITRATE
2026-01-02 21:02:00,Vodacom,Ivory Coast,OTT Weekly Pass,Smart TV,Kids Show,1,11,0.73,1.99,1751,0.41,Low,0.32,3660,
2026-01-02 21:03:00,Vodacom,Morocco,Premium Sports Bundle,STB,Documentary D,1,78,1.34,1.99,446,1.96,Low,0.33,1660,AUTH_ERROR
2026-01-02 21:04:00,Vodacom,Cameroon,Premium Sports Bundle,STB,Movie C,1,110,3.39,4.99,4967,2.86,High,0.01,2421,BUFFERING_ERROR
2026-01-02 21:05:00,Moov,Rwanda,OTT Daily Pass,Mobile,Sport Live,1,62,5.95,14.99,1986,1.38,Medium,0.41,7748,BUFFERING_ERROR
2026-01-02 21:06:00,Moov,Cameroon,Premium Sports Bundle,Mobile,Documentary D,1,32,1.39,1.99,1935,0.97,High,0.22,4727,AUTH_ERROR
2026-01-02 21:07:00,Moov,Rwanda,Premium Sports Bundle,Web,Movie C,1,39,2.33,4.99,1758,2.88,Low,0.25,8612,LOW_BITRATE
2026-01-02 21:08:00,Vodacom,Morocco,Family Entertainment,STB,Series A,1,75,0.8,1.99,1709,3.33,High,0.3,7207,
2026-01-02 21:09:00,Moov,Morocco,Zero-Rating Bundle,STB,Kids Show,1,98,1.61,4.99,3081,0.67,Low,0.32,7557,BUFFERING_ERROR
2026-01-02 21:10:00,Moov,Cameroon,Family Entertainment,Web,Documentary D,1,49,7.46,14.99,3273,1.12,Medium,0.42,3593,
2026-01-02 21:11:00,Orange,Rwanda,OTT Daily Pass,Smart TV,Documentary D,1,20,6.67,9.99,1241,2.29,High,0.03,7756,AUTH_ERROR
2026-01-02 21:12:00,Moov,Senegal,Premium Sports Bundle,Smart TV,Kids Show,1,39,1.63,4.99,1461,1.14,Low,0.13,2149,
2026-01-02 21:13:00,Orange,Cameroon,OTT Weekly Pass,Smart TV,Kids Show,1,37,5.85,9.99,1964,1.73,High,0.28,2378,BUFFERING_ERROR
2026-01-02 21:14:00,Orange,Ivory Coast,OTT Weekly Pass,STB,Movie C,1,70,6.03,14.99,138,2.92,Medium,0.35,7193,
2026-01-02 21:15:00,Vodacom,Senegal,OTT Daily Pass,Web,Kids Show,1,83,2.88,4.99,1010,1.58,Low,0.09,4449,BUFFERING_ERROR
2026-01-02 21:16:00,MTN,Senegal,Family Entertainment,Mobile,Sport Live,1,20,4.95,14.99,59,3.28,Low,0.41,2600,
2026-01-02 21:17:00,MTN,Ivory Coast,Family Entertainment,Smart TV,Kids Show,1,96,4.1,9.99,4149,0.16,Medium,0.32,8101,
2026-01-02 21:18:00,Moov,Morocco,OTT Daily Pass,STB,Series A,1,92,1.29,1.99,1045,1.03,Medium,0.45,2125,
2026-01-02 21:19:00,MTN,Rwanda,Premium Sports Bundle,Smart TV,Documentary D,1,40,8.06,14.99,118,1.28,High,0.12,7338,LOW_BITRATE
2026-01-02 21:20:00,MTN,Cameroon,Premium Sports Bundle,Smart TV,Series A,1,109,0.88,1.99,3251,1.25,High,0.06,8286,
2026-01-02 21:21:00,Moov,Ivory Coast,Family Entertainment,Smart TV,Sport Live,1,40,0.61,1.99,2805,2.25,Low,0.11,1820,
2026-01-02 21:22:00,Moov,Senegal,Premium Sports Bundle,Mobile,Kids Show,1,17,1.05,1.99,2474,1.59,Low,0.36,2290,
2026-01-02 21:23:00,Orange,Morocco,OTT Daily Pass,Smart TV,Kids Show,1,65,0.61,1.99,4420,3.19,High,0.02,8313,
2026-01-02 21:24:00,Moov,Rwanda,Zero-Rating Bundle,Smart TV,Kids Show,1,86,0.73,1.99,430,2.07,Medium,0.08,5019,
2026-01-02 21:25:00,Airtel,Morocco,Premium Sports Bundle,Web,Sport Live,1,88,3.83,9.99,391,1.94,High,0.25,1318,BUFFERING_ERROR
2026-01-02 21:26:00,Moov,Senegal,OTT Daily Pass,Mobile,Kids Show,1,95,5.95,14.99,1878,1.62,Low,0.26,5799,BUFFERING_ERROR
2026-01-02 21:27:00,Airtel,Morocco,Family Entertainment,Web,Movie C,1,48,1.18,1.99,508,3.13,High,0.24,1136,
2026-01-02 21:28:00,Orange,Cameroon,Premium Sports Bundle,STB,Movie C,1,54,9.23,14.99,2590,2.72,High,0.05,4289,
2026-01-02 21:29:00,MTN,Rwanda,Premium Sports Bundle,Web,Kids Show,1,46,3.17,4.99,5000,2.49,Low,0.45,4160,BUFFERING_ERROR
2026-01-02 21:30:00,Airtel,Benin,OTT Daily Pass,STB,Series A,1,2,3.06,9.99,1881,1.62,Medium,0.05,4409,
2026-01-02 21:31:00,Vodacom,Cameroon,OTT Daily Pass,STB,Sport Live,1,83,5.86,14.99,4547,3.04,High,0.11,5767,
2026-01-02 21:32:00,Vodacom,Cameroon,Zero-Rating Bundle,Smart TV,Sport Live,1,85,3.02,4.99,3285,0.5,High,0.41,3809,
2026-01-02 21:33:00,Orange,Cameroon,OTT Weekly Pass,Web,Series A,1,49,3.46,4.99,514,1.1,Low,0.07,8995,
2026-01-02 21:34:00,Vodacom,Benin,OTT Daily Pass,Web,Documentary D,1,55,3.29,4.99,168,3.21,Low,0.35,818,
2026-01-02 21:35:00,Moov,Benin,Premium Sports Bundle,Smart TV,Sport Live,1,68,4.74,9.99,4203,1.59,High,0.36,3710,
2026-01-02 21:36:00,Vodacom,Benin,OTT Weekly Pass,STB,Movie C,1,55,3.25,4.99,1940,2.92,High,0.02,1382,AUTH_ERROR
2026-01-02 21:37:00,Moov,Rwanda,Premium Sports Bundle,Web,Movie C,1,106,6.35,9.99,2195,2.52,Low,0.11,4590,
2026-01-02 21:38:00,Moov,Cameroon,Family Entertainment,Web,Sport Live,1,82,2.68,4.99,4724,1.76,High,0.42,4129,LOW_BITRATE
2026-01-02 21:39:00,MTN,Benin,Zero-Rating Bundle,Mobile,Kids Show,1,44,0.89,1.99,4886,1.66,Medium,0.07,5250,
2026-01-02 21:40:00,Orange,Cameroon,Family Entertainment,Smart TV,Documentary D,1,24,8.76,14.99,4486,2.63,Medium,0.34,5736,LOW_BITRATE
2026-01-02 21:41:00,Orange,Ivory Coast,Zero-Rating Bundle,Mobile,Kids Show,1,98,3.41,4.99,4245,0.51,High,0.01,2720,BUFFERING_ERROR
2026-01-02 21:42:00,Vodacom,Rwanda,Family Entertainment,Web,Kids Show,1,11,0.78,1.99,3342,2.8,Medium,0.1,4037,BUFFERING_ERROR
2026-01-02 21:43:00,Airtel,Ivory Coast,Zero-Rating Bundle,Web,Movie C,1,14,1.39,1.99,2523,3.2,Low,0.13,4003,
2026-01-02 21:44:00,Orange,Cameroon,Zero-Rating Bundle,Smart TV,Kids Show,1,14,2.54,4.99,2061,0.89,Low,0.14,7872,
2026-01-02 21:45:00,Airtel,Benin,OTT Daily Pass,STB,Kids Show,1,19,5.54,9.99,3550,1.61,Medium,0.45,5501,
2026-01-02 21:46:00,MTN,Benin,OTT Weekly Pass,Web,Movie C,1,79,6.03,9.99,530,1.41,Low,0.29,3658,
2026-01-02 21:47:00,Orange,Rwanda,OTT Daily Pass,Smart TV,Documentary D,1,91,6.17,14.99,397,2.7,Medium,0.34,5235,
2026-01-02 21:48:00,Vodacom,Senegal,OTT Daily Pass,Web,Sport Live,1,51,6.58,9.99,4815,2.44,Medium,0.32,3612,
2026-01-02 21:49:00,Moov,Benin,Zero-Rating Bundle,STB,Kids Show,1,96,1.36,1.99,4797,2.76,Low,0.41,1397,
2026-01-02 21:50:00,Vodacom,Ivory Coast,OTT Weekly Pass,Web,Sport Live,1,48,2.2,4.99,875,1.96,Medium,0.11,5591,
2026-01-02 21:51:00,Orange,Ivory Coast,OTT Daily Pass,Web,Documentary D,1,52,6.52,9.99,1923,3.03,High,0.05,8034,
2026-01-02 21:52:00,MTN,Rwanda,Premium Sports Bundle,Mobile,Sport Live,1,50,1.28,1.99,2836,1.86,High,0.23,2293,
2026-01-02 21:53:00,Vodacom,Benin,Zero-Rating Bundle,Mobile,Movie C,1,70,4.84,14.99,1667,1.15,Medium,0.23,6029,
2026-01-02 21:54:00,Airtel,Ivory Coast,OTT Daily Pass,Mobile,Series A,1,40,5.99,14.99,2126,2.13,High,0.19,5173,BUFFERING_ERROR
2026-01-02 21:55:00,Airtel,Senegal,Premium Sports Bundle,Mobile,Kids Show,1,20,3.04,4.99,3558,0.65,High,0.03,5389,
2026-01-02 21:56:00,Airtel,Morocco,Zero-Rating Bundle,Smart TV,Documentary D,1,2,2.81,4.99,3445,1.64,Medium,0.25,8959,AUTH_ERROR
2026-01-02 21:57:00,Moov,Morocco,OTT Weekly Pass,STB,Documentary D,1,97,0.89,1.99,114,2.04,Low,0.2,8729,AUTH_ERROR
2026-01-02 21:58:00,MTN,Rwanda,Zero-Rating Bundle,STB,Sport Live,1,74,0.64,1.99,492,0.47,High,0.44,4355,LOW_BITRATE
2026-01-02 21:59:00,MTN,Senegal,Family Entertainment,Mobile,Kids Show,1,69,7.64,14.99,691,2.62,Medium,0.06,2548,
2026-01-02 22:00:00,Airtel,Cameroon,OTT Daily Pass,Web,Series A,1,39,3.5,9.99,4138,2.45,Low,0.08,8013,LOW_BITRATE
2026-01-02 22:01:00,Moov,Senegal,OTT Weekly Pass,Mobile,Documentary D,1,80,5.0,9.99,4202,0.81,Medium,0.06,4855,BUFFERING_ERROR
2026-01-02 22:02:00,Orange,Ivory Coast,Family Entertainment,Smart TV,Movie C,1,107,0.67,1.99,2418,0.26,Medium,0.43,8793,LOW_BITRATE
2026-01-02 22:03:00,Vodacom,Rwanda,Zero-Rating Bundle,STB,Series A,1,56,3.18,4.99,2237,0.4,Low,0.4,2379,AUTH_ERROR
2026-01-02 22:04:00,MTN,Senegal,Family Entertainment,Web,Sport Live,1,91,0.66,1.99,3450,0.78,Low,0.09,4567,BUFFERING_ERROR
2026-01-02 22:05:00,MTN,Ivory Coast,OTT Daily Pass,Smart TV,Movie C,1,38,2.29,4.99,2978,2.59,High,0.1,6959,
2026-01-02 22:06:00,Orange,Rwanda,OTT Daily Pass,Mobile,Kids Show,1,10,2.97,4.99,2224,1.12,Low,0.25,8505,BUFFERING_ERROR
2026-01-02 22:07:00,Vodacom,Ivory Coast,Family Entertainment,Mobile,Kids Show,1,70,6.78,14.99,3688,1.13,Low,0.04,7557,
2026-01-02 22:08:00,MTN,Rwanda,OTT Weekly Pass,STB,Movie C,1,31,2.02,4.99,2159,0.3,Medium,0.01,7779,
2026-01-02 22:09:00,Moov,Cameroon,OTT Weekly Pass,Smart TV,Sport Live,1,34,3.2,4.99,3262,0.49,Medium,0.21,691,
2026-01-02 22:10:00,Orange,Rwanda,Family Entertainment,STB,Movie C,1,66,8.0,14.99,126,3.09,Low,0.06,5724,LOW_BITRATE
2026-01-02 22:11:00,Airtel,Cameroon,Premium Sports Bundle,Mobile,Movie C,1,37,0.64,1.99,568,1.81,High,0.13,6248,LOW_BITRATE
2026-01-02 22:12:00,Orange,Benin,Premium Sports Bundle,STB,Kids Show,1,70,3.35,4.99,3643,0.74,High,0.12,5556,BUFFERING_ERROR
2026-01-02 22:13:00,Orange,Morocco,Zero-Rating Bundle,Web,Kids Show,1,47,9.94,14.99,334,2.37,High,0.24,5257,AUTH_ERROR
2026-01-02 22:14:00,Moov,Senegal,OTT Daily Pass,Web,Sport Live,1,95,8.66,14.99,245,1.52,Medium,0.22,6542,
2026-01-02 22:15:00,Airtel,Ivory Coast,OTT Daily Pass,Mobile,Documentary D,1,41,0.86,1.99,4746,1.46,Medium,0.16,6800,
2026-01-02 22:16:00,Orange,Senegal,Zero-Rating Bundle,Mobile,Kids Show,1,115,9.01,14.99,2195,1.45,Medium,0.31,8646,BUFFERING_ERROR
2026-01-02 22:17:00,Airtel,Senegal,OTT Weekly Pass,STB,Series A,1,29,4.49,9.99,3317,0.4,Low,0.36,1217,BUFFERING_ERROR
2026-01-02 22:18:00,MTN,Morocco,Premium Sports Bundle,STB,Sport Live,1,104,6.83,14.99,4451,0.49,Low,0.13,2708,
2026-01-02 22:19:00,Vodacom,Benin,OTT Daily Pass,Smart TV,Movie C,1,34,2.4,4.99,4365,0.88,High,0.4,2328,LOW_BITRATE
2026-01-02 22:20:00,Vodacom,Ivory Coast,Zero-Rating Bundle,Mobile,Kids Show,1,32,3.1,9.99,2135,0.62,High,0.17,6499,BUFFERING_ERROR
2026-01-02 22:21:00,Vodacom,Benin,Premium Sports Bundle,Web,Sport Live,1,97,0.63,1.99,3012,1.21,Medium,0.38,7717,BUFFERING_ERROR
2026-01-02 22:22:00,Moov,Cameroon,OTT Weekly Pass,Mobile,Documentary D,1,3,5.6,9.99,2971,2.61,Low,0.22,5290,AUTH_ERROR
2026-01-02 22:23:00,Orange,Benin,Premium Sports Bundle,STB,Series A,1,4,3.62,9.99,444,2.38,High,0.33,693,AUTH_ERROR
2026-01-02 22:24:00,MTN,Senegal,Family Entertainment,Mobile,Series A,1,41,3.29,4.99,4718,1.08,Low,0.39,7937,
2026-01-02 22:25:00,Moov,Cameroon,OTT Daily Pass,Mobile,Sport Live,1,115,8.81,14.99,277,2.46,Medium,0.45,6316,AUTH_ERROR
2026-01-02 22:26:00,Orange,Ivory Coast,Family Entertainment,STB,Kids Show,1,57,5.34,9.99,870,3.0,Low,0.26,6400,LOW_BITRATE
2026-01-02 22:27:00,MTN,Ivory Coast,OTT Daily Pass,Smart TV,Series A,1,90,1.33,1.99,4827,1.24,High,0.12,1119,BUFFERING_ERROR
2026-01-02 22:28:00,Vodacom,Benin,OTT Daily Pass,STB,Documentary D,1,14,6.27,14.99,1056,2.97,Low,0.04,4286,
2026-01-02 22:29:00,Orange,Ivory Coast,Family Entertainment,Mobile,Kids Show,1,1,1.59,4.99,1527,2.05,Medium,0.02,4027,
2026-01-02 22:30:00,Moov,Senegal,Zero-Rating Bundle,Web,Documentary D,1,69,6.04,14.99,4554,3.43,Low,0.42,7393,
2026-01-02 22:31:00,Vodacom,Senegal,OTT Daily Pass,Web,Series A,1,90,4.83,9.99,3686,1.84,High,0.42,3000,BUFFERING_ERROR
2026-01-02 22:32:00,Airtel,Morocco,OTT Daily Pass,Mobile,Kids Show,1,3,1.01,1.99,657,1.6,Medium,0.13,3759,LOW_BITRATE
2026-01-02 22:33:00,Moov,Cameroon,Premium Sports Bundle,STB,Movie C,1,11,6.13,9.99,1399,1.28,Low,0.03,4173,AUTH_ERROR
2026-01-02 22:34:00,Airtel,Rwanda,OTT Daily Pass,STB,Series A,1,15,1.79,4.99,3340,2.83,Medium,0.21,2800,BUFFERING_ERROR
2026-01-02 22:35:00,Vodacom,Rwanda,OTT Weekly Pass,Mobile,Movie C,1,10,4.31,9.99,1447,3.06,High,0.38,1538,LOW_BITRATE
2026-01-02 22:36:00,Vodacom,Ivory Coast,Zero-Rating Bundle,Smart TV,Documentary D,1,88,2.64,4.99,4355,2.1,Low,0.22,2882,AUTH_ERROR
2026-01-02 22:37:00,Vodacom,Morocco,Premium Sports Bundle,Mobile,Movie C,1,68,1.3,1.99,2472,2.53,High,0.42,4286,
2026-01-02 22:38:00,Vodacom,Morocco,OTT Daily Pass,Mobile,Movie C,1,87,1.39,1.99,2776,3.2,Low,0.28,749,BUFFERING_ERROR
2026-01-02 22:39:00,Vodacom,Morocco,Zero-Rating Bundle,Mobile,Series A,1,96,1.1,1.99,4994,0.31,Medium,0.2,7131,
2026-01-02 22:40:00,Orange,Ivory Coast,Premium Sports Bundle,Mobile,Series A,1,57,2.02,4.99,3260,1.62,Medium,0.45,4329,
2026-01-02 22:41:00,Airtel,Benin,OTT Weekly Pass,Smart TV,Kids Show,1,46,3.25,4.99,1417,0.92,Low,0.33,3320,AUTH_ERROR
2026-01-02 22:42:00,MTN,Benin,Family Entertainment,STB,Kids Show,1,63,3.17,9.99,2105,1.97,Medium,0.42,3961,
2026-01-02 22:43:00,Moov,Ivory Coast,Zero-Rating Bundle,Mobile,Sport Live,1,7,3.76,9.99,2152,2.32,Low,0.43,6427,
2026-01-02 22:44:00,Airtel,Ivory Coast,Zero-Rating Bundle,Web,Sport Live,1,77,4.87,9.99,4887,2.65,Medium,0.22,4649,
2026-01-02 22:45:00,MTN,Cameroon,Family Entertainment,STB,Documentary D,1,49,4.41,9.99,4487,0.31,Low,0.19,4246,AUTH_ERROR
2026-01-02 22:46:00,MTN,Ivory Coast,Premium Sports Bundle,Smart TV,Sport Live,1,28,3.39,4.99,838,2.51,Low,0.45,4246,
2026-01-02 22:47:00,Orange,Benin,Family Entertainment,Smart TV,Sport Live,1,78,2.07,4.99,1928,2.54,Low,0.03,2687,
2026-01-02 22:48:00,Moov,Ivory Coast,OTT Weekly Pass,Mobile,Kids Show,1,85,5.4,9.99,4598,2.33,Medium,0.36,1364,AUTH_ERROR
2026-01-02 22:49:00,Moov,Ivory Coast,Zero-Rating Bundle,Mobile,Kids Show,1,80,6.89,9.99,1585,0.84,Low,0.39,8061,
2026-01-02 22:50:00,Moov,Ivory Coast,Family Entertainment,STB,Movie C,1,24,5.32,14.99,3546,0.88,Low,0.36,2553,AUTH_ERROR
2026-01-02 22:51:00,Orange,Cameroon,Zero-Rating Bundle,Smart TV,Movie C,1,55,6.19,9.99,4777,0.79,Medium,0.29,1652,BUFFERING_ERROR
2026-01-02 22:52:00,Airtel,Ivory Coast,Zero-Rating Bundle,STB,Series A,1,89,2.77,4.99,4841,3.27,Low,0.2,2820,AUTH_ERROR
2026-01-02 22:53:00,Orange,Benin,Zero-Rating Bundle,Smart TV,Movie C,1,91,1.57,4.99,2426,1.51,High,0.09,4101,AUTH_ERROR
2026-01-02 22:54:00,Airtel,Ivory Coast,OTT Weekly Pass,Web,Series A,1,2,4.76,14.99,1373,1.13,High,0.09,5789,
2026-01-02 22:55:00,MTN,Benin,Zero-Rating Bundle,Web,Kids Show,1,8,4.05,9.99,2699,1.36,Low,0.09,4809,AUTH_ERROR
2026-01-02 22:56:00,Orange,Ivory Coast,Premium Sports Bundle,Smart TV,Documentary D,1,94,3.1,9.99,2220,0.77,High,0.04,3465,
2026-01-02 22:57:00,Orange,Rwanda,Zero-Rating Bundle,Mobile,Kids Show,1,95,0.9,1.99,4492,1.7,High,0.32,4138,BUFFERING_ERROR
2026-01-02 22:58:00,Airtel,Cameroon,OTT Daily Pass,Smart TV,Kids Show,1,3,6.0,9.99,2532,3.06,High,0.05,2776,
2026-01-02 22:59:00,Orange,Ivory Coast,OTT Weekly Pass,Mobile,Series A,1,58,0.97,1.99,203,3.11,Medium,0.43,3883,
2026-01-02 23:00:00,Moov,Rwanda,Premium Sports Bundle,Web,Documentary D,1,99,9.13,14.99,2274,0.61,Low,0.04,1601,
2026-01-02 23:01:00,MTN,Cameroon,Family Entertainment,Mobile,Movie C,1,58,3.16,4.99,1203,0.8,High,0.37,6224,BUFFERING_ERROR
2026-01-02 23:02:00,Vodacom,Rwanda,Zero-Rating Bundle,STB,Kids Show,1,4,4.81,14.99,2371,2.2,High,0.13,8944,
2026-01-02 23:03:00,Vodacom,Benin,OTT Weekly Pass,STB,Kids Show,1,110,1.57,4.99,622,1.21,High,0.41,3500,
2026-01-02 23:04:00,Orange,Ivory Coast,OTT Daily Pass,Web,Series A,1,88,1.96,4.99,4554,3.45,Medium,0.25,7386,
2026-01-02 23:05:00,Orange,Ivory Coast,Family Entertainment,Mobile,Series A,1,52,7.73,14.99,3642,1.77,Medium,0.3,7981,
2026-01-02 23:06:00,MTN,Benin,OTT Weekly Pass,Mobile,Series A,1,72,1.6,4.99,245,1.49,Low,0.43,4254,
2026-01-02 23:07:00,MTN,Cameroon,OTT Daily Pass,Web,Movie C,1,85,5.64,9.99,4192,2.0,Low,0.1,1744,BUFFERING_ERROR
2026-01-02 23:08:00,Airtel,Morocco,Family Entertainment,Mobile,Movie C,1,48,3.09,4.99,3471,0.26,Medium,0.11,6530,AUTH_ERROR
2026-01-02 23:09:00,Airtel,Cameroon,OTT Weekly Pass,STB,Series A,1,99,8.8,14.99,4616,1.68,High,0.35,1066,BUFFERING_ERROR
2026-01-02 23:10:00,Moov,Cameroon,Family Entertainment,STB,Series A,1,64,7.15,14.99,4516,0.56,Medium,0.43,6897,AUTH_ERROR
2026-01-02 23:11:00,Moov,Morocco,Family Entertainment,Web,Sport Live,1,63,3.06,9.99,490,1.67,High,0.18,3395,
2026-01-02 23:12:00,Airtel,Senegal,OTT Weekly Pass,STB,Series A,1,10,9.78,14.99,1220,0.62,Medium,0.12,4572,
2026-01-02 23:13:00,MTN,Rwanda,OTT Daily Pass,Smart TV,Series A,1,26,1.23,1.99,1285,3.19,Medium,0.43,1016,
2026-01-02 23:14:00,Orange,Benin,OTT Weekly Pass,Smart TV,Sport Live,1,28,0.95,1.99,845,0.27,Low,0.31,2996,
2026-01-02 23:15:00,Vodacom,Benin,OTT Daily Pass,Mobile,Sport Live,1,96,3.15,4.99,76,0.71,High,0.2,4249,
2026-01-02 23:16:00,Moov,Cameroon,OTT Daily Pass,STB,Movie C,1,93,2.16,4.99,3057,0.17,High,0.17,6588,AUTH_ERROR
2026-01-02 23:17:00,Moov,Cameroon,OTT Daily Pass,Mobile,Movie C,1,71,2.54,4.99,1477,1.01,High,0.36,8401,
2026-01-02 23:18:00,Airtel,Cameroon,Family Entertainment,Web,Kids Show,1,63,0.84,1.99,3514,2.7,High,0.37,2077,LOW_BITRATE
2026-01-02 23:19:00,Orange,Cameroon,Family Entertainment,Web,Kids Show,1,76,5.56,9.99,2305,0.56,High,0.37,6496,
2026-01-02 23:20:00,MTN,Rwanda,OTT Weekly Pass,Web,Movie C,1,22,7.21,14.99,3810,2.61,Low,0.3,7239,
2026-01-02 23:21:00,MTN,Ivory Coast,Family Entertainment,STB,Sport Live,1,58,3.35,4.99,4209,0.68,High,0.42,5406,BUFFERING_ERROR
2026-01-02 23:22:00,Moov,Senegal,OTT Weekly Pass,Web,Sport Live,1,50,6.42,14.99,2454,0.44,Low,0.29,2636,LOW_BITRATE
2026-01-02 23:23:00,MTN,Morocco,Family Entertainment,Smart TV,Sport Live,1,66,2.65,4.99,4863,1.69,High,0.07,6950,LOW_BITRATE
2026-01-02 23:24:00,Orange,Benin,OTT Weekly Pass,Web,Kids Show,1,86,2.52,4.99,3660,1.18,Medium,0.23,8612,LOW_BITRATE
2026-01-02 23:25:00,MTN,Senegal,Premium Sports Bundle,STB,Documentary D,1,120,5.17,9.99,725,2.53,Low,0.17,7378,LOW_BITRATE
2026-01-02 23:26:00,Orange,Benin,OTT Daily Pass,STB,Sport Live,1,115,10.19,14.99,3996,1.88,Medium,0.2,4099,
2026-01-02 23:27:00,Vodacom,Ivory Coast,OTT Weekly Pass,Web,Series A,1,24,2.21,4.99,1851,3.24,Medium,0.21,7250,AUTH_ERROR
2026-01-02 23:28:00,Moov,Senegal,OTT Weekly Pass,Smart TV,Kids Show,1,87,5.67,14.99,3390,0.1,High,0.08,3450,BUFFERING_ERROR
2026-01-02 23:29:00,Airtel,Senegal,Premium Sports Bundle,Mobile,Sport Live,1,83,2.36,4.99,2547,1.86,High,0.03,8952,AUTH_ERROR
2026-01-02 23:30:00,Orange,Ivory Coast,Zero-Rating Bundle,Web,Movie C,1,120,3.13,4.99,2894,3.31,High,0.41,3655,BUFFERING_ERROR
2026-01-02 23:31:00,MTN,Rwanda,Family Entertainment,Mobile,Documentary D,1,94,2.89,4.99,3049,2.68,Medium,0.08,2138,BUFFERING_ERROR
2026-01-02 23:32:00,Airtel,Rwanda,OTT Weekly Pass,Smart TV,Movie C,1,80,1.24,1.99,4062,2.71,Medium,0.43,2702,
2026-01-02 23:33:00,Orange,Cameroon,OTT Daily Pass,Smart TV,Sport Live,1,41,4.93,14.99,617,2.32,Medium,0.16,2203,LOW_BITRATE
2026-01-02 23:34:00,Airtel,Senegal,OTT Daily Pass,Smart TV,Sport Live,1,71,8.76,14.99,3476,0.4,High,0.02,1671,LOW_BITRATE
2026-01-02 23:35:00,Airtel,Senegal,Zero-Rating Bundle,Web,Documentary D,1,53,1.31,1.99,3866,0.65,High,0.11,5331,
2026-01-02 23:36:00,Orange,Cameroon,OTT Daily Pass,STB,Documentary D,1,43,0.98,1.99,955,0.9,Medium,0.38,4548,BUFFERING_ERROR
2026-01-02 23:37:00,Moov,Morocco,OTT Weekly Pass,Smart TV,Series A,1,39,3.08,4.99,1833,0.69,Low,0.26,1384,
2026-01-02 23:38:00,Orange,Benin,OTT Weekly Pass,Smart TV,Series A,1,92,1.94,4.99,2009,1.8,Medium,0.3,2126,
2026-01-02 23:39:00,MTN,Morocco,OTT Daily Pass,Smart TV,Series A,1,18,5.64,14.99,1849,0.95,Medium,0.26,848,
2026-01-02 23:40:00,MTN,Benin,OTT Daily Pass,Web,Series A,1,7,6.53,14.99,1397,1.49,Low,0.2,8845,
2026-01-02 23:41:00,Airtel,Ivory Coast,OTT Daily Pass,STB,Series A,1,66,8.58,14.99,4435,1.63,Low,0.21,8373,
2026-01-02 23:42:00,Airtel,Ivory Coast,Family Entertainment,Mobile,Sport Live,1,93,5.52,14.99,843,0.74,High,0.42,8868,AUTH_ERROR
2026-01-02 23:43:00,Vodacom,Cameroon,Premium Sports Bundle,Web,Series A,1,44,2.84,4.99,496,2.43,Medium,0.21,760,
2026-01-02 23:44:00,Orange,Morocco,Zero-Rating Bundle,Smart TV,Documentary D,1,79,1.33,1.99,1733,0.6,High,0.04,4612,
2026-01-02 23:45:00,Moov,Ivory Coast,Family Entertainment,STB,Series A,1,13,2.85,4.99,929,3.18,High,0.15,5134,
2026-01-02 23:46:00,Vodacom,Benin,OTT Weekly Pass,Smart TV,Kids Show,1,97,7.03,14.99,1651,1.33,Medium,0.17,6837,LOW_BITRATE
2026-01-02 23:47:00,Airtel,Benin,Zero-Rating Bundle,Web,Movie C,1,87,0.9,1.99,3247,2.85,Medium,0.08,6826,
2026-01-02 23:48:00,Airtel,Ivory Coast,OTT Weekly Pass,Mobile,Kids Show,1,45,2.29,4.99,1684,0.86,High,0.02,7519,BUFFERING_ERROR
2026-01-02 23:49:00,Moov,Benin,OTT Daily Pass,Mobile,Sport Live,1,78,4.02,9.99,566,0.34,Low,0.13,3724,AUTH_ERROR
2026-01-02 23:50:00,Moov,Benin,OTT Daily Pass,STB,Sport Live,1,116,6.73,9.99,242,0.37,Low,0.34,4474,LOW_BITRATE
2026-01-02 23:51:00,Airtel,Morocco,OTT Daily Pass,Web,Movie C,1,84,5.81,9.99,4922,1.64,Medium,0.23,7260,BUFFERING_ERROR
2026-01-02 23:52:00,MTN,Senegal,Zero-Rating Bundle,Web,Documentary D,1,52,2.74,4.99,2625,0.93,Medium,0.05,8864,
2026-01-02 23:53:00,Orange,Benin,OTT Weekly Pass,Web,Sport Live,1,51,4.84,14.99,3613,2.28,High,0.29,3329,LOW_BITRATE
2026-01-02 23:54:00,Moov,Cameroon,OTT Weekly Pass,Smart TV,Movie C,1,29,1.3,1.99,1589,0.58,Medium,0.42,4857,
2026-01-02 23:55:00,Moov,Benin,Family Entertainment,Mobile,Documentary D,1,118,4.54,9.99,1542,3.31,High,0.39,3659,
2026-01-02 23:56:00,Orange,Senegal,Premium Sports Bundle,Smart TV,Series A,1,52,5.76,9.99,2248,1.01,High,0.3,7756,
2026-01-02 23:57:00,Airtel,Morocco,Premium Sports Bundle,Mobile,Sport Live,1,90,3.9,9.99,2773,1.51,High,0.11,5843,
2026-01-02 23:58:00,Orange,Benin,Family Entertainment,Mobile,Sport Live,1,112,4.68,14.99,1628,3.07,Medium,0.06,2702,
2026-01-02 23:59:00,Moov,Senegal,OTT Daily Pass,STB,Kids Show,1,11,3.38,4.99,3769,3.26,Medium,0.07,5450,BUFFERING_ERROR
2026-01-03 00:00:00,Moov,Cameroon,Zero-Rating Bundle,Web,Documentary D,1,23,0.71,1.99,239,0.15,Medium,0.07,527,AUTH_ERROR
2026-01-03 00:01:00,Orange,Senegal,Family Entertainment,Smart TV,Sport Live,1,117,10.13,14.99,715,0.21,Medium,0.3,5078,BUFFERING_ERROR
2026-01-03 00:02:00,Airtel,Rwanda,OTT Daily Pass,Smart TV,Documentary D,1,87,5.38,9.99,1025,3.2,Low,0.13,6893,
2026-01-03 00:03:00,Orange,Senegal,OTT Daily Pass,Smart TV,Documentary D,1,7,6.81,9.99,3982,2.35,Low,0.4,5981,AUTH_ERROR
2026-01-03 00:04:00,Airtel,Senegal,Zero-Rating Bundle,Mobile,Sport Live,1,60,1.08,1.99,4804,2.73,High,0.4,6958,LOW_BITRATE
2026-01-03 00:05:00,Moov,Cameroon,Zero-Rating Bundle,Mobile,Sport Live,1,78,9.01,14.99,1141,2.53,Medium,0.12,5441,LOW_BITRATE
2026-01-03 00:06:00,Airtel,Morocco,Premium Sports Bundle,Mobile,Movie C,1,38,9.12,14.99,2736,3.12,Low,0.3,4705,BUFFERING_ERROR
2026-01-03 00:07:00,Airtel,Senegal,OTT Weekly Pass,Web,Series A,1,19,2.13,4.99,3685,2.58,High,0.31,2237,LOW_BITRATE
2026-01-03 00:08:00,Vodacom,Morocco,OTT Daily Pass,STB,Movie C,1,86,5.95,9.99,2943,0.98,Low,0.14,1894,AUTH_ERROR
2026-01-03 00:09:00,Orange,Benin,Zero-Rating Bundle,Smart TV,Series A,1,36,7.08,14.99,4309,1.99,Medium,0.44,8257,
2026-01-03 00:10:00,Orange,Morocco,Family Entertainment,Mobile,Documentary D,1,18,4.98,9.99,2748,2.34,Medium,0.15,4118,
2026-01-03 00:11:00,Moov,Senegal,Zero-Rating Bundle,Mobile,Documentary D,1,41,1.11,1.99,120,0.32,High,0.19,5132,
2026-01-03 00:12:00,Airtel,Cameroon,OTT Weekly Pass,Mobile,Kids Show,1,57,2.86,4.99,3112,0.21,Low,0.03,5659,BUFFERING_ERROR
2026-01-03 00:13:00,Vodacom,Benin,Family Entertainment,Web,Sport Live,1,51,3.14,4.99,1515,2.92,Medium,0.34,3164,AUTH_ERROR
2026-01-03 00:14:00,Vodacom,Morocco,Zero-Rating Bundle,Mobile,Movie C,1,10,1.04,1.99,3709,3.31,Medium,0.22,6278,
2026-01-03 00:15:00,Moov,Rwanda,Zero-Rating Bundle,Smart TV,Kids Show,1,27,3.48,4.99,3474,1.3,Medium,0.25,1720,
2026-01-03 00:16:00,Moov,Morocco,Family Entertainment,STB,Kids Show,1,55,0.86,1.99,2700,2.18,Medium,0.01,6212,
2026-01-03 00:17:00,Orange,Morocco,Premium Sports Bundle,Mobile,Documentary D,1,2,2.37,4.99,3478,1.02,Low,0.4,1830,LOW_BITRATE
2026-01-03 00:18:00,Vodacom,Morocco,Family Entertainment,Mobile,Series A,1,86,4.35,9.99,483,3.34,Medium,0.42,6667,BUFFERING_ERROR
2026-01-03 00:19:00,MTN,Benin,Zero-Rating Bundle,Smart TV,Series A,1,115,1.25,1.99,2752,1.47,High,0.22,4116,
2026-01-03 00:20:00,Airtel,Ivory Coast,Zero-Rating Bundle,STB,Kids Show,1,92,2.33,4.99,2786,0.93,High,0.12,5008,
2026-01-03 00:21:00,Airtel,Senegal,Zero-Rating Bundle,STB,Kids Show,1,42,2.26,4.99,2094,1.86,Medium,0.17,2766,
2026-01-03 00:22:00,Moov,Rwanda,OTT Weekly Pass,Mobile,Sport Live,1,47,6.44,9.99,3018,2.39,Low,0.24,5095,
2026-01-03 00:23:00,Airtel,Benin,Family Entertainment,STB,Series A,1,61,5.13,9.99,3955,0.23,Medium,0.15,1810,
2026-01-03 00:24:00,MTN,Ivory Coast,Premium Sports Bundle,Mobile,Kids Show,1,82,5.38,14.99,3217,1.17,Low,0.22,2926,AUTH_ERROR
2026-01-03 00:25:00,Orange,Rwanda,Premium Sports Bundle,Smart TV,Documentary D,1,14,0.94,1.99,2737,1.56,Low,0.12,642,
2026-01-03 00:26:00,Moov,Ivory Coast,Zero-Rating Bundle,Smart TV,Movie C,1,54,0.68,1.99,1626,1.56,Low,0.15,1622,
2026-01-03 00:27:00,Orange,Benin,OTT Weekly Pass,Mobile,Series A,1,96,2.88,4.99,4106,0.86,High,0.2,4204,
2026-01-03 00:28:00,Moov,Rwanda,OTT Weekly Pass,Web,Series A,1,15,3.46,4.99,2847,1.24,Medium,0.45,3073,LOW_BITRATE
2026-01-03 00:29:00,MTN,Rwanda,Zero-Rating Bundle,STB,Kids Show,1,18,6.16,9.99,1749,2.6,High,0.05,5595,BUFFERING_ERROR
2026-01-03 00:30:00,Vodacom,Ivory Coast,Premium Sports Bundle,Smart TV,Documentary D,1,50,9.6,14.99,1406,1.57,Low,0.1,1146,BUFFERING_ERROR
2026-01-03 00:31:00,Vodacom,Morocco,OTT Weekly Pass,Mobile,Series A,1,12,2.16,4.99,2635,3.41,Medium,0.2,3762,BUFFERING_ERROR
2026-01-03 00:32:00,Airtel,Benin,Zero-Rating Bundle,STB,Kids Show,1,33,4.07,9.99,4286,2.54,Medium,0.32,3126,LOW_BITRATE
2026-01-03 00:33:00,Orange,Rwanda,Premium Sports Bundle,STB,Documentary D,1,63,5.24,9.99,4803,2.6,Medium,0.26,1123,BUFFERING_ERROR
2026-01-03 00:34:00,Moov,Benin,Premium Sports Bundle,Web,Kids Show,1,22,8.21,14.99,1274,3.21,Low,0.05,2823,
2026-01-03 00:35:00,Moov,Benin,OTT Weekly Pass,Mobile,Sport Live,1,16,3.38,4.99,508,0.84,Medium,0.38,4330,BUFFERING_ERROR
2026-01-03 00:36:00,MTN,Ivory Coast,OTT Daily Pass,Web,Movie C,1,15,3.62,9.99,64,1.05,High,0.09,8494,
2026-01-03 00:37:00,Orange,Rwanda,OTT Daily Pass,Mobile,Series A,1,104,5.5,9.99,194,3.34,High,0.13,5447,AUTH_ERROR
2026-01-03 00:38:00,Orange,Ivory Coast,Zero-Rating Bundle,Smart TV,Kids Show,1,38,6.0,9.99,4545,2.6,Medium,0.4,1064,BUFFERING_ERROR
2026-01-03 00:39:00,MTN,Cameroon,Family Entertainment,Smart TV,Sport Live,1,24,3.19,4.99,2112,1.67,Medium,0.07,8562,
2026-01-03 00:40:00,Vodacom,Senegal,Family Entertainment,Smart TV,Series A,1,37,0.66,1.99,4248,0.18,High,0.37,2440,LOW_BITRATE
2026-01-03 00:41:00,Airtel,Cameroon,Family Entertainment,STB,Kids Show,1,44,0.99,1.99,2888,2.74,Medium,0.37,6515,BUFFERING_ERROR
2026-01-03 00:42:00,Moov,Cameroon,OTT Weekly Pass,Smart TV,Kids Show,1,57,2.55,4.99,3141,0.73,Medium,0.37,8778,LOW_BITRATE
2026-01-03 00:43:00,Moov,Senegal,Family Entertainment,Mobile,Kids Show,1,50,8.94,14.99,194,1.93,Low,0.17,6794,
2026-01-03 00:44:00,Orange,Ivory Coast,OTT Weekly Pass,STB,Kids Show,1,16,4.13,9.99,3776,2.07,Medium,0.09,7964,BUFFERING_ERROR
2026-01-03 00:45:00,Orange,Morocco,Premium Sports Bundle,Smart TV,Documentary D,1,67,2.52,4.99,2769,1.5,High,0.2,8998,LOW_BITRATE
2026-01-03 00:46:00,Moov,Morocco,Premium Sports Bundle,STB,Documentary D,1,66,0.83,1.99,1560,1.07,High,0.28,1306,
2026-01-03 00:47:00,Vodacom,Rwanda,Premium Sports Bundle,STB,Kids Show,1,94,1.37,1.99,3229,0.59,High,0.44,4179,
2026-01-03 00:48:00,Orange,Morocco,Zero-Rating Bundle,Smart TV,Documentary D,1,64,5.71,14.99,3456,1.94,Medium,0.29,5080,BUFFERING_ERROR
2026-01-03 00:49:00,Orange,Cameroon,OTT Weekly Pass,Web,Documentary D,1,4,5.67,9.99,392,0.47,High,0.43,3818,AUTH_ERROR
2026-01-03 00:50:00,Vodacom,Rwanda,OTT Weekly Pass,Mobile,Sport Live,1,64,2.43,4.99,1937,0.87,High,0.45,960,LOW_BITRATE
2026-01-03 00:51:00,Airtel,Ivory Coast,OTT Daily Pass,Web,Series A,1,17,6.9,14.99,1123,1.37,Low,0.07,4808,BUFFERING_ERROR
2026-01-03 00:52:00,Orange,Rwanda,OTT Weekly Pass,Mobile,Documentary D,1,75,3.36,9.99,439,2.72,High,0.04,6456,
2026-01-03 00:53:00,Vodacom,Senegal,Zero-Rating Bundle,Web,Documentary D,1,16,5.06,9.99,4942,2.6,Medium,0.43,577,BUFFERING_ERROR
2026-01-03 00:54:00,Airtel,Rwanda,Premium Sports Bundle,Web,Sport Live,1,39,0.96,1.99,4587,0.11,Medium,0.28,2892,
2026-01-03 00:55:00,Airtel,Morocco,Premium Sports Bundle,STB,Documentary D,1,76,1.22,1.99,4269,1.74,High,0.26,6158,BUFFERING_ERROR
2026-01-03 00:56:00,Orange,Morocco,Family Entertainment,Smart TV,Series A,1,14,4.68,14.99,1855,0.72,Medium,0.4,5200,BUFFERING_ERROR
2026-01-03 00:57:00,Airtel,Benin,Family Entertainment,Smart TV,Series A,1,16,0.77,1.99,617,1.23,Low,0.2,6767,
2026-01-03 00:58:00,Orange,Cameroon,OTT Weekly Pass,STB,Series A,1,71,1.11,1.99,1188,0.53,High,0.13,6720,
2026-01-03 00:59:00,MTN,Senegal,Zero-Rating Bundle,Web,Kids Show,1,49,4.95,14.99,3957,0.15,High,0.13,7956,BUFFERING_ERROR
2026-01-03 01:00:00,Vodacom,Rwanda,Premium Sports Bundle,STB,Sport Live,1,86,6.77,9.99,4639,1.13,High,0.04,4080,AUTH_ERROR
2026-01-03 01:01:00,Orange,Rwanda,Zero-Rating Bundle,Smart TV,Sport Live,1,15,6.75,9.99,3651,2.31,High,0.13,3607,
2026-01-03 01:02:00,MTN,Rwanda,Family Entertainment,Mobile,Sport Live,1,95,0.75,1.99,227,3.38,Low,0.15,7470,AUTH_ERROR
2026-01-03 01:03:00,Airtel,Benin,Family Entertainment,STB,Documentary D,1,43,9.62,14.99,4278,0.56,Low,0.13,6311,
2026-01-03 01:04:00,Moov,Cameroon,OTT Weekly Pass,Mobile,Sport Live,1,116,3.45,4.99,4379,1.91,Low,0.23,5251,
2026-01-03 01:05:00,MTN,Benin,Zero-Rating Bundle,Web,Kids Show,1,44,1.68,4.99,2655,3.0,Low,0.19,2539,
2026-01-03 01:06:00,Airtel,Senegal,Family Entertainment,Web,Kids Show,1,81,0.92,1.99,1548,2.68,High,0.41,6674,BUFFERING_ERROR
2026-01-03 01:07:00,Moov,Ivory Coast,OTT Weekly Pass,STB,Movie C,1,104,1.74,4.99,3391,2.26,Medium,0.03,8709,AUTH_ERROR
2026-01-03 01:08:00,Vodacom,Benin,OTT Daily Pass,Mobile,Kids Show,1,6,3.5,9.99,4821,2.06,Medium,0.44,5945,LOW_BITRATE
2026-01-03 01:09:00,Moov,Cameroon,Zero-Rating Bundle,Smart TV,Series A,1,117,3.77,9.99,1843,1.54,Medium,0.05,8758,
2026-01-03 01:10:00,Airtel,Morocco,Premium Sports Bundle,STB,Sport Live,1,95,3.45,4.99,1093,3.38,Medium,0.44,1090,
2026-01-03 01:11:00,MTN,Senegal,Premium Sports Bundle,Web,Sport Live,1,12,1.01,1.99,128,1.72,Low,0.02,4986,BUFFERING_ERROR
2026-01-03 01:12:00,Vodacom,Rwanda,Premium Sports Bundle,Web,Movie C,1,97,2.01,4.99,1682,3.3,Medium,0.23,3963,
2026-01-03 01:13:00,Moov,Ivory Coast,Family Entertainment,Mobile,Movie C,1,111,0.67,1.99,2407,3.17,Medium,0.22,8765,
2026-01-03 01:14:00,Orange,Rwanda,OTT Weekly Pass,STB,Series A,1,94,1.87,4.99,3635,0.84,High,0.34,5860,LOW_BITRATE
2026-01-03 01:15:00,Orange,Benin,Premium Sports Bundle,Web,Sport Live,1,101,6.5,9.99,383,1.84,Medium,0.2,1472,LOW_BITRATE
2026-01-03 01:16:00,Vodacom,Cameroon,OTT Weekly Pass,STB,Documentary D,1,75,4.91,14.99,650,3.36,High,0.11,5316,LOW_BITRATE
2026-01-03 01:17:00,Airtel,Rwanda,Family Entertainment,Smart TV,Series A,1,100,7.09,14.99,1827,2.98,High,0.03,1773,AUTH_ERROR
2026-01-03 01:18:00,Vodacom,Rwanda,OTT Daily Pass,Mobile,Documentary D,1,20,3.6,9.99,2341,2.44,High,0.4,3793,
2026-01-03 01:19:00,MTN,Morocco,Family Entertainment,Mobile,Sport Live,1,106,10.17,14.99,4598,2.21,High,0.43,7641,AUTH_ERROR
2026-01-03 01:20:00,Vodacom,Ivory Coast,Premium Sports Bundle,Smart TV,Movie C,1,120,0.66,1.99,4965,3.21,High,0.1,8648,BUFFERING_ERROR
2026-01-03 01:21:00,Vodacom,Rwanda,Premium Sports Bundle,STB,Series A,1,36,5.5,14.99,3765,2.2,High,0.43,2125,
2026-01-03 01:22:00,Airtel,Ivory Coast,OTT Weekly Pass,Smart TV,Sport Live,1,64,8.11,14.99,2879,1.37,Medium,0.21,1233,LOW_BITRATE
2026-01-03 01:23:00,Moov,Morocco,OTT Daily Pass,Web,Documentary D,1,36,8.39,14.99,2171,1.91,Low,0.2,7821,BUFFERING_ERROR
2026-01-03 01:24:00,Orange,Rwanda,Zero-Rating Bundle,Web,Series A,1,118,5.0,9.99,2531,1.4,Medium,0.1,5732,
2026-01-03 01:25:00,Orange,Cameroon,Zero-Rating Bundle,Mobile,Kids Show,1,27,0.75,1.99,91,1.24,Low,0.25,7486,AUTH_ERROR
2026-01-03 01:26:00,MTN,Senegal,OTT Daily Pass,STB,Kids Show,1,87,6.72,9.99,1681,3.0,Medium,0.01,855,
2026-01-03 01:27:00,Vodacom,Morocco,Premium Sports Bundle,Web,Kids Show,1,119,2.81,4.99,4974,1.95,Medium,0.23,8769,
2026-01-03 01:28:00,Vodacom,Cameroon,OTT Daily Pass,Mobile,Sport Live,1,54,8.36,14.99,3448,0.36,High,0.23,8919,LOW_BITRATE
2026-01-03 01:29:00,Orange,Ivory Coast,Premium Sports Bundle,STB,Series A,1,81,1.3,1.99,489,1.92,Medium,0.17,7965,LOW_BITRATE
2026-01-03 01:30:00,Moov,Morocco,OTT Weekly Pass,Smart TV,Sport Live,1,85,1.17,1.99,1038,0.9,High,0.41,1458,
2026-01-03 01:31:00,Moov,Ivory Coast,OTT Weekly Pass,Smart TV,Movie C,1,38,2.96,4.99,1967,1.54,Medium,0.3,3956,
2026-01-03 01:32:00,Airtel,Rwanda,Premium Sports Bundle,Mobile,Kids Show,1,88,3.43,9.99,3698,2.23,Medium,0.19,3687,LOW_BITRATE
2026-01-03 01:33:00,MTN,Morocco,Premium Sports Bundle,Smart TV,Sport Live,1,77,10.42,14.99,873,1.17,Medium,0.36,5022,
2026-01-03 01:34:00,Orange,Rwanda,Family Entertainment,Mobile,Kids Show,1,42,1.19,1.99,3377,3.44,High,0.3,7755,AUTH_ERROR
2026-01-03 01:35:00,MTN,Ivory Coast,Family Entertainment,Mobile,Kids Show,1,76,4.56,14.99,4832,3.3,High,0.41,4588,
2026-01-03 01:36:00,Airtel,Ivory Coast,Premium Sports Bundle,Web,Kids Show,1,59,4.74,14.99,449,3.34,Medium,0.05,5197,
2026-01-03 01:37:00,Airtel,Benin,OTT Weekly Pass,STB,Kids Show,1,78,6.25,14.99,4238,3.1,High,0.22,2663,
2026-01-03 01:38:00,Airtel,Senegal,Family Entertainment,Mobile,Series A,1,33,2.79,4.99,3879,2.81,Low,0.41,7093,AUTH_ERROR
2026-01-03 01:39:00,Moov,Benin,Premium Sports Bundle,Smart TV,Series A,1,2,4.0,9.99,2322,0.13,High,0.28,2444,AUTH_ERROR
2026-01-03 01:40:00,Moov,Ivory Coast,Zero-Rating Bundle,Web,Series A,1,117,1.18,1.99,1641,2.58,Medium,0.32,983,LOW_BITRATE
2026-01-03 01:41:00,Airtel,Morocco,Zero-Rating Bundle,Web,Sport Live,1,71,1.12,1.99,2144,2.66,Medium,0.19,5462,
2026-01-03 01:42:00,Airtel,Cameroon,OTT Weekly Pass,Mobile,Kids Show,1,15,1.03,1.99,2055,0.78,Medium,0.15,6792,
2026-01-03 01:43:00,Vodacom,Cameroon,OTT Weekly Pass,Web,Movie C,1,81,2.52,4.99,597,0.37,Low,0.02,4582,
2026-01-03 01:44:00,Airtel,Benin,Premium Sports Bundle,Web,Documentary D,1,31,0.64,1.99,4119,0.41,Low,0.35,2984,
2026-01-03 01:45:00,Orange,Senegal,Family Entertainment,Mobile,Movie C,1,41,5.16,14.99,1385,0.93,Low,0.09,4661,BUFFERING_ERROR
2026-01-03 01:46:00,Vodacom,Rwanda,Family Entertainment,STB,Series A,1,32,1.65,4.99,2528,1.65,High,0.3,4821,LOW_BITRATE
2026-01-03 01:47:00,Moov,Rwanda,Family Entertainment,Web,Movie C,1,30,1.38,1.99,3690,1.29,Low,0.09,6403,
2026-01-03 01:48:00,MTN,Senegal,OTT Daily Pass,STB,Documentary D,1,81,1.11,1.99,974,1.44,Medium,0.11,1872,LOW_BITRATE
2026-01-03 01:49:00,MTN,Morocco,OTT Daily Pass,Mobile,Sport Live,1,20,5.51,9.99,3515,0.95,High,0.42,6933,LOW_BITRATE
2026-01-03 01:50:00,Vodacom,Benin,OTT Daily Pass,Mobile,Sport Live,1,28,2.22,4.99,4931,1.22,Medium,0.41,6950,
2026-01-03 01:51:00,Airtel,Morocco,Family Entertainment,Web,Sport Live,1,95,5.98,9.99,1557,1.1,High,0.4,3161,
2026-01-03 01:52:00,Vodacom,Benin,OTT Weekly Pass,Web,Movie C,1,26,0.93,1.99,62,1.22,Medium,0.2,7603,LOW_BITRATE
2026-01-03 01:53:00,Vodacom,Benin,OTT Weekly Pass,Mobile,Documentary D,1,11,2.8,4.99,2562,3.35,Low,0.04,3101,LOW_BITRATE
2026-01-03 01:54:00,MTN,Morocco,OTT Daily Pass,Web,Movie C,1,60,9.87,14.99,4059,1.74,Medium,0.39,3296,BUFFERING_ERROR
2026-01-03 01:55:00,Vodacom,Morocco,OTT Weekly Pass,Mobile,Movie C,1,114,0.67,1.99,1202,2.53,Low,0.4,4603,
2026-01-03 01:56:00,Orange,Senegal,Premium Sports Bundle,STB,Kids Show,1,2,1.06,1.99,1299,1.62,Medium,0.14,1294,
2026-01-03 01:57:00,Vodacom,Ivory Coast,OTT Weekly Pass,Smart TV,Movie C,1,94,3.17,4.99,892,2.06,Low,0.19,6355,LOW_BITRATE
2026-01-03 01:58:00,MTN,Benin,OTT Weekly Pass,STB,Kids Show,1,100,5.92,9.99,2042,2.61,Low,0.23,3167,
2026-01-03 01:59:00,Vodacom,Benin,Premium Sports Bundle,STB,Movie C,1,69,1.22,1.99,4069,0.92,Medium,0.17,8945,BUFFERING_ERROR
2026-01-03 02:00:00,Orange,Senegal,Zero-Rating Bundle,Web,Series A,1,21,1.32,1.99,4966,2.79,Medium,0.37,7815,
2026-01-03 02:01:00,MTN,Senegal,Zero-Rating Bundle,Smart TV,Sport Live,1,104,1.31,1.99,3036,1.07,Low,0.41,917,
2026-01-03 02:02:00,MTN,Senegal,Premium Sports Bundle,Mobile,Documentary D,1,28,6.27,9.99,785,0.44,Medium,0.12,4346,
2026-01-03 02:03:00,Orange,Cameroon,Zero-Rating Bundle,Mobile,Series A,1,18,0.84,1.99,2760,0.23,Low,0.34,6521,BUFFERING_ERROR
2026-01-03 02:04:00,Airtel,Rwanda,OTT Weekly Pass,Web,Documentary D,1,14,3.62,9.99,3744,0.33,High,0.39,4472,
2026-01-03 02:05:00,Airtel,Cameroon,Zero-Rating Bundle,STB,Documentary D,1,43,1.38,1.99,4747,3.34,Low,0.23,4194,
2026-01-03 02:06:00,Airtel,Cameroon,Premium Sports Bundle,Smart TV,Sport Live,1,113,1.26,1.99,1437,0.56,High,0.12,4362,AUTH_ERROR
2026-01-03 02:07:00,Airtel,Morocco,Premium Sports Bundle,Web,Documentary D,1,27,10.03,14.99,3543,2.02,Medium,0.11,525,
2026-01-03 02:08:00,Vodacom,Benin,OTT Weekly Pass,Web,Series A,1,57,1.99,4.99,2746,1.43,Medium,0.42,5376,BUFFERING_ERROR
2026-01-03 02:09:00,Moov,Rwanda,OTT Weekly Pass,Mobile,Sport Live,1,101,5.62,9.99,3470,2.42,High,0.13,4903,
2026-01-03 02:10:00,Orange,Rwanda,Zero-Rating Bundle,Mobile,Movie C,1,99,7.4,14.99,499,1.48,Low,0.17,3133,BUFFERING_ERROR
2026-01-03 02:11:00,Airtel,Morocco,OTT Daily Pass,Smart TV,Kids Show,1,65,3.28,9.99,1673,2.71,High,0.39,8009,AUTH_ERROR
2026-01-03 02:12:00,MTN,Senegal,OTT Weekly Pass,STB,Documentary D,1,80,2.48,4.99,2798,1.64,Low,0.26,5169,BUFFERING_ERROR
2026-01-03 02:13:00,Moov,Ivory Coast,Zero-Rating Bundle,Web,Kids Show,1,56,6.07,9.99,2928,1.57,Medium,0.07,4049,
2026-01-03 02:14:00,MTN,Ivory Coast,OTT Weekly Pass,Smart TV,Kids Show,1,41,1.34,1.99,3690,0.33,Low,0.19,7915,
2026-01-03 02:15:00,Orange,Senegal,OTT Weekly Pass,Mobile,Series A,1,72,9.62,14.99,1106,1.86,Low,0.2,6794,LOW_BITRATE
2026-01-03 02:16:00,MTN,Cameroon,Zero-Rating Bundle,STB,Sport Live,1,23,5.6,9.99,3831,3.48,High,0.16,1281,
2026-01-03 02:17:00,Moov,Benin,OTT Daily Pass,Smart TV,Kids Show,1,6,2.5,4.99,4139,0.6,High,0.19,4811,
2026-01-03 02:18:00,Vodacom,Senegal,Premium Sports Bundle,STB,Movie C,1,33,10.01,14.99,1805,1.36,High,0.1,8072,
2026-01-03 02:19:00,Airtel,Rwanda,OTT Weekly Pass,Mobile,Movie C,1,101,8.85,14.99,1660,0.64,High,0.24,1072,
2026-01-03 02:20:00,Vodacom,Benin,OTT Daily Pass,STB,Movie C,1,106,6.32,9.99,657,2.69,High,0.34,4855,
2026-01-03 02:21:00,Moov,Ivory Coast,Family Entertainment,Smart TV,Sport Live,1,33,0.69,1.99,434,0.7,Medium,0.26,2815,LOW_BITRATE
2026-01-03 02:22:00,Moov,Senegal,OTT Daily Pass,Mobile,Series A,1,73,7.06,14.99,1012,0.1,High,0.09,4825,AUTH_ERROR
2026-01-03 02:23:00,Vodacom,Benin,Zero-Rating Bundle,Mobile,Kids Show,1,23,1.04,1.99,4123,1.53,Medium,0.13,4644,LOW_BITRATE
2026-01-03 02:24:00,Moov,Rwanda,Premium Sports Bundle,Mobile,Sport Live,1,100,2.38,4.99,4401,3.21,Medium,0.38,1985,BUFFERING_ERROR
2026-01-03 02:25:00,Orange,Cameroon,OTT Daily Pass,STB,Kids Show,1,10,1.07,1.99,3839,0.18,High,0.2,8220,
2026-01-03 02:26:00,Vodacom,Rwanda,OTT Weekly Pass,Web,Series A,1,110,2.95,4.99,4350,0.51,High,0.25,1439,AUTH_ERROR
2026-01-03 02:27:00,Orange,Morocco,Zero-Rating Bundle,Mobile,Documentary D,1,9,8.54,14.99,3874,2.07,High,0.1,7187,AUTH_ERROR
2026-01-03 02:28:00,Moov,Senegal,Family Entertainment,Mobile,Sport Live,1,69,1.62,4.99,2129,2.01,Low,0.22,5465,LOW_BITRATE
2026-01-03 02:29:00,Orange,Ivory Coast,Zero-Rating Bundle,Web,Sport Live,1,58,5.05,9.99,593,1.22,Low,0.18,7609,BUFFERING_ERROR
2026-01-03 02:30:00,MTN,Rwanda,OTT Daily Pass,Mobile,Sport Live,1,6,0.95,1.99,2287,0.51,Medium,0.01,4736,AUTH_ERROR
2026-01-03 02:31:00,Orange,Morocco,OTT Weekly Pass,STB,Movie C,1,30,3.17,4.99,820,2.25,High,0.18,3489,
2026-01-03 02:32:00,Airtel,Morocco,Zero-Rating Bundle,Smart TV,Movie C,1,61,2.94,4.99,1561,0.96,High,0.19,7918,
2026-01-03 02:33:00,Orange,Morocco,Premium Sports Bundle,Mobile,Sport Live,1,22,6.42,14.99,3787,0.87,Low,0.16,2712,
2026-01-03 02:34:00,Moov,Benin,OTT Weekly Pass,STB,Documentary D,1,119,5.99,9.99,2068,0.34,High,0.09,6392,AUTH_ERROR
2026-01-03 02:35:00,Moov,Morocco,OTT Weekly Pass,Smart TV,Kids Show,1,25,4.75,9.99,330,1.26,High,0.27,8695,BUFFERING_ERROR
2026-01-03 02:36:00,Orange,Benin,OTT Daily Pass,Web,Movie C,1,111,5.71,14.99,146,2.04,Low,0.42,8238,LOW_BITRATE
2026-01-03 02:37:00,Orange,Rwanda,Zero-Rating Bundle,STB,Kids Show,1,19,5.29,14.99,3938,2.57,Medium,0.04,820,
2026-01-03 02:38:00,Vodacom,Morocco,Zero-Rating Bundle,STB,Kids Show,1,5,4.41,9.99,3605,2.76,Low,0.29,6806,
2026-01-03 02:39:00,Airtel,Benin,Family Entertainment,Web,Movie C,1,2,7.23,14.99,1725,2.19,Low,0.17,3429,
2026-01-03 02:40:00,Moov,Senegal,Family Entertainment,Mobile,Movie C,1,12,3.83,9.99,978,3.49,High,0.21,2626,
2026-01-03 02:41:00,Orange,Morocco,OTT Weekly Pass,Mobile,Movie C,1,50,1.2,1.99,1159,1.34,Low,0.07,2646,
2026-01-03 02:42:00,Vodacom,Morocco,Zero-Rating Bundle,Web,Sport Live,1,79,0.77,1.99,2833,2.59,Medium,0.43,913,
2026-01-03 02:43:00,Vodacom,Rwanda,Premium Sports Bundle,Web,Documentary D,1,37,5.95,14.99,4818,3.2,Medium,0.14,5569,
2026-01-03 02:44:00,MTN,Rwanda,OTT Daily Pass,Smart TV,Movie C,1,44,0.64,1.99,4056,1.28,Low,0.29,8888,AUTH_ERROR
2026-01-03 02:45:00,Moov,Cameroon,Zero-Rating Bundle,STB,Series A,1,50,6.26,14.99,4933,1.67,Medium,0.15,4742,
2026-01-03 02:46:00,Moov,Rwanda,Zero-Rating Bundle,Smart TV,Kids Show,1,62,6.14,14.99,882,2.21,Low,0.24,7909,
2026-01-03 02:47:00,Airtel,Ivory Coast,OTT Weekly Pass,STB,Series A,1,82,2.26,4.99,256,2.21,High,0.34,6732,LOW_BITRATE
2026-01-03 02:48:00,Airtel,Ivory Coast,OTT Daily Pass,Smart TV,Kids Show,1,2,3.17,9.99,3846,0.43,Low,0.08,7162,
2026-01-03 02:49:00,Vodacom,Rwanda,OTT Weekly Pass,Smart TV,Movie C,1,89,0.74,1.99,3160,2.38,Medium,0.35,1895,
2026-01-03 02:50:00,Vodacom,Cameroon,OTT Daily Pass,STB,Sport Live,1,7,2.83,4.99,4573,0.2,Medium,0.36,3844,AUTH_ERROR
2026-01-03 02:51:00,MTN,Benin,Family Entertainment,Smart TV,Movie C,1,4,8.72,14.99,903,1.48,Medium,0.05,7421,LOW_BITRATE
2026-01-03 02:52:00,MTN,Benin,OTT Weekly Pass,Mobile,Series A,1,18,8.68,14.99,1016,0.6,High,0.36,2499,
2026-01-03 02:53:00,MTN,Rwanda,OTT Daily Pass,Smart TV,Documentary D,1,15,8.34,14.99,117,2.85,Medium,0.15,4127,
2026-01-03 02:54:00,Vodacom,Cameroon,Zero-Rating Bundle,Smart TV,Kids Show,1,50,1.91,4.99,3429,2.89,Medium,0.33,6702,
2026-01-03 02:55:00,Moov,Benin,Family Entertainment,Mobile,Kids Show,1,104,3.93,9.99,2796,2.22,Low,0.17,2385,
2026-01-03 02:56:00,Airtel,Cameroon,Family Entertainment,STB,Movie C,1,64,5.9,14.99,599,2.2,Medium,0.12,2087,LOW_BITRATE
2026-01-03 02:57:00,Vodacom,Cameroon,Premium Sports Bundle,Web,Movie C,1,106,0.61,1.99,744,2.64,Low,0.38,1148,LOW_BITRATE
2026-01-03 02:58:00,Orange,Morocco,Zero-Rating Bundle,Smart TV,Movie C,1,28,2.92,4.99,2448,0.38,Low,0.26,4045,
2026-01-03 02:59:00,Airtel,Rwanda,OTT Weekly Pass,Web,Movie C,1,10,5.72,9.99,4706,0.29,Medium,0.3,2151,
2026-01-03 03:00:00,Moov,Cameroon,Premium Sports Bundle,STB,Documentary D,1,25,4.81,14.99,2352,2.66,Low,0.4,2747,LOW_BITRATE
2026-01-03 03:01:00,Moov,Benin,OTT Daily Pass,Smart TV,Sport Live,1,87,2.25,4.99,3947,2.57,Low,0.39,980,
2026-01-03 03:02:00,Airtel,Rwanda,Zero-Rating Bundle,Smart TV,Series A,1,14,3.08,4.99,2378,0.6,Medium,0.11,2275,
2026-01-03 03:03:00,Vodacom,Morocco,Family Entertainment,Smart TV,Series A,1,119,2.33,4.99,1813,2.92,Medium,0.16,7243,LOW_BITRATE
2026-01-03 03:04:00,Moov,Senegal,Family Entertainment,STB,Series A,1,53,6.59,14.99,1546,3.45,High,0.43,3678,LOW_BITRATE
2026-01-03 03:05:00,Orange,Morocco,Zero-Rating Bundle,Mobile,Sport Live,1,83,6.93,9.99,4984,1.12,High,0.42,1441,
2026-01-03 03:06:00,Moov,Benin,Premium Sports Bundle,Mobile,Movie C,1,79,7.76,14.99,1752,2.58,Medium,0.18,8107,
2026-01-03 03:07:00,MTN,Benin,Family Entertainment,STB,Sport Live,1,85,1.01,1.99,92,2.91,Medium,0.05,824,AUTH_ERROR
2026-01-03 03:08:00,Orange,Rwanda,Zero-Rating Bundle,STB,Series A,1,66,5.02,9.99,4764,2.98,Low,0.21,3347,
2026-01-03 03:09:00,Vodacom,Cameroon,OTT Daily Pass,Mobile,Sport Live,1,52,1.29,1.99,1601,0.34,High,0.39,2179,BUFFERING_ERROR
2026-01-03 03:10:00,Airtel,Ivory Coast,Zero-Rating Bundle,Web,Sport Live,1,48,7.21,14.99,1159,2.58,Low,0.2,8310,
2026-01-03 03:11:00,Orange,Ivory Coast,Family Entertainment,Mobile,Sport Live,1,76,8.02,14.99,3744,2.6,High,0.42,6179,LOW_BITRATE
2026-01-03 03:12:00,Vodacom,Ivory Coast,Zero-Rating Bundle,STB,Movie C,1,13,1.7,4.99,2874,1.82,High,0.03,3187,
2026-01-03 03:13:00,MTN,Benin,Zero-Rating Bundle,Mobile,Kids Show,1,70,4.86,9.99,3088,0.35,Low,0.05,7690,
2026-01-03 03:14:00,Vodacom,Ivory Coast,Zero-Rating Bundle,STB,Movie C,1,31,1.81,4.99,1595,2.14,High,0.2,1504,
2026-01-03 03:15:00,Orange,Morocco,OTT Weekly Pass,Mobile,Series A,1,29,3.29,4.99,4349,0.9,Medium,0.19,6107,
2026-01-03 03:16:00,Orange,Ivory Coast,Family Entertainment,Web,Kids Show,1,82,4.82,14.99,4369,2.13,Low,0.25,2343,LOW_BITRATE
2026-01-03 03:17:00,Moov,Benin,OTT Weekly Pass,Smart TV,Kids Show,1,101,1.86,4.99,56,0.83,Medium,0.33,2182,BUFFERING_ERROR
2026-01-03 03:18:00,Vodacom,Senegal,Premium Sports Bundle,Mobile,Series A,1,35,9.51,14.99,3109,3.37,High,0.43,3285,
2026-01-03 03:19:00,Vodacom,Cameroon,Family Entertainment,Mobile,Documentary D,1,14,1.32,1.99,187,1.08,High,0.45,7830,
2026-01-03 03:20:00,Vodacom,Senegal,OTT Daily Pass,Mobile,Movie C,1,25,1.22,1.99,243,0.39,Medium,0.34,2192,
2026-01-03 03:21:00,MTN,Benin,Zero-Rating Bundle,Web,Movie C,1,80,1.24,1.99,3119,3.07,Low,0.27,5949,BUFFERING_ERROR
2026-01-03 03:22:00,Airtel,Ivory Coast,OTT Daily Pass,Web,Kids Show,1,48,0.9,1.99,3141,2.79,High,0.26,6916,BUFFERING_ERROR
2026-01-03 03:23:00,MTN,Morocco,Zero-Rating Bundle,STB,Kids Show,1,34,1.99,4.99,3704,0.58,Medium,0.29,4426,
2026-01-03 03:24:00,Orange,Ivory Coast,Family Entertainment,Web,Series A,1,47,2.65,4.99,957,2.8,Low,0.26,7579,
2026-01-03 03:25:00,Orange,Ivory Coast,OTT Daily Pass,Smart TV,Documentary D,1,14,5.92,9.99,2905,0.78,Low,0.12,3141,
2026-01-03 03:26:00,Vodacom,Benin,Zero-Rating Bundle,Mobile,Sport Live,1,3,5.89,14.99,3950,1.57,Low,0.32,4393,
2026-01-03 03:27:00,Vodacom,Benin,OTT Daily Pass,Web,Movie C,1,105,1.72,4.99,1325,2.98,Medium,0.19,3722,
2026-01-03 03:28:00,Airtel,Benin,Family Entertainment,Mobile,Documentary D,1,10,0.77,1.99,4044,0.65,High,0.35,6987,
2026-01-03 03:29:00,Orange,Ivory Coast,Zero-Rating Bundle,Web,Documentary D,1,8,4.28,9.99,2837,0.65,Medium,0.22,4381,BUFFERING_ERROR
2026-01-03 03:30:00,Orange,Morocco,Family Entertainment,Mobile,Sport Live,1,33,8.95,14.99,1347,2.24,Medium,0.06,4685,
2026-01-03 03:31:00,Orange,Senegal,Premium Sports Bundle,Smart TV,Movie C,1,26,3.3,4.99,1398,1.8,Low,0.32,8450,LOW_BITRATE
2026-01-03 03:32:00,Moov,Senegal,OTT Daily Pass,Web,Series A,1,110,4.34,9.99,4472,0.6,Low,0.39,7346,
2026-01-03 03:33:00,Vodacom,Morocco,OTT Daily Pass,STB,Kids Show,1,74,2.4,4.99,3482,0.21,High,0.43,2740,
2026-01-03 03:34:00,Moov,Benin,Family Entertainment,STB,Kids Show,1,117,9.0,14.99,686,1.73,Medium,0.12,5178,
2026-01-03 03:35:00,Moov,Ivory Coast,OTT Weekly Pass,Smart TV,Documentary D,1,101,2.14,4.99,1302,2.51,High,0.06,5077,
2026-01-03 03:36:00,Vodacom,Cameroon,OTT Daily Pass,Web,Kids Show,1,91,1.31,1.99,3484,0.64,Low,0.38,3242,
2026-01-03 03:37:00,Moov,Benin,OTT Daily Pass,Web,Movie C,1,24,2.6,4.99,3434,1.52,Medium,0.3,6492,BUFFERING_ERROR
2026-01-03 03:38:00,Airtel,Senegal,OTT Weekly Pass,Smart TV,Series A,1,104,10.27,14.99,3019,1.2,High,0.13,2666,AUTH_ERROR
2026-01-03 03:39:00,Orange,Senegal,Family Entertainment,STB,Movie C,1,99,8.84,14.99,4740,1.16,Medium,0.45,1811,AUTH_ERROR
2026-01-03 03:40:00,Vodacom,Cameroon,Zero-Rating Bundle,Smart TV,Series A,1,84,1.24,1.99,3468,3.48,Low,0.33,3331,
2026-01-03 03:41:00,Moov,Senegal,Premium Sports Bundle,STB,Sport Live,1,116,6.85,14.99,1430,0.55,Medium,0.13,3746,LOW_BITRATE
2026-01-03 03:42:00,Orange,Senegal,Premium Sports Bundle,Smart TV,Series A,1,29,7.74,14.99,2085,0.89,Low,0.1,5341,LOW_BITRATE
2026-01-03 03:43:00,Moov,Cameroon,OTT Weekly Pass,Smart TV,Movie C,1,68,8.02,14.99,715,2.45,High,0.35,3893,
2026-01-03 03:44:00,Vodacom,Rwanda,Family Entertainment,Smart TV,Documentary D,1,32,4.54,9.99,2146,0.51,Medium,0.06,1950,AUTH_ERROR
2026-01-03 03:45:00,Moov,Benin,Zero-Rating Bundle,Web,Sport Live,1,49,3.57,9.99,3613,0.81,Medium,0.25,3712,
2026-01-03 03:46:00,Vodacom,Morocco,Family Entertainment,Smart TV,Series A,1,52,3.12,9.99,646,3.45,High,0.03,6013,LOW_BITRATE
2026-01-03 03:47:00,Airtel,Senegal,Zero-Rating Bundle,STB,Kids Show,1,17,6.08,14.99,1539,2.33,Medium,0.38,1998,LOW_BITRATE
2026-01-03 03:48:00,Orange,Rwanda,OTT Weekly Pass,Web,Sport Live,1,92,8.4,14.99,1071,1.55,Low,0.43,7154,
2026-01-03 03:49:00,Airtel,Cameroon,OTT Daily Pass,Mobile,Movie C,1,96,1.81,4.99,2177,0.27,High,0.27,6273,BUFFERING_ERROR
2026-01-03 03:50:00,Airtel,Benin,Family Entertainment,Web,Sport Live,1,15,4.83,9.99,1639,2.44,High,0.3,4870,AUTH_ERROR
2026-01-03 03:51:00,Moov,Senegal,OTT Weekly Pass,Web,Documentary D,1,85,5.47,9.99,475,0.68,High,0.07,5899,
2026-01-03 03:52:00,MTN,Benin,OTT Daily Pass,Web,Documentary D,1,113,8.1,14.99,1697,2.45,Medium,0.29,5030,
2026-01-03 03:53:00,Vodacom,Ivory Coast,Premium Sports Bundle,Web,Series A,1,33,6.94,14.99,3545,1.11,Low,0.11,1155,
2026-01-03 03:54:00,Vodacom,Senegal,Zero-Rating Bundle,Smart TV,Movie C,1,59,3.52,9.99,1073,0.57,Medium,0.2,1512,
2026-01-03 03:55:00,Vodacom,Cameroon,Premium Sports Bundle,Smart TV,Kids Show,1,6,4.85,14.99,663,2.93,Medium,0.21,2121,
2026-01-03 03:56:00,Orange,Morocco,OTT Weekly Pass,STB,Series A,1,116,8.73,14.99,1566,2.18,High,0.09,8202,LOW_BITRATE
2026-01-03 03:57:00,Moov,Benin,Zero-Rating Bundle,Mobile,Kids Show,1,47,0.89,1.99,4018,2.03,Low,0.15,3473,
2026-01-03 03:58:00,Moov,Benin,OTT Weekly Pass,Web,Kids Show,1,41,8.92,14.99,2787,0.39,Low,0.28,2543,BUFFERING_ERROR
2026-01-03 03:59:00,Moov,Senegal,Zero-Rating Bundle,Smart TV,Kids Show,1,45,2.03,4.99,1683,2.13,High,0.41,1534,
2026-01-03 04:00:00,MTN,Rwanda,Premium Sports Bundle,STB,Sport Live,1,88,3.52,9.99,1133,0.7,High,0.32,5661,
2026-01-03 04:01:00,Orange,Cameroon,OTT Daily Pass,STB,Series A,1,98,1.96,4.99,1432,0.95,Low,0.39,5900,
2026-01-03 04:02:00,Orange,Ivory Coast,OTT Weekly Pass,STB,Sport Live,1,86,1.98,4.99,2928,3.17,Medium,0.2,7439,
2026-01-03 04:03:00,Moov,Senegal,OTT Daily Pass,STB,Kids Show,1,54,6.97,14.99,3752,1.0,Low,0.12,6672,
2026-01-03 04:04:00,Orange,Senegal,Premium Sports Bundle,STB,Series A,1,24,0.95,1.99,1249,2.37,Low,0.06,3609,
2026-01-03 04:05:00,MTN,Cameroon,Premium Sports Bundle,STB,Movie C,1,42,4.25,9.99,795,3.2,High,0.12,2272,
2026-01-03 04:06:00,Airtel,Senegal,OTT Daily Pass,Mobile,Kids Show,1,49,0.71,1.99,1517,2.61,Low,0.17,3025,LOW_BITRATE
2026-01-03 04:07:00,Vodacom,Rwanda,OTT Daily Pass,Web,Sport Live,1,62,1.18,1.99,2649,2.9,Low,0.27,2808,
2026-01-03 04:08:00,Vodacom,Cameroon,Premium Sports Bundle,Web,Series A,1,30,2.72,4.99,1342,1.3,Medium,0.24,1458,AUTH_ERROR
2026-01-03 04:09:00,Vodacom,Morocco,OTT Daily Pass,STB,Movie C,1,66,5.93,9.99,4035,0.92,Low,0.41,6637,
2026-01-03 04:10:00,Orange,Rwanda,Zero-Rating Bundle,Smart TV,Movie C,1,60,1.31,1.99,4771,1.34,Medium,0.29,1235,
2026-01-03 04:11:00,Airtel,Senegal,Zero-Rating Bundle,Mobile,Documentary D,1,84,5.97,14.99,2565,0.39,Medium,0.22,5795,AUTH_ERROR
2026-01-03 04:12:00,Vodacom,Morocco,Family Entertainment,Web,Movie C,1,78,4.75,9.99,3105,2.69,Low,0.02,3249,LOW_BITRATE
2026-01-03 04:13:00,MTN,Rwanda,Zero-Rating Bundle,Web,Kids Show,1,110,1.95,4.99,3919,0.85,Low,0.29,3485,LOW_BITRATE
2026-01-03 04:14:00,MTN,Senegal,OTT Daily Pass,Web,Documentary D,1,105,1.12,1.99,1201,2.74,Medium,0.03,6168,
2026-01-03 04:15:00,Airtel,Ivory Coast,OTT Weekly Pass,Smart TV,Series A,1,81,8.09,14.99,784,1.36,Low,0.34,8864,
2026-01-03 04:16:00,Vodacom,Morocco,Premium Sports Bundle,Smart TV,Movie C,1,65,5.65,14.99,2643,2.43,Medium,0.31,8334,BUFFERING_ERROR
2026-01-03 04:17:00,Orange,Cameroon,Family Entertainment,Mobile,Series A,1,101,6.39,9.99,3056,0.69,Low,0.16,2474,
2026-01-03 04:18:00,Moov,Benin,Zero-Rating Bundle,STB,Series A,1,119,2.19,4.99,3351,1.79,Medium,0.42,3075,
2026-01-03 04:19:00,Moov,Morocco,Zero-Rating Bundle,Smart TV,Series A,1,31,3.13,4.99,1299,3.23,High,0.05,3124,
2026-01-03 04:20:00,Moov,Senegal,Premium Sports Bundle,Smart TV,Sport Live,1,100,5.31,9.99,4762,0.21,Low,0.36,1360,
2026-01-03 04:21:00,Airtel,Morocco,Family Entertainment,Smart TV,Documentary D,1,106,0.6,1.99,711,0.38,Low,0.06,2409,
2026-01-03 04:22:00,Moov,Rwanda,Zero-Rating Bundle,STB,Documentary D,1,20,2.43,4.99,1622,0.3,Medium,0.11,1585,AUTH_ERROR
2026-01-03 04:23:00,Vodacom,Ivory Coast,OTT Daily Pass,Smart TV,Series A,1,76,6.86,9.99,4478,0.59,Medium,0.39,7844,LOW_BITRATE
2026-01-03 04:24:00,Airtel,Senegal,OTT Daily Pass,STB,Series A,1,5,3.04,4.99,2983,1.63,Low,0.26,3227,
2026-01-03 04:25:00,Moov,Benin,Family Entertainment,STB,Movie C,1,33,5.48,14.99,4832,2.92,High,0.17,2680,LOW_BITRATE
2026-01-03 04:26:00,MTN,Rwanda,Family Entertainment,Smart TV,Series A,1,93,9.68,14.99,2676,1.94,Medium,0.13,5789,LOW_BITRATE
2026-01-03 04:27:00,Airtel,Cameroon,Premium Sports Bundle,Web,Movie C,1,67,3.04,9.99,2975,1.02,High,0.37,2057,
2026-01-03 04:28:00,Airtel,Benin,OTT Daily Pass,STB,Movie C,1,20,8.6,14.99,396,0.91,Low,0.33,7899,
2026-01-03 04:29:00,Moov,Benin,OTT Weekly Pass,Web,Series A,1,11,3.66,9.99,360,1.46,Medium,0.37,2748,LOW_BITRATE
2026-01-03 04:30:00,MTN,Rwanda,Zero-Rating Bundle,Smart TV,Movie C,1,18,3.01,9.99,4821,2.34,Low,0.18,1092,
2026-01-03 04:31:00,Vodacom,Cameroon,OTT Weekly Pass,Web,Documentary D,1,111,1.75,4.99,1110,2.58,Low,0.38,5233,AUTH_ERROR
2026-01-03 04:32:00,Vodacom,Benin,OTT Weekly Pass,Mobile,Movie C,1,8,7.57,14.99,4021,1.28,Medium,0.12,5598,
2026-01-03 04:33:00,Airtel,Morocco,Premium Sports Bundle,Web,Sport Live,1,105,5.09,14.99,1372,2.16,Medium,0.03,8908,LOW_BITRATE
2026-01-03 04:34:00,Moov,Ivory Coast,Premium Sports Bundle,Mobile,Series A,1,71,3.44,4.99,3744,0.65,High,0.28,1314,LOW_BITRATE
2026-01-03 04:35:00,MTN,Morocco,Zero-Rating Bundle,Smart TV,Kids Show,1,104,3.06,4.99,1672,0.68,High,0.38,2930,LOW_BITRATE
2026-01-03 04:36:00,Vodacom,Benin,OTT Weekly Pass,STB,Sport Live,1,40,9.95,14.99,4547,0.96,High,0.21,2194,
2026-01-03 04:37:00,Orange,Cameroon,Premium Sports Bundle,STB,Documentary D,1,66,1.33,1.99,4397,1.74,Medium,0.06,7612,AUTH_ERROR
2026-01-03 04:38:00,Orange,Senegal,Premium Sports Bundle,Mobile,Documentary D,1,70,7.18,14.99,689,0.75,High,0.27,8429,
2026-01-03 04:39:00,Moov,Morocco,OTT Weekly Pass,Web,Movie C,1,25,3.13,4.99,1062,2.78,Medium,0.1,3534,AUTH_ERROR
2026-01-03 04:40:00,Orange,Morocco,Zero-Rating Bundle,Smart TV,Series A,1,57,5.23,9.99,1352,2.73,Medium,0.26,1047,AUTH_ERROR
2026-01-03 04:41:00,MTN,Benin,Family Entertainment,Smart TV,Documentary D,1,47,6.01,9.99,4729,0.59,Low,0.32,6028,LOW_BITRATE
2026-01-03 04:42:00,Moov,Rwanda,OTT Weekly Pass,Web,Movie C,1,61,6.71,14.99,3527,1.29,Medium,0.21,2638,
2026-01-03 04:43:00,Moov,Senegal,OTT Daily Pass,Smart TV,Series A,1,76,6.47,9.99,3768,3.36,Low,0.15,4244,LOW_BITRATE
2026-01-03 04:44:00,Orange,Ivory Coast,OTT Daily Pass,Smart TV,Movie C,1,49,0.87,1.99,1204,2.07,Medium,0.16,5776,
2026-01-03 04:45:00,Moov,Morocco,Zero-Rating Bundle,STB,Sport Live,1,86,1.19,1.99,4976,0.46,Low,0.33,4231,
2026-01-03 04:46:00,Moov,Rwanda,Zero-Rating Bundle,Web,Kids Show,1,51,1.37,1.99,4299,2.77,Low,0.44,6318,BUFFERING_ERROR
2026-01-03 04:47:00,MTN,Benin,Zero-Rating Bundle,Web,Movie C,1,43,1.34,1.99,1779,0.87,Medium,0.05,2999,LOW_BITRATE
2026-01-03 04:48:00,Vodacom,Ivory Coast,Family Entertainment,Web,Kids Show,1,95,1.31,1.99,2982,1.13,High,0.23,3731,BUFFERING_ERROR
2026-01-03 04:49:00,Moov,Cameroon,Zero-Rating Bundle,Mobile,Movie C,1,39,7.17,14.99,1234,2.67,Medium,0.24,1803,LOW_BITRATE
2026-01-03 04:50:00,Moov,Morocco,Premium Sports Bundle,Smart TV,Series A,1,112,5.29,9.99,4157,0.74,Low,0.22,6577,LOW_BITRATE
2026-01-03 04:51:00,Orange,Ivory Coast,Zero-Rating Bundle,Web,Sport Live,1,37,1.01,1.99,892,1.04,High,0.2,5004,
2026-01-03 04:52:00,Moov,Morocco,OTT Daily Pass,Mobile,Documentary D,1,47,2.88,4.99,863,0.4,High,0.18,3345,LOW_BITRATE
2026-01-03 04:53:00,MTN,Senegal,OTT Daily Pass,Mobile,Kids Show,1,64,2.63,4.99,3018,3.32,Low,0.15,7034,
2026-01-03 04:54:00,MTN,Benin,Premium Sports Bundle,Mobile,Movie C,1,11,4.13,9.99,818,1.57,Low,0.38,6345,
2026-01-03 04:55:00,MTN,Morocco,OTT Daily Pass,Web,Kids Show,1,11,5.35,14.99,1913,3.36,Medium,0.31,1941,
2026-01-03 04:56:00,Moov,Morocco,Family Entertainment,STB,Kids Show,1,68,3.86,9.99,2501,3.23,Low,0.13,8068,
2026-01-03 04:57:00,MTN,Ivory Coast,Zero-Rating Bundle,Smart TV,Documentary D,1,5,4.77,9.99,493,0.2,Medium,0.03,824,
2026-01-03 04:58:00,Orange,Ivory Coast,OTT Daily Pass,Mobile,Kids Show,1,35,1.33,1.99,3904,2.23,Low,0.37,706,BUFFERING_ERROR
2026-01-03 04:59:00,MTN,Benin,Zero-Rating Bundle,STB,Series A,1,27,1.0,1.99,1681,2.72,Medium,0.18,5965,
2026-01-03 05:00:00,Moov,Cameroon,OTT Daily Pass,Smart TV,Kids Show,1,4,5.3,9.99,2699,0.44,Low,0.36,6106,AUTH_ERROR
2026-01-03 05:01:00,Vodacom,Morocco,Family Entertainment,Web,Series A,1,41,3.23,9.99,3191,0.12,High,0.33,1796,
2026-01-03 05:02:00,Orange,Senegal,Premium Sports Bundle,STB,Series A,1,27,0.8,1.99,1229,2.53,Low,0.01,6297,
2026-01-03 05:03:00,MTN,Senegal,OTT Daily Pass,Mobile,Kids Show,1,118,9.46,14.99,2823,1.74,High,0.04,2752,
2026-01-03 05:04:00,MTN,Rwanda,Family Entertainment,Smart TV,Series A,1,31,9.75,14.99,2298,2.34,Low,0.27,2308,
2026-01-03 05:05:00,Moov,Cameroon,OTT Weekly Pass,Mobile,Sport Live,1,45,1.05,1.99,4938,1.98,Medium,0.36,1601,AUTH_ERROR
2026-01-03 05:06:00,Orange,Senegal,Family Entertainment,Mobile,Movie C,1,118,7.49,14.99,4930,0.17,Low,0.2,8485,
2026-01-03 05:07:00,Orange,Cameroon,Zero-Rating Bundle,Smart TV,Movie C,1,37,3.57,9.99,577,2.15,High,0.17,1595,AUTH_ERROR
2026-01-03 05:08:00,Airtel,Rwanda,Zero-Rating Bundle,Smart TV,Series A,1,69,7.99,14.99,1573,0.26,Low,0.04,3084,AUTH_ERROR
2026-01-03 05:09:00,Airtel,Rwanda,Zero-Rating Bundle,Mobile,Movie C,1,112,6.68,14.99,4317,2.91,High,0.17,2432,
2026-01-03 05:10:00,Vodacom,Morocco,Family Entertainment,STB,Sport Live,1,104,2.69,4.99,3368,2.19,High,0.38,4425,AUTH_ERROR
2026-01-03 05:11:00,Airtel,Morocco,OTT Weekly Pass,Web,Kids Show,1,53,1.04,1.99,2365,3.15,Low,0.17,7042,
2026-01-03 05:12:00,Airtel,Ivory Coast,Family Entertainment,Web,Series A,1,8,5.47,14.99,246,3.15,Medium,0.12,2332,LOW_BITRATE
2026-01-03 05:13:00,Airtel,Rwanda,Premium Sports Bundle,STB,Kids Show,1,52,6.72,9.99,2422,0.85,High,0.14,2525,
2026-01-03 05:14:00,MTN,Senegal,Zero-Rating Bundle,Web,Documentary D,1,87,0.68,1.99,2277,3.48,Medium,0.12,8433,LOW_BITRATE
2026-01-03 05:15:00,Airtel,Cameroon,Premium Sports Bundle,Smart TV,Series A,1,68,3.87,9.99,1292,3.44,Medium,0.07,1047,
2026-01-03 05:16:00,Airtel,Senegal,OTT Daily Pass,Smart TV,Documentary D,1,69,1.11,1.99,3350,1.76,High,0.3,4679,
2026-01-03 05:17:00,Orange,Morocco,OTT Daily Pass,STB,Movie C,1,2,2.56,4.99,272,1.31,Low,0.33,630,
2026-01-03 05:18:00,Moov,Benin,Premium Sports Bundle,STB,Sport Live,1,25,5.48,9.99,2470,3.22,High,0.26,3655,BUFFERING_ERROR
2026-01-03 05:19:00,Airtel,Rwanda,Premium Sports Bundle,Smart TV,Documentary D,1,111,2.84,4.99,3180,1.97,High,0.03,6654,
2026-01-03 05:20:00,Moov,Benin,OTT Weekly Pass,Smart TV,Movie C,1,37,0.64,1.99,1333,0.63,Medium,0.03,2021,
2026-01-03 05:21:00,Orange,Senegal,Zero-Rating Bundle,Web,Sport Live,1,22,0.6,1.99,1758,3.17,Low,0.13,3034,
2026-01-03 05:22:00,Moov,Rwanda,Premium Sports Bundle,Smart TV,Series A,1,91,1.06,1.99,2354,1.74,Low,0.06,1587,
2026-01-03 05:23:00,Orange,Benin,Zero-Rating Bundle,STB,Movie C,1,120,5.96,9.99,2252,3.02,Medium,0.23,4059,
2026-01-03 05:24:00,MTN,Cameroon,OTT Weekly Pass,STB,Kids Show,1,116,9.67,14.99,2846,0.48,High,0.29,8846,
2026-01-03 05:25:00,Airtel,Ivory Coast,OTT Daily Pass,Smart TV,Movie C,1,58,6.4,9.99,1585,0.99,High,0.08,8513,
2026-01-03 05:26:00,Orange,Cameroon,OTT Daily Pass,Mobile,Documentary D,1,6,5.37,14.99,574,1.97,Medium,0.29,3020,LOW_BITRATE
2026-01-03 05:27:00,MTN,Ivory Coast,Zero-Rating Bundle,Web,Kids Show,1,102,7.83,14.99,2848,2.7,High,0.37,8575,LOW_BITRATE
2026-01-03 05:28:00,MTN,Rwanda,OTT Daily Pass,Mobile,Series A,1,86,1.36,1.99,4604,1.31,Low,0.04,5280,LOW_BITRATE
2026-01-03 05:29:00,MTN,Morocco,OTT Daily Pass,Smart TV,Series A,1,41,1.21,1.99,4046,2.2,Medium,0.44,7905,
2026-01-03 05:30:00,Orange,Morocco,Family Entertainment,Mobile,Kids Show,1,85,4.09,9.99,1754,2.77,High,0.36,7511,BUFFERING_ERROR
2026-01-03 05:31:00,Moov,Rwanda,OTT Daily Pass,Mobile,Sport Live,1,49,5.46,14.99,3125,2.71,High,0.35,2348,
2026-01-03 05:32:00,Orange,Rwanda,Zero-Rating Bundle,Web,Movie C,1,60,10.39,14.99,3632,0.11,Low,0.41,3594,AUTH_ERROR
2026-01-03 05:33:00,Vodacom,Cameroon,OTT Weekly Pass,Web,Documentary D,1,47,5.34,9.99,2714,1.36,Low,0.04,834,AUTH_ERROR
2026-01-03 05:34:00,Orange,Senegal,Family Entertainment,Mobile,Sport Live,1,85,2.36,4.99,2257,0.74,Medium,0.21,6788,
2026-01-03 05:35:00,Airtel,Morocco,Premium Sports Bundle,Web,Series A,1,95,3.0,4.99,2782,2.32,Medium,0.28,6441,
2026-01-03 05:36:00,Moov,Morocco,Family Entertainment,Web,Documentary D,1,2,1.31,1.99,162,2.26,High,0.24,8927,BUFFERING_ERROR
2026-01-03 05:37:00,Vodacom,Cameroon,OTT Weekly Pass,Mobile,Documentary D,1,56,4.04,9.99,2971,2.99,Medium,0.39,5808,BUFFERING_ERROR
2026-01-03 05:38:00,MTN,Rwanda,Zero-Rating Bundle,Web,Documentary D,1,37,1.62,4.99,2928,1.13,High,0.45,8692,
2026-01-03 05:39:00,Airtel,Senegal,OTT Weekly Pass,STB,Kids Show,1,47,1.5,4.99,3373,2.45,Medium,0.35,1765,LOW_BITRATE
2026-01-03 05:40:00,Airtel,Rwanda,Zero-Rating Bundle,STB,Kids Show,1,118,2.37,4.99,1546,2.08,Medium,0.45,3081,
2026-01-03 05:41:00,Vodacom,Cameroon,Family Entertainment,STB,Kids Show,1,109,2.97,4.99,2259,2.2,Low,0.29,8398,
2026-01-03 05:42:00,Vodacom,Cameroon,Premium Sports Bundle,Mobile,Kids Show,1,68,9.04,14.99,4852,0.16,High,0.31,3763,AUTH_ERROR
2026-01-03 05:43:00,Airtel,Cameroon,OTT Daily Pass,STB,Kids Show,1,1,6.42,9.99,4857,2.8,High,0.17,7236,
2026-01-03 05:44:00,Moov,Rwanda,OTT Weekly Pass,Mobile,Kids Show,1,120,4.85,9.99,4185,3.29,Medium,0.26,8213,LOW_BITRATE
2026-01-03 05:45:00,Vodacom,Ivory Coast,OTT Daily Pass,STB,Series A,1,101,5.09,9.99,3767,1.44,High,0.18,2550,AUTH_ERROR
2026-01-03 05:46:00,Orange,Cameroon,OTT Daily Pass,Mobile,Movie C,1,44,3.07,4.99,883,0.66,High,0.44,1257,
2026-01-03 05:47:00,Orange,Benin,OTT Weekly Pass,STB,Sport Live,1,70,1.11,1.99,1421,1.49,Medium,0.43,6605,
2026-01-03 05:48:00,Orange,Morocco,Premium Sports Bundle,Mobile,Documentary D,1,119,0.99,1.99,2900,0.71,Medium,0.1,8859,BUFFERING_ERROR
2026-01-03 05:49:00,MTN,Benin,OTT Weekly Pass,Mobile,Series A,1,105,1.08,1.99,1326,0.35,High,0.09,7069,
2026-01-03 05:50:00,Vodacom,Senegal,OTT Weekly Pass,Web,Series A,1,22,3.48,4.99,1148,0.33,Low,0.22,6576,
2026-01-03 05:51:00,Airtel,Benin,Family Entertainment,Smart TV,Series A,1,42,6.85,9.99,74,1.62,High,0.03,8850,
2026-01-03 05:52:00,Orange,Rwanda,Family Entertainment,Smart TV,Documentary D,1,65,0.82,1.99,1850,0.75,Low,0.33,651,
2026-01-03 05:53:00,Moov,Benin,OTT Weekly Pass,Web,Kids Show,1,32,3.98,9.99,568,3.13,Medium,0.26,4741,
2026-01-03 05:54:00,Airtel,Senegal,OTT Weekly Pass,Web,Kids Show,1,42,6.29,14.99,3037,2.15,Medium,0.29,3046,LOW_BITRATE
2026-01-03 05:55:00,Airtel,Rwanda,OTT Weekly Pass,Web,Kids Show,1,15,0.62,1.99,869,1.0,High,0.12,3332,BUFFERING_ERROR
2026-01-03 05:56:00,Airtel,Cameroon,Zero-Rating Bundle,Mobile,Documentary D,1,57,5.26,9.99,1756,2.76,Medium,0.38,3758,
2026-01-03 05:57:00,Orange,Senegal,OTT Weekly Pass,Smart TV,Kids Show,1,99,1.89,4.99,1816,1.46,High,0.4,4815,
2026-01-03 05:58:00,Moov,Ivory Coast,OTT Daily Pass,Web,Kids Show,1,9,4.84,9.99,1961,3.44,High,0.01,2085,AUTH_ERROR
2026-01-03 05:59:00,Orange,Rwanda,Zero-Rating Bundle,Smart TV,Sport Live,1,48,4.13,9.99,261,3.39,Low,0.22,7449,
2026-01-03 06:00:00,Orange,Benin,Family Entertainment,STB,Sport Live,1,2,5.78,9.99,4078,1.21,Medium,0.19,4858,BUFFERING_ERROR
2026-01-03 06:01:00,MTN,Morocco,Premium Sports Bundle,Mobile,Movie C,1,48,8.0,14.99,936,1.35,Medium,0.34,8641,
2026-01-03 06:02:00,Orange,Morocco,Zero-Rating Bundle,STB,Movie C,1,60,5.62,14.99,3853,1.49,Low,0.36,4124,BUFFERING_ERROR
2026-01-03 06:03:00,Airtel,Benin,Premium Sports Bundle,STB,Movie C,1,59,5.36,9.99,3923,0.36,Medium,0.18,2025,
2026-01-03 06:04:00,MTN,Benin,Premium Sports Bundle,Smart TV,Documentary D,1,17,4.59,14.99,747,0.76,Low,0.18,5386,AUTH_ERROR
2026-01-03 06:05:00,MTN,Rwanda,OTT Daily Pass,Web,Kids Show,1,114,4.96,14.99,1244,0.82,Medium,0.24,7592,
2026-01-03 06:06:00,Vodacom,Ivory Coast,OTT Daily Pass,Mobile,Series A,1,106,2.65,4.99,1833,0.68,Low,0.13,1266,AUTH_ERROR
2026-01-03 06:07:00,Airtel,Senegal,OTT Daily Pass,Smart TV,Documentary D,1,29,0.73,1.99,1609,1.56,Low,0.44,1745,BUFFERING_ERROR
2026-01-03 06:08:00,MTN,Senegal,Family Entertainment,Mobile,Sport Live,1,62,2.05,4.99,1288,0.46,Low,0.25,4782,
2026-01-03 06:09:00,Vodacom,Cameroon,OTT Daily Pass,Web,Movie C,1,105,0.85,1.99,1081,0.37,Medium,0.34,5324,
2026-01-03 06:10:00,Orange,Morocco,Zero-Rating Bundle,Web,Movie C,1,54,2.69,4.99,4006,2.37,Low,0.23,8382,AUTH_ERROR
2026-01-03 06:11:00,MTN,Benin,Family Entertainment,STB,Sport Live,1,104,6.69,9.99,2282,1.03,Medium,0.07,2687,BUFFERING_ERROR
2026-01-03 06:12:00,Moov,Cameroon,Family Entertainment,Smart TV,Sport Live,1,113,0.72,1.99,3505,1.49,Medium,0.07,8969,
2026-01-03 06:13:00,Airtel,Senegal,Premium Sports Bundle,Smart TV,Kids Show,1,114,1.32,1.99,696,1.46,Low,0.39,6359,BUFFERING_ERROR
2026-01-03 06:14:00,Vodacom,Ivory Coast,OTT Weekly Pass,Smart TV,Documentary D,1,22,1.77,4.99,179,2.33,Medium,0.26,8454,
2026-01-03 06:15:00,MTN,Cameroon,OTT Weekly Pass,STB,Sport Live,1,108,4.29,9.99,1818,2.54,High,0.39,2164,AUTH_ERROR
2026-01-03 06:16:00,Orange,Senegal,OTT Weekly Pass,Web,Kids Show,1,119,0.9,1.99,4611,2.62,Low,0.02,3078,
2026-01-03 06:17:00,Vodacom,Rwanda,Premium Sports Bundle,Smart TV,Documentary D,1,21,4.73,9.99,900,0.47,Low,0.42,5810,LOW_BITRATE
2026-01-03 06:18:00,Moov,Morocco,Premium Sports Bundle,STB,Series A,1,87,5.4,14.99,4349,0.87,Medium,0.38,2690,LOW_BITRATE
2026-01-03 06:19:00,Vodacom,Senegal,OTT Weekly Pass,Smart TV,Documentary D,1,47,5.75,9.99,2073,3.15,Low,0.22,4491,AUTH_ERROR
2026-01-03 06:20:00,Moov,Benin,Premium Sports Bundle,STB,Sport Live,1,75,6.29,9.99,145,1.72,Medium,0.14,2977,
2026-01-03 06:21:00,Moov,Senegal,Family Entertainment,STB,Kids Show,1,46,3.73,9.99,1095,0.25,Medium,0.21,4480,
2026-01-03 06:22:00,Orange,Senegal,OTT Daily Pass,Mobile,Series A,1,32,9.25,14.99,2873,3.17,High,0.19,3633,
2026-01-03 06:23:00,Moov,Morocco,Family Entertainment,STB,Documentary D,1,80,0.71,1.99,2098,1.4,Low,0.43,3934,BUFFERING_ERROR
2026-01-03 06:24:00,Moov,Cameroon,OTT Weekly Pass,Smart TV,Series A,1,47,1.12,1.99,3423,3.19,High,0.38,6959,LOW_BITRATE
2026-01-03 06:25:00,Airtel,Rwanda,Zero-Rating Bundle,STB,Kids Show,1,61,6.53,14.99,738,3.47,Medium,0.42,7588,BUFFERING_ERROR
2026-01-03 06:26:00,MTN,Ivory Coast,OTT Daily Pass,Web,Series A,1,59,2.43,4.99,4412,2.19,Low,0.45,8308,
2026-01-03 06:27:00,Airtel,Cameroon,OTT Daily Pass,STB,Series A,1,97,2.55,4.99,2453,2.02,Medium,0.09,2806,AUTH_ERROR
2026-01-03 06:28:00,MTN,Ivory Coast,Premium Sports Bundle,Mobile,Movie C,1,50,6.7,14.99,3819,2.04,Low,0.3,6697,LOW_BITRATE
2026-01-03 06:29:00,Vodacom,Rwanda,OTT Weekly Pass,Smart TV,Sport Live,1,4,5.5,9.99,4053,0.98,Medium,0.31,2997,
2026-01-03 06:30:00,Moov,Rwanda,Family Entertainment,Mobile,Documentary D,1,49,0.72,1.99,4141,0.22,Low,0.08,8350,AUTH_ERROR
2026-01-03 06:31:00,Orange,Cameroon,OTT Weekly Pass,Mobile,Kids Show,1,82,2.72,4.99,3374,2.58,High,0.33,2234,
2026-01-03 06:32:00,Vodacom,Ivory Coast,OTT Weekly Pass,STB,Documentary D,1,57,3.38,4.99,2332,0.98,Low,0.1,6778,
2026-01-03 06:33:00,MTN,Senegal,Premium Sports Bundle,Mobile,Sport Live,1,26,5.47,14.99,563,1.53,High,0.37,8396,
2026-01-03 06:34:00,MTN,Senegal,OTT Daily Pass,Web,Kids Show,1,68,7.75,14.99,2446,0.68,Medium,0.15,560,AUTH_ERROR
2026-01-03 06:35:00,Moov,Senegal,OTT Weekly Pass,STB,Kids Show,1,34,3.06,4.99,1753,1.31,Low,0.17,3666,
2026-01-03 06:36:00,Vodacom,Cameroon,OTT Daily Pass,STB,Series A,1,58,2.37,4.99,2236,2.08,High,0.26,8170,
2026-01-03 06:37:00,Orange,Benin,OTT Weekly Pass,Mobile,Sport Live,1,52,1.1,1.99,394,2.52,Low,0.2,2793,
2026-01-03 06:38:00,Vodacom,Morocco,Zero-Rating Bundle,Mobile,Documentary D,1,52,1.59,4.99,3180,1.82,Low,0.37,2987,
2026-01-03 06:39:00,Vodacom,Cameroon,Family Entertainment,Web,Movie C,1,42,1.81,4.99,2415,1.62,Low,0.08,8896,AUTH_ERROR
2026-01-03 06:40:00,Vodacom,Cameroon,Family Entertainment,STB,Sport Live,1,120,8.68,14.99,604,2.96,Medium,0.37,3657,BUFFERING_ERROR
2026-01-03 06:41:00,Moov,Cameroon,Premium Sports Bundle,Smart TV,Series A,1,3,3.19,4.99,3390,3.01,Low,0.1,5425,
2026-01-03 06:42:00,Orange,Ivory Coast,Premium Sports Bundle,Smart TV,Documentary D,1,37,6.99,14.99,1089,2.11,Medium,0.14,5238,LOW_BITRATE
2026-01-03 06:43:00,Airtel,Benin,Family Entertainment,Mobile,Sport Live,1,39,0.98,1.99,2140,3.5,Medium,0.14,8035,
2026-01-03 06:44:00,MTN,Senegal,Premium Sports Bundle,Web,Sport Live,1,73,8.05,14.99,1186,2.68,Medium,0.14,8418,
2026-01-03 06:45:00,Moov,Senegal,Premium Sports Bundle,STB,Series A,1,57,6.04,9.99,4675,1.35,Medium,0.35,5699,BUFFERING_ERROR
2026-01-03 06:46:00,Moov,Ivory Coast,OTT Daily Pass,STB,Sport Live,1,64,4.47,9.99,959,0.64,Medium,0.32,585,
2026-01-03 06:47:00,Vodacom,Rwanda,Zero-Rating Bundle,Mobile,Documentary D,1,44,1.3,1.99,3309,1.7,Low,0.02,3282,AUTH_ERROR
2026-01-03 06:48:00,MTN,Cameroon,OTT Weekly Pass,Web,Series A,1,94,0.94,1.99,2606,2.99,High,0.07,7229,
2026-01-03 06:49:00,Vodacom,Ivory Coast,Family Entertainment,Mobile,Movie C,1,82,6.09,9.99,4078,2.05,Medium,0.02,1575,
2026-01-03 06:50:00,Moov,Benin,Zero-Rating Bundle,Smart TV,Documentary D,1,49,1.11,1.99,1412,2.16,Low,0.31,6782,
2026-01-03 06:51:00,Airtel,Ivory Coast,OTT Daily Pass,STB,Series A,1,17,1.09,1.99,1618,1.82,High,0.1,3102,AUTH_ERROR
2026-01-03 06:52:00,Airtel,Morocco,OTT Daily Pass,Web,Movie C,1,80,1.19,1.99,1994,1.06,High,0.33,1940,
2026-01-03 06:53:00,MTN,Senegal,Zero-Rating Bundle,Smart TV,Kids Show,1,80,6.19,9.99,2232,2.4,High,0.08,602,
2026-01-03 06:54:00,MTN,Senegal,OTT Daily Pass,Mobile,Kids Show,1,100,2.28,4.99,1612,3.09,High,0.13,1896,AUTH_ERROR
2026-01-03 06:55:00,Orange,Senegal,Premium Sports Bundle,Mobile,Movie C,1,8,5.05,14.99,2454,1.87,High,0.36,938,BUFFERING_ERROR
2026-01-03 06:56:00,Moov,Cameroon,OTT Weekly Pass,Mobile,Sport Live,1,72,4.84,9.99,393,0.12,High,0.43,1748,BUFFERING_ERROR
2026-01-03 06:57:00,Moov,Morocco,Premium Sports Bundle,Mobile,Documentary D,1,28,3.59,9.99,4031,1.98,High,0.27,5112,
2026-01-03 06:58:00,Vodacom,Morocco,Family Entertainment,STB,Series A,1,64,3.32,9.99,2973,1.58,High,0.24,5905,LOW_BITRATE
2026-01-03 06:59:00,MTN,Ivory Coast,Premium Sports Bundle,Mobile,Kids Show,1,48,1.26,1.99,1281,1.33,High,0.19,1102,AUTH_ERROR
2026-01-03 07:00:00,Vodacom,Benin,Zero-Rating Bundle,Mobile,Movie C,1,35,7.58,14.99,100,1.11,Medium,0.29,7084,
2026-01-03 07:01:00,Moov,Cameroon,Premium Sports Bundle,Web,Movie C,1,65,1.17,1.99,4325,0.94,High,0.34,5797,
2026-01-03 07:02:00,MTN,Senegal,OTT Weekly Pass,Mobile,Movie C,1,84,9.39,14.99,4908,2.14,Low,0.33,8780,AUTH_ERROR
2026-01-03 07:03:00,Orange,Rwanda,Family Entertainment,Smart TV,Sport Live,1,50,3.03,9.99,3508,0.65,Low,0.42,2410,AUTH_ERROR
2026-01-03 07:04:00,Orange,Morocco,Zero-Rating Bundle,Smart TV,Kids Show,1,80,1.6,4.99,1405,2.45,High,0.21,7306,
2026-01-03 07:05:00,Airtel,Rwanda,Zero-Rating Bundle,Web,Series A,1,21,1.73,4.99,921,2.1,Low,0.15,4981,
2026-01-03 07:06:00,Vodacom,Morocco,OTT Daily Pass,STB,Movie C,1,102,1.13,1.99,4872,2.31,High,0.29,8847,LOW_BITRATE
2026-01-03 07:07:00,Moov,Morocco,Zero-Rating Bundle,STB,Sport Live,1,13,1.28,1.99,1489,2.76,Low,0.21,5277,AUTH_ERROR
2026-01-03 07:08:00,Airtel,Cameroon,Zero-Rating Bundle,Mobile,Sport Live,1,35,7.68,14.99,943,0.18,Low,0.36,4348,
2026-01-03 07:09:00,Orange,Benin,OTT Daily Pass,Mobile,Sport Live,1,109,6.7,9.99,4615,2.79,Low,0.07,6274,
2026-01-03 07:10:00,Moov,Benin,OTT Weekly Pass,STB,Movie C,1,48,2.6,4.99,1925,2.04,Low,0.2,1596,AUTH_ERROR
2026-01-03 07:11:00,Airtel,Benin,Premium Sports Bundle,Web,Sport Live,1,20,3.41,4.99,2135,0.84,High,0.4,2882,
2026-01-03 07:12:00,Orange,Senegal,Family Entertainment,STB,Kids Show,1,53,0.86,1.99,1841,3.05,Medium,0.41,8800,BUFFERING_ERROR
2026-01-03 07:13:00,Vodacom,Morocco,OTT Weekly Pass,Smart TV,Documentary D,1,83,3.09,4.99,378,2.79,Medium,0.2,3787,AUTH_ERROR
2026-01-03 07:14:00,MTN,Benin,Premium Sports Bundle,Web,Documentary D,1,118,2.27,4.99,125,0.88,Medium,0.09,6441,
2026-01-03 07:15:00,Vodacom,Rwanda,Family Entertainment,Mobile,Series A,1,83,3.88,9.99,1775,1.72,High,0.3,1804,AUTH_ERROR
2026-01-03 07:16:00,Orange,Cameroon,Zero-Rating Bundle,Smart TV,Series A,1,27,8.41,14.99,3622,2.21,Medium,0.26,8699,
2026-01-03 07:17:00,Vodacom,Senegal,Premium Sports Bundle,Smart TV,Series A,1,98,1.6,4.99,2985,1.78,Low,0.32,7668,AUTH_ERROR
2026-01-03 07:18:00,Moov,Senegal,Family Entertainment,Mobile,Sport Live,1,90,0.85,1.99,2693,0.58,High,0.23,5009,
2026-01-03 07:19:00,Vodacom,Benin,Zero-Rating Bundle,Web,Documentary D,1,82,1.02,1.99,4127,0.51,Medium,0.44,7421,
2026-01-03 07:20:00,Moov,Cameroon,OTT Weekly Pass,Web,Movie C,1,119,2.62,4.99,2997,3.31,High,0.37,8073,
2026-01-03 07:21:00,Airtel,Ivory Coast,Premium Sports Bundle,Smart TV,Documentary D,1,20,8.31,14.99,4178,2.02,High,0.11,6439,BUFFERING_ERROR
2026-01-03 07:22:00,Airtel,Rwanda,OTT Weekly Pass,Web,Movie C,1,36,6.92,14.99,4561,2.2,Low,0.12,7871,LOW_BITRATE
2026-01-03 07:23:00,Moov,Rwanda,Zero-Rating Bundle,STB,Documentary D,1,25,0.85,1.99,4995,3.4,Medium,0.08,6978,
2026-01-03 07:24:00,Orange,Cameroon,OTT Weekly Pass,Mobile,Sport Live,1,112,3.04,9.99,1219,2.29,High,0.06,7333,
2026-01-03 07:25:00,Orange,Cameroon,Family Entertainment,Smart TV,Movie C,1,92,6.84,14.99,1473,2.27,Low,0.4,8050,
2026-01-03 07:26:00,Vodacom,Senegal,Family Entertainment,Web,Series A,1,78,2.22,4.99,722,1.37,Low,0.36,1225,AUTH_ERROR
2026-01-03 07:27:00,Airtel,Senegal,OTT Weekly Pass,Mobile,Series A,1,5,5.95,14.99,4538,3.1,Low,0.42,3734,BUFFERING_ERROR
2026-01-03 07:28:00,Vodacom,Cameroon,Premium Sports Bundle,Web,Sport Live,1,97,0.72,1.99,1255,1.54,Low,0.13,5297,
2026-01-03 07:29:00,Moov,Rwanda,Zero-Rating Bundle,Smart TV,Movie C,1,102,3.32,4.99,1830,3.19,High,0.39,4521,
2026-01-03 07:30:00,Orange,Morocco,Premium Sports Bundle,Smart TV,Movie C,1,107,4.79,14.99,4992,1.11,Medium,0.33,5128,AUTH_ERROR
2026-01-03 07:31:00,Airtel,Cameroon,OTT Weekly Pass,Web,Series A,1,70,10.29,14.99,3961,1.27,High,0.13,5645,BUFFERING_ERROR
2026-01-03 07:32:00,Moov,Ivory Coast,OTT Weekly Pass,Mobile,Series A,1,62,9.59,14.99,624,2.38,Low,0.41,5001,
2026-01-03 07:33:00,Vodacom,Ivory Coast,OTT Weekly Pass,STB,Series A,1,88,5.21,14.99,149,0.98,Medium,0.17,8501,BUFFERING_ERROR
2026-01-03 07:34:00,Orange,Senegal,Family Entertainment,Web,Documentary D,1,72,6.38,14.99,3948,0.48,Medium,0.23,3708,
2026-01-03 07:35:00,Orange,Benin,Zero-Rating Bundle,Smart TV,Series A,1,24,1.99,4.99,314,2.12,Medium,0.31,4442,
2026-01-03 07:36:00,MTN,Rwanda,OTT Weekly Pass,Mobile,Kids Show,1,67,5.69,14.99,2317,1.39,High,0.01,2044,
2026-01-03 07:37:00,MTN,Benin,OTT Weekly Pass,Web,Sport Live,1,75,3.42,9.99,1588,0.52,Low,0.45,2756,BUFFERING_ERROR
2026-01-03 07:38:00,Airtel,Senegal,Zero-Rating Bundle,Mobile,Series A,1,34,4.59,9.99,1161,1.37,High,0.24,955,LOW_BITRATE
2026-01-03 07:39:00,Airtel,Rwanda,Family Entertainment,Smart TV,Documentary D,1,11,9.27,14.99,1475,0.75,Medium,0.42,2422,BUFFERING_ERROR
2026-01-03 07:40:00,MTN,Senegal,OTT Daily Pass,Smart TV,Movie C,1,74,4.96,9.99,1517,1.68,Medium,0.16,8201,LOW_BITRATE
2026-01-03 07:41:00,Moov,Cameroon,Family Entertainment,Mobile,Sport Live,1,21,6.92,14.99,4413,2.42,Medium,0.32,7550,LOW_BITRATE
2026-01-03 07:42:00,Orange,Senegal,Family Entertainment,Smart TV,Sport Live,1,99,3.34,4.99,1266,1.37,High,0.13,8305,
2026-01-03 07:43:00,Airtel,Ivory Coast,Premium Sports Bundle,Web,Movie C,1,87,7.87,14.99,222,0.25,High,0.19,8711,
2026-01-03 07:44:00,MTN,Morocco,OTT Daily Pass,Web,Movie C,1,97,1.17,1.99,4955,0.49,Low,0.11,6890,
2026-01-03 07:45:00,Vodacom,Cameroon,Family Entertainment,Web,Documentary D,1,12,4.89,9.99,2704,0.39,Medium,0.22,4359,
2026-01-03 07:46:00,Vodacom,Cameroon,OTT Daily Pass,Smart TV,Kids Show,1,103,0.73,1.99,1197,2.33,Medium,0.24,2686,
2026-01-03 07:47:00,Orange,Ivory Coast,Premium Sports Bundle,Web,Documentary D,1,49,3.16,9.99,1140,1.25,Medium,0.12,7149,
2026-01-03 07:48:00,Moov,Rwanda,OTT Daily Pass,Web,Sport Live,1,68,0.77,1.99,308,2.56,Low,0.23,1535,
2026-01-03 07:49:00,Vodacom,Rwanda,Family Entertainment,STB,Movie C,1,51,0.98,1.99,1252,0.57,High,0.06,7148,
2026-01-03 07:50:00,Vodacom,Benin,Family Entertainment,STB,Movie C,1,19,1.36,1.99,560,1.09,Medium,0.21,4033,
2026-01-03 07:51:00,Airtel,Cameroon,Premium Sports Bundle,Smart TV,Movie C,1,25,5.64,9.99,2205,0.15,High,0.02,4083,
2026-01-03 07:52:00,MTN,Benin,OTT Weekly Pass,STB,Kids Show,1,109,4.03,9.99,313,0.94,Medium,0.02,1814,LOW_BITRATE
2026-01-03 07:53:00,Orange,Ivory Coast,Zero-Rating Bundle,Smart TV,Movie C,1,46,4.93,9.99,2749,2.09,High,0.1,714,
2026-01-03 07:54:00,Moov,Ivory Coast,Family Entertainment,Web,Movie C,1,14,4.45,9.99,1099,1.44,Medium,0.01,1836,
2026-01-03 07:55:00,Vodacom,Cameroon,Family Entertainment,Web,Series A,1,70,0.71,1.99,1579,1.0,Low,0.42,7309,LOW_BITRATE
2026-01-03 07:56:00,Moov,Cameroon,Premium Sports Bundle,Web,Movie C,1,72,2.53,4.99,1358,0.95,High,0.39,2038,BUFFERING_ERROR
2026-01-03 07:57:00,Vodacom,Morocco,Family Entertainment,Mobile,Movie C,1,15,4.71,9.99,1973,0.76,Low,0.38,5948,LOW_BITRATE
2026-01-03 07:58:00,Vodacom,Benin,Family Entertainment,STB,Series A,1,50,1.51,4.99,3470,1.88,Low,0.41,8244,
2026-01-03 07:59:00,Airtel,Benin,Family Entertainment,STB,Movie C,1,32,10.39,14.99,857,1.81,Low,0.35,4201,BUFFERING_ERROR
2026-01-03 08:00:00,Vodacom,Ivory Coast,OTT Weekly Pass,Mobile,Movie C,1,44,5.86,9.99,1433,0.42,Medium,0.35,7239,AUTH_ERROR
2026-01-03 08:01:00,Orange,Rwanda,OTT Weekly Pass,STB,Kids Show,1,8,0.61,1.99,2823,3.02,Low,0.21,5252,AUTH_ERROR
2026-01-03 08:02:00,Vodacom,Benin,OTT Daily Pass,STB,Series A,1,94,2.3,4.99,749,1.57,Medium,0.37,7992,
2026-01-03 08:03:00,Airtel,Cameroon,Premium Sports Bundle,STB,Sport Live,1,90,6.66,14.99,4597,0.56,Medium,0.16,2947,
2026-01-03 08:04:00,Moov,Senegal,Premium Sports Bundle,Smart TV,Kids Show,1,64,5.18,14.99,4740,1.09,Low,0.05,4395,
2026-01-03 08:05:00,Orange,Ivory Coast,Zero-Rating Bundle,STB,Kids Show,1,43,0.76,1.99,306,1.43,Low,0.27,7644,BUFFERING_ERROR
2026-01-03 08:06:00,Airtel,Benin,OTT Weekly Pass,Smart TV,Sport Live,1,79,7.38,14.99,3027,0.97,High,0.12,8298,BUFFERING_ERROR
2026-01-03 08:07:00,MTN,Cameroon,Family Entertainment,Mobile,Documentary D,1,117,2.64,4.99,2724,2.44,High,0.41,869,
2026-01-03 08:08:00,Vodacom,Rwanda,Premium Sports Bundle,Smart TV,Sport Live,1,95,0.61,1.99,3808,3.03,Medium,0.44,3965,BUFFERING_ERROR
2026-01-03 08:09:00,MTN,Ivory Coast,OTT Weekly Pass,Smart TV,Documentary D,1,50,1.11,1.99,288,2.89,Medium,0.44,7097,AUTH_ERROR
2026-01-03 08:10:00,Moov,Benin,OTT Daily Pass,Mobile,Series A,1,45,7.94,14.99,2728,0.7,High,0.38,5935,
2026-01-03 08:11:00,MTN,Cameroon,OTT Daily Pass,Web,Movie C,1,72,1.1,1.99,2776,1.01,High,0.26,8496,LOW_BITRATE
2026-01-03 08:12:00,Airtel,Ivory Coast,Premium Sports Bundle,STB,Movie C,1,104,4.99,9.99,706,0.97,Low,0.06,4321,LOW_BITRATE
2026-01-03 08:13:00,MTN,Ivory Coast,OTT Daily Pass,Smart TV,Movie C,1,18,7.72,14.99,2314,2.55,High,0.37,7370,
2026-01-03 08:14:00,Orange,Cameroon,Family Entertainment,Web,Documentary D,1,82,9.78,14.99,875,2.61,Medium,0.34,1245,BUFFERING_ERROR
2026-01-03 08:15:00,Moov,Rwanda,OTT Weekly Pass,STB,Movie C,1,34,1.29,1.99,924,2.17,Medium,0.08,8014,
2026-01-03 08:16:00,Vodacom,Ivory Coast,Premium Sports Bundle,Web,Kids Show,1,111,0.9,1.99,1104,0.15,Low,0.11,7986,LOW_BITRATE
2026-01-03 08:17:00,Orange,Ivory Coast,Family Entertainment,Smart TV,Kids Show,1,10,0.66,1.99,4701,3.35,Low,0.33,6570,LOW_BITRATE
2026-01-03 08:18:00,MTN,Morocco,Premium Sports Bundle,Smart TV,Movie C,1,66,2.89,4.99,4706,2.56,Low,0.29,2405,
2026-01-03 08:19:00,Orange,Senegal,Zero-Rating Bundle,Smart TV,Sport Live,1,19,1.63,4.99,2265,1.32,Medium,0.36,5665,
2026-01-03 08:20:00,Airtel,Benin,Family Entertainment,STB,Documentary D,1,39,0.78,1.99,978,1.34,Low,0.05,8503,BUFFERING_ERROR
2026-01-03 08:21:00,Vodacom,Rwanda,Family Entertainment,Web,Series A,1,13,0.64,1.99,4812,3.17,High,0.01,7685,
2026-01-03 08:22:00,Moov,Cameroon,Family Entertainment,Mobile,Sport Live,1,70,5.67,14.99,2087,2.42,Medium,0.31,5396,AUTH_ERROR
2026-01-03 08:23:00,Vodacom,Ivory Coast,OTT Daily Pass,Web,Movie C,1,80,5.29,9.99,3577,2.14,Low,0.15,7376,LOW_BITRATE
2026-01-03 08:24:00,MTN,Morocco,OTT Weekly Pass,Mobile,Sport Live,1,113,7.38,14.99,2712,3.13,High,0.28,2558,
2026-01-03 08:25:00,Airtel,Benin,Premium Sports Bundle,STB,Series A,1,9,4.86,9.99,2028,3.28,Medium,0.34,852,BUFFERING_ERROR
2026-01-03 08:26:00,MTN,Cameroon,OTT Daily Pass,STB,Sport Live,1,72,2.56,4.99,1092,1.55,High,0.29,2248,AUTH_ERROR
2026-01-03 08:27:00,MTN,Rwanda,Family Entertainment,Smart TV,Series A,1,15,0.73,1.99,4869,1.84,Low,0.42,5489,
2026-01-03 08:28:00,Airtel,Cameroon,Premium Sports Bundle,Web,Series A,1,103,0.8,1.99,1853,0.85,High,0.23,2822,
2026-01-03 08:29:00,MTN,Cameroon,Zero-Rating Bundle,Web,Series A,1,94,9.6,14.99,1582,0.8,Medium,0.1,1280,
2026-01-03 08:30:00,Orange,Benin,Zero-Rating Bundle,Mobile,Movie C,1,77,1.9,4.99,739,0.99,Low,0.28,1349,
2026-01-03 08:31:00,Orange,Ivory Coast,OTT Daily Pass,Web,Documentary D,1,43,0.86,1.99,2331,2.66,Low,0.34,7170,LOW_BITRATE
2026-01-03 08:32:00,Vodacom,Rwanda,Family Entertainment,STB,Sport Live,1,54,2.62,4.99,2307,0.19,Low,0.19,7958,LOW_BITRATE
2026-01-03 08:33:00,Moov,Benin,Premium Sports Bundle,Web,Movie C,1,100,1.22,1.99,3475,1.15,High,0.07,4460,
2026-01-03 08:34:00,Vodacom,Benin,Family Entertainment,Mobile,Sport Live,1,105,1.74,4.99,933,3.39,High,0.42,3334,
2026-01-03 08:35:00,Airtel,Morocco,OTT Weekly Pass,Smart TV,Kids Show,1,57,6.18,14.99,1084,1.98,High,0.28,4821,
2026-01-03 08:36:00,Airtel,Morocco,Zero-Rating Bundle,STB,Series A,1,30,1.71,4.99,1368,2.32,High,0.18,2118,AUTH_ERROR
2026-01-03 08:37:00,Airtel,Senegal,Family Entertainment,Smart TV,Kids Show,1,57,0.7,1.99,507,0.7,Medium,0.13,1071,LOW_BITRATE
2026-01-03 08:38:00,Vodacom,Morocco,Zero-Rating Bundle,Smart TV,Movie C,1,1,0.99,1.99,3473,2.25,Low,0.03,5005,BUFFERING_ERROR
2026-01-03 08:39:00,Orange,Morocco,OTT Daily Pass,Mobile,Kids Show,1,54,0.71,1.99,2180,2.17,Medium,0.42,3423,LOW_BITRATE
2026-01-03 08:40:00,MTN,Rwanda,Premium Sports Bundle,Mobile,Kids Show,1,17,2.87,4.99,76,3.27,Low,0.22,3266,BUFFERING_ERROR
2026-01-03 08:41:00,Orange,Ivory Coast,OTT Weekly Pass,Smart TV,Sport Live,1,46,5.3,9.99,1282,0.39,Medium,0.19,2931,
2026-01-03 08:42:00,Vodacom,Cameroon,Zero-Rating Bundle,Mobile,Documentary D,1,85,9.77,14.99,2961,3.43,High,0.22,2471,
2026-01-03 08:43:00,MTN,Morocco,Family Entertainment,Web,Kids Show,1,48,6.05,9.99,2517,3.23,High,0.42,5618,
2026-01-03 08:44:00,Orange,Rwanda,OTT Daily Pass,STB,Movie C,1,100,5.22,9.99,602,1.86,Medium,0.37,8159,AUTH_ERROR
2026-01-03 08:45:00,Orange,Morocco,OTT Weekly Pass,Mobile,Documentary D,1,32,2.52,4.99,394,1.45,Low,0.04,4882,BUFFERING_ERROR
2026-01-03 08:46:00,Airtel,Ivory Coast,OTT Daily Pass,Mobile,Series A,1,78,5.95,14.99,4636,3.03,Low,0.19,2880,
2026-01-03 08:47:00,Airtel,Cameroon,Zero-Rating Bundle,Mobile,Documentary D,1,6,0.99,1.99,2587,2.86,Low,0.13,4818,
2026-01-03 08:48:00,Moov,Morocco,OTT Weekly Pass,Smart TV,Sport Live,1,91,1.76,4.99,3965,2.87,Low,0.24,7563,
2026-01-03 08:49:00,Moov,Senegal,Zero-Rating Bundle,Web,Movie C,1,75,5.76,14.99,966,1.29,Medium,0.07,1920,LOW_BITRATE
2026-01-03 08:50:00,Vodacom,Rwanda,OTT Weekly Pass,Mobile,Sport Live,1,67,1.32,1.99,609,1.14,Medium,0.41,6516,
2026-01-03 08:51:00,Airtel,Cameroon,Zero-Rating Bundle,Smart TV,Movie C,1,9,1.11,1.99,4033,2.16,Medium,0.21,7175,BUFFERING_ERROR
2026-01-03 08:52:00,Orange,Benin,Premium Sports Bundle,Web,Kids Show,1,8,0.98,1.99,1872,1.22,High,0.37,3473,
2026-01-03 08:53:00,MTN,Ivory Coast,Zero-Rating Bundle,Mobile,Documentary D,1,94,4.38,9.99,3047,2.42,High,0.04,6176,
2026-01-03 08:54:00,Orange,Senegal,Zero-Rating Bundle,Mobile,Sport Live,1,103,3.41,9.99,4202,2.98,Low,0.42,988,
2026-01-03 08:55:00,Orange,Benin,OTT Daily Pass,Web,Kids Show,1,120,3.5,9.99,3808,0.56,Low,0.05,8915,
2026-01-03 08:56:00,Moov,Morocco,Premium Sports Bundle,Web,Sport Live,1,100,1.97,4.99,718,3.17,Low,0.11,3699,
2026-01-03 08:57:00,Orange,Senegal,OTT Weekly Pass,Smart TV,Documentary D,1,111,6.96,9.99,4930,1.89,Low,0.36,6760,BUFFERING_ERROR
2026-01-03 08:58:00,Vodacom,Rwanda,Premium Sports Bundle,STB,Kids Show,1,1,7.56,14.99,1023,1.86,Medium,0.44,1848,
2026-01-03 08:59:00,Moov,Morocco,OTT Daily Pass,Mobile,Documentary D,1,73,2.84,4.99,111,1.57,Low,0.19,3395,
2026-01-03 09:00:00,Vodacom,Morocco,Premium Sports Bundle,Smart TV,Movie C,1,89,3.48,4.99,2278,1.22,High,0.31,7049,BUFFERING_ERROR
2026-01-03 09:01:00,Vodacom,Ivory Coast,Zero-Rating Bundle,Mobile,Kids Show,1,93,7.98,14.99,1995,0.73,Medium,0.14,2119,
2026-01-03 09:02:00,MTN,Ivory Coast,Premium Sports Bundle,Smart TV,Kids Show,1,32,1.51,4.99,2648,0.2,High,0.3,6976,
2026-01-03 09:03:00,Orange,Cameroon,Family Entertainment,Smart TV,Movie C,1,83,3.54,9.99,1254,2.44,Low,0.29,7069,
2026-01-03 09:04:00,Vodacom,Morocco,Family Entertainment,Smart TV,Kids Show,1,32,1.51,4.99,2742,3.09,Medium,0.29,7534,
2026-01-03 09:05:00,MTN,Morocco,OTT Daily Pass,Smart TV,Sport Live,1,114,6.36,14.99,2533,1.49,Medium,0.12,2725,
2026-01-03 09:06:00,Orange,Morocco,Family Entertainment,Web,Movie C,1,119,3.4,9.99,609,2.9,High,0.42,1352,
2026-01-03 09:07:00,MTN,Morocco,Premium Sports Bundle,Smart TV,Kids Show,1,22,2.67,4.99,791,0.49,Medium,0.33,5690,
2026-01-03 09:08:00,MTN,Senegal,Premium Sports Bundle,STB,Sport Live,1,38,1.14,1.99,2708,1.11,High,0.44,4295,
2026-01-03 09:09:00,MTN,Cameroon,OTT Daily Pass,STB,Series A,1,34,1.08,1.99,3511,3.45,Medium,0.11,7910,BUFFERING_ERROR
2026-01-03 09:10:00,Moov,Cameroon,Family Entertainment,STB,Documentary D,1,5,1.06,1.99,4407,0.93,Low,0.36,3855,
2026-01-03 09:11:00,Airtel,Cameroon,Zero-Rating Bundle,Smart TV,Documentary D,1,119,3.19,4.99,4878,0.78,Medium,0.3,7635,AUTH_ERROR
2026-01-03 09:12:00,MTN,Ivory Coast,OTT Daily Pass,Mobile,Movie C,1,58,1.03,1.99,3766,1.74,Low,0.09,3837,BUFFERING_ERROR
2026-01-03 09:13:00,Orange,Morocco,Premium Sports Bundle,Mobile,Documentary D,1,70,2.69,4.99,4425,1.06,Low,0.27,7285,
2026-01-03 09:14:00,Vodacom,Cameroon,Zero-Rating Bundle,Smart TV,Series A,1,73,9.18,14.99,933,0.15,Low,0.11,695,AUTH_ERROR
2026-01-03 09:15:00,Orange,Morocco,Family Entertainment,Web,Kids Show,1,106,0.83,1.99,822,2.39,Medium,0.12,7004,AUTH_ERROR
2026-01-03 09:16:00,MTN,Rwanda,Zero-Rating Bundle,Web,Documentary D,1,48,1.63,4.99,702,0.68,High,0.39,6151,BUFFERING_ERROR
2026-01-03 09:17:00,Vodacom,Senegal,OTT Daily Pass,Mobile,Kids Show,1,91,6.96,14.99,3828,3.19,Low,0.04,968,AUTH_ERROR
2026-01-03 09:18:00,Moov,Ivory Coast,OTT Weekly Pass,Mobile,Kids Show,1,86,1.86,4.99,4985,2.16,High,0.27,683,LOW_BITRATE
2026-01-03 09:19:00,Vodacom,Rwanda,Family Entertainment,Mobile,Documentary D,1,66,7.22,14.99,4445,0.36,High,0.1,5609,
2026-01-03 09:20:00,Orange,Rwanda,OTT Weekly Pass,Mobile,Kids Show,1,12,3.91,9.99,4087,2.15,High,0.09,5634,
2026-01-03 09:21:00,Airtel,Ivory Coast,Zero-Rating Bundle,Mobile,Sport Live,1,119,1.8,4.99,4681,1.34,High,0.22,8772,BUFFERING_ERROR
2026-01-03 09:22:00,Orange,Senegal,Family Entertainment,STB,Documentary D,1,85,7.28,14.99,3372,2.78,High,0.09,4837,AUTH_ERROR
2026-01-03 09:23:00,Airtel,Rwanda,Zero-Rating Bundle,Web,Sport Live,1,17,1.26,1.99,3144,0.19,Medium,0.35,6349,LOW_BITRATE
2026-01-03 09:24:00,Orange,Ivory Coast,Premium Sports Bundle,Web,Kids Show,1,71,7.41,14.99,712,0.11,Medium,0.41,4496,
2026-01-03 09:25:00,Orange,Morocco,Premium Sports Bundle,Smart TV,Documentary D,1,81,8.21,14.99,3337,1.24,Medium,0.13,4016,LOW_BITRATE
2026-01-03 09:26:00,Moov,Rwanda,Zero-Rating Bundle,Smart TV,Series A,1,91,3.16,9.99,2014,0.62,Low,0.44,1148,
2026-01-03 09:27:00,Moov,Benin,OTT Daily Pass,STB,Series A,1,52,5.41,9.99,2912,1.9,Low,0.12,6684,
2026-01-03 09:28:00,Moov,Ivory Coast,OTT Daily Pass,Web,Kids Show,1,75,3.39,4.99,1021,2.2,High,0.22,5605,
2026-01-03 09:29:00,Orange,Ivory Coast,Premium Sports Bundle,Mobile,Sport Live,1,13,2.29,4.99,2543,2.18,Low,0.3,1429,
2026-01-03 09:30:00,MTN,Ivory Coast,OTT Daily Pass,Mobile,Series A,1,74,8.34,14.99,2251,3.4,Medium,0.23,5140,BUFFERING_ERROR
2026-01-03 09:31:00,Vodacom,Rwanda,OTT Weekly Pass,Mobile,Sport Live,1,103,0.88,1.99,3855,0.24,High,0.21,2118,AUTH_ERROR
2026-01-03 09:32:00,MTN,Benin,Family Entertainment,Web,Documentary D,1,40,2.0,4.99,4786,3.09,Low,0.39,8114,
2026-01-03 09:33:00,Airtel,Ivory Coast,OTT Weekly Pass,Web,Documentary D,1,26,6.21,14.99,1449,2.88,Low,0.12,1158,BUFFERING_ERROR
2026-01-03 09:34:00,MTN,Ivory Coast,OTT Weekly Pass,Mobile,Movie C,1,4,8.71,14.99,4987,1.74,High,0.26,4991,BUFFERING_ERROR
2026-01-03 09:35:00,Orange,Benin,Zero-Rating Bundle,STB,Movie C,1,18,2.23,4.99,4729,1.94,Medium,0.4,7427,LOW_BITRATE
2026-01-03 09:36:00,Moov,Ivory Coast,Family Entertainment,Web,Kids Show,1,72,0.75,1.99,3052,1.93,Low,0.04,7854,
2026-01-03 09:37:00,Vodacom,Senegal,OTT Weekly Pass,Smart TV,Sport Live,1,4,4.23,9.99,3962,1.89,Low,0.4,4869,
2026-01-03 09:38:00,Moov,Ivory Coast,Family Entertainment,Smart TV,Series A,1,52,0.77,1.99,2521,2.33,High,0.04,5649,
2026-01-03 09:39:00,MTN,Rwanda,Zero-Rating Bundle,STB,Documentary D,1,63,3.01,4.99,217,1.41,Medium,0.19,993,BUFFERING_ERROR
2026-01-03 09:40:00,MTN,Senegal,OTT Weekly Pass,STB,Series A,1,93,4.97,14.99,1136,2.48,Medium,0.17,5206,
2026-01-03 09:41:00,Airtel,Morocco,OTT Weekly Pass,Web,Kids Show,1,110,10.18,14.99,1729,1.68,Medium,0.24,888,
2026-01-03 09:42:00,Airtel,Senegal,Family Entertainment,Mobile,Movie C,1,98,9.99,14.99,2261,2.55,Medium,0.39,8302,
2026-01-03 09:43:00,MTN,Morocco,OTT Weekly Pass,STB,Movie C,1,84,1.17,1.99,1879,1.6,Low,0.17,1390,BUFFERING_ERROR
2026-01-03 09:44:00,Airtel,Senegal,OTT Daily Pass,Web,Movie C,1,82,1.02,1.99,3444,1.67,Low,0.25,2497,
2026-01-03 09:45:00,Orange,Cameroon,Zero-Rating Bundle,STB,Sport Live,1,117,1.11,1.99,2454,2.66,Low,0.42,4101,
2026-01-03 09:46:00,Orange,Morocco,Premium Sports Bundle,STB,Sport Live,1,50,6.34,9.99,947,0.87,High,0.06,1155,BUFFERING_ERROR
2026-01-03 09:47:00,Vodacom,Morocco,Zero-Rating Bundle,Mobile,Series A,1,106,2.39,4.99,231,0.66,Low,0.28,8147,BUFFERING_ERROR
2026-01-03 09:48:00,Airtel,Ivory Coast,Premium Sports Bundle,STB,Series A,1,108,5.97,14.99,2745,3.24,Medium,0.29,1516,
2026-01-03 09:49:00,MTN,Cameroon,OTT Weekly Pass,Mobile,Sport Live,1,77,2.33,4.99,1017,3.25,High,0.23,5499,BUFFERING_ERROR
2026-01-03 09:50:00,Moov,Cameroon,Premium Sports Bundle,Mobile,Series A,1,88,6.9,14.99,4707,1.08,Low,0.32,4962,LOW_BITRATE
2026-01-03 09:51:00,Vodacom,Rwanda,OTT Daily Pass,Mobile,Documentary D,1,91,0.71,1.99,607,1.25,High,0.2,5900,LOW_BITRATE
2026-01-03 09:52:00,MTN,Senegal,OTT Weekly Pass,Smart TV,Series A,1,95,4.28,9.99,2200,0.48,High,0.06,7694,BUFFERING_ERROR
2026-01-03 09:53:00,Orange,Rwanda,Zero-Rating Bundle,Smart TV,Documentary D,1,3,0.73,1.99,697,0.2,High,0.24,3194,BUFFERING_ERROR
2026-01-03 09:54:00,Airtel,Benin,OTT Daily Pass,STB,Series A,1,60,1.24,1.99,1198,0.77,Low,0.11,5956,
2026-01-03 09:55:00,Orange,Rwanda,Zero-Rating Bundle,Web,Series A,1,48,9.45,14.99,3008,3.45,High,0.21,8414,
2026-01-03 09:56:00,Orange,Ivory Coast,Premium Sports Bundle,Web,Documentary D,1,25,2.75,4.99,668,0.69,Low,0.35,3545,BUFFERING_ERROR
2026-01-03 09:57:00,MTN,Benin,Zero-Rating Bundle,Web,Series A,1,102,2.52,4.99,4156,1.27,Low,0.1,6011,
2026-01-03 09:58:00,Orange,Senegal,Zero-Rating Bundle,STB,Sport Live,1,30,1.82,4.99,1616,1.33,Medium,0.23,6173,
2026-01-03 09:59:00,Orange,Rwanda,OTT Daily Pass,Web,Kids Show,1,27,6.63,14.99,613,3.1,High,0.24,3809,AUTH_ERROR
2026-01-03 10:00:00,Moov,Ivory Coast,Zero-Rating Bundle,STB,Movie C,1,96,4.21,9.99,4229,2.81,Medium,0.07,3116,AUTH_ERROR
2026-01-03 10:01:00,Orange,Morocco,Premium Sports Bundle,Smart TV,Movie C,1,70,6.2,14.99,4390,2.82,Medium,0.29,7243,
2026-01-03 10:02:00,Orange,Senegal,Family Entertainment,STB,Sport Live,1,54,4.99,9.99,116,1.68,High,0.37,2172,BUFFERING_ERROR
2026-01-03 10:03:00,Airtel,Benin,OTT Daily Pass,Web,Series A,1,79,0.8,1.99,3876,1.06,High,0.1,3129,BUFFERING_ERROR
2026-01-03 10:04:00,MTN,Rwanda,OTT Daily Pass,Web,Series A,1,6,5.33,9.99,3630,2.9,Medium,0.23,7464,AUTH_ERROR
2026-01-03 10:05:00,Orange,Ivory Coast,OTT Weekly Pass,Mobile,Sport Live,1,94,0.96,1.99,3912,1.82,Medium,0.45,6109,
2026-01-03 10:06:00,Airtel,Senegal,OTT Daily Pass,Web,Series A,1,93,0.8,1.99,4081,2.02,Low,0.11,2836,BUFFERING_ERROR
2026-01-03 10:07:00,Airtel,Benin,OTT Weekly Pass,Mobile,Movie C,1,13,5.19,9.99,2629,3.36,Medium,0.1,4216,LOW_BITRATE
2026-01-03 10:08:00,Moov,Cameroon,Family Entertainment,STB,Movie C,1,90,0.8,1.99,985,1.86,Low,0.1,5360,
2026-01-03 10:09:00,Orange,Rwanda,Zero-Rating Bundle,Web,Series A,1,69,2.17,4.99,3370,0.37,Medium,0.06,3507,BUFFERING_ERROR
2026-01-03 10:10:00,MTN,Benin,Premium Sports Bundle,Smart TV,Kids Show,1,27,4.51,14.99,3131,1.77,Low,0.18,7049,
2026-01-03 10:11:00,Orange,Cameroon,Family Entertainment,Smart TV,Documentary D,1,61,3.2,9.99,2793,2.31,High,0.12,6670,BUFFERING_ERROR
2026-01-03 10:12:00,MTN,Ivory Coast,OTT Daily Pass,STB,Kids Show,1,98,2.63,4.99,3104,1.32,Medium,0.37,6671,BUFFERING_ERROR
2026-01-03 10:13:00,Orange,Cameroon,Premium Sports Bundle,STB,Kids Show,1,120,1.28,1.99,4904,0.72,Medium,0.07,3744,
2026-01-03 10:14:00,Vodacom,Benin,OTT Daily Pass,STB,Sport Live,1,29,3.41,4.99,800,1.85,Medium,0.33,1224,BUFFERING_ERROR
2026-01-03 10:15:00,MTN,Cameroon,OTT Daily Pass,Smart TV,Kids Show,1,106,1.05,1.99,4083,2.25,High,0.11,5690,
2026-01-03 10:16:00,Orange,Ivory Coast,Premium Sports Bundle,Mobile,Series A,1,86,8.5,14.99,1162,2.29,Medium,0.28,7098,
2026-01-03 10:17:00,Orange,Morocco,Premium Sports Bundle,STB,Kids Show,1,58,0.9,1.99,3747,0.37,Low,0.18,6484,BUFFERING_ERROR
2026-01-03 10:18:00,Airtel,Ivory Coast,Zero-Rating Bundle,Smart TV,Series A,1,103,1.26,1.99,1999,0.21,High,0.04,8502,BUFFERING_ERROR
2026-01-03 10:19:00,MTN,Benin,Family Entertainment,Web,Sport Live,1,62,1.07,1.99,3500,2.37,Medium,0.14,6822,AUTH_ERROR
2026-01-03 10:20:00,Airtel,Benin,Premium Sports Bundle,Mobile,Sport Live,1,117,3.07,4.99,3562,0.1,Medium,0.21,3744,
2026-01-03 10:21:00,Airtel,Senegal,OTT Daily Pass,Smart TV,Movie C,1,52,2.11,4.99,2459,2.4,Low,0.22,2900,BUFFERING_ERROR
2026-01-03 10:22:00,MTN,Cameroon,Zero-Rating Bundle,Smart TV,Series A,1,47,1.04,1.99,3990,1.41,High,0.02,7139,
2026-01-03 10:23:00,Orange,Morocco,Family Entertainment,Mobile,Documentary D,1,70,3.16,4.99,2074,2.48,High,0.39,4694,BUFFERING_ERROR
2026-01-03 10:24:00,Airtel,Cameroon,OTT Daily Pass,STB,Sport Live,1,91,2.89,4.99,997,2.75,High,0.21,4714,
2026-01-03 10:25:00,Orange,Benin,Premium Sports Bundle,STB,Documentary D,1,41,3.01,9.99,1911,3.04,High,0.25,2624,BUFFERING_ERROR
2026-01-03 10:26:00,Orange,Cameroon,Zero-Rating Bundle,Mobile,Series A,1,35,5.16,9.99,680,1.15,Low,0.26,5130,
2026-01-03 10:27:00,Moov,Morocco,OTT Weekly Pass,Web,Sport Live,1,23,3.27,4.99,3548,0.83,Medium,0.38,1163,LOW_BITRATE
2026-01-03 10:28:00,Airtel,Senegal,Premium Sports Bundle,Mobile,Series A,1,80,10.07,14.99,2877,1.12,High,0.17,2873,
2026-01-03 10:29:00,Airtel,Benin,Family Entertainment,Mobile,Sport Live,1,52,8.75,14.99,2530,1.55,High,0.28,5956,AUTH_ERROR
2026-01-03 10:30:00,Orange,Ivory Coast,Premium Sports Bundle,Mobile,Series A,1,78,4.18,9.99,752,0.82,High,0.11,7182,LOW_BITRATE
2026-01-03 10:31:00,MTN,Morocco,Zero-Rating Bundle,Web,Kids Show,1,49,2.61,4.99,1390,2.66,Low,0.42,3307,BUFFERING_ERROR
2026-01-03 10:32:00,MTN,Rwanda,Zero-Rating Bundle,Web,Kids Show,1,96,4.66,14.99,4323,1.62,High,0.02,5832,
2026-01-03 10:33:00,Moov,Morocco,Family Entertainment,STB,Series A,1,99,2.98,4.99,1448,2.07,Low,0.36,3126,LOW_BITRATE
2026-01-03 10:34:00,Airtel,Senegal,OTT Weekly Pass,Smart TV,Sport Live,1,81,6.24,9.99,4302,0.7,High,0.14,2133,LOW_BITRATE
2026-01-03 10:35:00,Airtel,Ivory Coast,Zero-Rating Bundle,Mobile,Sport Live,1,7,1.21,1.99,781,1.83,Medium,0.09,1390,AUTH_ERROR
2026-01-03 10:36:00,Vodacom,Senegal,OTT Weekly Pass,Smart TV,Documentary D,1,70,0.79,1.99,2848,2.26,Medium,0.43,2484,LOW_BITRATE
2026-01-03 10:37:00,Airtel,Rwanda,Zero-Rating Bundle,Mobile,Sport Live,1,61,2.63,4.99,1835,2.97,Medium,0.19,7776,BUFFERING_ERROR
2026-01-03 10:38:00,MTN,Morocco,Zero-Rating Bundle,Smart TV,Documentary D,1,114,1.36,1.99,1277,1.25,Low,0.06,7258,
2026-01-03 10:39:00,MTN,Ivory Coast,OTT Daily Pass,Smart TV,Movie C,1,82,0.88,1.99,2962,1.14,Medium,0.41,1175,AUTH_ERROR
2026-01-03 10:40:00,Moov,Morocco,OTT Daily Pass,Smart TV,Sport Live,1,12,1.53,4.99,3167,0.51,Low,0.01,5628,
2026-01-03 10:41:00,Moov,Rwanda,Zero-Rating Bundle,Mobile,Movie C,1,16,1.16,1.99,3992,2.29,High,0.13,6668,
2026-01-03 10:42:00,Airtel,Benin,Zero-Rating Bundle,Mobile,Documentary D,1,116,5.01,9.99,4189,1.09,High,0.3,5083,LOW_BITRATE
2026-01-03 10:43:00,Moov,Benin,Premium Sports Bundle,Web,Series A,1,77,0.62,1.99,3288,0.42,Low,0.08,596,BUFFERING_ERROR
2026-01-03 10:44:00,Airtel,Rwanda,OTT Daily Pass,Smart TV,Documentary D,1,78,2.82,4.99,4572,1.11,High,0.15,7075,AUTH_ERROR
2026-01-03 10:45:00,Moov,Rwanda,OTT Daily Pass,Smart TV,Movie C,1,117,0.85,1.99,4685,0.24,Low,0.45,6896,
2026-01-03 10:46:00,Airtel,Senegal,Zero-Rating Bundle,Web,Kids Show,1,2,0.62,1.99,707,3.23,Medium,0.37,1784,AUTH_ERROR
2026-01-03 10:47:00,Airtel,Ivory Coast,OTT Daily Pass,STB,Kids Show,1,71,1.26,1.99,3577,0.68,High,0.29,2159,
2026-01-03 10:48:00,Orange,Cameroon,Zero-Rating Bundle,Smart TV,Series A,1,101,6.23,14.99,1796,1.38,Medium,0.14,4812,AUTH_ERROR
2026-01-03 10:49:00,Vodacom,Senegal,Premium Sports Bundle,Smart TV,Movie C,1,43,9.75,14.99,2755,2.72,High,0.37,3420,
2026-01-03 10:50:00,MTN,Senegal,Premium Sports Bundle,Web,Series A,1,42,1.75,4.99,926,0.26,Medium,0.4,5830,AUTH_ERROR
2026-01-03 10:51:00,Moov,Benin,Zero-Rating Bundle,Mobile,Sport Live,1,9,1.38,1.99,2927,3.01,Medium,0.09,6480,
2026-01-03 10:52:00,Airtel,Cameroon,OTT Daily Pass,Mobile,Documentary D,1,33,2.35,4.99,3294,2.53,Medium,0.3,5403,AUTH_ERROR
2026-01-03 10:53:00,Orange,Morocco,Family Entertainment,Web,Movie C,1,72,1.73,4.99,3413,2.25,Medium,0.29,3025,LOW_BITRATE
2026-01-03 10:54:00,Vodacom,Ivory Coast,OTT Daily Pass,Web,Movie C,1,86,4.81,14.99,4519,0.67,Low,0.02,2369,
2026-01-03 10:55:00,Vodacom,Senegal,OTT Weekly Pass,Smart TV,Documentary D,1,22,3.42,4.99,845,0.82,Low,0.17,1987,
2026-01-03 10:56:00,Vodacom,Senegal,Zero-Rating Bundle,STB,Kids Show,1,17,2.18,4.99,1156,2.54,Medium,0.43,5497,
2026-01-03 10:57:00,Vodacom,Morocco,Premium Sports Bundle,Mobile,Documentary D,1,17,0.9,1.99,4783,3.22,Low,0.09,6339,
2026-01-03 10:58:00,Moov,Ivory Coast,OTT Weekly Pass,Smart TV,Sport Live,1,49,2.02,4.99,2049,3.2,High,0.05,4279,AUTH_ERROR
2026-01-03 10:59:00,MTN,Senegal,OTT Weekly Pass,STB,Documentary D,1,69,1.23,1.99,1413,0.13,Low,0.27,8473,BUFFERING_ERROR
2026-01-03 11:00:00,Orange,Rwanda,Premium Sports Bundle,Web,Series A,1,81,3.19,4.99,406,0.6,Medium,0.34,7925,
2026-01-03 11:01:00,Airtel,Morocco,OTT Weekly Pass,Mobile,Movie C,1,50,3.24,4.99,4874,0.92,Medium,0.02,8317,
2026-01-03 11:02:00,Moov,Morocco,OTT Daily Pass,STB,Movie C,1,91,0.67,1.99,248,1.53,High,0.24,4279,BUFFERING_ERROR
2026-01-03 11:03:00,MTN,Senegal,OTT Weekly Pass,STB,Movie C,1,36,0.6,1.99,3393,0.38,Medium,0.3,2963,
2026-01-03 11:04:00,Vodacom,Cameroon,OTT Daily Pass,STB,Series A,1,50,0.89,1.99,2188,0.28,Medium,0.35,6772,AUTH_ERROR
2026-01-03 11:05:00,Airtel,Benin,Zero-Rating Bundle,Smart TV,Sport Live,1,67,1.06,1.99,4694,0.95,Medium,0.13,4553,
2026-01-03 11:06:00,Moov,Benin,OTT Weekly Pass,Smart TV,Sport Live,1,120,5.63,9.99,4951,2.18,Low,0.11,3441,LOW_BITRATE
2026-01-03 11:07:00,Moov,Benin,Premium Sports Bundle,Mobile,Series A,1,64,0.9,1.99,1076,1.71,High,0.45,1108,
2026-01-03 11:08:00,Orange,Cameroon,Zero-Rating Bundle,Smart TV,Movie C,1,51,7.97,14.99,1946,2.44,High,0.09,5343,AUTH_ERROR
2026-01-03 11:09:00,MTN,Morocco,Zero-Rating Bundle,STB,Kids Show,1,19,0.63,1.99,2184,0.73,Low,0.19,6821,BUFFERING_ERROR
2026-01-03 11:10:00,Vodacom,Rwanda,OTT Weekly Pass,STB,Movie C,1,34,9.51,14.99,770,1.81,High,0.3,8078,AUTH_ERROR
2026-01-03 11:11:00,Moov,Senegal,Premium Sports Bundle,STB,Documentary D,1,36,0.91,1.99,4652,1.76,Medium,0.24,4165,LOW_BITRATE
2026-01-03 11:12:00,Airtel,Ivory Coast,OTT Daily Pass,Smart TV,Movie C,1,78,4.82,9.99,2472,3.17,Medium,0.28,1457,AUTH_ERROR
2026-01-03 11:13:00,Vodacom,Rwanda,Premium Sports Bundle,STB,Movie C,1,65,0.61,1.99,4589,2.41,High,0.1,3990,
2026-01-03 11:14:00,Vodacom,Benin,Premium Sports Bundle,Smart TV,Sport Live,1,13,8.6,14.99,991,1.0,Low,0.24,6389,AUTH_ERROR
2026-01-03 11:15:00,Vodacom,Rwanda,Family Entertainment,STB,Kids Show,1,6,6.41,9.99,4447,2.97,High,0.43,2891,
2026-01-03 11:16:00,Vodacom,Ivory Coast,Premium Sports Bundle,Smart TV,Sport Live,1,107,2.08,4.99,3197,2.96,High,0.37,575,AUTH_ERROR
2026-01-03 11:17:00,Orange,Ivory Coast,OTT Weekly Pass,Smart TV,Kids Show,1,5,4.71,9.99,2193,0.56,Medium,0.17,2813,
2026-01-03 11:18:00,Vodacom,Benin,Premium Sports Bundle,Smart TV,Sport Live,1,78,4.18,9.99,325,0.61,High,0.13,1658,BUFFERING_ERROR
2026-01-03 11:19:00,Orange,Morocco,Zero-Rating Bundle,STB,Documentary D,1,54,5.1,14.99,3233,1.57,Medium,0.43,4011,
2026-01-03 11:20:00,Orange,Ivory Coast,Zero-Rating Bundle,Mobile,Series A,1,53,1.35,1.99,1920,2.5,Low,0.32,6945,BUFFERING_ERROR
2026-01-03 11:21:00,Vodacom,Cameroon,Premium Sports Bundle,Smart TV,Series A,1,99,1.88,4.99,3683,2.04,Medium,0.4,1763,
2026-01-03 11:22:00,Moov,Morocco,OTT Weekly Pass,Web,Documentary D,1,47,0.88,1.99,3538,2.5,Medium,0.34,4937,AUTH_ERROR
2026-01-03 11:23:00,Moov,Morocco,Zero-Rating Bundle,Smart TV,Kids Show,1,15,3.1,9.99,856,0.1,Low,0.12,4578,
2026-01-03 11:24:00,MTN,Senegal,Zero-Rating Bundle,Web,Movie C,1,44,6.22,9.99,1576,0.92,High,0.36,8519,LOW_BITRATE
2026-01-03 11:25:00,Moov,Senegal,Zero-Rating Bundle,Web,Movie C,1,19,2.64,4.99,2751,0.12,High,0.1,3324,
2026-01-03 11:26:00,MTN,Cameroon,Premium Sports Bundle,Smart TV,Movie C,1,46,1.37,1.99,3478,3.14,Low,0.3,7538,BUFFERING_ERROR
2026-01-03 11:27:00,Airtel,Benin,Zero-Rating Bundle,Mobile,Kids Show,1,2,3.58,9.99,1902,2.72,High,0.06,1347,BUFFERING_ERROR
2026-01-03 11:28:00,MTN,Cameroon,Premium Sports Bundle,Mobile,Series A,1,83,3.04,4.99,450,1.53,High,0.05,4166,
2026-01-03 11:29:00,Airtel,Morocco,Family Entertainment,STB,Series A,1,55,4.59,14.99,3455,1.77,Low,0.06,3592,
2026-01-03 11:30:00,Airtel,Benin,OTT Daily Pass,Mobile,Movie C,1,104,1.16,1.99,397,1.95,Low,0.06,4208,AUTH_ERROR
2026-01-03 11:31:00,Orange,Benin,Premium Sports Bundle,Web,Series A,1,31,4.26,9.99,1121,1.7,High,0.21,3116,LOW_BITRATE
2026-01-03 11:32:00,Moov,Benin,Zero-Rating Bundle,Mobile,Movie C,1,92,5.86,14.99,1153,3.15,High,0.07,2652,BUFFERING_ERROR
2026-01-03 11:33:00,Airtel,Senegal,Zero-Rating Bundle,Web,Documentary D,1,4,6.49,9.99,750,1.44,Medium,0.28,6000,
2026-01-03 11:34:00,MTN,Morocco,OTT Daily Pass,Web,Movie C,1,114,1.33,1.99,4011,1.67,Medium,0.02,7514,LOW_BITRATE
2026-01-03 11:35:00,Vodacom,Senegal,Family Entertainment,Web,Documentary D,1,86,3.32,4.99,2541,0.51,Medium,0.14,3701,
2026-01-03 11:36:00,Vodacom,Morocco,OTT Daily Pass,Mobile,Kids Show,1,33,0.8,1.99,1224,1.02,Medium,0.35,8685,BUFFERING_ERROR
2026-01-03 11:37:00,Moov,Senegal,Premium Sports Bundle,STB,Series A,1,37,6.57,9.99,3997,1.57,Low,0.3,5142,AUTH_ERROR
2026-01-03 11:38:00,Vodacom,Rwanda,OTT Weekly Pass,STB,Movie C,1,20,0.82,1.99,1217,0.84,Medium,0.03,6845,BUFFERING_ERROR
2026-01-03 11:39:00,Airtel,Senegal,Premium Sports Bundle,Mobile,Kids Show,1,94,2.5,4.99,3900,1.55,High,0.22,3878,LOW_BITRATE
2026-01-03 11:40:00,Moov,Senegal,Premium Sports Bundle,Web,Series A,1,9,5.05,9.99,4019,0.42,High,0.09,5454,LOW_BITRATE
2026-01-03 11:41:00,Orange,Benin,Premium Sports Bundle,Smart TV,Series A,1,56,1.71,4.99,3948,1.13,Medium,0.1,4379,LOW_BITRATE
2026-01-03 11:42:00,Moov,Benin,Zero-Rating Bundle,STB,Movie C,1,106,6.9,9.99,2407,1.12,High,0.09,3951,BUFFERING_ERROR
2026-01-03 11:43:00,Orange,Rwanda,Family Entertainment,STB,Kids Show,1,4,9.91,14.99,4514,1.14,Low,0.24,8411,
2026-01-03 11:44:00,Orange,Morocco,OTT Weekly Pass,Mobile,Sport Live,1,48,0.85,1.99,3041,3.37,Low,0.2,2919,BUFFERING_ERROR
2026-01-03 11:45:00,Orange,Cameroon,Family Entertainment,Smart TV,Movie C,1,78,2.79,4.99,2438,1.28,Medium,0.12,8827,
2026-01-03 11:46:00,Moov,Senegal,Premium Sports Bundle,STB,Sport Live,1,24,0.66,1.99,841,1.28,Medium,0.19,4268,
2026-01-03 11:47:00,Moov,Benin,Family Entertainment,Smart TV,Kids Show,1,65,6.07,9.99,396,0.27,Medium,0.14,4850,
2026-01-03 11:48:00,Moov,Morocco,OTT Daily Pass,Smart TV,Movie C,1,111,0.83,1.99,3450,2.44,Low,0.08,5338,LOW_BITRATE
2026-01-03 11:49:00,Vodacom,Senegal,OTT Weekly Pass,Web,Sport Live,1,65,0.87,1.99,650,0.47,Medium,0.26,4094,AUTH_ERROR
2026-01-03 11:50:00,Orange,Morocco,OTT Weekly Pass,Smart TV,Series A,1,19,5.25,9.99,1389,0.33,Medium,0.21,4349,AUTH_ERROR
2026-01-03 11:51:00,MTN,Benin,OTT Daily Pass,Mobile,Series A,1,25,4.96,9.99,3170,0.8,Medium,0.36,5971,
2026-01-03 11:52:00,Vodacom,Morocco,OTT Weekly Pass,Mobile,Movie C,1,117,3.44,4.99,1386,1.5,Medium,0.34,4621,LOW_BITRATE
2026-01-03 11:53:00,MTN,Benin,OTT Daily Pass,Mobile,Kids Show,1,6,1.11,1.99,1618,1.72,Low,0.29,2258,BUFFERING_ERROR
2026-01-03 11:54:00,Moov,Rwanda,OTT Daily Pass,Web,Movie C,1,62,8.47,14.99,1237,1.93,Medium,0.19,5147,
2026-01-03 11:55:00,Moov,Morocco,Premium Sports Bundle,Mobile,Series A,1,33,4.64,14.99,2288,0.26,High,0.1,7324,AUTH_ERROR
2026-01-03 11:56:00,MTN,Ivory Coast,Premium Sports Bundle,Web,Sport Live,1,96,7.61,14.99,2372,2.5,Medium,0.04,839,
2026-01-03 11:57:00,Orange,Morocco,Zero-Rating Bundle,Web,Series A,1,40,3.28,9.99,4193,0.28,Low,0.43,6068,LOW_BITRATE
2026-01-03 11:58:00,Airtel,Cameroon,Zero-Rating Bundle,Smart TV,Series A,1,37,2.06,4.99,2026,1.53,High,0.2,6088,
2026-01-03 11:59:00,Orange,Cameroon,Zero-Rating Bundle,Web,Series A,1,105,6.96,9.99,1767,2.46,Low,0.37,5246,
2026-01-03 12:00:00,Moov,Ivory Coast,Zero-Rating Bundle,Mobile,Series A,1,114,4.22,9.99,4672,2.63,Low,0.36,1787,BUFFERING_ERROR
2026-01-03 12:01:00,Moov,Ivory Coast,OTT Daily Pass,Mobile,Documentary D,1,14,1.76,4.99,2976,0.21,Medium,0.44,3170,
2026-01-03 12:02:00,Airtel,Rwanda,OTT Weekly Pass,Mobile,Movie C,1,41,4.97,14.99,2238,2.75,High,0.41,5513,
2026-01-03 12:03:00,Orange,Senegal,OTT Weekly Pass,Web,Series A,1,29,1.29,1.99,649,2.25,Medium,0.36,4746,LOW_BITRATE
2026-01-03 12:04:00,Moov,Ivory Coast,OTT Daily Pass,Smart TV,Sport Live,1,20,6.13,9.99,4322,1.05,Medium,0.28,8109,
2026-01-03 12:05:00,MTN,Senegal,Premium Sports Bundle,Smart TV,Documentary D,1,81,6.21,9.99,232,2.45,Medium,0.15,7476,
2026-01-03 12:06:00,Orange,Senegal,Zero-Rating Bundle,STB,Series A,1,69,2.88,4.99,1979,2.18,High,0.11,7568,
2026-01-03 12:07:00,Moov,Ivory Coast,OTT Weekly Pass,Mobile,Kids Show,1,13,5.82,14.99,89,3.39,High,0.45,2296,
2026-01-03 12:08:00,Moov,Rwanda,Zero-Rating Bundle,Smart TV,Movie C,1,21,6.42,9.99,4402,1.12,Low,0.16,8828,
2026-01-03 12:09:00,Moov,Morocco,Family Entertainment,Web,Series A,1,21,2.59,4.99,3590,1.71,Medium,0.26,5116,
2026-01-03 12:10:00,Moov,Ivory Coast,Premium Sports Bundle,Web,Movie C,1,84,0.9,1.99,4414,0.49,Medium,0.34,8812,
2026-01-03 12:11:00,Vodacom,Ivory Coast,OTT Daily Pass,Smart TV,Kids Show,1,89,1.99,4.99,2215,0.57,Medium,0.09,1531,BUFFERING_ERROR
2026-01-03 12:12:00,MTN,Senegal,Zero-Rating Bundle,Smart TV,Sport Live,1,21,1.23,1.99,1975,3.18,High,0.39,4870,
2026-01-03 12:13:00,MTN,Ivory Coast,OTT Daily Pass,Mobile,Sport Live,1,90,3.67,9.99,4765,2.35,High,0.3,2779,BUFFERING_ERROR
2026-01-03 12:14:00,Airtel,Ivory Coast,OTT Daily Pass,Web,Sport Live,1,20,0.86,1.99,1930,3.21,Low,0.45,2572,
2026-01-03 12:15:00,Airtel,Ivory Coast,Premium Sports Bundle,Mobile,Documentary D,1,35,6.23,9.99,2095,0.3,High,0.2,5079,
2026-01-03 12:16:00,Moov,Benin,Premium Sports Bundle,Web,Documentary D,1,95,7.48,14.99,1215,2.49,High,0.32,6279,BUFFERING_ERROR
2026-01-03 12:17:00,Moov,Benin,Zero-Rating Bundle,Smart TV,Kids Show,1,114,1.68,4.99,2424,1.99,Medium,0.27,4483,LOW_BITRATE
2026-01-03 12:18:00,Orange,Senegal,OTT Weekly Pass,Mobile,Documentary D,1,107,9.46,14.99,2507,2.76,Low,0.27,8497,
2026-01-03 12:19:00,Vodacom,Cameroon,OTT Daily Pass,STB,Documentary D,1,106,4.8,9.99,1078,1.76,Medium,0.1,1353,AUTH_ERROR
2026-01-03 12:20:00,MTN,Rwanda,Zero-Rating Bundle,Mobile,Movie C,1,10,3.27,4.99,4902,3.3,Low,0.13,2452,LOW_BITRATE
2026-01-03 12:21:00,Orange,Ivory Coast,Zero-Rating Bundle,Smart TV,Sport Live,1,112,1.09,1.99,396,3.44,High,0.15,6813,BUFFERING_ERROR
2026-01-03 12:22:00,Moov,Morocco,Premium Sports Bundle,Smart TV,Documentary D,1,13,2.86,4.99,664,3.37,High,0.4,7335,LOW_BITRATE
2026-01-03 12:23:00,Moov,Morocco,Zero-Rating Bundle,STB,Documentary D,1,116,5.46,14.99,483,0.35,Medium,0.38,4021,
2026-01-03 12:24:00,MTN,Ivory Coast,OTT Weekly Pass,Smart TV,Movie C,1,39,7.33,14.99,2900,1.58,High,0.23,5650,BUFFERING_ERROR
2026-01-03 12:25:00,Orange,Benin,OTT Daily Pass,Web,Series A,1,41,8.91,14.99,2081,2.19,Low,0.24,5580,LOW_BITRATE
2026-01-03 12:26:00,Vodacom,Rwanda,Family Entertainment,Smart TV,Movie C,1,116,2.03,4.99,2716,2.37,Medium,0.21,2334,LOW_BITRATE
2026-01-03 12:27:00,Vodacom,Senegal,Premium Sports Bundle,Smart TV,Movie C,1,90,5.3,9.99,1956,1.87,High,0.29,885,LOW_BITRATE
2026-01-03 12:28:00,Airtel,Cameroon,Family Entertainment,Smart TV,Sport Live,1,14,9.48,14.99,3797,1.5,Medium,0.04,8031,BUFFERING_ERROR
2026-01-03 12:29:00,Moov,Senegal,OTT Weekly Pass,STB,Sport Live,1,57,5.69,14.99,1129,0.52,Medium,0.29,3085,
2026-01-03 12:30:00,MTN,Ivory Coast,Family Entertainment,Web,Documentary D,1,33,5.79,9.99,4442,1.17,High,0.24,7182,
2026-01-03 12:31:00,Moov,Rwanda,Zero-Rating Bundle,Smart TV,Sport Live,1,44,1.24,1.99,1281,1.73,Medium,0.04,860,
2026-01-03 12:32:00,Airtel,Morocco,Zero-Rating Bundle,STB,Series A,1,84,1.25,1.99,1932,1.57,Low,0.28,2622,LOW_BITRATE
2026-01-03 12:33:00,Orange,Cameroon,Zero-Rating Bundle,STB,Kids Show,1,10,0.69,1.99,2401,2.83,High,0.08,3401,
2026-01-03 12:34:00,Moov,Ivory Coast,Premium Sports Bundle,STB,Series A,1,90,3.21,4.99,4684,1.45,Medium,0.23,5383,BUFFERING_ERROR
2026-01-03 12:35:00,Moov,Morocco,Premium Sports Bundle,Mobile,Movie C,1,53,0.68,1.99,1281,1.12,Medium,0.3,2396,
2026-01-03 12:36:00,Orange,Rwanda,Zero-Rating Bundle,Web,Sport Live,1,16,7.72,14.99,1134,2.2,High,0.36,5560,
2026-01-03 12:37:00,MTN,Senegal,Premium Sports Bundle,Web,Movie C,1,78,3.71,9.99,2656,2.9,Medium,0.27,3578,BUFFERING_ERROR
2026-01-03 12:38:00,Orange,Rwanda,Premium Sports Bundle,Web,Series A,1,71,1.69,4.99,1102,1.3,Low,0.41,1457,
2026-01-03 12:39:00,Moov,Ivory Coast,Premium Sports Bundle,STB,Series A,1,9,1.28,1.99,404,1.48,Low,0.19,5242,
2026-01-03 12:40:00,Airtel,Benin,OTT Daily Pass,Web,Movie C,1,99,1.22,1.99,4130,3.2,High,0.22,4883,BUFFERING_ERROR
2026-01-03 12:41:00,Vodacom,Ivory Coast,OTT Weekly Pass,Smart TV,Sport Live,1,47,5.33,9.99,2597,2.07,High,0.26,4261,LOW_BITRATE
2026-01-03 12:42:00,Orange,Morocco,Zero-Rating Bundle,Smart TV,Movie C,1,104,0.6,1.99,1044,3.17,Low,0.28,2685,AUTH_ERROR
2026-01-03 12:43:00,Orange,Morocco,Zero-Rating Bundle,STB,Series A,1,119,1.85,4.99,2344,1.69,Medium,0.25,6158,LOW_BITRATE
2026-01-03 12:44:00,Moov,Senegal,OTT Weekly Pass,Smart TV,Kids Show,1,6,3.15,9.99,906,1.78,High,0.29,3548,LOW_BITRATE
2026-01-03 12:45:00,Moov,Senegal,Premium Sports Bundle,Web,Sport Live,1,82,2.25,4.99,3891,0.5,High,0.1,5077,AUTH_ERROR
2026-01-03 12:46:00,Vodacom,Rwanda,OTT Daily Pass,Web,Series A,1,107,2.5,4.99,3421,0.64,High,0.06,615,
2026-01-03 12:47:00,Airtel,Ivory Coast,OTT Daily Pass,STB,Sport Live,1,43,2.02,4.99,2389,0.85,Medium,0.04,3360,
2026-01-03 12:48:00,Orange,Ivory Coast,Family Entertainment,Web,Movie C,1,35,1.12,1.99,4018,2.7,High,0.07,4545,AUTH_ERROR
2026-01-03 12:49:00,Orange,Benin,OTT Daily Pass,Mobile,Documentary D,1,110,4.65,14.99,3669,1.37,Medium,0.34,5067,BUFFERING_ERROR
2026-01-03 12:50:00,Airtel,Cameroon,OTT Weekly Pass,STB,Sport Live,1,73,0.68,1.99,187,0.34,Medium,0.32,2974,
2026-01-03 12:51:00,Airtel,Ivory Coast,Zero-Rating Bundle,STB,Kids Show,1,102,7.61,14.99,1664,2.69,Medium,0.18,637,
2026-01-03 12:52:00,Vodacom,Ivory Coast,Family Entertainment,Smart TV,Kids Show,1,23,0.6,1.99,4752,0.54,Low,0.13,5433,
2026-01-03 12:53:00,Moov,Ivory Coast,OTT Weekly Pass,STB,Documentary D,1,93,5.95,9.99,3776,1.44,Low,0.21,4599,
2026-01-03 12:54:00,Moov,Senegal,Zero-Rating Bundle,Smart TV,Series A,1,92,1.11,1.99,4122,0.94,Medium,0.03,7259,
2026-01-03 12:55:00,Orange,Ivory Coast,Premium Sports Bundle,STB,Series A,1,109,7.43,14.99,2816,0.27,Low,0.27,7773,BUFFERING_ERROR
2026-01-03 12:56:00,Moov,Benin,OTT Daily Pass,Mobile,Movie C,1,109,4.1,9.99,1778,0.12,High,0.41,5147,
2026-01-03 12:57:00,Airtel,Rwanda,OTT Daily Pass,STB,Series A,1,45,3.07,9.99,338,0.99,Low,0.38,4314,
2026-01-03 12:58:00,Vodacom,Ivory Coast,OTT Weekly Pass,STB,Kids Show,1,5,2.52,4.99,4015,2.18,Medium,0.09,1063,BUFFERING_ERROR
2026-01-03 12:59:00,Airtel,Rwanda,OTT Weekly Pass,Mobile,Documentary D,1,66,2.79,4.99,2398,0.96,Medium,0.25,8536,
2026-01-03 13:00:00,Vodacom,Ivory Coast,OTT Weekly Pass,STB,Series A,1,97,9.95,14.99,3469,1.18,High,0.19,5108,
2026-01-03 13:01:00,Moov,Senegal,OTT Weekly Pass,Web,Kids Show,1,2,3.32,4.99,2093,1.86,Medium,0.04,4530,LOW_BITRATE
2026-01-03 13:02:00,MTN,Ivory Coast,OTT Daily Pass,Smart TV,Series A,1,41,3.61,9.99,4005,3.18,Low,0.24,5307,AUTH_ERROR
2026-01-03 13:03:00,Airtel,Cameroon,Zero-Rating Bundle,Smart TV,Documentary D,1,80,7.55,14.99,2346,1.24,Medium,0.04,5607,
2026-01-03 13:04:00,Airtel,Cameroon,OTT Daily Pass,STB,Sport Live,1,1,1.09,1.99,2892,3.08,High,0.44,1530,
2026-01-03 13:05:00,Moov,Morocco,OTT Weekly Pass,Web,Series A,1,93,2.02,4.99,670,1.09,Medium,0.2,2159,
2026-01-03 13:06:00,Moov,Cameroon,OTT Weekly Pass,Web,Kids Show,1,28,1.36,1.99,4804,1.89,Medium,0.33,4990,AUTH_ERROR
2026-01-03 13:07:00,Vodacom,Rwanda,OTT Daily Pass,Mobile,Series A,1,27,6.92,9.99,899,3.39,Low,0.33,6883,
2026-01-03 13:08:00,Moov,Benin,Zero-Rating Bundle,Smart TV,Sport Live,1,5,0.81,1.99,3104,0.2,Medium,0.29,3920,
2026-01-03 13:09:00,Moov,Ivory Coast,Family Entertainment,Mobile,Series A,1,67,0.78,1.99,2183,2.22,High,0.05,1182,BUFFERING_ERROR
2026-01-03 13:10:00,MTN,Senegal,OTT Weekly Pass,Web,Documentary D,1,96,0.62,1.99,2402,2.83,High,0.27,7246,
2026-01-03 13:11:00,Moov,Rwanda,Premium Sports Bundle,Smart TV,Movie C,1,53,1.36,1.99,380,3.04,Medium,0.24,7847,
2026-01-03 13:12:00,Vodacom,Ivory Coast,Zero-Rating Bundle,Mobile,Sport Live,1,2,6.49,9.99,1437,0.65,Low,0.32,6882,
2026-01-03 13:13:00,Vodacom,Ivory Coast,Premium Sports Bundle,STB,Series A,1,76,9.39,14.99,372,2.33,Medium,0.28,3615,
2026-01-03 13:14:00,Orange,Senegal,OTT Daily Pass,STB,Documentary D,1,95,6.14,9.99,3065,1.54,High,0.37,8159,
2026-01-03 13:15:00,Airtel,Benin,Premium Sports Bundle,Mobile,Kids Show,1,31,1.17,1.99,4719,3.08,Low,0.41,8598,
2026-01-03 13:16:00,MTN,Cameroon,OTT Daily Pass,Smart TV,Series A,1,116,2.62,4.99,489,1.3,Low,0.31,8098,
2026-01-03 13:17:00,Airtel,Senegal,Family Entertainment,Smart TV,Kids Show,1,117,5.46,14.99,1754,1.31,Low,0.31,8794,
2026-01-03 13:18:00,Orange,Morocco,OTT Daily Pass,Mobile,Sport Live,1,78,1.99,4.99,927,2.61,High,0.09,4010,AUTH_ERROR
2026-01-03 13:19:00,Airtel,Senegal,Premium Sports Bundle,Smart TV,Movie C,1,58,1.93,4.99,4797,1.88,Medium,0.29,5052,LOW_BITRATE
2026-01-03 13:20:00,Moov,Rwanda,OTT Weekly Pass,Mobile,Sport Live,1,14,2.08,4.99,61,1.02,Low,0.08,7098,AUTH_ERROR
2026-01-03 13:21:00,Orange,Ivory Coast,Zero-Rating Bundle,Smart TV,Documentary D,1,103,0.79,1.99,2785,0.47,High,0.06,6526,
2026-01-03 13:22:00,Orange,Cameroon,Family Entertainment,Mobile,Series A,1,57,2.57,4.99,4439,0.84,Low,0.36,975,LOW_BITRATE
2026-01-03 13:23:00,MTN,Benin,OTT Daily Pass,Smart TV,Kids Show,1,32,0.68,1.99,1961,0.28,Medium,0.08,2854,
2026-01-03 13:24:00,Airtel,Senegal,Family Entertainment,Web,Documentary D,1,78,0.7,1.99,2556,3.0,High,0.01,2186,
2026-01-03 13:25:00,Orange,Cameroon,OTT Daily Pass,Mobile,Sport Live,1,10,3.24,4.99,4759,0.66,Low,0.12,7011,LOW_BITRATE
2026-01-03 13:26:00,MTN,Cameroon,Family Entertainment,Web,Sport Live,1,67,8.0,14.99,4379,1.13,High,0.38,7109,AUTH_ERROR
2026-01-03 13:27:00,Vodacom,Rwanda,Premium Sports Bundle,STB,Kids Show,1,103,3.48,4.99,1979,0.25,Medium,0.17,3873,AUTH_ERROR
2026-01-03 13:28:00,Moov,Rwanda,Premium Sports Bundle,STB,Documentary D,1,97,9.09,14.99,3223,3.07,Low,0.39,8797,AUTH_ERROR
2026-01-03 13:29:00,Vodacom,Cameroon,Family Entertainment,Web,Sport Live,1,82,10.48,14.99,3469,2.11,Medium,0.23,6834,
2026-01-03 13:30:00,Orange,Cameroon,OTT Weekly Pass,Mobile,Sport Live,1,23,2.86,4.99,1522,3.47,High,0.36,6033,BUFFERING_ERROR
2026-01-03 13:31:00,Orange,Cameroon,OTT Weekly Pass,STB,Documentary D,1,28,8.92,14.99,3981,3.04,Low,0.23,2588,AUTH_ERROR
2026-01-03 13:32:00,Airtel,Morocco,OTT Weekly Pass,STB,Movie C,1,95,4.88,14.99,3904,0.89,Medium,0.37,725,BUFFERING_ERROR
2026-01-03 13:33:00,Airtel,Cameroon,Zero-Rating Bundle,Mobile,Sport Live,1,2,6.86,9.99,2930,1.33,Medium,0.15,4442,
2026-01-03 13:34:00,MTN,Senegal,OTT Weekly Pass,Smart TV,Documentary D,1,111,4.74,14.99,1744,2.91,Low,0.1,2507,
2026-01-03 13:35:00,Vodacom,Cameroon,Premium Sports Bundle,Smart TV,Sport Live,1,12,1.91,4.99,4024,2.45,Low,0.02,5068,AUTH_ERROR
2026-01-03 13:36:00,MTN,Senegal,OTT Weekly Pass,Smart TV,Series A,1,26,0.83,1.99,1014,0.91,Medium,0.02,8648,
2026-01-03 13:37:00,MTN,Rwanda,OTT Daily Pass,STB,Sport Live,1,86,9.67,14.99,1236,1.74,Low,0.09,7735,BUFFERING_ERROR
2026-01-03 13:38:00,Orange,Cameroon,Zero-Rating Bundle,STB,Series A,1,108,9.82,14.99,3793,2.81,Low,0.33,3225,LOW_BITRATE
2026-01-03 13:39:00,Airtel,Rwanda,Family Entertainment,Smart TV,Documentary D,1,100,9.29,14.99,3030,1.45,High,0.12,7193,LOW_BITRATE
2026-01-03 13:40:00,Moov,Benin,Family Entertainment,STB,Sport Live,1,58,0.84,1.99,4661,0.46,Low,0.26,8444,
2026-01-03 13:41:00,Airtel,Ivory Coast,Premium Sports Bundle,STB,Kids Show,1,78,2.75,4.99,683,1.53,Medium,0.19,6582,
2026-01-03 13:42:00,Airtel,Morocco,OTT Daily Pass,Web,Series A,1,89,5.99,9.99,1286,0.25,Low,0.4,3815,
2026-01-03 13:43:00,Orange,Rwanda,OTT Weekly Pass,Mobile,Sport Live,1,30,2.28,4.99,2292,1.78,Low,0.39,6820,
2026-01-03 13:44:00,Orange,Morocco,Family Entertainment,Mobile,Sport Live,1,23,1.39,1.99,4897,1.76,Medium,0.22,6550,LOW_BITRATE
2026-01-03 13:45:00,Airtel,Benin,Family Entertainment,Mobile,Documentary D,1,40,1.0,1.99,4761,1.05,Medium,0.45,7634,
2026-01-03 13:46:00,Airtel,Cameroon,Premium Sports Bundle,Smart TV,Documentary D,1,96,5.11,14.99,583,1.24,High,0.11,2443,BUFFERING_ERROR
2026-01-03 13:47:00,Moov,Senegal,Zero-Rating Bundle,STB,Sport Live,1,112,1.11,1.99,3270,0.59,High,0.35,8698,BUFFERING_ERROR
2026-01-03 13:48:00,Moov,Senegal,Family Entertainment,STB,Series A,1,9,3.06,4.99,2452,1.79,Low,0.26,7273,
2026-01-03 13:49:00,Moov,Benin,OTT Weekly Pass,STB,Series A,1,71,6.02,14.99,2497,1.53,High,0.3,2568,
2026-01-03 13:50:00,Airtel,Senegal,Family Entertainment,Smart TV,Movie C,1,25,2.37,4.99,367,2.47,High,0.38,8134,LOW_BITRATE
2026-01-03 13:51:00,Vodacom,Benin,Zero-Rating Bundle,STB,Kids Show,1,85,2.65,4.99,3715,1.98,Low,0.16,7064,
2026-01-03 13:52:00,Airtel,Cameroon,Family Entertainment,Web,Sport Live,1,19,4.53,14.99,2381,2.98,Medium,0.24,3067,
2026-01-03 13:53:00,MTN,Morocco,OTT Weekly Pass,Web,Documentary D,1,15,0.99,1.99,4195,3.32,High,0.39,3575,
2026-01-03 13:54:00,Orange,Morocco,OTT Daily Pass,Mobile,Movie C,1,108,5.78,9.99,999,3.1,Low,0.16,7992,
2026-01-03 13:55:00,Vodacom,Benin,Premium Sports Bundle,Smart TV,Sport Live,1,34,6.35,9.99,1960,2.96,Low,0.11,3930,BUFFERING_ERROR
2026-01-03 13:56:00,Moov,Senegal,Zero-Rating Bundle,Web,Movie C,1,45,1.22,1.99,2217,0.94,Medium,0.15,7829,BUFFERING_ERROR
2026-01-03 13:57:00,Orange,Cameroon,OTT Daily Pass,STB,Movie C,1,35,4.26,9.99,707,2.8,High,0.32,2889,BUFFERING_ERROR
2026-01-03 13:58:00,MTN,Cameroon,OTT Daily Pass,Web,Documentary D,1,27,4.02,9.99,1782,2.03,High,0.19,7679,
2026-01-03 13:59:00,Moov,Benin,OTT Weekly Pass,Smart TV,Movie C,1,56,4.58,9.99,3762,1.07,Medium,0.34,4820,BUFFERING_ERROR
2026-01-03 14:00:00,Moov,Cameroon,OTT Weekly Pass,STB,Series A,1,83,3.57,9.99,2297,0.63,Medium,0.08,5630,
2026-01-03 14:01:00,Moov,Benin,OTT Daily Pass,STB,Documentary D,1,105,4.9,14.99,841,2.14,Low,0.18,7257,
2026-01-03 14:02:00,Orange,Cameroon,OTT Weekly Pass,Mobile,Series A,1,86,6.65,9.99,2824,2.0,High,0.2,5390,LOW_BITRATE
2026-01-03 14:03:00,Vodacom,Ivory Coast,OTT Daily Pass,Mobile,Movie C,1,20,2.64,4.99,538,0.7,Low,0.11,5943,AUTH_ERROR
2026-01-03 14:04:00,Airtel,Ivory Coast,OTT Daily Pass,Mobile,Kids Show,1,56,10.02,14.99,4639,2.61,Low,0.09,5269,LOW_BITRATE
2026-01-03 14:05:00,Vodacom,Ivory Coast,Premium Sports Bundle,Smart TV,Series A,1,22,2.83,4.99,190,2.94,Medium,0.4,7501,LOW_BITRATE
2026-01-03 14:06:00,Airtel,Benin,OTT Daily Pass,Smart TV,Documentary D,1,26,6.74,14.99,3447,3.48,High,0.14,3893,AUTH_ERROR
2026-01-03 14:07:00,Airtel,Senegal,Premium Sports Bundle,Mobile,Kids Show,1,5,7.31,14.99,3653,0.13,High,0.07,4752,
2026-01-03 14:08:00,Vodacom,Benin,Family Entertainment,Mobile,Movie C,1,60,1.12,1.99,3000,2.43,High,0.14,4757,
2026-01-03 14:09:00,Airtel,Cameroon,OTT Daily Pass,Mobile,Movie C,1,74,3.0,9.99,4553,3.29,High,0.44,8594,
2026-01-03 14:10:00,Moov,Rwanda,Family Entertainment,STB,Sport Live,1,47,9.46,14.99,1323,0.59,High,0.05,5037,AUTH_ERROR
2026-01-03 14:11:00,Airtel,Benin,OTT Weekly Pass,Smart TV,Kids Show,1,17,4.96,9.99,4933,1.53,High,0.11,4828,BUFFERING_ERROR
2026-01-03 14:12:00,Vodacom,Rwanda,Zero-Rating Bundle,Smart TV,Kids Show,1,53,1.73,4.99,4198,2.95,Medium,0.44,3974,
2026-01-03 14:13:00,Orange,Morocco,OTT Daily Pass,Web,Sport Live,1,10,0.82,1.99,263,1.26,High,0.15,653,
2026-01-03 14:14:00,MTN,Ivory Coast,Family Entertainment,Smart TV,Sport Live,1,74,2.06,4.99,1059,1.21,Low,0.22,6271,
2026-01-03 14:15:00,Airtel,Ivory Coast,OTT Daily Pass,Smart TV,Movie C,1,21,3.2,4.99,3290,0.66,Low,0.25,7336,
2026-01-03 14:16:00,Airtel,Benin,Premium Sports Bundle,Mobile,Sport Live,1,70,1.88,4.99,4462,1.81,Low,0.45,8472,
2026-01-03 14:17:00,Moov,Benin,Premium Sports Bundle,STB,Movie C,1,27,2.0,4.99,3455,2.38,Low,0.35,6935,
2026-01-03 14:18:00,Airtel,Ivory Coast,Zero-Rating Bundle,Web,Series A,1,50,5.15,14.99,4184,0.51,High,0.28,6394,BUFFERING_ERROR
2026-01-03 14:19:00,MTN,Senegal,Premium Sports Bundle,Mobile,Movie C,1,51,0.66,1.99,2955,2.0,Medium,0.29,7107,
2026-01-03 14:20:00,Orange,Benin,OTT Daily Pass,Smart TV,Sport Live,1,69,0.9,1.99,3700,1.05,High,0.03,2438,LOW_BITRATE
2026-01-03 14:21:00,Vodacom,Rwanda,Family Entertainment,Mobile,Sport Live,1,33,6.53,14.99,794,2.78,Medium,0.43,6342,
2026-01-03 14:22:00,Orange,Benin,Premium Sports Bundle,Smart TV,Series A,1,92,4.49,9.99,4121,0.97,Medium,0.37,5148,AUTH_ERROR
2026-01-03 14:23:00,Moov,Cameroon,Family Entertainment,Smart TV,Documentary D,1,93,8.41,14.99,3139,0.13,Low,0.06,2714,LOW_BITRATE
2026-01-03 14:24:00,MTN,Cameroon,OTT Daily Pass,Web,Series A,1,11,7.66,14.99,2604,2.67,Low,0.05,8629,
2026-01-03 14:25:00,Moov,Senegal,Zero-Rating Bundle,Web,Sport Live,1,90,1.1,1.99,2007,1.02,Low,0.38,8165,
2026-01-03 14:26:00,MTN,Cameroon,OTT Daily Pass,Mobile,Kids Show,1,52,8.21,14.99,3828,2.36,Medium,0.15,7915,AUTH_ERROR
2026-01-03 14:27:00,Vodacom,Benin,Family Entertainment,STB,Documentary D,1,80,1.04,1.99,617,0.25,Medium,0.24,1961,
2026-01-03 14:28:00,Orange,Benin,Family Entertainment,STB,Series A,1,11,10.34,14.99,3776,2.67,High,0.32,7456,AUTH_ERROR
2026-01-03 14:29:00,Vodacom,Cameroon,Family Entertainment,Web,Series A,1,11,1.99,4.99,1950,0.99,Medium,0.21,5692,LOW_BITRATE
2026-01-03 14:30:00,Airtel,Rwanda,Family Entertainment,Smart TV,Series A,1,60,9.49,14.99,3492,2.23,High,0.39,6010,AUTH_ERROR
2026-01-03 14:31:00,Airtel,Morocco,OTT Daily Pass,Smart TV,Movie C,1,97,3.03,9.99,4967,0.91,Medium,0.37,7268,
2026-01-03 14:32:00,Orange,Ivory Coast,Premium Sports Bundle,Mobile,Series A,1,64,4.67,9.99,557,2.04,High,0.23,8468,LOW_BITRATE
2026-01-03 14:33:00,Vodacom,Cameroon,Zero-Rating Bundle,Smart TV,Kids Show,1,9,8.63,14.99,2299,1.65,Medium,0.42,7679,LOW_BITRATE
2026-01-03 14:34:00,MTN,Cameroon,Zero-Rating Bundle,Mobile,Movie C,1,104,8.97,14.99,295,0.41,Medium,0.26,3757,AUTH_ERROR
2026-01-03 14:35:00,MTN,Morocco,OTT Weekly Pass,Smart TV,Documentary D,1,27,4.82,9.99,3015,1.75,Low,0.41,6248,
2026-01-03 14:36:00,Airtel,Senegal,OTT Weekly Pass,Web,Documentary D,1,115,8.75,14.99,3853,0.12,Medium,0.17,7491,
2026-01-03 14:37:00,MTN,Benin,Family Entertainment,STB,Documentary D,1,50,7.04,14.99,4121,1.9,Low,0.03,2371,
2026-01-03 14:38:00,MTN,Rwanda,Premium Sports Bundle,Web,Sport Live,1,100,1.02,1.99,1806,3.5,High,0.18,7419,
2026-01-03 14:39:00,Airtel,Morocco,Family Entertainment,Web,Movie C,1,92,6.82,14.99,3211,3.31,High,0.06,7827,
2026-01-03 14:40:00,Vodacom,Rwanda,OTT Weekly Pass,Web,Series A,1,13,0.92,1.99,1615,1.27,Medium,0.41,4028,
2026-01-03 14:41:00,MTN,Morocco,OTT Weekly Pass,Web,Documentary D,1,20,3.08,9.99,2045,0.8,High,0.21,7558,
2026-01-03 14:42:00,MTN,Benin,Premium Sports Bundle,Smart TV,Movie C,1,64,0.76,1.99,4989,1.2,Low,0.02,738,
2026-01-03 14:43:00,MTN,Morocco,Family Entertainment,STB,Movie C,1,29,0.81,1.99,2806,2.69,Medium,0.17,3354,AUTH_ERROR
2026-01-03 14:44:00,MTN,Benin,OTT Daily Pass,Smart TV,Sport Live,1,101,3.29,9.99,244,1.8,Low,0.11,6858,AUTH_ERROR
2026-01-03 14:45:00,Vodacom,Cameroon,OTT Weekly Pass,STB,Movie C,1,65,0.79,1.99,209,3.25,Medium,0.04,7393,
2026-01-03 14:46:00,Airtel,Rwanda,Family Entertainment,STB,Kids Show,1,34,1.15,1.99,1280,2.6,High,0.07,874,
2026-01-03 14:47:00,Moov,Morocco,OTT Weekly Pass,Mobile,Series A,1,115,6.97,14.99,315,2.88,Low,0.18,7139,
2026-01-03 14:48:00,Airtel,Benin,OTT Daily Pass,Web,Documentary D,1,109,6.73,9.99,1729,0.44,High,0.2,5174,AUTH_ERROR
2026-01-03 14:49:00,Vodacom,Rwanda,OTT Daily Pass,Smart TV,Series A,1,49,1.28,1.99,2233,2.92,High,0.14,1624,
2026-01-03 14:50:00,Moov,Ivory Coast,OTT Daily Pass,STB,Series A,1,37,1.78,4.99,4714,2.97,High,0.14,5721,BUFFERING_ERROR
2026-01-03 14:51:00,Airtel,Benin,OTT Daily Pass,STB,Documentary D,1,43,3.69,9.99,3435,2.87,High,0.3,1032,AUTH_ERROR
2026-01-03 14:52:00,Moov,Rwanda,OTT Weekly Pass,Smart TV,Kids Show,1,77,2.84,4.99,2458,1.31,Low,0.27,4571,
2026-01-03 14:53:00,Vodacom,Senegal,OTT Weekly Pass,Web,Sport Live,1,78,1.09,1.99,1874,1.63,Medium,0.36,8082,
2026-01-03 14:54:00,MTN,Benin,Premium Sports Bundle,Mobile,Documentary D,1,66,1.58,4.99,527,3.1,High,0.05,1099,AUTH_ERROR
2026-01-03 14:55:00,Orange,Benin,Family Entertainment,Web,Movie C,1,62,0.82,1.99,4323,2.33,High,0.2,2949,
2026-01-03 14:56:00,Orange,Cameroon,Family Entertainment,Web,Series A,1,86,1.13,1.99,4136,1.18,High,0.2,6464,AUTH_ERROR
2026-01-03 14:57:00,MTN,Cameroon,OTT Daily Pass,STB,Kids Show,1,12,2.82,4.99,4390,2.16,High,0.37,7066,LOW_BITRATE
2026-01-03 14:58:00,Vodacom,Morocco,Family Entertainment,Mobile,Sport Live,1,104,4.17,9.99,249,1.24,High,0.06,1750,LOW_BITRATE
2026-01-03 14:59:00,Orange,Rwanda,OTT Weekly Pass,Mobile,Kids Show,1,100,2.11,4.99,4137,2.1,Low,0.3,4634,BUFFERING_ERROR
2026-01-03 15:00:00,Moov,Cameroon,Premium Sports Bundle,Web,Documentary D,1,47,1.38,1.99,2694,2.96,Low,0.08,5023,
2026-01-03 15:01:00,Airtel,Ivory Coast,Premium Sports Bundle,Smart TV,Sport Live,1,17,3.04,9.99,2928,3.48,Medium,0.11,8974,
2026-01-03 15:02:00,MTN,Benin,OTT Weekly Pass,Mobile,Sport Live,1,72,1.34,1.99,963,1.19,Medium,0.19,8132,LOW_BITRATE
2026-01-03 15:03:00,Moov,Rwanda,Family Entertainment,Web,Movie C,1,43,1.28,1.99,4574,3.14,High,0.26,7743,
2026-01-03 15:04:00,MTN,Morocco,OTT Daily Pass,Web,Sport Live,1,61,0.82,1.99,4276,0.47,High,0.37,8653,
2026-01-03 15:05:00,MTN,Benin,OTT Daily Pass,Mobile,Documentary D,1,29,0.65,1.99,1629,1.56,High,0.18,7326,
2026-01-03 15:06:00,MTN,Benin,Family Entertainment,Web,Documentary D,1,51,3.21,9.99,334,1.09,Medium,0.22,7336,AUTH_ERROR
2026-01-03 15:07:00,Moov,Senegal,OTT Weekly Pass,Web,Series A,1,63,3.07,4.99,4635,0.64,Medium,0.36,2198,
2026-01-03 15:08:00,Orange,Senegal,OTT Daily Pass,Web,Sport Live,1,119,4.39,9.99,369,3.14,Low,0.43,5563,
2026-01-03 15:09:00,Airtel,Rwanda,OTT Weekly Pass,Smart TV,Documentary D,1,103,0.87,1.99,1019,1.65,Low,0.22,3309,
2026-01-03 15:10:00,Orange,Morocco,OTT Weekly Pass,Smart TV,Documentary D,1,102,0.95,1.99,4561,2.02,Low,0.12,1400,
2026-01-03 15:11:00,Orange,Benin,Premium Sports Bundle,Smart TV,Sport Live,1,20,6.87,14.99,3034,3.4,Low,0.36,1322,LOW_BITRATE
2026-01-03 15:12:00,MTN,Morocco,Premium Sports Bundle,STB,Documentary D,1,62,5.55,14.99,1872,3.16,Low,0.03,2167,AUTH_ERROR
2026-01-03 15:13:00,Airtel,Rwanda,OTT Daily Pass,Web,Movie C,1,60,7.32,14.99,237,2.94,Low,0.3,1211,
2026-01-03 15:14:00,MTN,Cameroon,Premium Sports Bundle,STB,Sport Live,1,74,7.61,14.99,608,1.43,Medium,0.02,5488,
2026-01-03 15:15:00,Orange,Cameroon,OTT Daily Pass,Smart TV,Sport Live,1,83,6.46,14.99,2156,1.81,Low,0.26,3098,
2026-01-03 15:16:00,Vodacom,Benin,Family Entertainment,Web,Movie C,1,45,3.55,9.99,822,2.75,Medium,0.04,7780,
2026-01-03 15:17:00,Airtel,Cameroon,OTT Weekly Pass,STB,Documentary D,1,56,1.15,1.99,2054,0.53,Low,0.3,727,LOW_BITRATE
2026-01-03 15:18:00,Moov,Morocco,OTT Daily Pass,Mobile,Movie C,1,73,4.9,9.99,2212,1.81,Medium,0.43,7799,LOW_BITRATE
2026-01-03 15:19:00,Orange,Cameroon,Premium Sports Bundle,Smart TV,Movie C,1,53,0.88,1.99,4081,2.77,Low,0.02,645,
2026-01-03 15:20:00,Moov,Rwanda,OTT Daily Pass,STB,Movie C,1,95,4.63,9.99,3097,2.65,High,0.31,918,LOW_BITRATE
2026-01-03 15:21:00,MTN,Benin,OTT Daily Pass,Mobile,Series A,1,6,4.67,9.99,1389,0.65,Medium,0.39,3654,AUTH_ERROR
2026-01-03 15:22:00,Airtel,Ivory Coast,Premium Sports Bundle,STB,Documentary D,1,60,5.29,14.99,4003,1.75,High,0.05,2286,AUTH_ERROR
2026-01-03 15:23:00,Moov,Cameroon,Family Entertainment,STB,Series A,1,6,5.39,9.99,354,1.66,Medium,0.31,7119,
2026-01-03 15:24:00,Vodacom,Rwanda,Premium Sports Bundle,STB,Movie C,1,67,1.64,4.99,250,1.99,Low,0.02,3468,LOW_BITRATE
2026-01-03 15:25:00,Moov,Morocco,Zero-Rating Bundle,STB,Kids Show,1,36,3.15,4.99,3107,1.34,Low,0.36,1125,
2026-01-03 15:26:00,Airtel,Morocco,OTT Daily Pass,Web,Series A,1,42,1.98,4.99,3681,2.73,Low,0.02,7973,LOW_BITRATE
2026-01-03 15:27:00,MTN,Senegal,Zero-Rating Bundle,Web,Series A,1,79,1.14,1.99,1540,2.37,Medium,0.2,8854,AUTH_ERROR
2026-01-03 15:28:00,Airtel,Benin,Family Entertainment,Web,Kids Show,1,44,3.63,9.99,241,0.22,Medium,0.29,6316,AUTH_ERROR
2026-01-03 15:29:00,Moov,Senegal,Zero-Rating Bundle,Smart TV,Series A,1,46,1.08,1.99,4305,2.21,High,0.33,8860,
2026-01-03 15:30:00,Orange,Senegal,Premium Sports Bundle,Mobile,Documentary D,1,72,8.21,14.99,949,2.24,Medium,0.09,1319,
2026-01-03 15:31:00,Orange,Benin,OTT Weekly Pass,Mobile,Documentary D,1,117,6.86,9.99,2001,2.49,Low,0.27,6965,
2026-01-03 15:32:00,Vodacom,Morocco,Zero-Rating Bundle,STB,Movie C,1,23,1.68,4.99,2194,3.0,Low,0.18,4544,
2026-01-03 15:33:00,Vodacom,Cameroon,Family Entertainment,Smart TV,Movie C,1,96,2.46,4.99,345,3.41,Medium,0.2,8726,
2026-01-03 15:34:00,Moov,Ivory Coast,OTT Weekly Pass,Smart TV,Documentary D,1,72,2.66,4.99,2379,1.52,Low,0.35,2322,LOW_BITRATE
2026-01-03 15:35:00,Orange,Senegal,Zero-Rating Bundle,Web,Documentary D,1,80,3.16,4.99,4958,2.52,High,0.18,8460,
2026-01-03 15:36:00,Moov,Ivory Coast,Premium Sports Bundle,STB,Documentary D,1,38,1.24,1.99,2680,2.91,High,0.26,2787,
2026-01-03 15:37:00,Orange,Morocco,Zero-Rating Bundle,STB,Documentary D,1,71,4.41,9.99,1857,2.03,Medium,0.19,3207,
2026-01-03 15:38:00,Moov,Cameroon,OTT Daily Pass,Mobile,Kids Show,1,105,5.2,9.99,1009,1.94,High,0.42,8763,BUFFERING_ERROR
2026-01-03 15:39:00,Vodacom,Ivory Coast,OTT Weekly Pass,STB,Documentary D,1,53,1.15,1.99,1395,3.44,Medium,0.28,5315,
2026-01-03 15:40:00,Moov,Cameroon,OTT Weekly Pass,Smart TV,Movie C,1,10,10.46,14.99,2707,2.66,Low,0.26,8080,LOW_BITRATE
2026-01-03 15:41:00,MTN,Cameroon,Family Entertainment,Mobile,Documentary D,1,18,1.17,1.99,2486,3.02,High,0.08,4859,LOW_BITRATE
2026-01-03 15:42:00,Vodacom,Cameroon,Premium Sports Bundle,Web,Series A,1,46,4.88,14.99,1896,2.11,Medium,0.38,7593,
2026-01-03 15:43:00,Airtel,Morocco,OTT Daily Pass,Web,Movie C,1,13,1.08,1.99,1164,2.94,Low,0.3,8476,
2026-01-03 15:44:00,Moov,Ivory Coast,Premium Sports Bundle,Smart TV,Series A,1,69,2.18,4.99,4830,1.57,Medium,0.29,2206,AUTH_ERROR
2026-01-03 15:45:00,Vodacom,Benin,Premium Sports Bundle,Smart TV,Kids Show,1,97,5.44,14.99,3724,1.86,Low,0.03,8185,LOW_BITRATE
2026-01-03 15:46:00,Orange,Cameroon,OTT Weekly Pass,Smart TV,Movie C,1,87,5.43,9.99,3745,2.64,High,0.16,8525,
2026-01-03 15:47:00,Airtel,Benin,Zero-Rating Bundle,STB,Series A,1,40,7.04,14.99,3997,1.09,Medium,0.06,7436,
2026-01-03 15:48:00,MTN,Ivory Coast,Zero-Rating Bundle,STB,Sport Live,1,65,0.82,1.99,4213,3.32,Low,0.01,8994,AUTH_ERROR
2026-01-03 15:49:00,Vodacom,Senegal,Zero-Rating Bundle,Mobile,Movie C,1,75,8.08,14.99,3678,1.84,Medium,0.05,7691,
2026-01-03 15:50:00,Moov,Rwanda,OTT Weekly Pass,Smart TV,Kids Show,1,120,9.45,14.99,3730,3.35,High,0.25,1695,BUFFERING_ERROR
2026-01-03 15:51:00,MTN,Cameroon,Premium Sports Bundle,Web,Sport Live,1,4,1.73,4.99,4534,0.27,Medium,0.38,3460,
2026-01-03 15:52:00,Moov,Ivory Coast,Premium Sports Bundle,Mobile,Series A,1,52,1.26,1.99,4025,1.67,Low,0.31,6927,
2026-01-03 15:53:00,Vodacom,Senegal,OTT Weekly Pass,Mobile,Movie C,1,61,0.99,1.99,437,1.47,Medium,0.17,1690,BUFFERING_ERROR
2026-01-03 15:54:00,MTN,Benin,Premium Sports Bundle,Mobile,Documentary D,1,97,6.18,9.99,2115,0.27,Low,0.01,7291,BUFFERING_ERROR
2026-01-03 15:55:00,Airtel,Morocco,OTT Daily Pass,Web,Kids Show,1,92,5.87,14.99,2702,1.21,Medium,0.18,6589,BUFFERING_ERROR
2026-01-03 15:56:00,Airtel,Senegal,Family Entertainment,Web,Sport Live,1,69,1.38,1.99,4616,3.0,Low,0.12,4085,
2026-01-03 15:57:00,Orange,Ivory Coast,OTT Daily Pass,Web,Movie C,1,64,9.31,14.99,4644,1.58,Low,0.23,922,
2026-01-03 15:58:00,Vodacom,Morocco,Family Entertainment,Mobile,Documentary D,1,75,1.29,1.99,4198,0.19,Low,0.31,2731,
2026-01-03 15:59:00,Vodacom,Ivory Coast,Zero-Rating Bundle,Web,Sport Live,1,118,1.03,1.99,520,2.35,Low,0.35,1460,
2026-01-03 16:00:00,Vodacom,Rwanda,Zero-Rating Bundle,Web,Sport Live,1,91,6.45,9.99,3260,0.92,High,0.35,7840,AUTH_ERROR
2026-01-03 16:01:00,Moov,Ivory Coast,Zero-Rating Bundle,Mobile,Movie C,1,24,0.95,1.99,226,1.13,Medium,0.36,3941,
2026-01-03 16:02:00,MTN,Cameroon,Zero-Rating Bundle,STB,Kids Show,1,49,0.96,1.99,623,2.28,Low,0.22,579,
2026-01-03 16:03:00,Airtel,Senegal,OTT Daily Pass,Mobile,Documentary D,1,61,1.06,1.99,3976,0.45,High,0.21,2150,
2026-01-03 16:04:00,Moov,Senegal,OTT Weekly Pass,STB,Documentary D,1,34,2.91,4.99,2646,2.87,Medium,0.16,7658,
2026-01-03 16:05:00,Orange,Senegal,Premium Sports Bundle,Smart TV,Movie C,1,94,2.16,4.99,2574,1.23,Medium,0.44,7409,
2026-01-03 16:06:00,Vodacom,Rwanda,OTT Weekly Pass,Web,Movie C,1,10,4.34,9.99,4342,2.85,Low,0.22,5710,
2026-01-03 16:07:00,Moov,Senegal,Family Entertainment,STB,Sport Live,1,22,6.57,9.99,146,2.11,Medium,0.41,1611,
2026-01-03 16:08:00,MTN,Senegal,Premium Sports Bundle,STB,Sport Live,1,99,1.1,1.99,1254,0.37,Low,0.41,5231,BUFFERING_ERROR
2026-01-03 16:09:00,Orange,Cameroon,Premium Sports Bundle,Web,Movie C,1,32,2.91,4.99,2002,0.99,High,0.2,1532,LOW_BITRATE
2026-01-03 16:10:00,Airtel,Benin,OTT Weekly Pass,STB,Documentary D,1,23,3.53,9.99,3605,1.37,Medium,0.33,7721,
2026-01-03 16:11:00,Airtel,Rwanda,Premium Sports Bundle,Smart TV,Documentary D,1,33,0.68,1.99,2250,0.49,Low,0.15,6596,
2026-01-03 16:12:00,Airtel,Ivory Coast,Family Entertainment,Web,Movie C,1,24,2.53,4.99,3032,0.25,High,0.42,5657,
2026-01-03 16:13:00,MTN,Benin,OTT Daily Pass,Web,Documentary D,1,61,5.78,9.99,2577,3.06,High,0.04,6395,BUFFERING_ERROR
2026-01-03 16:14:00,Vodacom,Benin,Zero-Rating Bundle,Mobile,Movie C,1,47,2.77,4.99,1809,2.46,Medium,0.18,6144,LOW_BITRATE
2026-01-03 16:15:00,MTN,Morocco,OTT Daily Pass,Web,Movie C,1,66,1.63,4.99,3624,1.9,Medium,0.03,4270,
2026-01-03 16:16:00,Vodacom,Benin,OTT Daily Pass,Mobile,Sport Live,1,56,2.62,4.99,1294,1.97,Low,0.17,2616,AUTH_ERROR
2026-01-03 16:17:00,MTN,Senegal,Family Entertainment,STB,Documentary D,1,50,0.96,1.99,1068,2.09,High,0.33,899,LOW_BITRATE
2026-01-03 16:18:00,Moov,Benin,Zero-Rating Bundle,STB,Kids Show,1,83,2.51,4.99,2036,0.68,Low,0.19,6020,BUFFERING_ERROR
2026-01-03 16:19:00,Airtel,Cameroon,Premium Sports Bundle,Smart TV,Series A,1,19,6.91,9.99,4630,0.95,Medium,0.1,4958,LOW_BITRATE
2026-01-03 16:20:00,Vodacom,Senegal,OTT Daily Pass,STB,Kids Show,1,76,4.58,9.99,3240,0.63,Low,0.25,6793,BUFFERING_ERROR
2026-01-03 16:21:00,Vodacom,Rwanda,OTT Weekly Pass,Smart TV,Kids Show,1,56,1.19,1.99,2598,1.84,Low,0.34,4128,
2026-01-03 16:22:00,Moov,Senegal,Zero-Rating Bundle,Smart TV,Documentary D,1,89,3.42,4.99,4245,2.31,Medium,0.37,3646,
2026-01-03 16:23:00,Moov,Cameroon,Zero-Rating Bundle,Web,Sport Live,1,66,5.38,14.99,2828,3.05,Medium,0.32,1731,
2026-01-03 16:24:00,Moov,Rwanda,Family Entertainment,Smart TV,Sport Live,1,110,3.01,4.99,3579,0.66,Low,0.14,5993,AUTH_ERROR
2026-01-03 16:25:00,Vodacom,Benin,OTT Weekly Pass,Mobile,Documentary D,1,37,6.11,9.99,434,0.74,Low,0.02,879,
2026-01-03 16:26:00,MTN,Senegal,Family Entertainment,Smart TV,Kids Show,1,54,4.59,14.99,876,2.12,High,0.22,2105,LOW_BITRATE
2026-01-03 16:27:00,MTN,Cameroon,OTT Weekly Pass,STB,Movie C,1,101,2.92,4.99,2927,0.23,Low,0.24,3452,LOW_BITRATE
2026-01-03 16:28:00,Moov,Cameroon,Zero-Rating Bundle,Mobile,Series A,1,104,4.66,9.99,4256,1.36,Low,0.05,5974,
2026-01-03 16:29:00,Orange,Cameroon,OTT Daily Pass,Web,Movie C,1,42,2.45,4.99,4262,2.22,Medium,0.41,2202,AUTH_ERROR
2026-01-03 16:30:00,Airtel,Ivory Coast,OTT Weekly Pass,Smart TV,Sport Live,1,26,1.31,1.99,1147,2.77,Low,0.16,3400,AUTH_ERROR
2026-01-03 16:31:00,Moov,Senegal,Family Entertainment,Mobile,Series A,1,51,4.42,9.99,1997,0.42,Low,0.22,8981,
2026-01-03 16:32:00,Vodacom,Morocco,OTT Weekly Pass,Smart TV,Movie C,1,47,1.0,1.99,796,1.47,Medium,0.04,3633,BUFFERING_ERROR
2026-01-03 16:33:00,Airtel,Morocco,Premium Sports Bundle,Smart TV,Movie C,1,8,3.92,9.99,2286,1.73,Low,0.24,5036,
2026-01-03 16:34:00,Moov,Cameroon,Premium Sports Bundle,Smart TV,Movie C,1,87,2.09,4.99,208,2.73,High,0.34,7535,
2026-01-03 16:35:00,Airtel,Rwanda,OTT Daily Pass,Web,Kids Show,1,102,1.3,1.99,3774,2.85,Low,0.08,8482,AUTH_ERROR
2026-01-03 16:36:00,Orange,Rwanda,Family Entertainment,Mobile,Movie C,1,23,2.1,4.99,2512,3.5,Low,0.1,6664,
2026-01-03 16:37:00,Airtel,Cameroon,Family Entertainment,STB,Movie C,1,53,2.27,4.99,875,3.44,Medium,0.01,5838,BUFFERING_ERROR
2026-01-03 16:38:00,Airtel,Benin,OTT Daily Pass,Mobile,Documentary D,1,106,4.13,9.99,634,1.59,Medium,0.04,4795,LOW_BITRATE
2026-01-03 16:39:00,Vodacom,Cameroon,Family Entertainment,Mobile,Documentary D,1,48,3.89,9.99,550,1.6,Medium,0.07,7571,
2026-01-03 16:40:00,Orange,Benin,Zero-Rating Bundle,STB,Sport Live,1,60,1.34,1.99,4645,3.19,High,0.16,3300,
2026-01-03 16:41:00,MTN,Senegal,OTT Weekly Pass,Mobile,Documentary D,1,60,3.48,4.99,224,1.03,Medium,0.05,6716,AUTH_ERROR
2026-01-03 16:42:00,Vodacom,Ivory Coast,Premium Sports Bundle,STB,Series A,1,10,3.49,9.99,2975,1.53,High,0.34,2789,LOW_BITRATE
2026-01-03 16:43:00,Moov,Morocco,OTT Daily Pass,Smart TV,Sport Live,1,95,1.24,1.99,982,0.51,High,0.23,3868,BUFFERING_ERROR
2026-01-03 16:44:00,Vodacom,Cameroon,Zero-Rating Bundle,Mobile,Series A,1,31,7.64,14.99,3738,2.52,Medium,0.18,4397,
2026-01-03 16:45:00,Moov,Rwanda,Premium Sports Bundle,STB,Kids Show,1,16,7.17,14.99,3556,2.08,Medium,0.41,7397,
2026-01-03 16:46:00,Orange,Rwanda,Zero-Rating Bundle,Web,Series A,1,109,0.66,1.99,3996,2.21,Low,0.45,2203,BUFFERING_ERROR
2026-01-03 16:47:00,Orange,Rwanda,OTT Weekly Pass,Web,Documentary D,1,1,4.97,9.99,2550,2.85,Medium,0.33,3654,BUFFERING_ERROR
2026-01-03 16:48:00,Moov,Cameroon,OTT Weekly Pass,Web,Series A,1,109,3.09,9.99,60,2.53,Low,0.02,5669,
2026-01-03 16:49:00,Airtel,Rwanda,Family Entertainment,Web,Movie C,1,118,10.44,14.99,4650,2.32,Low,0.43,2955,LOW_BITRATE
2026-01-03 16:50:00,Vodacom,Rwanda,Premium Sports Bundle,Web,Sport Live,1,46,2.32,4.99,4518,3.23,Low,0.12,598,
2026-01-03 16:51:00,MTN,Senegal,OTT Daily Pass,Mobile,Sport Live,1,3,6.37,14.99,1264,1.51,Medium,0.15,8397,AUTH_ERROR
2026-01-03 16:52:00,Vodacom,Senegal,OTT Weekly Pass,STB,Movie C,1,113,3.07,4.99,607,1.04,Medium,0.3,3492,BUFFERING_ERROR
2026-01-03 16:53:00,Airtel,Cameroon,Family Entertainment,Mobile,Series A,1,89,2.34,4.99,1991,2.21,Low,0.4,8470,
2026-01-03 16:54:00,Moov,Ivory Coast,Zero-Rating Bundle,Mobile,Movie C,1,95,8.43,14.99,1205,2.67,Low,0.35,2496,LOW_BITRATE
2026-01-03 16:55:00,Orange,Rwanda,Premium Sports Bundle,Web,Sport Live,1,35,0.75,1.99,3766,2.37,Medium,0.23,4713,AUTH_ERROR
2026-01-03 16:56:00,Vodacom,Ivory Coast,Zero-Rating Bundle,Mobile,Kids Show,1,115,3.47,4.99,2258,3.24,Medium,0.09,6387,
2026-01-03 16:57:00,Vodacom,Morocco,Zero-Rating Bundle,Mobile,Sport Live,1,24,2.29,4.99,782,0.88,Medium,0.38,4588,BUFFERING_ERROR
2026-01-03 16:58:00,Moov,Rwanda,Family Entertainment,Web,Kids Show,1,38,1.39,1.99,256,1.47,High,0.33,3478,BUFFERING_ERROR
2026-01-03 16:59:00,Moov,Rwanda,Zero-Rating Bundle,Web,Documentary D,1,120,2.25,4.99,4696,2.71,Medium,0.41,7741,
2026-01-03 17:00:00,Vodacom,Cameroon,Zero-Rating Bundle,STB,Documentary D,1,72,4.64,9.99,4376,0.56,Medium,0.44,3386,BUFFERING_ERROR
2026-01-03 17:01:00,Airtel,Morocco,Family Entertainment,Mobile,Movie C,1,99,5.85,9.99,2761,2.72,Low,0.24,4044,
2026-01-03 17:02:00,Airtel,Cameroon,OTT Weekly Pass,Web,Movie C,1,74,8.11,14.99,1017,1.22,Medium,0.05,4287,BUFFERING_ERROR
2026-01-03 17:03:00,MTN,Benin,Family Entertainment,STB,Kids Show,1,62,2.15,4.99,321,0.37,High,0.27,1680,BUFFERING_ERROR
2026-01-03 17:04:00,Orange,Benin,OTT Daily Pass,Web,Series A,1,32,2.68,4.99,1235,1.95,High,0.27,5830,BUFFERING_ERROR
2026-01-03 17:05:00,Moov,Senegal,Family Entertainment,Mobile,Documentary D,1,117,5.74,14.99,1161,3.17,Low,0.27,4927,LOW_BITRATE
2026-01-03 17:06:00,MTN,Senegal,Premium Sports Bundle,Web,Series A,1,105,3.39,4.99,3921,1.14,Medium,0.34,8895,
2026-01-03 17:07:00,Moov,Morocco,OTT Weekly Pass,STB,Documentary D,1,59,3.07,9.99,250,1.86,Medium,0.23,2334,
2026-01-03 17:08:00,Airtel,Senegal,OTT Daily Pass,STB,Kids Show,1,83,9.65,14.99,2705,1.0,High,0.28,4416,BUFFERING_ERROR
2026-01-03 17:09:00,Orange,Morocco,OTT Weekly Pass,Web,Series A,1,34,1.97,4.99,3277,3.24,Medium,0.28,1347,LOW_BITRATE
2026-01-03 17:10:00,Vodacom,Senegal,OTT Daily Pass,Web,Kids Show,1,7,4.88,14.99,824,2.72,Low,0.04,5775,LOW_BITRATE
2026-01-03 17:11:00,Orange,Morocco,Zero-Rating Bundle,STB,Series A,1,28,5.22,9.99,227,0.57,High,0.39,2525,BUFFERING_ERROR
2026-01-03 17:12:00,Vodacom,Rwanda,OTT Daily Pass,Web,Movie C,1,103,6.89,9.99,4458,3.17,Low,0.2,2077,BUFFERING_ERROR
2026-01-03 17:13:00,Orange,Benin,OTT Weekly Pass,Web,Kids Show,1,110,3.95,9.99,2615,0.71,Medium,0.29,1085,
2026-01-03 17:14:00,Orange,Rwanda,Zero-Rating Bundle,Mobile,Kids Show,1,107,4.25,9.99,3318,0.19,High,0.44,3030,AUTH_ERROR
2026-01-03 17:15:00,Airtel,Senegal,OTT Weekly Pass,Smart TV,Documentary D,1,95,4.71,9.99,1835,2.58,Medium,0.31,5603,BUFFERING_ERROR
2026-01-03 17:16:00,MTN,Senegal,Premium Sports Bundle,STB,Movie C,1,79,1.14,1.99,503,0.24,Low,0.07,691,LOW_BITRATE
2026-01-03 17:17:00,Orange,Cameroon,OTT Daily Pass,Smart TV,Kids Show,1,95,0.81,1.99,3023,2.39,Low,0.23,6926,BUFFERING_ERROR
2026-01-03 17:18:00,Airtel,Rwanda,Premium Sports Bundle,Mobile,Kids Show,1,62,5.95,9.99,1718,0.33,Medium,0.05,8121,AUTH_ERROR
2026-01-03 17:19:00,MTN,Rwanda,OTT Daily Pass,STB,Series A,1,102,1.91,4.99,363,0.15,Low,0.11,7111,
2026-01-03 17:20:00,MTN,Ivory Coast,Family Entertainment,Web,Sport Live,1,78,5.63,9.99,2871,1.01,Low,0.05,1392,AUTH_ERROR
2026-01-03 17:21:00,MTN,Rwanda,Zero-Rating Bundle,Smart TV,Movie C,1,57,3.14,4.99,4040,1.76,Medium,0.29,2087,BUFFERING_ERROR
2026-01-03 17:22:00,Vodacom,Senegal,OTT Daily Pass,Smart TV,Series A,1,91,10.46,14.99,1714,0.15,Medium,0.23,4069,LOW_BITRATE
2026-01-03 17:23:00,Moov,Ivory Coast,Family Entertainment,Web,Series A,1,79,3.11,9.99,3004,0.3,Low,0.13,2577,
2026-01-03 17:24:00,Moov,Benin,Zero-Rating Bundle,Mobile,Sport Live,1,51,6.32,9.99,4342,2.51,Medium,0.08,1596,
2026-01-03 17:25:00,Vodacom,Ivory Coast,OTT Weekly Pass,Web,Movie C,1,101,3.66,9.99,4213,0.83,Medium,0.36,8432,LOW_BITRATE
2026-01-03 17:26:00,Airtel,Morocco,OTT Daily Pass,Smart TV,Sport Live,1,117,0.73,1.99,2528,1.62,Low,0.23,1649,
2026-01-03 17:27:00,Airtel,Morocco,OTT Daily Pass,Web,Documentary D,1,61,3.07,4.99,2545,1.28,Medium,0.17,3838,AUTH_ERROR
2026-01-03 17:28:00,Airtel,Senegal,OTT Daily Pass,Smart TV,Series A,1,11,0.92,1.99,3260,0.57,High,0.25,5952,BUFFERING_ERROR
2026-01-03 17:29:00,Airtel,Ivory Coast,Family Entertainment,Mobile,Sport Live,1,46,9.28,14.99,2838,3.08,High,0.14,6571,
2026-01-03 17:30:00,Orange,Benin,OTT Daily Pass,Web,Movie C,1,41,1.31,1.99,2244,2.99,Low,0.23,554,BUFFERING_ERROR
2026-01-03 17:31:00,Moov,Cameroon,Zero-Rating Bundle,STB,Series A,1,65,0.6,1.99,1692,2.32,Low,0.28,8843,AUTH_ERROR
2026-01-03 17:32:00,MTN,Morocco,Zero-Rating Bundle,STB,Documentary D,1,62,8.97,14.99,1559,1.04,Low,0.2,3569,
2026-01-03 17:33:00,Vodacom,Benin,Zero-Rating Bundle,STB,Sport Live,1,90,2.58,4.99,1447,1.26,Low,0.21,8081,LOW_BITRATE
2026-01-03 17:34:00,Orange,Morocco,Premium Sports Bundle,Web,Movie C,1,37,0.8,1.99,763,3.25,Medium,0.05,8986,LOW_BITRATE
2026-01-03 17:35:00,Airtel,Cameroon,OTT Weekly Pass,STB,Documentary D,1,81,6.13,9.99,4573,1.13,Low,0.15,5762,
2026-01-03 17:36:00,Moov,Benin,Zero-Rating Bundle,Smart TV,Movie C,1,93,4.1,9.99,272,0.46,Medium,0.43,1878,LOW_BITRATE
2026-01-03 17:37:00,Vodacom,Senegal,OTT Weekly Pass,STB,Kids Show,1,76,1.23,1.99,2171,0.75,Medium,0.29,1227,
2026-01-03 17:38:00,Orange,Morocco,Zero-Rating Bundle,Smart TV,Documentary D,1,71,5.34,9.99,3521,2.37,Low,0.3,6752,
2026-01-03 17:39:00,Orange,Rwanda,Zero-Rating Bundle,Web,Sport Live,1,28,5.26,9.99,2573,1.97,Low,0.26,7402,
2026-01-03 17:40:00,Orange,Ivory Coast,OTT Weekly Pass,Web,Series A,1,22,0.69,1.99,3370,2.67,Low,0.26,6617,AUTH_ERROR
2026-01-03 17:41:00,Orange,Morocco,OTT Weekly Pass,Web,Documentary D,1,56,1.59,4.99,1795,2.02,Low,0.24,4698,LOW_BITRATE
2026-01-03 17:42:00,Moov,Rwanda,OTT Daily Pass,Web,Documentary D,1,100,0.87,1.99,3348,1.62,High,0.43,904,
2026-01-03 17:43:00,MTN,Rwanda,Premium Sports Bundle,STB,Documentary D,1,106,3.83,9.99,1807,1.27,Low,0.03,7616,
2026-01-03 17:44:00,Airtel,Ivory Coast,OTT Daily Pass,Web,Movie C,1,42,1.33,1.99,3958,2.83,Medium,0.37,8025,
2026-01-03 17:45:00,Vodacom,Ivory Coast,Zero-Rating Bundle,Mobile,Series A,1,84,1.13,1.99,3674,2.66,High,0.08,2907,
2026-01-03 17:46:00,Moov,Benin,Premium Sports Bundle,Web,Documentary D,1,92,2.04,4.99,4097,0.84,High,0.13,4574,
2026-01-03 17:47:00,Orange,Ivory Coast,OTT Daily Pass,Smart TV,Sport Live,1,77,6.44,9.99,1827,3.41,High,0.23,7176,LOW_BITRATE
2026-01-03 17:48:00,Moov,Morocco,Family Entertainment,Mobile,Series A,1,41,6.81,9.99,2345,1.81,Low,0.16,6873,
2026-01-03 17:49:00,Orange,Rwanda,OTT Daily Pass,STB,Kids Show,1,27,5.03,14.99,1463,2.96,Low,0.43,4798,
2026-01-03 17:50:00,MTN,Senegal,Premium Sports Bundle,Smart TV,Movie C,1,86,1.9,4.99,57,0.76,Medium,0.13,5353,
2026-01-03 17:51:00,Airtel,Cameroon,Zero-Rating Bundle,STB,Series A,1,1,6.33,14.99,2067,1.47,Medium,0.1,8113,
2026-01-03 17:52:00,Moov,Benin,Family Entertainment,STB,Movie C,1,103,1.93,4.99,919,3.36,Low,0.05,5756,
2026-01-03 17:53:00,MTN,Senegal,OTT Daily Pass,Mobile,Sport Live,1,58,6.91,9.99,1654,3.38,High,0.28,1158,AUTH_ERROR
2026-01-03 17:54:00,Vodacom,Morocco,OTT Weekly Pass,Smart TV,Sport Live,1,48,4.74,14.99,3502,1.62,Low,0.09,1947,AUTH_ERROR
2026-01-03 17:55:00,Orange,Senegal,OTT Weekly Pass,Mobile,Kids Show,1,113,9.39,14.99,1950,0.76,Low,0.44,1803,AUTH_ERROR
2026-01-03 17:56:00,Airtel,Benin,Premium Sports Bundle,Smart TV,Series A,1,20,8.92,14.99,3155,0.69,Medium,0.04,814,
2026-01-03 17:57:00,Vodacom,Rwanda,Premium Sports Bundle,Mobile,Sport Live,1,16,0.82,1.99,3880,1.56,Medium,0.35,2225,BUFFERING_ERROR
2026-01-03 17:58:00,Vodacom,Senegal,Zero-Rating Bundle,Smart TV,Kids Show,1,30,9.49,14.99,2845,3.46,Medium,0.39,3035,
2026-01-03 17:59:00,Vodacom,Cameroon,Zero-Rating Bundle,STB,Sport Live,1,102,1.24,1.99,116,2.69,High,0.43,7182,AUTH_ERROR
2026-01-03 18:00:00,Moov,Benin,OTT Weekly Pass,Web,Documentary D,1,24,6.05,14.99,512,0.3,Medium,0.3,1238,AUTH_ERROR
2026-01-03 18:01:00,MTN,Benin,OTT Daily Pass,Mobile,Documentary D,1,4,1.03,1.99,3505,1.11,High,0.34,1500,
2026-01-03 18:02:00,MTN,Morocco,Premium Sports Bundle,Web,Series A,1,86,6.55,9.99,598,2.38,Low,0.26,3653,
2026-01-03 18:03:00,Orange,Morocco,Family Entertainment,STB,Movie C,1,96,1.06,1.99,4572,0.64,Medium,0.03,6203,
2026-01-03 18:04:00,MTN,Senegal,OTT Weekly Pass,Web,Sport Live,1,44,4.74,9.99,603,1.01,Low,0.34,5852,LOW_BITRATE
2026-01-03 18:05:00,Moov,Rwanda,OTT Daily Pass,Smart TV,Movie C,1,35,1.38,1.99,3200,3.24,Low,0.41,7592,AUTH_ERROR
2026-01-03 18:06:00,Vodacom,Rwanda,Family Entertainment,Web,Series A,1,65,0.6,1.99,4583,1.11,Medium,0.35,5655,
2026-01-03 18:07:00,Airtel,Cameroon,OTT Daily Pass,Web,Kids Show,1,81,6.0,9.99,4437,1.57,High,0.13,8312,
2026-01-03 18:08:00,Airtel,Cameroon,Family Entertainment,STB,Kids Show,1,23,0.75,1.99,3009,2.58,High,0.11,3913,BUFFERING_ERROR
2026-01-03 18:09:00,Moov,Benin,Zero-Rating Bundle,STB,Sport Live,1,15,9.01,14.99,4514,0.19,Low,0.12,3940,LOW_BITRATE
2026-01-03 18:10:00,MTN,Rwanda,OTT Weekly Pass,Web,Kids Show,1,13,2.4,4.99,1595,2.85,Low,0.13,2999,LOW_BITRATE
2026-01-03 18:11:00,Moov,Rwanda,OTT Daily Pass,Smart TV,Movie C,1,12,6.54,9.99,2537,2.41,Low,0.39,4954,LOW_BITRATE
2026-01-03 18:12:00,Vodacom,Benin,Premium Sports Bundle,Smart TV,Movie C,1,65,9.34,14.99,4218,0.98,High,0.39,702,BUFFERING_ERROR
2026-01-03 18:13:00,Vodacom,Cameroon,Zero-Rating Bundle,STB,Documentary D,1,66,1.09,1.99,2289,1.73,Low,0.13,4889,AUTH_ERROR
2026-01-03 18:14:00,MTN,Rwanda,Family Entertainment,Smart TV,Kids Show,1,32,2.92,4.99,4484,0.75,High,0.27,4583,
2026-01-03 18:15:00,Moov,Ivory Coast,OTT Daily Pass,Smart TV,Kids Show,1,80,0.7,1.99,2314,2.98,Medium,0.22,7238,LOW_BITRATE
2026-01-03 18:16:00,Airtel,Rwanda,Family Entertainment,Mobile,Sport Live,1,30,2.64,4.99,1348,2.09,Low,0.17,4633,
2026-01-03 18:17:00,Moov,Benin,OTT Weekly Pass,Web,Series A,1,87,3.45,4.99,4421,2.25,Low,0.4,6677,
2026-01-03 18:18:00,Orange,Morocco,Family Entertainment,STB,Sport Live,1,48,1.32,1.99,1630,1.2,Low,0.39,5673,LOW_BITRATE
2026-01-03 18:19:00,Vodacom,Morocco,OTT Weekly Pass,Smart TV,Sport Live,1,84,1.33,1.99,4980,2.19,Low,0.15,7456,AUTH_ERROR
2026-01-03 18:20:00,Orange,Senegal,OTT Weekly Pass,STB,Documentary D,1,81,0.65,1.99,537,0.25,Medium,0.35,3605,
2026-01-03 18:21:00,MTN,Ivory Coast,OTT Daily Pass,Web,Movie C,1,112,6.86,9.99,1916,2.62,High,0.21,8360,
2026-01-03 18:22:00,Orange,Cameroon,Zero-Rating Bundle,Smart TV,Series A,1,8,5.21,9.99,78,2.01,Medium,0.18,8361,
2026-01-03 18:23:00,MTN,Rwanda,Family Entertainment,Smart TV,Movie C,1,73,4.5,9.99,134,1.47,High,0.43,1839,
2026-01-03 18:24:00,Moov,Morocco,Zero-Rating Bundle,STB,Documentary D,1,50,8.16,14.99,3819,1.3,Medium,0.07,7721,BUFFERING_ERROR
2026-01-03 18:25:00,Orange,Senegal,OTT Daily Pass,Mobile,Movie C,1,15,4.68,9.99,66,1.25,Low,0.36,4646,
2026-01-03 18:26:00,Moov,Morocco,Zero-Rating Bundle,Smart TV,Sport Live,1,10,2.61,4.99,692,2.22,High,0.1,2836,
2026-01-03 18:27:00,Airtel,Cameroon,Family Entertainment,Smart TV,Sport Live,1,24,1.31,1.99,432,1.06,Medium,0.06,2311,
2026-01-03 18:28:00,Orange,Rwanda,Family Entertainment,Web,Series A,1,19,3.17,4.99,2868,2.35,Low,0.05,4480,
2026-01-03 18:29:00,Airtel,Morocco,OTT Weekly Pass,STB,Series A,1,111,3.49,4.99,2690,3.48,High,0.05,2961,
2026-01-03 18:30:00,Vodacom,Rwanda,Family Entertainment,STB,Sport Live,1,75,2.42,4.99,2341,0.96,Low,0.06,5129,
2026-01-03 18:31:00,Airtel,Cameroon,Zero-Rating Bundle,Web,Kids Show,1,94,2.2,4.99,119,3.42,Medium,0.12,6947,AUTH_ERROR
2026-01-03 18:32:00,Vodacom,Rwanda,OTT Weekly Pass,Mobile,Series A,1,18,2.45,4.99,3014,3.28,High,0.34,7736,LOW_BITRATE
2026-01-03 18:33:00,Moov,Ivory Coast,Family Entertainment,STB,Sport Live,1,40,3.93,9.99,3477,2.92,High,0.11,5977,AUTH_ERROR
2026-01-03 18:34:00,Airtel,Cameroon,OTT Daily Pass,Smart TV,Documentary D,1,118,3.29,9.99,2763,0.85,High,0.24,5423,AUTH_ERROR
2026-01-03 18:35:00,Orange,Cameroon,Family Entertainment,Smart TV,Sport Live,1,114,2.65,4.99,3885,0.94,Medium,0.07,7367,
2026-01-03 18:36:00,Vodacom,Rwanda,Premium Sports Bundle,STB,Documentary D,1,18,9.79,14.99,2777,2.99,Medium,0.06,6144,
2026-01-03 18:37:00,Vodacom,Ivory Coast,OTT Daily Pass,Smart TV,Documentary D,1,15,5.97,9.99,336,1.69,Medium,0.43,2764,LOW_BITRATE
2026-01-03 18:38:00,MTN,Rwanda,OTT Weekly Pass,Web,Documentary D,1,112,0.7,1.99,2017,0.96,Medium,0.11,8454,LOW_BITRATE
2026-01-03 18:39:00,Vodacom,Cameroon,Premium Sports Bundle,STB,Sport Live,1,66,5.74,14.99,792,2.47,High,0.17,6459,AUTH_ERROR
2026-01-03 18:40:00,MTN,Morocco,Premium Sports Bundle,STB,Kids Show,1,102,5.29,9.99,1730,0.89,High,0.02,7540,LOW_BITRATE
2026-01-03 18:41:00,MTN,Cameroon,OTT Daily Pass,Mobile,Movie C,1,27,3.12,4.99,4703,2.48,Medium,0.14,2715,
2026-01-03 18:42:00,MTN,Benin,OTT Weekly Pass,STB,Movie C,1,17,0.89,1.99,1257,2.4,High,0.32,2137,BUFFERING_ERROR
2026-01-03 18:43:00,Orange,Benin,OTT Weekly Pass,Mobile,Sport Live,1,100,0.65,1.99,2191,1.89,Medium,0.29,7873,
2026-01-03 18:44:00,Moov,Rwanda,Zero-Rating Bundle,Mobile,Documentary D,1,17,3.86,9.99,1050,0.68,Low,0.19,5452,BUFFERING_ERROR
2026-01-03 18:45:00,Moov,Benin,Premium Sports Bundle,STB,Movie C,1,106,10.46,14.99,3836,1.0,Low,0.33,710,
2026-01-03 18:46:00,Orange,Benin,Premium Sports Bundle,Smart TV,Sport Live,1,11,9.01,14.99,3327,0.66,Low,0.33,3810,
2026-01-03 18:47:00,Vodacom,Morocco,OTT Weekly Pass,Smart TV,Kids Show,1,108,4.52,14.99,3391,2.28,High,0.06,1848,LOW_BITRATE
2026-01-03 18:48:00,Vodacom,Cameroon,OTT Daily Pass,Web,Series A,1,69,2.42,4.99,3908,2.95,Low,0.37,3867,BUFFERING_ERROR
2026-01-03 18:49:00,MTN,Rwanda,OTT Weekly Pass,Mobile,Sport Live,1,3,5.62,9.99,4510,0.29,High,0.4,8798,BUFFERING_ERROR
2026-01-03 18:50:00,Orange,Benin,OTT Daily Pass,STB,Kids Show,1,4,9.17,14.99,775,1.33,Medium,0.24,7788,BUFFERING_ERROR
2026-01-03 18:51:00,Orange,Cameroon,OTT Daily Pass,Mobile,Series A,1,113,1.53,4.99,922,1.0,Low,0.08,2090,LOW_BITRATE
2026-01-03 18:52:00,Vodacom,Rwanda,OTT Weekly Pass,Mobile,Series A,1,77,1.14,1.99,4158,1.96,Medium,0.21,7718,
2026-01-03 18:53:00,MTN,Cameroon,OTT Weekly Pass,STB,Movie C,1,4,4.97,14.99,3616,1.81,Low,0.23,685,LOW_BITRATE
2026-01-03 18:54:00,MTN,Cameroon,OTT Weekly Pass,Web,Sport Live,1,32,3.45,9.99,3540,2.91,High,0.33,7196,
2026-01-03 18:55:00,Vodacom,Ivory Coast,OTT Daily Pass,STB,Movie C,1,30,1.22,1.99,4826,0.36,Low,0.36,7121,
2026-01-03 18:56:00,Orange,Ivory Coast,Family Entertainment,Web,Kids Show,1,47,3.98,9.99,3562,2.98,Medium,0.03,6380,
2026-01-03 18:57:00,Vodacom,Senegal,OTT Daily Pass,STB,Sport Live,1,27,1.57,4.99,3257,1.68,High,0.15,1345,AUTH_ERROR
2026-01-03 18:58:00,Vodacom,Senegal,Family Entertainment,STB,Kids Show,1,118,8.82,14.99,4874,3.46,Low,0.23,7271,
2026-01-03 18:59:00,Orange,Rwanda,Family Entertainment,Web,Documentary D,1,119,5.77,9.99,2297,0.62,Medium,0.16,5201,
2026-01-03 19:00:00,Vodacom,Ivory Coast,Zero-Rating Bundle,STB,Kids Show,1,12,1.09,1.99,4340,3.33,Medium,0.24,3884,AUTH_ERROR
2026-01-03 19:01:00,MTN,Cameroon,OTT Daily Pass,STB,Documentary D,1,92,1.01,1.99,1683,1.05,High,0.38,2106,LOW_BITRATE
2026-01-03 19:02:00,Moov,Senegal,Zero-Rating Bundle,Mobile,Documentary D,1,59,7.26,14.99,123,3.0,High,0.12,6022,LOW_BITRATE
2026-01-03 19:03:00,MTN,Ivory Coast,OTT Daily Pass,Web,Documentary D,1,31,3.2,9.99,1715,2.92,Low,0.14,7834,AUTH_ERROR
2026-01-03 19:04:00,Orange,Senegal,Family Entertainment,Mobile,Movie C,1,32,3.13,4.99,4327,1.5,High,0.39,2795,
2026-01-03 19:05:00,MTN,Senegal,OTT Daily Pass,Smart TV,Sport Live,1,29,1.11,1.99,2804,1.68,Medium,0.29,2670,BUFFERING_ERROR
2026-01-03 19:06:00,MTN,Benin,Premium Sports Bundle,Web,Movie C,1,12,8.33,14.99,1098,1.0,High,0.21,5188,
2026-01-03 19:07:00,Airtel,Benin,Zero-Rating Bundle,STB,Kids Show,1,72,3.17,4.99,983,0.77,High,0.44,1012,LOW_BITRATE
2026-01-03 19:08:00,MTN,Cameroon,Zero-Rating Bundle,Web,Movie C,1,74,5.31,14.99,2345,0.94,Medium,0.07,1805,AUTH_ERROR
2026-01-03 19:09:00,MTN,Rwanda,Premium Sports Bundle,STB,Series A,1,75,4.75,14.99,3863,0.76,High,0.12,4996,BUFFERING_ERROR
2026-01-03 19:10:00,Airtel,Rwanda,Zero-Rating Bundle,STB,Kids Show,1,32,8.28,14.99,1199,1.1,Medium,0.21,4678,
2026-01-03 19:11:00,Orange,Cameroon,Premium Sports Bundle,Web,Kids Show,1,107,2.16,4.99,4174,0.66,Medium,0.07,2098,LOW_BITRATE
2026-01-03 19:12:00,Airtel,Benin,Family Entertainment,Smart TV,Movie C,1,24,5.01,9.99,4119,0.99,Medium,0.43,8329,LOW_BITRATE
2026-01-03 19:13:00,Vodacom,Senegal,Zero-Rating Bundle,Web,Documentary D,1,71,9.03,14.99,2372,3.42,Low,0.03,697,
2026-01-03 19:14:00,Vodacom,Rwanda,Premium Sports Bundle,Smart TV,Kids Show,1,7,7.62,14.99,2131,2.51,Low,0.25,7025,
2026-01-03 19:15:00,Moov,Cameroon,Family Entertainment,Web,Documentary D,1,57,1.01,1.99,1356,3.16,Medium,0.28,1666,LOW_BITRATE
2026-01-03 19:16:00,Orange,Senegal,OTT Daily Pass,STB,Movie C,1,72,3.44,9.99,2556,2.55,Low,0.4,3453,
2026-01-03 19:17:00,Orange,Benin,Family Entertainment,STB,Kids Show,1,107,0.79,1.99,656,0.66,High,0.33,2166,
2026-01-03 19:18:00,Airtel,Rwanda,Family Entertainment,STB,Documentary D,1,6,5.24,9.99,2660,0.48,Low,0.16,8706,
2026-01-03 19:19:00,MTN,Ivory Coast,OTT Daily Pass,Web,Sport Live,1,73,0.66,1.99,3441,2.37,Medium,0.29,7824,
2026-01-03 19:20:00,Moov,Cameroon,Zero-Rating Bundle,Smart TV,Movie C,1,84,2.03,4.99,3879,0.39,Medium,0.01,661,
2026-01-03 19:21:00,Moov,Rwanda,Zero-Rating Bundle,Smart TV,Sport Live,1,3,2.85,4.99,1972,1.09,High,0.12,8003,
2026-01-03 19:22:00,Moov,Benin,OTT Daily Pass,STB,Documentary D,1,55,0.91,1.99,3209,0.59,Medium,0.24,6856,BUFFERING_ERROR
2026-01-03 19:23:00,Vodacom,Rwanda,Family Entertainment,Web,Documentary D,1,114,5.26,14.99,2159,0.68,Low,0.26,1925,
2026-01-03 19:24:00,Airtel,Benin,OTT Weekly Pass,Web,Documentary D,1,11,1.14,1.99,4202,2.95,Medium,0.32,4964,
2026-01-03 19:25:00,MTN,Benin,Family Entertainment,Smart TV,Movie C,1,81,1.52,4.99,1920,3.05,High,0.36,5172,BUFFERING_ERROR
2026-01-03 19:26:00,Airtel,Benin,OTT Daily Pass,STB,Movie C,1,35,0.84,1.99,4589,1.06,Medium,0.07,4872,LOW_BITRATE
2026-01-03 19:27:00,MTN,Benin,Premium Sports Bundle,Web,Documentary D,1,103,1.37,1.99,3770,1.07,Medium,0.37,6046,LOW_BITRATE
2026-01-03 19:28:00,MTN,Ivory Coast,Premium Sports Bundle,Web,Sport Live,1,77,3.33,9.99,103,2.57,Medium,0.43,6230,BUFFERING_ERROR
2026-01-03 19:29:00,Moov,Senegal,OTT Daily Pass,Mobile,Series A,1,2,3.21,4.99,3120,3.04,Low,0.19,5355,BUFFERING_ERROR
2026-01-03 19:30:00,Orange,Senegal,OTT Weekly Pass,Smart TV,Kids Show,1,66,2.13,4.99,4176,2.57,Medium,0.32,4448,
2026-01-03 19:31:00,Airtel,Ivory Coast,OTT Daily Pass,STB,Series A,1,61,10.19,14.99,1530,1.51,Medium,0.25,7054,AUTH_ERROR
2026-01-03 19:32:00,Vodacom,Rwanda,Premium Sports Bundle,Smart TV,Movie C,1,35,4.79,14.99,4502,1.94,High,0.26,2479,BUFFERING_ERROR
2026-01-03 19:33:00,Orange,Cameroon,OTT Weekly Pass,Smart TV,Movie C,1,23,6.47,14.99,1419,0.29,Low,0.43,6282,AUTH_ERROR
2026-01-03 19:34:00,Airtel,Senegal,Family Entertainment,Web,Series A,1,53,2.2,4.99,880,2.54,Low,0.19,2070,LOW_BITRATE
2026-01-03 19:35:00,Vodacom,Ivory Coast,OTT Daily Pass,Mobile,Documentary D,1,22,2.59,4.99,3219,0.81,Medium,0.27,7446,
2026-01-03 19:36:00,Orange,Cameroon,Family Entertainment,Smart TV,Sport Live,1,17,4.64,14.99,1450,0.67,High,0.37,8743,
2026-01-03 19:37:00,Vodacom,Ivory Coast,Premium Sports Bundle,Mobile,Kids Show,1,83,9.54,14.99,990,1.8,Low,0.16,4019,
2026-01-03 19:38:00,MTN,Cameroon,OTT Daily Pass,Smart TV,Documentary D,1,4,1.32,1.99,3143,0.55,Medium,0.26,6228,
2026-01-03 19:39:00,MTN,Senegal,Premium Sports Bundle,Smart TV,Sport Live,1,17,0.66,1.99,2566,1.06,High,0.26,1997,
2026-01-03 19:40:00,Orange,Rwanda,OTT Daily Pass,Smart TV,Kids Show,1,75,5.27,14.99,3668,0.34,Low,0.17,5472,LOW_BITRATE
2026-01-03 19:41:00,Vodacom,Cameroon,Family Entertainment,Mobile,Movie C,1,13,0.81,1.99,2514,3.15,High,0.16,3932,BUFFERING_ERROR
2026-01-03 19:42:00,Moov,Morocco,OTT Weekly Pass,STB,Documentary D,1,111,0.84,1.99,1593,3.05,Low,0.08,1698,
2026-01-03 19:43:00,Vodacom,Ivory Coast,Zero-Rating Bundle,STB,Movie C,1,89,6.35,9.99,1785,2.01,Medium,0.29,2053,
2026-01-03 19:44:00,MTN,Senegal,Premium Sports Bundle,Web,Movie C,1,96,1.94,4.99,4295,0.83,Medium,0.25,7076,BUFFERING_ERROR
2026-01-03 19:45:00,Orange,Benin,OTT Daily Pass,STB,Series A,1,58,1.78,4.99,4047,1.91,High,0.31,8939,BUFFERING_ERROR
2026-01-03 19:46:00,MTN,Rwanda,Premium Sports Bundle,STB,Kids Show,1,56,6.69,9.99,1774,1.28,High,0.22,595,AUTH_ERROR
2026-01-03 19:47:00,MTN,Cameroon,Zero-Rating Bundle,Smart TV,Documentary D,1,102,4.37,9.99,3755,1.98,Medium,0.25,4548,AUTH_ERROR
2026-01-03 19:48:00,Moov,Cameroon,Family Entertainment,STB,Documentary D,1,13,8.98,14.99,3223,1.66,High,0.11,1125,
2026-01-03 19:49:00,Moov,Ivory Coast,Family Entertainment,Web,Kids Show,1,19,6.4,14.99,3694,1.12,High,0.18,1953,BUFFERING_ERROR
2026-01-03 19:50:00,MTN,Morocco,Premium Sports Bundle,Web,Kids Show,1,9,4.11,9.99,1954,0.28,High,0.4,3400,
2026-01-03 19:51:00,MTN,Benin,OTT Weekly Pass,STB,Documentary D,1,91,5.71,14.99,524,2.92,Low,0.14,7404,
2026-01-03 19:52:00,Orange,Morocco,Premium Sports Bundle,Web,Kids Show,1,76,4.31,9.99,1293,1.95,High,0.32,1043,
2026-01-03 19:53:00,Moov,Rwanda,Zero-Rating Bundle,STB,Kids Show,1,94,0.77,1.99,835,3.22,High,0.2,5890,AUTH_ERROR
2026-01-03 19:54:00,Moov,Rwanda,Zero-Rating Bundle,Mobile,Series A,1,1,2.47,4.99,3225,2.61,Medium,0.26,2361,LOW_BITRATE
2026-01-03 19:55:00,MTN,Senegal,Family Entertainment,STB,Kids Show,1,20,0.82,1.99,2636,0.72,Low,0.07,4730,LOW_BITRATE
2026-01-03 19:56:00,Orange,Ivory Coast,Zero-Rating Bundle,Smart TV,Sport Live,1,74,0.81,1.99,1386,2.99,High,0.11,1538,
2026-01-03 19:57:00,MTN,Cameroon,Zero-Rating Bundle,Smart TV,Sport Live,1,83,5.19,9.99,1620,2.13,High,0.08,7600,AUTH_ERROR
2026-01-03 19:58:00,Airtel,Morocco,Family Entertainment,STB,Kids Show,1,96,3.16,9.99,4596,1.65,Medium,0.26,599,
2026-01-03 19:59:00,Vodacom,Cameroon,OTT Weekly Pass,Smart TV,Kids Show,1,73,6.96,9.99,1252,1.05,Medium,0.08,593,LOW_BITRATE
2026-01-03 20:00:00,MTN,Ivory Coast,Zero-Rating Bundle,Mobile,Sport Live,1,87,8.64,14.99,2039,0.69,High,0.12,4702,
2026-01-03 20:01:00,Airtel,Morocco,Zero-Rating Bundle,Web,Sport Live,1,84,3.58,9.99,4430,1.49,Low,0.14,6041,
2026-01-03 20:02:00,MTN,Cameroon,Premium Sports Bundle,STB,Sport Live,1,27,5.3,14.99,1398,0.34,Low,0.03,8611,BUFFERING_ERROR
2026-01-03 20:03:00,Vodacom,Morocco,OTT Weekly Pass,STB,Documentary D,1,33,4.29,9.99,4107,1.26,Low,0.28,4704,
2026-01-03 20:04:00,Airtel,Senegal,Premium Sports Bundle,Web,Series A,1,89,1.83,4.99,2564,1.2,Low,0.19,1658,
2026-01-03 20:05:00,Orange,Cameroon,Family Entertainment,Smart TV,Series A,1,99,5.16,9.99,2721,2.1,Medium,0.09,6555,
2026-01-03 20:06:00,Vodacom,Senegal,OTT Daily Pass,Web,Sport Live,1,63,3.08,4.99,3528,1.25,Low,0.42,7872,BUFFERING_ERROR
2026-01-03 20:07:00,Airtel,Senegal,OTT Daily Pass,Smart TV,Sport Live,1,23,5.68,14.99,4313,2.95,Medium,0.44,5344,LOW_BITRATE
2026-01-03 20:08:00,Moov,Senegal,Zero-Rating Bundle,STB,Sport Live,1,38,6.88,9.99,4667,1.57,High,0.39,4112,LOW_BITRATE
2026-01-03 20:09:00,Airtel,Rwanda,Premium Sports Bundle,Smart TV,Series A,1,58,1.31,1.99,994,2.69,Medium,0.18,3158,LOW_BITRATE
2026-01-03 20:10:00,MTN,Benin,Premium Sports Bundle,Mobile,Kids Show,1,120,2.66,4.99,594,2.68,Medium,0.43,3547,AUTH_ERROR
2026-01-03 20:11:00,Orange,Morocco,Zero-Rating Bundle,STB,Sport Live,1,42,2.79,4.99,2652,2.79,Low,0.34,1645,AUTH_ERROR
2026-01-03 20:12:00,Orange,Cameroon,OTT Weekly Pass,Web,Movie C,1,118,7.8,14.99,1456,1.13,Low,0.15,710,AUTH_ERROR
2026-01-03 20:13:00,Moov,Benin,Zero-Rating Bundle,STB,Kids Show,1,56,1.18,1.99,2077,2.53,High,0.05,2413,AUTH_ERROR
2026-01-03 20:14:00,Moov,Rwanda,Zero-Rating Bundle,STB,Series A,1,88,2.11,4.99,2028,3.1,High,0.04,2150,LOW_BITRATE
2026-01-03 20:15:00,Orange,Benin,OTT Daily Pass,Web,Documentary D,1,1,3.15,4.99,471,2.42,High,0.15,5063,
2026-01-03 20:16:00,MTN,Senegal,Premium Sports Bundle,STB,Kids Show,1,66,0.89,1.99,83,2.58,Medium,0.16,5444,BUFFERING_ERROR
2026-01-03 20:17:00,Vodacom,Morocco,Premium Sports Bundle,STB,Series A,1,47,3.46,4.99,2466,0.12,Medium,0.1,7383,
2026-01-03 20:18:00,Vodacom,Senegal,Zero-Rating Bundle,Web,Sport Live,1,38,0.87,1.99,3824,1.04,Low,0.06,2237,
2026-01-03 20:19:00,Orange,Ivory Coast,Zero-Rating Bundle,Smart TV,Sport Live,1,34,4.98,9.99,4621,0.11,High,0.43,6307,BUFFERING_ERROR
2026-01-03 20:20:00,MTN,Cameroon,OTT Daily Pass,Mobile,Sport Live,1,58,0.93,1.99,1075,1.27,High,0.28,2406,
2026-01-03 20:21:00,Airtel,Cameroon,Family Entertainment,STB,Kids Show,1,69,5.86,9.99,4555,2.13,Medium,0.29,5759,
2026-01-03 20:22:00,Airtel,Senegal,OTT Weekly Pass,Web,Documentary D,1,119,6.18,9.99,1636,3.37,Low,0.15,3724,
2026-01-03 20:23:00,MTN,Senegal,OTT Weekly Pass,Mobile,Sport Live,1,70,4.74,9.99,3209,1.3,Low,0.14,5512,
2026-01-03 20:24:00,Moov,Morocco,Zero-Rating Bundle,Mobile,Movie C,1,112,6.36,14.99,2046,1.09,High,0.09,6071,AUTH_ERROR
2026-01-03 20:25:00,Airtel,Rwanda,Premium Sports Bundle,STB,Documentary D,1,24,6.06,9.99,947,1.51,Medium,0.26,5321,AUTH_ERROR
2026-01-03 20:26:00,MTN,Senegal,Premium Sports Bundle,Smart TV,Documentary D,1,108,2.53,4.99,533,3.26,Medium,0.3,8802,LOW_BITRATE
2026-01-03 20:27:00,Vodacom,Senegal,OTT Daily Pass,Smart TV,Kids Show,1,22,4.54,9.99,2066,2.05,Low,0.18,1908,
2026-01-03 20:28:00,Moov,Senegal,OTT Daily Pass,Mobile,Kids Show,1,4,1.39,1.99,4905,0.43,Low,0.41,7548,AUTH_ERROR
2026-01-03 20:29:00,Moov,Senegal,OTT Weekly Pass,Web,Sport Live,1,93,2.3,4.99,4399,0.67,High,0.4,4335,
2026-01-03 20:30:00,MTN,Cameroon,OTT Daily Pass,Mobile,Series A,1,113,3.24,9.99,1040,1.4,Medium,0.2,7893,LOW_BITRATE
2026-01-03 20:31:00,Airtel,Benin,Zero-Rating Bundle,Mobile,Series A,1,41,9.45,14.99,615,2.36,Medium,0.25,6970,
2026-01-03 20:32:00,Orange,Benin,Family Entertainment,STB,Series A,1,84,0.91,1.99,2741,0.57,High,0.21,7642,
2026-01-03 20:33:00,MTN,Senegal,OTT Daily Pass,STB,Documentary D,1,81,8.27,14.99,1081,1.63,Medium,0.36,7249,
2026-01-03 20:34:00,Vodacom,Morocco,Zero-Rating Bundle,Mobile,Movie C,1,107,6.8,14.99,4962,0.85,Low,0.17,8325,
2026-01-03 20:35:00,Moov,Rwanda,OTT Weekly Pass,Web,Documentary D,1,104,3.97,9.99,1936,1.74,Medium,0.04,2666,BUFFERING_ERROR
2026-01-03 20:36:00,Orange,Benin,OTT Weekly Pass,Mobile,Sport Live,1,106,6.08,9.99,879,3.22,High,0.16,6369,AUTH_ERROR
2026-01-03 20:37:00,MTN,Benin,Family Entertainment,Mobile,Kids Show,1,25,2.67,4.99,4702,0.41,Medium,0.08,2235,
2026-01-03 20:38:00,Airtel,Cameroon,Zero-Rating Bundle,Smart TV,Movie C,1,42,2.9,4.99,2398,2.48,Low,0.39,2345,
2026-01-03 20:39:00,Airtel,Ivory Coast,OTT Weekly Pass,Web,Documentary D,1,47,10.33,14.99,1520,3.06,Medium,0.04,8684,
2026-01-03 20:40:00,MTN,Morocco,OTT Daily Pass,STB,Sport Live,1,97,10.31,14.99,3427,1.66,Medium,0.1,2610,
2026-01-03 20:41:00,Moov,Ivory Coast,Family Entertainment,Mobile,Documentary D,1,100,4.54,9.99,4258,1.57,Medium,0.43,2768,
2026-01-03 20:42:00,MTN,Benin,OTT Daily Pass,Web,Documentary D,1,11,7.93,14.99,716,2.73,Medium,0.35,8698,BUFFERING_ERROR
2026-01-03 20:43:00,Vodacom,Benin,OTT Daily Pass,STB,Series A,1,88,8.96,14.99,2879,1.11,Low,0.22,1560,
2026-01-03 20:44:00,Moov,Morocco,OTT Weekly Pass,Web,Sport Live,1,49,4.68,14.99,1748,2.07,Low,0.43,5164,
2026-01-03 20:45:00,Vodacom,Senegal,OTT Daily Pass,STB,Series A,1,70,6.55,9.99,3376,0.61,Medium,0.18,505,LOW_BITRATE
2026-01-03 20:46:00,Orange,Morocco,Premium Sports Bundle,STB,Sport Live,1,65,1.02,1.99,2181,2.28,Low,0.29,2487,LOW_BITRATE
2026-01-03 20:47:00,Airtel,Ivory Coast,Family Entertainment,Smart TV,Series A,1,40,4.71,9.99,2932,1.92,Medium,0.22,2672,
2026-01-03 20:48:00,Vodacom,Ivory Coast,Premium Sports Bundle,Web,Kids Show,1,120,5.58,9.99,2556,2.17,High,0.1,4652,
2026-01-03 20:49:00,MTN,Senegal,Zero-Rating Bundle,Smart TV,Series A,1,95,2.32,4.99,3245,3.32,High,0.45,7143,
2026-01-03 20:50:00,Orange,Ivory Coast,Premium Sports Bundle,Smart TV,Kids Show,1,34,8.66,14.99,1758,2.68,Low,0.04,1937,BUFFERING_ERROR
2026-01-03 20:51:00,Orange,Rwanda,Zero-Rating Bundle,STB,Series A,1,66,0.91,1.99,781,0.96,High,0.12,3023,
2026-01-03 20:52:00,Orange,Morocco,Family Entertainment,STB,Movie C,1,99,3.11,9.99,2843,2.83,Medium,0.3,2978,
2026-01-03 20:53:00,MTN,Morocco,Family Entertainment,Smart TV,Movie C,1,39,0.97,1.99,1399,2.87,High,0.34,7037,
2026-01-03 20:54:00,Airtel,Senegal,OTT Weekly Pass,Web,Documentary D,1,89,7.31,14.99,1765,1.21,Medium,0.37,8253,
2026-01-03 20:55:00,Moov,Ivory Coast,OTT Daily Pass,Mobile,Series A,1,11,1.05,1.99,3639,0.57,Medium,0.15,4008,
2026-01-03 20:56:00,Airtel,Morocco,OTT Weekly Pass,Mobile,Movie C,1,13,0.83,1.99,4091,2.71,High,0.16,3384,AUTH_ERROR
2026-01-03 20:57:00,Vodacom,Cameroon,Zero-Rating Bundle,Web,Kids Show,1,68,3.23,9.99,1866,0.22,Low,0.19,6812,
2026-01-03 20:58:00,MTN,Rwanda,Premium Sports Bundle,Smart TV,Kids Show,1,26,1.29,1.99,3436,2.34,Medium,0.06,6907,AUTH_ERROR
2026-01-03 20:59:00,Moov,Rwanda,OTT Daily Pass,Mobile,Series A,1,117,5.2,9.99,1785,1.71,Low,0.22,5699,AUTH_ERROR
2026-01-03 21:00:00,Orange,Benin,Premium Sports Bundle,Web,Movie C,1,14,1.93,4.99,3389,1.25,Medium,0.01,1670,LOW_BITRATE
2026-01-03 21:01:00,Orange,Morocco,Family Entertainment,STB,Movie C,1,32,8.67,14.99,2741,1.7,Low,0.16,4101,BUFFERING_ERROR
2026-01-03 21:02:00,Moov,Morocco,Family Entertainment,Smart TV,Series A,1,22,2.18,4.99,3906,0.71,Low,0.1,4223,LOW_BITRATE
2026-01-03 21:03:00,Orange,Morocco,OTT Weekly Pass,Mobile,Kids Show,1,94,5.86,9.99,2134,1.03,Medium,0.39,1699,
2026-01-03 21:04:00,Moov,Cameroon,OTT Daily Pass,Smart TV,Series A,1,72,1.9,4.99,2676,0.91,Medium,0.18,6915,BUFFERING_ERROR
2026-01-03 21:05:00,Airtel,Senegal,OTT Weekly Pass,Smart TV,Movie C,1,68,0.72,1.99,287,2.75,High,0.24,7558,
2026-01-03 21:06:00,Orange,Senegal,OTT Weekly Pass,Web,Series A,1,48,3.04,4.99,4968,1.65,Medium,0.1,7740,
2026-01-03 21:07:00,Moov,Rwanda,Premium Sports Bundle,Mobile,Kids Show,1,120,2.61,4.99,1421,2.12,Medium,0.28,3771,
2026-01-03 21:08:00,Airtel,Benin,Zero-Rating Bundle,Mobile,Sport Live,1,13,1.71,4.99,3122,0.59,Low,0.19,5488,
2026-01-03 21:09:00,Orange,Cameroon,OTT Daily Pass,Smart TV,Documentary D,1,99,1.32,1.99,1493,1.61,Low,0.31,4290,
2026-01-03 21:10:00,MTN,Senegal,Family Entertainment,STB,Series A,1,99,1.95,4.99,2891,0.45,Medium,0.25,4353,
2026-01-03 21:11:00,Airtel,Rwanda,Family Entertainment,Web,Movie C,1,16,2.02,4.99,3148,0.27,Low,0.34,4269,
2026-01-03 21:12:00,Airtel,Cameroon,Premium Sports Bundle,STB,Series A,1,3,2.65,4.99,461,2.2,High,0.08,5076,BUFFERING_ERROR
2026-01-03 21:13:00,MTN,Ivory Coast,OTT Daily Pass,Smart TV,Kids Show,1,90,7.55,14.99,3176,1.87,High,0.16,2638,LOW_BITRATE
2026-01-03 21:14:00,Vodacom,Senegal,Family Entertainment,Web,Movie C,1,2,1.35,1.99,1537,0.51,High,0.37,8522,
2026-01-03 21:15:00,Vodacom,Cameroon,OTT Weekly Pass,Smart TV,Series A,1,117,3.01,9.99,710,2.57,Low,0.07,8897,
2026-01-03 21:16:00,MTN,Senegal,Zero-Rating Bundle,Smart TV,Documentary D,1,98,4.89,14.99,4112,2.76,Low,0.23,3636,
2026-01-03 21:17:00,Moov,Morocco,OTT Daily Pass,Web,Sport Live,1,103,3.34,9.99,3324,3.26,Low,0.37,6628,
2026-01-03 21:18:00,MTN,Rwanda,Zero-Rating Bundle,STB,Kids Show,1,95,1.83,4.99,1596,2.52,High,0.25,7561,
2026-01-03 21:19:00,Vodacom,Ivory Coast,Premium Sports Bundle,Web,Documentary D,1,42,8.46,14.99,4904,3.01,Medium,0.3,4010,BUFFERING_ERROR
2026-01-03 21:20:00,Airtel,Benin,OTT Daily Pass,STB,Series A,1,76,3.04,4.99,3833,2.46,Low,0.24,4998,
2026-01-03 21:21:00,Airtel,Senegal,Family Entertainment,Web,Series A,1,54,1.35,1.99,3392,1.69,Low,0.27,4378,AUTH_ERROR
2026-01-03 21:22:00,MTN,Benin,Family Entertainment,Web,Documentary D,1,9,10.27,14.99,4659,1.15,High,0.04,702,LOW_BITRATE
2026-01-03 21:23:00,Vodacom,Ivory Coast,OTT Daily Pass,Web,Sport Live,1,112,0.85,1.99,770,1.98,Low,0.14,8138,LOW_BITRATE
2026-01-03 21:24:00,MTN,Benin,OTT Daily Pass,STB,Series A,1,39,5.23,9.99,1806,0.23,Low,0.13,7269,BUFFERING_ERROR
2026-01-03 21:25:00,Moov,Senegal,Zero-Rating Bundle,Mobile,Documentary D,1,31,4.1,9.99,1311,0.49,Low,0.05,7324,BUFFERING_ERROR
2026-01-03 21:26:00,Moov,Ivory Coast,Premium Sports Bundle,Mobile,Series A,1,22,1.85,4.99,3275,1.95,Medium,0.13,5981,LOW_BITRATE
2026-01-03 21:27:00,Airtel,Morocco,Zero-Rating Bundle,Mobile,Movie C,1,52,3.2,4.99,4644,3.19,Low,0.31,2369,
2026-01-03 21:28:00,Moov,Ivory Coast,OTT Weekly Pass,Mobile,Sport Live,1,111,2.23,4.99,1821,3.18,High,0.17,6417,
2026-01-03 21:29:00,Moov,Rwanda,Premium Sports Bundle,STB,Movie C,1,57,3.23,4.99,1337,1.44,Medium,0.26,8615,
2026-01-03 21:30:00,Orange,Rwanda,Family Entertainment,Web,Documentary D,1,73,1.21,1.99,3351,1.05,Medium,0.03,1274,AUTH_ERROR
2026-01-03 21:31:00,MTN,Benin,Premium Sports Bundle,Mobile,Kids Show,1,65,1.05,1.99,3093,3.09,High,0.23,2116,
2026-01-03 21:32:00,Airtel,Ivory Coast,OTT Daily Pass,STB,Kids Show,1,43,4.13,9.99,2073,2.65,Low,0.42,2745,
2026-01-03 21:33:00,Moov,Benin,Family Entertainment,STB,Series A,1,77,1.09,1.99,591,1.97,Medium,0.33,5885,BUFFERING_ERROR
2026-01-03 21:34:00,Orange,Cameroon,Premium Sports Bundle,Smart TV,Series A,1,89,4.8,9.99,1576,1.43,Low,0.1,3924,BUFFERING_ERROR
2026-01-03 21:35:00,MTN,Rwanda,Premium Sports Bundle,Smart TV,Kids Show,1,119,1.68,4.99,1010,0.58,Low,0.41,6729,
2026-01-03 21:36:00,Airtel,Benin,Family Entertainment,Web,Documentary D,1,97,5.37,9.99,3219,2.43,High,0.32,4603,
2026-01-03 21:37:00,Moov,Morocco,OTT Daily Pass,Smart TV,Movie C,1,51,1.14,1.99,3457,2.09,High,0.17,2504,
2026-01-03 21:38:00,Orange,Rwanda,Zero-Rating Bundle,Web,Series A,1,38,8.73,14.99,4947,1.3,High,0.29,560,BUFFERING_ERROR
2026-01-03 21:39:00,MTN,Cameroon,Zero-Rating Bundle,Smart TV,Documentary D,1,55,4.28,9.99,57,2.14,Low,0.31,6969,
2026-01-03 21:40:00,MTN,Senegal,OTT Daily Pass,STB,Kids Show,1,88,5.35,9.99,4125,2.81,Low,0.04,6449,LOW_BITRATE
2026-01-03 21:41:00,Airtel,Morocco,Family Entertainment,STB,Documentary D,1,13,9.62,14.99,3623,2.24,Medium,0.44,6329,
2026-01-03 21:42:00,Orange,Morocco,OTT Daily Pass,Web,Kids Show,1,77,2.66,4.99,4857,3.35,Medium,0.26,4796,
2026-01-03 21:43:00,MTN,Cameroon,Premium Sports Bundle,Web,Series A,1,43,4.32,9.99,1414,3.31,Medium,0.1,5324,
2026-01-03 21:44:00,Moov,Senegal,Premium Sports Bundle,Web,Documentary D,1,100,0.74,1.99,1012,0.27,High,0.05,7524,
2026-01-03 21:45:00,Moov,Cameroon,Family Entertainment,Web,Sport Live,1,8,1.04,1.99,4294,3.48,High,0.44,7986,
2026-01-03 21:46:00,Moov,Senegal,Premium Sports Bundle,Mobile,Sport Live,1,50,4.68,9.99,4731,1.18,Low,0.03,4552,
2026-01-03 21:47:00,MTN,Rwanda,OTT Weekly Pass,Mobile,Kids Show,1,94,6.82,9.99,2443,1.05,Low,0.09,2330,
2026-01-03 21:48:00,Moov,Rwanda,Zero-Rating Bundle,Mobile,Sport Live,1,26,0.93,1.99,1095,1.62,Medium,0.36,2306,BUFFERING_ERROR
2026-01-03 21:49:00,Orange,Ivory Coast,Family Entertainment,STB,Sport Live,1,117,7.88,14.99,3094,1.36,Medium,0.31,755,LOW_BITRATE
2026-01-03 21:50:00,Airtel,Cameroon,Family Entertainment,Web,Sport Live,1,88,9.47,14.99,2015,0.12,Medium,0.3,8096,
2026-01-03 21:51:00,MTN,Senegal,OTT Daily Pass,Web,Series A,1,28,8.36,14.99,1188,3.22,Medium,0.25,1117,BUFFERING_ERROR
2026-01-03 21:52:00,Moov,Ivory Coast,OTT Weekly Pass,Mobile,Kids Show,1,22,3.44,4.99,1667,0.48,Low,0.13,7697,LOW_BITRATE
2026-01-03 21:53:00,MTN,Ivory Coast,Premium Sports Bundle,Mobile,Series A,1,35,1.38,1.99,2064,3.03,Low,0.39,8829,
2026-01-03 21:54:00,Moov,Ivory Coast,Premium Sports Bundle,STB,Kids Show,1,85,1.39,1.99,2671,2.76,Medium,0.12,4380,
2026-01-03 21:55:00,Moov,Ivory Coast,OTT Weekly Pass,STB,Sport Live,1,42,1.22,1.99,458,1.16,Low,0.01,7854,
2026-01-03 21:56:00,Airtel,Benin,Premium Sports Bundle,Web,Kids Show,1,63,2.11,4.99,3332,2.99,High,0.11,1790,
2026-01-03 21:57:00,Moov,Morocco,Zero-Rating Bundle,STB,Documentary D,1,90,0.86,1.99,97,1.97,Low,0.08,4339,
2026-01-03 21:58:00,Moov,Senegal,Premium Sports Bundle,Web,Documentary D,1,91,6.7,9.99,3129,2.07,Medium,0.08,2282,
2026-01-03 21:59:00,MTN,Morocco,Premium Sports Bundle,STB,Kids Show,1,84,1.15,1.99,2642,1.37,Medium,0.37,4752,BUFFERING_ERROR
2026-01-03 22:00:00,MTN,Morocco,OTT Weekly Pass,Mobile,Documentary D,1,54,4.75,14.99,2910,0.2,Low,0.21,1011,LOW_BITRATE
2026-01-03 22:01:00,Vodacom,Benin,OTT Daily Pass,Web,Documentary D,1,118,2.12,4.99,2795,2.94,High,0.38,5512,
2026-01-03 22:02:00,Airtel,Rwanda,Premium Sports Bundle,Mobile,Movie C,1,2,6.56,9.99,3904,1.07,Medium,0.13,6189,BUFFERING_ERROR
2026-01-03 22:03:00,Vodacom,Benin,OTT Daily Pass,Smart TV,Documentary D,1,46,4.83,9.99,1878,2.07,High,0.44,2016,BUFFERING_ERROR
2026-01-03 22:04:00,MTN,Rwanda,OTT Daily Pass,Mobile,Documentary D,1,48,4.48,9.99,1116,2.91,Low,0.12,4604,
2026-01-03 22:05:00,Orange,Cameroon,Zero-Rating Bundle,Mobile,Kids Show,1,68,4.59,9.99,4807,2.61,Medium,0.04,7188,
2026-01-03 22:06:00,Moov,Benin,Premium Sports Bundle,Mobile,Series A,1,93,5.72,9.99,1527,2.65,High,0.26,7604,
2026-01-03 22:07:00,Orange,Morocco,OTT Daily Pass,STB,Series A,1,33,2.46,4.99,2162,2.83,Low,0.03,7098,
2026-01-03 22:08:00,Orange,Senegal,OTT Daily Pass,Mobile,Series A,1,22,9.19,14.99,728,3.24,High,0.13,1124,
2026-01-03 22:09:00,MTN,Senegal,Family Entertainment,Smart TV,Movie C,1,17,2.57,4.99,3859,1.35,Medium,0.31,846,
2026-01-03 22:10:00,Moov,Senegal,Premium Sports Bundle,Smart TV,Sport Live,1,116,0.67,1.99,2076,3.15,High,0.2,3128,LOW_BITRATE
2026-01-03 22:11:00,Moov,Senegal,Zero-Rating Bundle,Mobile,Series A,1,50,4.63,14.99,3906,0.58,High,0.07,3622,
2026-01-03 22:12:00,Vodacom,Senegal,Premium Sports Bundle,STB,Sport Live,1,65,2.64,4.99,3028,0.57,High,0.36,3079,
2026-01-03 22:13:00,Moov,Senegal,OTT Daily Pass,Mobile,Kids Show,1,111,6.18,9.99,2500,0.62,Low,0.05,6858,
2026-01-03 22:14:00,Vodacom,Cameroon,OTT Daily Pass,STB,Series A,1,96,8.98,14.99,4159,0.64,High,0.36,7982,
2026-01-03 22:15:00,MTN,Senegal,Family Entertainment,Mobile,Movie C,1,99,5.74,9.99,1043,2.88,Medium,0.41,4573,
2026-01-03 22:16:00,Moov,Rwanda,Family Entertainment,Mobile,Kids Show,1,35,2.0,4.99,1050,3.22,Medium,0.43,3955,LOW_BITRATE
2026-01-03 22:17:00,Airtel,Ivory Coast,OTT Daily Pass,Web,Sport Live,1,37,5.38,9.99,875,1.64,Medium,0.34,7481,BUFFERING_ERROR
2026-01-03 22:18:00,Vodacom,Rwanda,OTT Weekly Pass,Mobile,Series A,1,2,5.2,9.99,144,0.34,Medium,0.23,2951,
2026-01-03 22:19:00,Airtel,Senegal,OTT Weekly Pass,STB,Sport Live,1,12,2.0,4.99,2301,0.99,Low,0.39,3874,AUTH_ERROR
2026-01-03 22:20:00,Vodacom,Benin,OTT Weekly Pass,Web,Kids Show,1,89,4.71,9.99,203,0.24,High,0.23,1059,
2026-01-03 22:21:00,Vodacom,Ivory Coast,Zero-Rating Bundle,Mobile,Documentary D,1,67,3.54,9.99,1557,0.22,Medium,0.27,3190,
2026-01-03 22:22:00,Orange,Rwanda,Family Entertainment,STB,Kids Show,1,88,1.89,4.99,2905,2.27,High,0.37,6375,BUFFERING_ERROR
2026-01-03 22:23:00,MTN,Cameroon,Premium Sports Bundle,Web,Series A,1,106,4.25,9.99,833,1.63,Medium,0.1,7242,LOW_BITRATE
2026-01-03 22:24:00,Airtel,Ivory Coast,Family Entertainment,Web,Documentary D,1,98,2.28,4.99,4364,3.17,Low,0.22,858,
2026-01-03 22:25:00,MTN,Ivory Coast,OTT Weekly Pass,STB,Documentary D,1,37,0.96,1.99,2739,0.54,Medium,0.38,7915,AUTH_ERROR
2026-01-03 22:26:00,Vodacom,Benin,OTT Daily Pass,Smart TV,Series A,1,109,4.67,9.99,3623,1.99,High,0.23,4719,
2026-01-03 22:27:00,Airtel,Rwanda,OTT Weekly Pass,STB,Movie C,1,68,5.68,14.99,4962,1.69,High,0.14,7533,
2026-01-03 22:28:00,MTN,Rwanda,Family Entertainment,Mobile,Documentary D,1,3,6.71,9.99,4329,2.33,Low,0.34,8893,
2026-01-03 22:29:00,Vodacom,Benin,Family Entertainment,Mobile,Series A,1,96,3.88,9.99,4665,1.67,Low,0.32,8441,BUFFERING_ERROR
2026-01-03 22:30:00,Airtel,Benin,OTT Daily Pass,Smart TV,Movie C,1,37,0.75,1.99,4844,1.4,Low,0.16,4459,
2026-01-03 22:31:00,Orange,Morocco,OTT Weekly Pass,Web,Documentary D,1,34,4.84,9.99,1817,2.34,Low,0.43,8214,LOW_BITRATE
2026-01-03 22:32:00,Airtel,Rwanda,OTT Daily Pass,Web,Movie C,1,86,8.96,14.99,3684,1.54,Low,0.24,6910,
2026-01-03 22:33:00,Airtel,Morocco,OTT Weekly Pass,Web,Sport Live,1,92,10.49,14.99,144,0.73,Low,0.11,8017,
2026-01-03 22:34:00,Orange,Rwanda,Zero-Rating Bundle,Web,Movie C,1,66,1.18,1.99,437,0.61,High,0.09,1519,LOW_BITRATE
2026-01-03 22:35:00,MTN,Morocco,Premium Sports Bundle,STB,Movie C,1,78,1.9,4.99,3950,3.25,Low,0.33,1948,
2026-01-03 22:36:00,Vodacom,Benin,Family Entertainment,Mobile,Movie C,1,22,0.86,1.99,131,1.0,Low,0.09,5825,
2026-01-03 22:37:00,MTN,Morocco,Premium Sports Bundle,Web,Kids Show,1,106,6.54,9.99,4039,2.5,Medium,0.22,5410,BUFFERING_ERROR
2026-01-03 22:38:00,Moov,Benin,OTT Daily Pass,Web,Sport Live,1,88,7.11,14.99,2753,3.17,Medium,0.37,3712,
2026-01-03 22:39:00,MTN,Benin,Zero-Rating Bundle,Mobile,Kids Show,1,20,5.51,14.99,1993,1.81,Low,0.12,3855,BUFFERING_ERROR
2026-01-03 22:40:00,MTN,Ivory Coast,OTT Daily Pass,Smart TV,Sport Live,1,96,1.0,1.99,4266,0.53,Low,0.22,3937,AUTH_ERROR
2026-01-03 22:41:00,Orange,Rwanda,OTT Weekly Pass,Smart TV,Movie C,1,109,2.48,4.99,3177,3.25,High,0.22,4779,AUTH_ERROR
2026-01-03 22:42:00,Orange,Ivory Coast,OTT Daily Pass,Smart TV,Kids Show,1,34,5.61,14.99,124,3.27,Medium,0.06,1280,AUTH_ERROR
2026-01-03 22:43:00,Moov,Ivory Coast,Premium Sports Bundle,Smart TV,Series A,1,73,0.94,1.99,1722,0.79,Low,0.29,8543,BUFFERING_ERROR
2026-01-03 22:44:00,Orange,Rwanda,Zero-Rating Bundle,Mobile,Movie C,1,72,6.35,9.99,1386,0.24,Low,0.03,4240,
2026-01-03 22:45:00,MTN,Cameroon,Premium Sports Bundle,STB,Documentary D,1,29,1.57,4.99,4583,2.56,Medium,0.34,5229,
2026-01-03 22:46:00,MTN,Ivory Coast,Zero-Rating Bundle,Smart TV,Documentary D,1,49,3.78,9.99,4666,2.88,Medium,0.22,4038,BUFFERING_ERROR
2026-01-03 22:47:00,Orange,Senegal,Family Entertainment,Smart TV,Documentary D,1,59,0.78,1.99,3567,2.59,High,0.1,1124,LOW_BITRATE
2026-01-03 22:48:00,Vodacom,Rwanda,Family Entertainment,Smart TV,Documentary D,1,77,3.82,9.99,1473,1.33,Medium,0.05,8377,
2026-01-03 22:49:00,Orange,Rwanda,OTT Weekly Pass,STB,Kids Show,1,90,3.35,4.99,3260,2.54,Low,0.19,1955,LOW_BITRATE
2026-01-03 22:50:00,Airtel,Senegal,OTT Daily Pass,STB,Sport Live,1,49,3.45,9.99,2453,0.23,Medium,0.41,4366,LOW_BITRATE
2026-01-03 22:51:00,Orange,Cameroon,Family Entertainment,Smart TV,Series A,1,119,5.43,14.99,1421,2.47,High,0.2,1042,
2026-01-03 22:52:00,Moov,Senegal,OTT Weekly Pass,Mobile,Sport Live,1,87,0.76,1.99,4234,1.33,Medium,0.27,6255,
2026-01-03 22:53:00,Moov,Benin,Premium Sports Bundle,Mobile,Sport Live,1,4,0.95,1.99,2335,1.34,Low,0.34,7983,LOW_BITRATE
2026-01-03 22:54:00,Orange,Benin,OTT Daily Pass,Web,Sport Live,1,103,9.97,14.99,4150,0.25,Medium,0.33,6428,AUTH_ERROR
2026-01-03 22:55:00,Airtel,Benin,Family Entertainment,Smart TV,Series A,1,69,1.39,1.99,614,2.01,High,0.14,2971,
2026-01-03 22:56:00,Airtel,Cameroon,Family Entertainment,STB,Kids Show,1,97,6.74,14.99,1054,2.3,High,0.05,5694,
2026-01-03 22:57:00,Airtel,Rwanda,Family Entertainment,Mobile,Documentary D,1,111,4.26,9.99,3382,3.39,Medium,0.03,7382,AUTH_ERROR
2026-01-03 22:58:00,Moov,Rwanda,Zero-Rating Bundle,Web,Sport Live,1,24,1.14,1.99,2123,1.83,Low,0.16,5377,
2026-01-03 22:59:00,Moov,Ivory Coast,OTT Daily Pass,Web,Series A,1,85,8.05,14.99,2543,2.42,Low,0.21,4848,
2026-01-03 23:00:00,Airtel,Senegal,Zero-Rating Bundle,STB,Series A,1,78,3.32,9.99,2841,0.27,High,0.37,3884,BUFFERING_ERROR
2026-01-03 23:01:00,Vodacom,Cameroon,OTT Daily Pass,Smart TV,Documentary D,1,43,6.12,9.99,2139,2.02,Medium,0.42,5892,LOW_BITRATE
2026-01-03 23:02:00,Orange,Ivory Coast,Premium Sports Bundle,Smart TV,Series A,1,8,3.73,9.99,1681,1.94,High,0.32,7524,
2026-01-03 23:03:00,Vodacom,Senegal,OTT Weekly Pass,Smart TV,Movie C,1,19,2.25,4.99,717,2.61,High,0.13,7651,
2026-01-03 23:04:00,MTN,Benin,OTT Weekly Pass,Mobile,Documentary D,1,29,5.6,9.99,3578,1.4,Low,0.28,7666,
2026-01-03 23:05:00,Airtel,Benin,Family Entertainment,Smart TV,Movie C,1,34,1.28,1.99,4288,2.67,Medium,0.15,2974,LOW_BITRATE
2026-01-03 23:06:00,Orange,Senegal,OTT Daily Pass,Mobile,Kids Show,1,23,9.21,14.99,2368,0.54,Low,0.41,6772,
2026-01-03 23:07:00,Airtel,Rwanda,Family Entertainment,Mobile,Documentary D,1,77,5.77,9.99,2381,2.4,Low,0.3,5798,AUTH_ERROR
2026-01-03 23:08:00,Moov,Rwanda,OTT Weekly Pass,STB,Sport Live,1,53,1.79,4.99,3919,1.4,Medium,0.02,5289,AUTH_ERROR
2026-01-03 23:09:00,Vodacom,Cameroon,Zero-Rating Bundle,Smart TV,Movie C,1,55,4.82,9.99,216,0.72,Medium,0.15,827,LOW_BITRATE
2026-01-03 23:10:00,Vodacom,Rwanda,Premium Sports Bundle,Web,Kids Show,1,118,1.9,4.99,2642,0.83,High,0.09,4886,
2026-01-03 23:11:00,Vodacom,Morocco,OTT Weekly Pass,Mobile,Sport Live,1,118,10.48,14.99,3636,2.38,Low,0.19,7416,LOW_BITRATE
2026-01-03 23:12:00,MTN,Benin,OTT Daily Pass,Smart TV,Sport Live,1,86,9.35,14.99,1231,0.56,Low,0.16,7075,
2026-01-03 23:13:00,Airtel,Benin,Premium Sports Bundle,Smart TV,Movie C,1,101,10.13,14.99,3239,2.92,High,0.33,7507,LOW_BITRATE
2026-01-03 23:14:00,MTN,Benin,Family Entertainment,Web,Movie C,1,17,4.52,9.99,646,1.13,Low,0.27,782,
2026-01-03 23:15:00,Vodacom,Cameroon,OTT Daily Pass,STB,Documentary D,1,10,2.97,4.99,2602,2.88,Low,0.21,5362,
2026-01-03 23:16:00,Airtel,Senegal,Premium Sports Bundle,Mobile,Series A,1,106,7.8,14.99,1929,2.49,Medium,0.13,8475,BUFFERING_ERROR
2026-01-03 23:17:00,Vodacom,Benin,OTT Weekly Pass,Smart TV,Series A,1,43,5.19,14.99,2114,1.68,High,0.18,8684,
2026-01-03 23:18:00,Vodacom,Ivory Coast,OTT Weekly Pass,Smart TV,Kids Show,1,108,0.77,1.99,4368,2.07,Medium,0.34,5132,BUFFERING_ERROR
2026-01-03 23:19:00,MTN,Senegal,Premium Sports Bundle,STB,Kids Show,1,97,4.11,9.99,1689,1.5,Low,0.01,4159,AUTH_ERROR
2026-01-03 23:20:00,Vodacom,Ivory Coast,OTT Daily Pass,STB,Series A,1,70,0.65,1.99,3734,0.14,Medium,0.15,8751,AUTH_ERROR
2026-01-03 23:21:00,Airtel,Cameroon,Zero-Rating Bundle,Smart TV,Movie C,1,104,6.69,14.99,3068,0.44,Low,0.35,7323,
2026-01-03 23:22:00,Orange,Cameroon,OTT Weekly Pass,Mobile,Kids Show,1,53,1.02,1.99,876,0.55,Low,0.28,2757,
2026-01-03 23:23:00,Vodacom,Benin,Family Entertainment,Smart TV,Documentary D,1,22,1.15,1.99,1357,3.0,Medium,0.17,8768,
2026-01-03 23:24:00,Airtel,Senegal,Zero-Rating Bundle,STB,Series A,1,53,0.99,1.99,75,2.01,High,0.37,7998,AUTH_ERROR
2026-01-03 23:25:00,Airtel,Morocco,OTT Weekly Pass,Smart TV,Series A,1,48,1.04,1.99,575,2.68,Medium,0.11,5254,
2026-01-03 23:26:00,Orange,Ivory Coast,Premium Sports Bundle,STB,Series A,1,53,0.69,1.99,4975,3.33,Low,0.04,6575,
2026-01-03 23:27:00,Moov,Cameroon,Family Entertainment,STB,Series A,1,85,5.82,14.99,2550,3.33,Low,0.32,6965,
2026-01-03 23:28:00,Orange,Cameroon,OTT Weekly Pass,Web,Movie C,1,27,5.62,9.99,1351,0.91,High,0.33,1901,
2026-01-03 23:29:00,Moov,Benin,Zero-Rating Bundle,STB,Movie C,1,8,2.87,4.99,3986,3.25,Medium,0.42,4171,AUTH_ERROR
2026-01-03 23:30:00,Moov,Ivory Coast,Premium Sports Bundle,STB,Documentary D,1,3,4.44,9.99,2968,1.22,High,0.26,3904,
2026-01-03 23:31:00,MTN,Senegal,Premium Sports Bundle,Mobile,Series A,1,83,1.01,1.99,758,0.28,Low,0.44,506,BUFFERING_ERROR
2026-01-03 23:32:00,Moov,Cameroon,Premium Sports Bundle,STB,Sport Live,1,49,5.56,14.99,1301,2.91,Medium,0.22,1135,
2026-01-03 23:33:00,Vodacom,Senegal,OTT Weekly Pass,Smart TV,Sport Live,1,78,2.74,4.99,410,1.65,Medium,0.03,6047,
2026-01-03 23:34:00,MTN,Benin,OTT Weekly Pass,STB,Kids Show,1,73,3.84,9.99,698,1.45,Low,0.15,7201,
2026-01-03 23:35:00,Vodacom,Rwanda,Family Entertainment,STB,Series A,1,52,4.11,9.99,3293,0.91,High,0.26,7033,LOW_BITRATE
2026-01-03 23:36:00,Moov,Benin,Family Entertainment,STB,Series A,1,89,9.21,14.99,1297,3.28,High,0.14,2504,BUFFERING_ERROR
2026-01-03 23:37:00,Orange,Ivory Coast,Family Entertainment,Smart TV,Sport Live,1,80,1.12,1.99,4734,1.62,High,0.26,3601,
2026-01-03 23:38:00,Orange,Senegal,Zero-Rating Bundle,Web,Sport Live,1,22,0.88,1.99,4226,1.23,Medium,0.27,1532,
2026-01-03 23:39:00,Orange,Senegal,OTT Daily Pass,STB,Sport Live,1,36,5.23,9.99,1233,1.07,Medium,0.06,2866,
2026-01-03 23:40:00,Moov,Benin,OTT Weekly Pass,STB,Series A,1,99,1.87,4.99,2719,1.04,High,0.43,7923,
2026-01-03 23:41:00,MTN,Morocco,OTT Daily Pass,Smart TV,Series A,1,65,4.19,9.99,2357,3.24,Medium,0.37,5501,
2026-01-03 23:42:00,MTN,Ivory Coast,OTT Weekly Pass,Web,Kids Show,1,15,1.66,4.99,3167,0.74,Medium,0.02,2181,
2026-01-03 23:43:00,Moov,Ivory Coast,OTT Weekly Pass,Smart TV,Series A,1,31,0.98,1.99,579,0.53,High,0.2,3793,LOW_BITRATE
2026-01-03 23:44:00,Moov,Senegal,Family Entertainment,Mobile,Documentary D,1,78,1.95,4.99,3041,2.72,Low,0.14,1080,
2026-01-03 23:45:00,Moov,Cameroon,OTT Daily Pass,Mobile,Sport Live,1,38,6.26,14.99,1125,3.32,Low,0.13,6534,AUTH_ERROR
2026-01-03 23:46:00,Airtel,Ivory Coast,OTT Weekly Pass,Web,Documentary D,1,21,1.14,1.99,2063,0.62,Medium,0.11,7748,LOW_BITRATE
2026-01-03 23:47:00,Moov,Senegal,Zero-Rating Bundle,Web,Sport Live,1,83,3.32,4.99,2497,0.34,Low,0.08,5772,LOW_BITRATE
2026-01-03 23:48:00,Airtel,Rwanda,Family Entertainment,STB,Series A,1,95,1.34,1.99,3281,1.99,Low,0.02,2576,LOW_BITRATE
2026-01-03 23:49:00,Moov,Ivory Coast,OTT Daily Pass,STB,Sport Live,1,43,2.83,4.99,3915,2.95,High,0.04,2022,
2026-01-03 23:50:00,Moov,Benin,OTT Daily Pass,STB,Movie C,1,84,1.38,1.99,355,0.46,Low,0.13,3020,
2026-01-03 23:51:00,MTN,Morocco,OTT Weekly Pass,Smart TV,Movie C,1,38,0.84,1.99,4833,2.19,Medium,0.44,8374,
2026-01-03 23:52:00,Vodacom,Cameroon,Zero-Rating Bundle,Web,Sport Live,1,101,7.32,14.99,1216,3.46,Low,0.33,6896,
2026-01-03 23:53:00,Airtel,Morocco,OTT Daily Pass,STB,Documentary D,1,33,3.0,4.99,186,0.61,Medium,0.39,2996,
2026-01-03 23:54:00,Orange,Morocco,OTT Daily Pass,STB,Sport Live,1,91,0.66,1.99,4924,2.4,Low,0.2,525,BUFFERING_ERROR
2026-01-03 23:55:00,MTN,Cameroon,Family Entertainment,Smart TV,Movie C,1,50,2.97,4.99,1554,1.81,High,0.08,1119,BUFFERING_ERROR
2026-01-03 23:56:00,MTN,Rwanda,Family Entertainment,STB,Documentary D,1,65,1.36,1.99,851,2.26,Low,0.34,3273,
2026-01-03 23:57:00,Vodacom,Cameroon,OTT Weekly Pass,Mobile,Series A,1,1,0.72,1.99,1540,0.45,Medium,0.06,5999,AUTH_ERROR
2026-01-03 23:58:00,MTN,Senegal,Zero-Rating Bundle,STB,Movie C,1,91,3.87,9.99,2746,2.1,High,0.39,4289,AUTH_ERROR
2026-01-03 23:59:00,MTN,Senegal,OTT Daily Pass,Smart TV,Movie C,1,55,7.45,14.99,1840,1.89,High,0.13,4839,
2026-01-04 00:00:00,Airtel,Cameroon,Zero-Rating Bundle,Smart TV,Kids Show,1,56,3.24,4.99,3566,2.6,High,0.07,6333,LOW_BITRATE
2026-01-04 00:01:00,Airtel,Cameroon,Premium Sports Bundle,Mobile,Sport Live,1,97,1.68,4.99,2731,1.4,Low,0.02,2724,BUFFERING_ERROR
2026-01-04 00:02:00,Vodacom,Rwanda,OTT Daily Pass,STB,Series A,1,8,1.07,1.99,1801,1.03,High,0.06,5564,
2026-01-04 00:03:00,MTN,Rwanda,Premium Sports Bundle,Smart TV,Sport Live,1,44,1.33,1.99,3364,2.31,Medium,0.25,514,LOW_BITRATE
2026-01-04 00:04:00,Moov,Benin,Zero-Rating Bundle,STB,Sport Live,1,41,7.28,14.99,1734,2.5,Medium,0.37,6009,LOW_BITRATE
2026-01-04 00:05:00,Moov,Senegal,Family Entertainment,Web,Sport Live,1,98,10.2,14.99,1405,1.59,Low,0.17,4105,LOW_BITRATE
2026-01-04 00:06:00,MTN,Benin,OTT Weekly Pass,STB,Kids Show,1,35,6.65,14.99,3384,2.37,Low,0.13,3926,
2026-01-04 00:07:00,Orange,Morocco,OTT Daily Pass,Mobile,Kids Show,1,16,5.11,9.99,2719,3.4,High,0.42,5298,LOW_BITRATE
2026-01-04 00:08:00,Vodacom,Senegal,Zero-Rating Bundle,STB,Movie C,1,23,2.43,4.99,2744,3.07,Medium,0.4,8809,BUFFERING_ERROR
2026-01-04 00:09:00,Airtel,Morocco,OTT Weekly Pass,Mobile,Movie C,1,50,3.5,9.99,1088,1.94,Low,0.41,2082,AUTH_ERROR
2026-01-04 00:10:00,Airtel,Senegal,Premium Sports Bundle,Web,Movie C,1,17,1.68,4.99,943,3.02,Medium,0.17,3275,
2026-01-04 00:11:00,Vodacom,Rwanda,Premium Sports Bundle,Smart TV,Sport Live,1,17,1.04,1.99,2583,0.65,Medium,0.23,6071,LOW_BITRATE
2026-01-04 00:12:00,MTN,Cameroon,Zero-Rating Bundle,Web,Kids Show,1,36,5.17,9.99,3605,1.66,High,0.28,2140,AUTH_ERROR
2026-01-04 00:13:00,Orange,Ivory Coast,OTT Daily Pass,Mobile,Sport Live,1,8,5.45,14.99,2917,0.32,Low,0.27,8299,LOW_BITRATE
2026-01-04 00:14:00,MTN,Cameroon,Zero-Rating Bundle,Web,Series A,1,83,4.56,9.99,4688,2.79,Low,0.07,778,
2026-01-04 00:15:00,Moov,Ivory Coast,Family Entertainment,Web,Sport Live,1,114,8.43,14.99,3559,1.05,Medium,0.42,4960,
2026-01-04 00:16:00,Orange,Benin,Premium Sports Bundle,Web,Series A,1,12,3.42,9.99,3368,2.78,Low,0.38,1505,
2026-01-04 00:17:00,Airtel,Rwanda,OTT Weekly Pass,Mobile,Documentary D,1,62,5.43,14.99,4560,0.61,Medium,0.31,3872,
2026-01-04 00:18:00,Moov,Benin,OTT Daily Pass,Mobile,Documentary D,1,12,3.48,9.99,1998,0.21,Medium,0.04,1309,
2026-01-04 00:19:00,MTN,Benin,OTT Daily Pass,Mobile,Documentary D,1,51,5.19,9.99,3352,2.26,Low,0.12,5772,LOW_BITRATE
2026-01-04 00:20:00,MTN,Cameroon,Premium Sports Bundle,STB,Documentary D,1,96,3.2,4.99,2473,1.85,Low,0.07,1989,
2026-01-04 00:21:00,Airtel,Morocco,OTT Daily Pass,Smart TV,Series A,1,20,4.25,9.99,417,2.91,Low,0.32,553,
2026-01-04 00:22:00,Moov,Benin,OTT Daily Pass,Web,Documentary D,1,71,3.04,9.99,2580,1.88,Medium,0.45,3806,
2026-01-04 00:23:00,MTN,Rwanda,Family Entertainment,Smart TV,Movie C,1,4,0.7,1.99,1800,0.22,Low,0.28,6715,
2026-01-04 00:24:00,Moov,Morocco,Zero-Rating Bundle,Smart TV,Movie C,1,67,1.27,1.99,330,0.77,High,0.3,7187,AUTH_ERROR
2026-01-04 00:25:00,Airtel,Morocco,OTT Daily Pass,Web,Movie C,1,53,6.81,9.99,455,1.1,High,0.16,3157,
2026-01-04 00:26:00,Moov,Morocco,OTT Daily Pass,Web,Kids Show,1,94,6.74,14.99,804,1.5,Medium,0.43,5830,
2026-01-04 00:27:00,Vodacom,Ivory Coast,OTT Weekly Pass,Smart TV,Sport Live,1,17,5.64,9.99,2560,0.14,Medium,0.23,7696,
2026-01-04 00:28:00,Vodacom,Cameroon,OTT Daily Pass,Mobile,Movie C,1,10,1.03,1.99,1859,2.66,Medium,0.22,6803,
2026-01-04 00:29:00,MTN,Cameroon,Family Entertainment,Smart TV,Kids Show,1,57,3.25,9.99,4705,0.3,Medium,0.09,3034,
2026-01-04 00:30:00,Orange,Morocco,Premium Sports Bundle,Smart TV,Series A,1,81,2.48,4.99,715,2.98,High,0.31,4583,LOW_BITRATE
2026-01-04 00:31:00,Vodacom,Cameroon,Family Entertainment,Smart TV,Movie C,1,104,2.77,4.99,3315,1.43,High,0.05,7613,
2026-01-04 00:32:00,Airtel,Morocco,Zero-Rating Bundle,Smart TV,Kids Show,1,6,4.3,9.99,502,1.13,High,0.22,2680,
2026-01-04 00:33:00,Moov,Cameroon,Zero-Rating Bundle,Smart TV,Documentary D,1,4,6.6,14.99,2753,0.62,Medium,0.32,5983,BUFFERING_ERROR
2026-01-04 00:34:00,Moov,Cameroon,OTT Weekly Pass,Smart TV,Sport Live,1,97,1.79,4.99,4229,3.3,Medium,0.03,3789,
2026-01-04 00:35:00,Orange,Rwanda,Family Entertainment,Smart TV,Sport Live,1,6,9.9,14.99,385,3.34,Low,0.27,6799,AUTH_ERROR
2026-01-04 00:36:00,Orange,Rwanda,OTT Daily Pass,STB,Movie C,1,94,6.55,14.99,2326,3.23,Medium,0.08,2440,AUTH_ERROR
2026-01-04 00:37:00,Vodacom,Ivory Coast,Family Entertainment,Smart TV,Documentary D,1,7,6.68,9.99,2053,0.74,Medium,0.28,8759,
2026-01-04 00:38:00,Vodacom,Cameroon,Premium Sports Bundle,Smart TV,Kids Show,1,33,5.08,14.99,4823,2.65,Low,0.4,5993,BUFFERING_ERROR
2026-01-04 00:39:00,Orange,Morocco,Family Entertainment,STB,Documentary D,1,60,5.94,9.99,1495,2.36,Low,0.45,8048,LOW_BITRATE
2026-01-04 00:40:00,Airtel,Ivory Coast,OTT Weekly Pass,Smart TV,Series A,1,47,1.61,4.99,3389,1.27,High,0.3,1856,LOW_BITRATE
2026-01-04 00:41:00,Moov,Rwanda,Premium Sports Bundle,STB,Documentary D,1,103,1.06,1.99,263,2.55,Low,0.37,7112,
2026-01-04 00:42:00,Orange,Senegal,OTT Daily Pass,Smart TV,Sport Live,1,45,3.65,9.99,2766,1.12,Medium,0.13,1012,BUFFERING_ERROR
2026-01-04 00:43:00,MTN,Senegal,Premium Sports Bundle,Web,Series A,1,91,0.81,1.99,4178,2.02,Medium,0.22,8951,
2026-01-04 00:44:00,Moov,Cameroon,OTT Weekly Pass,Web,Sport Live,1,104,2.76,4.99,1149,0.83,Medium,0.04,7200,
2026-01-04 00:45:00,Vodacom,Benin,Zero-Rating Bundle,Web,Kids Show,1,72,2.55,4.99,1136,2.95,Low,0.4,8632,
2026-01-04 00:46:00,Vodacom,Cameroon,Premium Sports Bundle,STB,Documentary D,1,81,2.86,4.99,3297,0.35,High,0.07,8321,
2026-01-04 00:47:00,Moov,Ivory Coast,OTT Daily Pass,Mobile,Movie C,1,85,0.95,1.99,1857,0.63,Low,0.04,3737,
2026-01-04 00:48:00,Airtel,Cameroon,OTT Daily Pass,Mobile,Kids Show,1,56,2.05,4.99,4285,2.02,High,0.02,5924,LOW_BITRATE
2026-01-04 00:49:00,MTN,Rwanda,Zero-Rating Bundle,Web,Movie C,1,12,2.42,4.99,4707,1.92,Low,0.45,8461,
2026-01-04 00:50:00,Orange,Senegal,Premium Sports Bundle,Web,Documentary D,1,39,6.13,9.99,1758,1.29,Medium,0.06,4401,
2026-01-04 00:51:00,Orange,Senegal,Zero-Rating Bundle,Smart TV,Movie C,1,92,2.34,4.99,2778,0.62,Medium,0.22,6067,
2026-01-04 00:52:00,Moov,Benin,Zero-Rating Bundle,Smart TV,Series A,1,114,4.46,9.99,538,0.26,Low,0.27,1350,AUTH_ERROR
2026-01-04 00:53:00,Airtel,Rwanda,Zero-Rating Bundle,Web,Documentary D,1,109,1.33,1.99,1494,3.19,Medium,0.28,2783,LOW_BITRATE
2026-01-04 00:54:00,Orange,Ivory Coast,Zero-Rating Bundle,STB,Sport Live,1,29,3.26,9.99,3828,0.57,High,0.39,2829,
2026-01-04 00:55:00,Orange,Rwanda,OTT Daily Pass,STB,Sport Live,1,20,1.3,1.99,4871,0.28,High,0.27,4505,LOW_BITRATE
2026-01-04 00:56:00,Orange,Benin,Family Entertainment,STB,Documentary D,1,82,2.78,4.99,2471,2.35,Medium,0.42,6800,BUFFERING_ERROR
2026-01-04 00:57:00,Airtel,Benin,OTT Daily Pass,Web,Kids Show,1,105,5.14,9.99,1157,2.44,High,0.41,7753,BUFFERING_ERROR
2026-01-04 00:58:00,Moov,Senegal,OTT Daily Pass,Smart TV,Movie C,1,52,5.98,14.99,1033,0.55,Low,0.05,5245,
2026-01-04 00:59:00,MTN,Cameroon,OTT Weekly Pass,Mobile,Sport Live,1,19,10.42,14.99,451,0.13,High,0.05,2633,LOW_BITRATE
2026-01-04 01:00:00,Moov,Rwanda,Zero-Rating Bundle,Smart TV,Sport Live,1,68,0.6,1.99,835,1.07,Medium,0.16,3905,LOW_BITRATE
2026-01-04 01:01:00,Orange,Cameroon,Premium Sports Bundle,Web,Series A,1,50,2.13,4.99,2291,3.0,Low,0.1,5424,AUTH_ERROR
2026-01-04 01:02:00,Airtel,Senegal,Zero-Rating Bundle,Mobile,Series A,1,73,4.77,14.99,4187,1.7,High,0.29,6103,BUFFERING_ERROR
2026-01-04 01:03:00,Airtel,Ivory Coast,Zero-Rating Bundle,Web,Kids Show,1,57,9.83,14.99,162,0.11,High,0.12,3707,
2026-01-04 01:04:00,Airtel,Senegal,OTT Daily Pass,STB,Movie C,1,19,3.67,9.99,1351,2.86,Low,0.14,993,
2026-01-04 01:05:00,Vodacom,Cameroon,OTT Daily Pass,Web,Sport Live,1,65,3.25,4.99,3172,0.33,Medium,0.37,3808,BUFFERING_ERROR
2026-01-04 01:06:00,MTN,Senegal,Zero-Rating Bundle,Smart TV,Sport Live,1,3,1.07,1.99,1598,0.67,Low,0.31,3636,LOW_BITRATE
2026-01-04 01:07:00,Airtel,Cameroon,Premium Sports Bundle,Mobile,Kids Show,1,59,6.19,9.99,245,0.54,Low,0.05,5508,BUFFERING_ERROR
2026-01-04 01:08:00,Vodacom,Benin,Zero-Rating Bundle,Smart TV,Documentary D,1,54,9.21,14.99,2852,0.59,Low,0.11,7732,
2026-01-04 01:09:00,Vodacom,Rwanda,Zero-Rating Bundle,Web,Series A,1,102,4.19,9.99,1918,2.16,Medium,0.07,8714,AUTH_ERROR
2026-01-04 01:10:00,Orange,Benin,OTT Daily Pass,STB,Movie C,1,101,7.93,14.99,1811,3.1,Medium,0.09,999,LOW_BITRATE
2026-01-04 01:11:00,Vodacom,Rwanda,Zero-Rating Bundle,Mobile,Series A,1,40,2.79,4.99,4119,1.8,Low,0.4,1743,
2026-01-04 01:12:00,MTN,Benin,Zero-Rating Bundle,Web,Kids Show,1,118,9.18,14.99,3448,0.37,Low,0.06,7111,LOW_BITRATE
2026-01-04 01:13:00,Moov,Ivory Coast,OTT Daily Pass,Mobile,Series A,1,52,9.57,14.99,878,0.15,Medium,0.09,6736,
2026-01-04 01:14:00,Moov,Senegal,Zero-Rating Bundle,Smart TV,Series A,1,67,7.78,14.99,2833,0.57,Low,0.19,4042,
2026-01-04 01:15:00,Orange,Ivory Coast,Family Entertainment,Web,Sport Live,1,86,5.38,9.99,3817,1.49,Low,0.11,2369,BUFFERING_ERROR
2026-01-04 01:16:00,Moov,Cameroon,OTT Weekly Pass,Mobile,Movie C,1,116,5.06,9.99,97,3.38,Low,0.44,6877,
2026-01-04 01:17:00,Vodacom,Rwanda,Family Entertainment,Smart TV,Kids Show,1,36,1.37,1.99,889,1.05,Medium,0.07,7124,AUTH_ERROR
2026-01-04 01:18:00,Airtel,Ivory Coast,OTT Weekly Pass,STB,Movie C,1,55,10.06,14.99,1834,2.24,High,0.16,6140,
2026-01-04 01:19:00,Airtel,Cameroon,OTT Daily Pass,STB,Kids Show,1,120,2.62,4.99,4442,3.46,High,0.35,8274,
2026-01-04 01:20:00,MTN,Benin,OTT Daily Pass,Mobile,Movie C,1,45,6.02,9.99,766,1.72,Low,0.15,7054,LOW_BITRATE
2026-01-04 01:21:00,Airtel,Senegal,Zero-Rating Bundle,Web,Sport Live,1,8,3.77,9.99,4196,3.02,Medium,0.33,5306,
2026-01-04 01:22:00,MTN,Benin,OTT Weekly Pass,STB,Movie C,1,87,0.66,1.99,4496,1.26,Medium,0.15,2411,
2026-01-04 01:23:00,Orange,Senegal,Premium Sports Bundle,Web,Documentary D,1,110,0.96,1.99,503,3.19,High,0.1,7440,
2026-01-04 01:24:00,Orange,Senegal,OTT Weekly Pass,Smart TV,Kids Show,1,15,6.5,9.99,4198,1.83,Low,0.43,7747,LOW_BITRATE
2026-01-04 01:25:00,Vodacom,Cameroon,Zero-Rating Bundle,Web,Kids Show,1,2,5.68,9.99,1474,1.57,Medium,0.1,6386,
2026-01-04 01:26:00,Moov,Ivory Coast,OTT Daily Pass,Smart TV,Kids Show,1,120,3.07,4.99,3470,0.29,High,0.44,3203,BUFFERING_ERROR
2026-01-04 01:27:00,Vodacom,Ivory Coast,Family Entertainment,Web,Kids Show,1,102,4.24,9.99,1898,0.67,Low,0.24,4036,LOW_BITRATE
2026-01-04 01:28:00,Vodacom,Ivory Coast,Zero-Rating Bundle,Mobile,Documentary D,1,49,8.78,14.99,833,0.45,High,0.01,2460,
2026-01-04 01:29:00,Airtel,Senegal,OTT Daily Pass,Smart TV,Sport Live,1,25,5.51,9.99,3462,1.73,Low,0.2,5362,
2026-01-04 01:30:00,Orange,Rwanda,OTT Weekly Pass,Web,Documentary D,1,37,1.16,1.99,1390,2.09,Low,0.42,6971,AUTH_ERROR
2026-01-04 01:31:00,MTN,Morocco,OTT Daily Pass,STB,Sport Live,1,17,4.69,9.99,2640,0.16,High,0.02,4042,BUFFERING_ERROR
2026-01-04 01:32:00,Airtel,Rwanda,Premium Sports Bundle,Smart TV,Documentary D,1,26,1.0,1.99,3349,2.1,Medium,0.06,4773,
2026-01-04 01:33:00,Moov,Senegal,Zero-Rating Bundle,Smart TV,Movie C,1,10,5.47,14.99,4712,0.68,Medium,0.39,4658,
2026-01-04 01:34:00,Vodacom,Ivory Coast,Zero-Rating Bundle,Mobile,Series A,1,54,1.38,1.99,3407,1.22,Medium,0.24,5240,
2026-01-04 01:35:00,MTN,Ivory Coast,Zero-Rating Bundle,Smart TV,Series A,1,66,6.35,9.99,1562,0.97,Medium,0.24,5840,BUFFERING_ERROR
2026-01-04 01:36:00,Vodacom,Benin,Premium Sports Bundle,Mobile,Kids Show,1,95,5.46,9.99,2112,3.49,Medium,0.4,6587,BUFFERING_ERROR
2026-01-04 01:37:00,Orange,Morocco,Family Entertainment,Mobile,Documentary D,1,49,5.64,9.99,4614,0.97,Low,0.08,1951,
2026-01-04 01:38:00,MTN,Rwanda,Family Entertainment,Mobile,Movie C,1,26,4.62,9.99,3633,2.13,High,0.03,6413,
2026-01-04 01:39:00,Airtel,Rwanda,Zero-Rating Bundle,Mobile,Movie C,1,78,2.5,4.99,2792,1.6,Medium,0.06,8528,
2026-01-04 01:40:00,Vodacom,Benin,Premium Sports Bundle,Mobile,Sport Live,1,17,1.26,1.99,2054,2.45,High,0.32,4912,BUFFERING_ERROR
2026-01-04 01:41:00,Orange,Ivory Coast,OTT Daily Pass,Smart TV,Kids Show,1,111,1.04,1.99,1779,1.82,Low,0.31,7972,BUFFERING_ERROR
2026-01-04 01:42:00,MTN,Cameroon,Family Entertainment,Web,Kids Show,1,3,8.83,14.99,1522,3.01,Low,0.08,4647,AUTH_ERROR
2026-01-04 01:43:00,Moov,Morocco,Family Entertainment,Mobile,Series A,1,31,2.39,4.99,573,0.2,Medium,0.35,5099,
2026-01-04 01:44:00,Moov,Senegal,OTT Daily Pass,STB,Sport Live,1,82,3.13,4.99,2098,2.56,Medium,0.25,7033,LOW_BITRATE
2026-01-04 01:45:00,Vodacom,Cameroon,Family Entertainment,Mobile,Documentary D,1,102,3.63,9.99,737,0.2,Low,0.26,7285,
2026-01-04 01:46:00,Airtel,Cameroon,OTT Daily Pass,Web,Kids Show,1,70,4.74,9.99,132,3.35,Low,0.23,5166,LOW_BITRATE
2026-01-04 01:47:00,MTN,Senegal,OTT Weekly Pass,STB,Documentary D,1,49,4.44,9.99,2786,1.96,Low,0.12,3562,
2026-01-04 01:48:00,Orange,Rwanda,OTT Weekly Pass,Web,Series A,1,3,3.0,4.99,2979,3.46,High,0.11,4886,BUFFERING_ERROR
2026-01-04 01:49:00,Vodacom,Morocco,OTT Weekly Pass,STB,Documentary D,1,80,7.41,14.99,788,1.97,Low,0.08,1595,
2026-01-04 01:50:00,Vodacom,Rwanda,OTT Daily Pass,Web,Series A,1,90,1.32,1.99,3169,1.1,High,0.29,6948,
2026-01-04 01:51:00,Airtel,Ivory Coast,OTT Weekly Pass,Mobile,Documentary D,1,34,1.23,1.99,2605,3.31,Medium,0.36,6206,
2026-01-04 01:52:00,Airtel,Cameroon,Premium Sports Bundle,Mobile,Documentary D,1,105,8.47,14.99,4538,3.17,Medium,0.02,8998,
2026-01-04 01:53:00,Airtel,Senegal,OTT Weekly Pass,Mobile,Movie C,1,117,6.23,14.99,4960,0.14,Medium,0.03,8897,BUFFERING_ERROR
2026-01-04 01:54:00,Orange,Senegal,Family Entertainment,STB,Documentary D,1,116,6.73,9.99,396,3.04,High,0.22,3148,
2026-01-04 01:55:00,Orange,Ivory Coast,OTT Daily Pass,Smart TV,Movie C,1,74,5.89,9.99,3178,2.32,Medium,0.19,6829,
2026-01-04 01:56:00,Airtel,Morocco,Premium Sports Bundle,Mobile,Kids Show,1,11,3.12,9.99,2140,1.5,Medium,0.32,1536,LOW_BITRATE
2026-01-04 01:57:00,Vodacom,Senegal,OTT Weekly Pass,Smart TV,Documentary D,1,1,5.09,14.99,2072,2.79,Medium,0.2,4785,
2026-01-04 01:58:00,Orange,Rwanda,OTT Daily Pass,STB,Kids Show,1,81,4.55,9.99,2445,3.33,Medium,0.18,6649,
2026-01-04 01:59:00,Orange,Benin,Family Entertainment,STB,Documentary D,1,28,2.06,4.99,2779,0.41,Low,0.02,4004,BUFFERING_ERROR
2026-01-04 02:00:00,Airtel,Cameroon,Zero-Rating Bundle,Smart TV,Series A,1,72,3.05,4.99,1959,2.7,High,0.31,5410,LOW_BITRATE
2026-01-04 02:01:00,Airtel,Morocco,OTT Daily Pass,Web,Sport Live,1,41,4.91,9.99,2541,1.68,Medium,0.08,4956,BUFFERING_ERROR
2026-01-04 02:02:00,Airtel,Senegal,Premium Sports Bundle,Smart TV,Sport Live,1,38,5.15,9.99,3396,0.41,High,0.16,3463,BUFFERING_ERROR
2026-01-04 02:03:00,MTN,Cameroon,OTT Daily Pass,STB,Series A,1,93,6.1,9.99,2345,2.88,Medium,0.23,2222,
2026-01-04 02:04:00,Airtel,Ivory Coast,Premium Sports Bundle,Web,Documentary D,1,105,1.16,1.99,3480,2.36,High,0.09,4409,BUFFERING_ERROR
2026-01-04 02:05:00,Orange,Benin,OTT Weekly Pass,Web,Sport Live,1,36,3.37,9.99,3971,3.06,Low,0.09,750,BUFFERING_ERROR
2026-01-04 02:06:00,Vodacom,Rwanda,OTT Weekly Pass,Smart TV,Series A,1,91,4.62,14.99,2084,1.72,Medium,0.05,4781,AUTH_ERROR
2026-01-04 02:07:00,Airtel,Benin,Premium Sports Bundle,Smart TV,Series A,1,50,2.81,4.99,427,2.91,Medium,0.03,3393,LOW_BITRATE
2026-01-04 02:08:00,Moov,Senegal,Family Entertainment,STB,Documentary D,1,10,3.54,9.99,4727,2.59,High,0.2,1258,LOW_BITRATE
2026-01-04 02:09:00,MTN,Cameroon,Zero-Rating Bundle,Mobile,Sport Live,1,107,1.16,1.99,2683,1.33,Low,0.02,8318,AUTH_ERROR
2026-01-04 02:10:00,Moov,Benin,OTT Daily Pass,Smart TV,Documentary D,1,120,10.37,14.99,1113,3.5,Low,0.11,6060,
2026-01-04 02:11:00,MTN,Cameroon,OTT Weekly Pass,Mobile,Kids Show,1,75,3.26,4.99,3172,2.45,High,0.16,7403,AUTH_ERROR
2026-01-04 02:12:00,Orange,Senegal,OTT Daily Pass,STB,Documentary D,1,30,5.7,14.99,2687,2.45,High,0.16,4536,
2026-01-04 02:13:00,Moov,Benin,Family Entertainment,Smart TV,Documentary D,1,44,3.27,4.99,4585,2.04,Medium,0.13,6826,AUTH_ERROR
2026-01-04 02:14:00,Moov,Morocco,Family Entertainment,STB,Documentary D,1,54,0.63,1.99,1238,2.73,High,0.36,4472,
2026-01-04 02:15:00,MTN,Benin,OTT Weekly Pass,STB,Sport Live,1,103,3.35,9.99,1560,1.86,High,0.24,7274,
2026-01-04 02:16:00,Airtel,Senegal,OTT Weekly Pass,Mobile,Series A,1,84,0.88,1.99,3265,1.89,Medium,0.08,8819,BUFFERING_ERROR
2026-01-04 02:17:00,Moov,Benin,OTT Weekly Pass,Web,Sport Live,1,66,8.6,14.99,629,0.62,Low,0.41,3820,
2026-01-04 02:18:00,Airtel,Morocco,OTT Daily Pass,STB,Kids Show,1,101,3.06,9.99,1326,1.11,Low,0.05,6763,
2026-01-04 02:19:00,Airtel,Ivory Coast,OTT Daily Pass,Mobile,Sport Live,1,42,5.36,9.99,4494,3.05,High,0.29,1037,
2026-01-04 02:20:00,MTN,Benin,Zero-Rating Bundle,STB,Kids Show,1,97,10.08,14.99,3445,0.33,Low,0.27,8908,
2026-01-04 02:21:00,Orange,Senegal,OTT Daily Pass,Smart TV,Series A,1,49,2.58,4.99,529,2.42,Medium,0.14,5184,BUFFERING_ERROR
2026-01-04 02:22:00,MTN,Benin,Zero-Rating Bundle,Web,Movie C,1,95,4.76,14.99,2670,2.82,Low,0.13,2196,
2026-01-04 02:23:00,Moov,Rwanda,OTT Daily Pass,Smart TV,Series A,1,10,3.74,9.99,102,2.27,Medium,0.07,1725,AUTH_ERROR
2026-01-04 02:24:00,Orange,Benin,Zero-Rating Bundle,STB,Sport Live,1,73,8.88,14.99,832,1.98,Medium,0.05,1078,
2026-01-04 02:25:00,Moov,Benin,Family Entertainment,Smart TV,Kids Show,1,59,2.09,4.99,3441,1.08,Low,0.08,8707,
2026-01-04 02:26:00,Moov,Rwanda,Family Entertainment,Web,Kids Show,1,47,9.78,14.99,1885,2.84,Low,0.23,5868,
2026-01-04 02:27:00,Moov,Morocco,Family Entertainment,Web,Documentary D,1,87,0.86,1.99,2903,1.07,Medium,0.17,8369,
2026-01-04 02:28:00,Vodacom,Cameroon,Premium Sports Bundle,STB,Sport Live,1,79,6.06,14.99,3778,2.06,Low,0.16,1439,LOW_BITRATE
2026-01-04 02:29:00,Airtel,Senegal,Family Entertainment,STB,Sport Live,1,36,1.93,4.99,1127,0.71,Low,0.24,4431,
2026-01-04 02:30:00,Vodacom,Rwanda,OTT Daily Pass,Smart TV,Documentary D,1,43,1.1,1.99,873,2.77,Low,0.33,8223,BUFFERING_ERROR
2026-01-04 02:31:00,Orange,Morocco,OTT Weekly Pass,Web,Kids Show,1,18,3.22,4.99,1143,1.82,Medium,0.05,5800,
2026-01-04 02:32:00,Airtel,Ivory Coast,OTT Daily Pass,Smart TV,Documentary D,1,36,2.21,4.99,4763,1.51,Low,0.13,1427,
2026-01-04 02:33:00,Orange,Ivory Coast,OTT Daily Pass,Mobile,Movie C,1,105,2.59,4.99,256,1.06,Medium,0.11,8589,LOW_BITRATE
2026-01-04 02:34:00,Vodacom,Senegal,Zero-Rating Bundle,Mobile,Sport Live,1,21,4.76,9.99,1055,2.82,Low,0.04,5513,
2026-01-04 02:35:00,Vodacom,Ivory Coast,Premium Sports Bundle,STB,Documentary D,1,108,5.89,9.99,1844,0.91,High,0.15,6875,
2026-01-04 02:36:00,Moov,Senegal,Premium Sports Bundle,Web,Documentary D,1,75,4.73,9.99,4836,0.63,Low,0.2,4118,
2026-01-04 02:37:00,Orange,Ivory Coast,Zero-Rating Bundle,STB,Series A,1,69,3.79,9.99,2113,3.02,Low,0.05,4224,
2026-01-04 02:38:00,Moov,Cameroon,Zero-Rating Bundle,Mobile,Sport Live,1,82,8.67,14.99,3810,2.75,Medium,0.2,2963,
2026-01-04 02:39:00,Moov,Rwanda,Zero-Rating Bundle,Web,Movie C,1,35,2.17,4.99,2112,1.15,Medium,0.41,5724,AUTH_ERROR
2026-01-04 02:40:00,Airtel,Ivory Coast,Premium Sports Bundle,Mobile,Series A,1,63,0.65,1.99,4717,0.26,High,0.05,5170,AUTH_ERROR
2026-01-04 02:41:00,Moov,Cameroon,OTT Daily Pass,STB,Sport Live,1,96,5.88,9.99,648,1.67,High,0.05,8457,AUTH_ERROR
2026-01-04 02:42:00,Airtel,Rwanda,Premium Sports Bundle,Smart TV,Kids Show,1,14,1.29,1.99,2516,3.15,Low,0.09,8196,
2026-01-04 02:43:00,Vodacom,Senegal,Premium Sports Bundle,Mobile,Movie C,1,75,2.57,4.99,4902,3.46,Medium,0.43,6016,AUTH_ERROR
2026-01-04 02:44:00,Orange,Senegal,OTT Weekly Pass,STB,Movie C,1,62,3.39,4.99,4402,1.16,High,0.13,2623,
2026-01-04 02:45:00,Moov,Senegal,Family Entertainment,Mobile,Sport Live,1,31,3.01,4.99,3320,2.64,High,0.37,8070,AUTH_ERROR
2026-01-04 02:46:00,Vodacom,Rwanda,OTT Daily Pass,STB,Documentary D,1,59,3.12,4.99,1778,0.99,Low,0.39,5509,
2026-01-04 02:47:00,MTN,Benin,OTT Weekly Pass,Web,Movie C,1,26,4.6,14.99,4826,2.88,Medium,0.29,5869,LOW_BITRATE
2026-01-04 02:48:00,Orange,Morocco,Zero-Rating Bundle,Mobile,Series A,1,85,8.9,14.99,605,2.95,High,0.41,4600,AUTH_ERROR
2026-01-04 02:49:00,Orange,Cameroon,Family Entertainment,Web,Movie C,1,53,7.75,14.99,4965,3.14,Low,0.37,2491,BUFFERING_ERROR
2026-01-04 02:50:00,MTN,Benin,OTT Daily Pass,Smart TV,Sport Live,1,91,8.11,14.99,1333,0.1,Medium,0.27,2558,AUTH_ERROR
2026-01-04 02:51:00,Airtel,Cameroon,Premium Sports Bundle,STB,Series A,1,19,2.6,4.99,468,1.13,Low,0.13,8864,LOW_BITRATE
2026-01-04 02:52:00,Moov,Benin,OTT Weekly Pass,Web,Movie C,1,86,2.36,4.99,3945,2.02,High,0.09,2467,
2026-01-04 02:53:00,Orange,Rwanda,Zero-Rating Bundle,STB,Documentary D,1,69,2.86,4.99,935,0.66,Low,0.21,5886,LOW_BITRATE
2026-01-04 02:54:00,Orange,Ivory Coast,OTT Daily Pass,Web,Documentary D,1,70,4.06,9.99,4818,0.92,Low,0.44,1534,AUTH_ERROR
2026-01-04 02:55:00,Orange,Senegal,Premium Sports Bundle,Web,Movie C,1,63,4.02,9.99,4065,1.23,High,0.06,1733,BUFFERING_ERROR
2026-01-04 02:56:00,Orange,Benin,Family Entertainment,Mobile,Documentary D,1,53,5.88,14.99,4131,2.61,Medium,0.44,4351,
2026-01-04 02:57:00,Airtel,Senegal,OTT Daily Pass,STB,Documentary D,1,66,7.43,14.99,729,1.47,High,0.24,3735,
2026-01-04 02:58:00,Orange,Senegal,OTT Weekly Pass,Smart TV,Sport Live,1,7,5.65,14.99,1554,2.45,High,0.17,8746,AUTH_ERROR
2026-01-04 02:59:00,Airtel,Rwanda,Family Entertainment,Web,Movie C,1,82,6.02,9.99,211,0.42,Low,0.08,7777,
2026-01-04 03:00:00,MTN,Senegal,Family Entertainment,Smart TV,Documentary D,1,83,2.07,4.99,1377,0.66,High,0.26,2893,
2026-01-04 03:01:00,Vodacom,Ivory Coast,Premium Sports Bundle,Web,Series A,1,78,2.19,4.99,4405,0.35,High,0.13,1677,
2026-01-04 03:02:00,MTN,Cameroon,OTT Daily Pass,Web,Kids Show,1,66,2.81,4.99,4921,2.03,High,0.11,5005,
2026-01-04 03:03:00,Vodacom,Rwanda,OTT Weekly Pass,Web,Documentary D,1,114,1.11,1.99,2729,0.8,Medium,0.21,6955,AUTH_ERROR
2026-01-04 03:04:00,Airtel,Cameroon,Family Entertainment,Web,Documentary D,1,49,1.24,1.99,3042,2.35,Low,0.28,4006,LOW_BITRATE
2026-01-04 03:05:00,Airtel,Rwanda,Premium Sports Bundle,STB,Kids Show,1,50,2.5,4.99,1907,3.24,Medium,0.22,2458,
2026-01-04 03:06:00,MTN,Ivory Coast,OTT Daily Pass,Web,Documentary D,1,101,5.42,9.99,3642,1.26,High,0.23,8530,LOW_BITRATE
2026-01-04 03:07:00,Moov,Ivory Coast,Premium Sports Bundle,Smart TV,Documentary D,1,17,1.12,1.99,4633,2.79,High,0.05,6129,LOW_BITRATE
2026-01-04 03:08:00,Moov,Benin,Premium Sports Bundle,Web,Documentary D,1,93,5.32,14.99,4526,0.32,High,0.3,563,
2026-01-04 03:09:00,MTN,Ivory Coast,Zero-Rating Bundle,Web,Sport Live,1,76,9.46,14.99,3987,1.01,High,0.36,7179,LOW_BITRATE
2026-01-04 03:10:00,Orange,Ivory Coast,Zero-Rating Bundle,Mobile,Movie C,1,63,7.98,14.99,4520,1.45,High,0.12,4307,
2026-01-04 03:11:00,Airtel,Morocco,OTT Daily Pass,Smart TV,Movie C,1,88,4.01,9.99,4063,0.57,High,0.36,8652,
2026-01-04 03:12:00,Orange,Rwanda,Premium Sports Bundle,Web,Movie C,1,50,3.24,4.99,3354,1.55,High,0.06,3854,
2026-01-04 03:13:00,MTN,Ivory Coast,Family Entertainment,Smart TV,Series A,1,9,2.56,4.99,4990,0.59,High,0.25,5897,
2026-01-04 03:14:00,Airtel,Rwanda,OTT Daily Pass,Web,Movie C,1,26,2.54,4.99,1070,3.19,Low,0.28,1162,
2026-01-04 03:15:00,Moov,Benin,Zero-Rating Bundle,Mobile,Kids Show,1,66,0.73,1.99,859,1.39,Medium,0.17,5602,
2026-01-04 03:16:00,Moov,Morocco,Zero-Rating Bundle,Mobile,Series A,1,91,3.27,9.99,129,2.21,Medium,0.09,3382,LOW_BITRATE
2026-01-04 03:17:00,Vodacom,Benin,Family Entertainment,Web,Documentary D,1,112,5.5,14.99,1367,2.98,High,0.35,2932,
2026-01-04 03:18:00,MTN,Senegal,OTT Weekly Pass,Mobile,Sport Live,1,30,1.3,1.99,4883,2.7,Low,0.33,3629,AUTH_ERROR
2026-01-04 03:19:00,Moov,Cameroon,OTT Daily Pass,Smart TV,Kids Show,1,63,3.5,9.99,3178,1.92,Low,0.2,6392,
2026-01-04 03:20:00,Vodacom,Benin,Family Entertainment,Web,Movie C,1,88,0.88,1.99,4035,3.03,Low,0.05,5904,
2026-01-04 03:21:00,Moov,Ivory Coast,Family Entertainment,Web,Kids Show,1,73,2.81,4.99,3296,3.4,High,0.21,2928,AUTH_ERROR
2026-01-04 03:22:00,Moov,Senegal,OTT Weekly Pass,Web,Sport Live,1,102,4.64,9.99,749,2.33,Medium,0.18,5539,BUFFERING_ERROR
2026-01-04 03:23:00,Moov,Senegal,Family Entertainment,Smart TV,Series A,1,103,5.01,14.99,3004,1.74,High,0.32,3720,
2026-01-04 03:24:00,Orange,Cameroon,Premium Sports Bundle,Smart TV,Series A,1,51,3.26,4.99,1485,0.85,Medium,0.07,1285,BUFFERING_ERROR
2026-01-04 03:25:00,Moov,Senegal,OTT Daily Pass,STB,Movie C,1,74,2.67,4.99,2162,2.11,Low,0.42,8721,
2026-01-04 03:26:00,Orange,Benin,Zero-Rating Bundle,Web,Movie C,1,9,2.99,4.99,3172,1.44,Low,0.28,6288,LOW_BITRATE
2026-01-04 03:27:00,MTN,Benin,Premium Sports Bundle,Web,Sport Live,1,81,4.66,9.99,914,1.58,Medium,0.01,5870,BUFFERING_ERROR
2026-01-04 03:28:00,Airtel,Morocco,Premium Sports Bundle,Smart TV,Movie C,1,110,1.1,1.99,393,1.48,Low,0.29,8189,LOW_BITRATE
2026-01-04 03:29:00,Moov,Cameroon,Premium Sports Bundle,STB,Series A,1,107,1.17,1.99,1862,0.32,Low,0.03,6726,AUTH_ERROR
2026-01-04 03:30:00,Vodacom,Benin,Premium Sports Bundle,STB,Series A,1,111,3.39,9.99,1154,1.35,Low,0.06,3564,BUFFERING_ERROR
2026-01-04 03:31:00,Vodacom,Rwanda,OTT Weekly Pass,Mobile,Series A,1,112,2.9,4.99,4025,1.71,Medium,0.22,1507,LOW_BITRATE
2026-01-04 03:32:00,Moov,Benin,OTT Weekly Pass,STB,Series A,1,70,4.84,9.99,2814,2.16,Low,0.44,4937,BUFFERING_ERROR
2026-01-04 03:33:00,Airtel,Senegal,Premium Sports Bundle,Web,Kids Show,1,61,4.89,9.99,2450,1.09,Low,0.12,6352,LOW_BITRATE
2026-01-04 03:34:00,Orange,Benin,Family Entertainment,Mobile,Series A,1,39,0.67,1.99,980,1.98,Medium,0.39,7866,
2026-01-04 03:35:00,Vodacom,Benin,Family Entertainment,STB,Series A,1,16,2.93,4.99,344,2.19,Low,0.23,796,BUFFERING_ERROR
2026-01-04 03:36:00,Airtel,Rwanda,Family Entertainment,Mobile,Movie C,1,6,4.94,14.99,398,1.2,Medium,0.08,694,
2026-01-04 03:37:00,Orange,Cameroon,OTT Weekly Pass,Mobile,Series A,1,12,5.48,14.99,4182,2.26,Low,0.31,1580,LOW_BITRATE
2026-01-04 03:38:00,Vodacom,Rwanda,Zero-Rating Bundle,Smart TV,Kids Show,1,19,1.32,1.99,4946,2.84,Low,0.06,8590,
2026-01-04 03:39:00,Vodacom,Ivory Coast,OTT Weekly Pass,Web,Movie C,1,79,3.41,4.99,1462,3.07,Low,0.22,7642,
2026-01-04 03:40:00,Orange,Benin,OTT Daily Pass,Smart TV,Kids Show,1,115,4.79,14.99,3367,2.35,Medium,0.02,7620,
2026-01-04 03:41:00,MTN,Senegal,Family Entertainment,Web,Kids Show,1,73,5.83,9.99,1959,1.89,High,0.32,2720,
2026-01-04 03:42:00,Moov,Morocco,Premium Sports Bundle,Smart TV,Movie C,1,16,4.88,14.99,3517,0.54,High,0.07,5314,LOW_BITRATE
2026-01-04 03:43:00,Airtel,Senegal,OTT Daily Pass,Web,Series A,1,90,2.37,4.99,4757,2.15,High,0.22,1108,LOW_BITRATE
2026-01-04 03:44:00,Orange,Cameroon,Premium Sports Bundle,Smart TV,Sport Live,1,96,4.18,9.99,1519,3.19,Low,0.33,3557,AUTH_ERROR
2026-01-04 03:45:00,Vodacom,Benin,OTT Weekly Pass,Smart TV,Kids Show,1,38,5.26,14.99,1998,3.5,Medium,0.27,4166,
2026-01-04 03:46:00,Airtel,Benin,OTT Weekly Pass,Web,Series A,1,1,5.55,9.99,3066,2.28,High,0.14,615,
2026-01-04 03:47:00,MTN,Benin,OTT Daily Pass,Mobile,Kids Show,1,99,5.51,14.99,3014,0.65,Medium,0.09,517,
2026-01-04 03:48:00,Moov,Benin,OTT Daily Pass,Smart TV,Sport Live,1,53,3.03,4.99,511,1.81,Low,0.18,1780,
2026-01-04 03:49:00,Moov,Morocco,Family Entertainment,Web,Series A,1,21,1.78,4.99,3655,3.36,High,0.39,7762,LOW_BITRATE
2026-01-04 03:50:00,Orange,Senegal,OTT Daily Pass,Web,Documentary D,1,53,0.73,1.99,1156,1.23,Medium,0.15,6645,AUTH_ERROR
2026-01-04 03:51:00,Orange,Morocco,Premium Sports Bundle,Smart TV,Documentary D,1,104,3.43,4.99,745,0.91,Medium,0.35,8779,BUFFERING_ERROR
2026-01-04 03:52:00,Moov,Morocco,Family Entertainment,STB,Documentary D,1,30,10.12,14.99,4426,1.11,Low,0.31,5282,
2026-01-04 03:53:00,Vodacom,Cameroon,OTT Weekly Pass,Smart TV,Documentary D,1,89,3.18,4.99,765,1.12,Medium,0.43,8678,LOW_BITRATE
2026-01-04 03:54:00,Orange,Senegal,Zero-Rating Bundle,Mobile,Documentary D,1,63,5.28,9.99,1177,2.06,High,0.13,2254,BUFFERING_ERROR
2026-01-04 03:55:00,Moov,Benin,OTT Daily Pass,Smart TV,Documentary D,1,112,3.02,9.99,398,2.34,High,0.29,524,AUTH_ERROR
2026-01-04 03:56:00,Vodacom,Rwanda,Premium Sports Bundle,Mobile,Kids Show,1,34,5.38,9.99,4980,3.18,Medium,0.05,3355,LOW_BITRATE
2026-01-04 03:57:00,Vodacom,Cameroon,Family Entertainment,Web,Movie C,1,98,6.16,9.99,2654,3.14,Medium,0.05,2138,
2026-01-04 03:58:00,MTN,Benin,Zero-Rating Bundle,Web,Series A,1,19,0.68,1.99,986,0.15,Medium,0.34,4282,BUFFERING_ERROR
2026-01-04 03:59:00,Vodacom,Rwanda,Family Entertainment,Web,Kids Show,1,15,4.48,9.99,1672,0.79,High,0.18,8294,
2026-01-04 04:00:00,Orange,Rwanda,Zero-Rating Bundle,Smart TV,Movie C,1,44,0.68,1.99,706,1.2,High,0.08,4901,
2026-01-04 04:01:00,Orange,Senegal,OTT Daily Pass,Mobile,Series A,1,80,1.68,4.99,3761,1.54,Low,0.2,5570,
2026-01-04 04:02:00,Orange,Morocco,OTT Weekly Pass,Smart TV,Documentary D,1,65,2.52,4.99,4578,0.52,Low,0.03,4268,
2026-01-04 04:03:00,MTN,Morocco,Zero-Rating Bundle,Mobile,Documentary D,1,39,1.0,1.99,3264,1.69,Low,0.06,4402,LOW_BITRATE
2026-01-04 04:04:00,Vodacom,Cameroon,OTT Weekly Pass,Web,Documentary D,1,42,4.33,9.99,1735,0.61,Low,0.05,7833,
2026-01-04 04:05:00,Airtel,Cameroon,OTT Daily Pass,STB,Documentary D,1,73,5.32,9.99,3477,2.39,Low,0.07,1481,
2026-01-04 04:06:00,Orange,Benin,Zero-Rating Bundle,Smart TV,Kids Show,1,46,2.23,4.99,2290,2.53,Low,0.38,5504,
2026-01-04 04:07:00,Moov,Benin,OTT Weekly Pass,STB,Documentary D,1,103,9.27,14.99,1606,3.4,Medium,0.27,4837,
2026-01-04 04:08:00,Vodacom,Benin,Family Entertainment,Smart TV,Movie C,1,102,2.57,4.99,3091,0.98,Medium,0.44,2258,LOW_BITRATE
2026-01-04 04:09:00,Moov,Cameroon,OTT Weekly Pass,STB,Movie C,1,78,8.03,14.99,3542,2.61,Medium,0.42,2893,
2026-01-04 04:10:00,Orange,Cameroon,Premium Sports Bundle,STB,Sport Live,1,51,3.19,4.99,4671,3.11,High,0.33,1926,BUFFERING_ERROR
2026-01-04 04:11:00,Orange,Cameroon,Family Entertainment,Web,Sport Live,1,13,5.35,9.99,3726,0.72,Low,0.06,4770,
2026-01-04 04:12:00,MTN,Cameroon,Premium Sports Bundle,Mobile,Sport Live,1,23,7.15,14.99,2819,0.62,Medium,0.19,4945,
2026-01-04 04:13:00,Airtel,Benin,Family Entertainment,Smart TV,Sport Live,1,31,4.23,9.99,1366,0.75,Medium,0.27,5521,
2026-01-04 04:14:00,Orange,Rwanda,OTT Daily Pass,Mobile,Series A,1,64,8.36,14.99,3253,2.49,Low,0.38,3294,LOW_BITRATE
2026-01-04 04:15:00,Airtel,Morocco,OTT Weekly Pass,Web,Documentary D,1,88,0.7,1.99,4668,0.17,Medium,0.18,6590,BUFFERING_ERROR
2026-01-04 04:16:00,Vodacom,Rwanda,Family Entertainment,STB,Sport Live,1,108,2.73,4.99,3267,1.71,Low,0.39,2391,LOW_BITRATE
2026-01-04 04:17:00,Airtel,Ivory Coast,Family Entertainment,Mobile,Documentary D,1,46,6.72,9.99,373,1.9,Medium,0.32,8171,
2026-01-04 04:18:00,MTN,Rwanda,Premium Sports Bundle,STB,Kids Show,1,83,6.48,14.99,2864,1.85,Medium,0.06,6526,BUFFERING_ERROR
2026-01-04 04:19:00,Orange,Morocco,Premium Sports Bundle,Web,Sport Live,1,25,6.32,14.99,336,2.87,Medium,0.37,7725,AUTH_ERROR
2026-01-04 04:20:00,Airtel,Morocco,OTT Weekly Pass,STB,Movie C,1,109,3.41,4.99,600,3.45,High,0.41,3673,
2026-01-04 04:21:00,Orange,Cameroon,OTT Daily Pass,STB,Kids Show,1,14,0.87,1.99,2604,1.89,Low,0.23,1600,AUTH_ERROR
2026-01-04 04:22:00,MTN,Cameroon,Zero-Rating Bundle,Mobile,Movie C,1,80,1.09,1.99,3957,2.1,High,0.33,3848,AUTH_ERROR
2026-01-04 04:23:00,Vodacom,Senegal,OTT Daily Pass,Mobile,Documentary D,1,94,5.48,14.99,4864,1.37,Low,0.26,5685,AUTH_ERROR
2026-01-04 04:24:00,MTN,Cameroon,Family Entertainment,Mobile,Sport Live,1,84,3.16,4.99,4428,3.49,Low,0.41,5548,AUTH_ERROR
2026-01-04 04:25:00,MTN,Benin,OTT Weekly Pass,Mobile,Documentary D,1,59,7.54,14.99,1641,1.84,High,0.28,2349,
2026-01-04 04:26:00,MTN,Benin,Family Entertainment,STB,Documentary D,1,52,1.27,1.99,1833,0.2,Medium,0.34,8147,BUFFERING_ERROR
2026-01-04 04:27:00,Vodacom,Rwanda,OTT Daily Pass,Web,Series A,1,58,5.06,9.99,2572,0.85,High,0.35,2753,
2026-01-04 04:28:00,Vodacom,Senegal,Premium Sports Bundle,Smart TV,Movie C,1,6,10.38,14.99,4334,0.21,Medium,0.17,6547,BUFFERING_ERROR
2026-01-04 04:29:00,Airtel,Rwanda,OTT Weekly Pass,Web,Documentary D,1,75,4.14,9.99,147,2.07,High,0.1,6190,LOW_BITRATE
2026-01-04 04:30:00,Moov,Cameroon,Family Entertainment,STB,Movie C,1,86,3.47,4.99,147,1.15,Medium,0.15,1655,
2026-01-04 04:31:00,Moov,Rwanda,Zero-Rating Bundle,Mobile,Kids Show,1,67,1.67,4.99,3574,3.25,High,0.32,2840,
2026-01-04 04:32:00,Airtel,Senegal,Zero-Rating Bundle,Mobile,Sport Live,1,66,7.86,14.99,1451,1.35,High,0.35,6346,LOW_BITRATE
2026-01-04 04:33:00,Airtel,Ivory Coast,Zero-Rating Bundle,STB,Documentary D,1,85,5.49,9.99,1169,0.77,High,0.02,1813,
2026-01-04 04:34:00,Orange,Morocco,Family Entertainment,Web,Documentary D,1,75,2.29,4.99,217,2.05,Medium,0.42,2322,BUFFERING_ERROR
2026-01-04 04:35:00,Vodacom,Senegal,OTT Daily Pass,STB,Sport Live,1,7,5.87,9.99,79,1.99,Low,0.06,5775,LOW_BITRATE
2026-01-04 04:36:00,Orange,Senegal,OTT Daily Pass,Mobile,Sport Live,1,77,3.16,4.99,3958,3.38,High,0.38,1050,BUFFERING_ERROR
2026-01-04 04:37:00,MTN,Benin,Family Entertainment,STB,Sport Live,1,79,7.23,14.99,1328,1.4,Medium,0.15,4017,LOW_BITRATE
2026-01-04 04:38:00,Moov,Rwanda,Premium Sports Bundle,Mobile,Movie C,1,113,5.47,9.99,4727,0.11,High,0.19,3737,LOW_BITRATE
2026-01-04 04:39:00,Airtel,Ivory Coast,OTT Daily Pass,Smart TV,Kids Show,1,98,4.28,9.99,2323,1.15,High,0.11,3769,BUFFERING_ERROR
2026-01-04 04:40:00,Airtel,Benin,Premium Sports Bundle,Smart TV,Movie C,1,84,6.81,14.99,553,0.73,High,0.03,7574,
2026-01-04 04:41:00,Airtel,Senegal,Premium Sports Bundle,STB,Kids Show,1,10,4.81,9.99,1594,0.88,High,0.27,6037,LOW_BITRATE
2026-01-04 04:42:00,Moov,Cameroon,OTT Daily Pass,Web,Sport Live,1,42,1.21,1.99,1833,2.32,Medium,0.21,7946,AUTH_ERROR
2026-01-04 04:43:00,MTN,Morocco,Zero-Rating Bundle,Mobile,Movie C,1,74,6.27,14.99,705,1.93,Low,0.37,6289,
2026-01-04 04:44:00,Moov,Cameroon,Zero-Rating Bundle,Web,Movie C,1,89,2.47,4.99,1227,0.69,High,0.04,2997,
2026-01-04 04:45:00,MTN,Morocco,Zero-Rating Bundle,Mobile,Sport Live,1,5,5.23,14.99,2964,2.58,High,0.42,2899,AUTH_ERROR
2026-01-04 04:46:00,Vodacom,Cameroon,Zero-Rating Bundle,Web,Series A,1,106,2.33,4.99,2730,0.68,High,0.39,8591,
2026-01-04 04:47:00,MTN,Morocco,Zero-Rating Bundle,STB,Movie C,1,9,5.34,14.99,400,3.2,High,0.32,655,
2026-01-04 04:48:00,Vodacom,Morocco,OTT Weekly Pass,Web,Sport Live,1,76,6.08,9.99,4778,1.74,Low,0.12,6776,
2026-01-04 04:49:00,Vodacom,Rwanda,Zero-Rating Bundle,STB,Kids Show,1,38,6.54,9.99,2472,2.72,Medium,0.07,6452,
2026-01-04 04:50:00,Moov,Ivory Coast,OTT Weekly Pass,Smart TV,Kids Show,1,107,6.32,14.99,2056,0.28,Medium,0.26,4305,
2026-01-04 04:51:00,Airtel,Ivory Coast,OTT Daily Pass,Web,Series A,1,19,5.44,14.99,2958,1.03,High,0.42,3683,
2026-01-04 04:52:00,Vodacom,Senegal,Family Entertainment,Mobile,Series A,1,22,2.83,4.99,3575,0.78,High,0.23,8053,LOW_BITRATE
2026-01-04 04:53:00,Moov,Rwanda,Zero-Rating Bundle,STB,Movie C,1,62,4.15,9.99,2809,2.47,High,0.12,964,LOW_BITRATE
2026-01-04 04:54:00,Airtel,Morocco,Zero-Rating Bundle,STB,Movie C,1,65,7.46,14.99,3801,2.09,High,0.15,7598,
2026-01-04 04:55:00,Orange,Benin,Family Entertainment,STB,Series A,1,63,6.14,14.99,2192,0.44,Low,0.36,2107,AUTH_ERROR
2026-01-04 04:56:00,Orange,Morocco,Zero-Rating Bundle,Mobile,Kids Show,1,114,7.14,14.99,1794,1.69,Low,0.24,7654,
2026-01-04 04:57:00,Orange,Ivory Coast,OTT Daily Pass,Mobile,Movie C,1,39,4.38,9.99,2803,1.19,Low,0.02,4607,
2026-01-04 04:58:00,Airtel,Senegal,Family Entertainment,Web,Kids Show,1,114,2.29,4.99,4841,1.69,Low,0.06,4362,
2026-01-04 04:59:00,Orange,Cameroon,OTT Weekly Pass,Mobile,Kids Show,1,101,1.15,1.99,3218,3.49,Medium,0.39,1131,BUFFERING_ERROR
2026-01-04 05:00:00,MTN,Rwanda,Premium Sports Bundle,Mobile,Documentary D,1,68,2.82,4.99,680,0.15,Medium,0.25,6831,LOW_BITRATE
2026-01-04 05:01:00,Vodacom,Rwanda,Zero-Rating Bundle,Smart TV,Documentary D,1,78,9.91,14.99,4105,0.62,Low,0.12,2910,
2026-01-04 05:02:00,MTN,Senegal,OTT Weekly Pass,Smart TV,Documentary D,1,55,7.19,14.99,2240,3.03,Low,0.05,8674,
2026-01-04 05:03:00,Airtel,Benin,Premium Sports Bundle,Web,Documentary D,1,40,3.07,9.99,811,2.41,Medium,0.01,3688,
2026-01-04 05:04:00,Orange,Cameroon,Premium Sports Bundle,Mobile,Kids Show,1,37,8.62,14.99,757,1.54,Medium,0.37,2751,
2026-01-04 05:05:00,MTN,Morocco,OTT Daily Pass,STB,Documentary D,1,7,8.93,14.99,1000,2.04,Low,0.14,1452,
2026-01-04 05:06:00,MTN,Senegal,OTT Weekly Pass,Smart TV,Documentary D,1,21,5.81,14.99,3373,1.36,High,0.06,7282,BUFFERING_ERROR
2026-01-04 05:07:00,Vodacom,Ivory Coast,Zero-Rating Bundle,Smart TV,Kids Show,1,33,6.5,9.99,1014,1.73,Medium,0.26,8253,AUTH_ERROR
2026-01-04 05:08:00,Moov,Senegal,OTT Weekly Pass,Smart TV,Sport Live,1,109,6.4,9.99,4712,2.96,High,0.43,4928,
2026-01-04 05:09:00,Airtel,Ivory Coast,Premium Sports Bundle,Mobile,Movie C,1,16,1.93,4.99,1094,2.58,High,0.19,5394,LOW_BITRATE
2026-01-04 05:10:00,Orange,Cameroon,Premium Sports Bundle,STB,Movie C,1,60,2.07,4.99,4733,1.96,High,0.11,8278,AUTH_ERROR
2026-01-04 05:11:00,MTN,Benin,OTT Weekly Pass,Web,Series A,1,108,2.77,4.99,168,2.28,High,0.35,2689,
2026-01-04 05:12:00,MTN,Morocco,OTT Weekly Pass,Mobile,Series A,1,6,10.39,14.99,2875,0.98,Medium,0.41,940,AUTH_ERROR
2026-01-04 05:13:00,MTN,Rwanda,Family Entertainment,Smart TV,Movie C,1,100,3.25,4.99,203,2.16,High,0.27,4236,LOW_BITRATE
2026-01-04 05:14:00,MTN,Benin,OTT Weekly Pass,STB,Kids Show,1,42,5.04,14.99,2532,2.67,Low,0.02,8632,
2026-01-04 05:15:00,Airtel,Senegal,Zero-Rating Bundle,STB,Series A,1,77,4.85,9.99,1038,1.24,Low,0.37,2117,
2026-01-04 05:16:00,Moov,Ivory Coast,OTT Weekly Pass,Web,Series A,1,42,3.17,9.99,4907,1.96,High,0.12,3703,LOW_BITRATE
2026-01-04 05:17:00,MTN,Senegal,Zero-Rating Bundle,Web,Kids Show,1,88,3.24,4.99,2598,0.37,Medium,0.32,2063,
2026-01-04 05:18:00,Airtel,Senegal,Zero-Rating Bundle,Mobile,Sport Live,1,118,4.8,14.99,3622,2.87,Low,0.37,5389,AUTH_ERROR
2026-01-04 05:19:00,Airtel,Morocco,OTT Weekly Pass,Smart TV,Documentary D,1,42,3.48,9.99,1449,1.82,Low,0.04,4036,
2026-01-04 05:20:00,MTN,Morocco,OTT Weekly Pass,Web,Movie C,1,12,0.7,1.99,4904,0.38,Medium,0.27,5352,BUFFERING_ERROR
2026-01-04 05:21:00,Orange,Senegal,Zero-Rating Bundle,STB,Movie C,1,111,3.83,9.99,4395,3.08,Medium,0.06,3050,
2026-01-04 05:22:00,Vodacom,Cameroon,Family Entertainment,Mobile,Series A,1,21,1.56,4.99,3081,1.55,Low,0.07,4003,
2026-01-04 05:23:00,Vodacom,Ivory Coast,Zero-Rating Bundle,Smart TV,Kids Show,1,53,2.53,4.99,1993,3.12,High,0.22,2813,
2026-01-04 05:24:00,Airtel,Ivory Coast,Premium Sports Bundle,Web,Sport Live,1,109,1.04,1.99,2971,0.37,Low,0.35,2126,LOW_BITRATE
2026-01-04 05:25:00,Moov,Cameroon,Premium Sports Bundle,Smart TV,Series A,1,42,9.01,14.99,3192,1.69,Low,0.4,2936,
2026-01-04 05:26:00,MTN,Rwanda,Premium Sports Bundle,STB,Sport Live,1,66,3.24,4.99,4844,0.86,Low,0.09,3005,
2026-01-04 05:27:00,Orange,Rwanda,Zero-Rating Bundle,STB,Kids Show,1,82,1.29,1.99,4913,2.39,Medium,0.41,3402,BUFFERING_ERROR
2026-01-04 05:28:00,Airtel,Rwanda,Premium Sports Bundle,STB,Documentary D,1,96,1.68,4.99,1967,0.34,Low,0.04,5217,LOW_BITRATE
2026-01-04 05:29:00,Moov,Rwanda,Zero-Rating Bundle,Web,Documentary D,1,114,0.61,1.99,1799,2.82,Low,0.31,1170,LOW_BITRATE
2026-01-04 05:30:00,Airtel,Morocco,OTT Weekly Pass,Web,Series A,1,97,6.27,9.99,2708,0.36,Medium,0.1,8404,LOW_BITRATE
2026-01-04 05:31:00,MTN,Cameroon,Family Entertainment,Smart TV,Documentary D,1,119,8.55,14.99,460,1.04,High,0.34,2104,
2026-01-04 05:32:00,Vodacom,Ivory Coast,Family Entertainment,Mobile,Series A,1,26,0.6,1.99,4972,0.76,High,0.2,6115,
2026-01-04 05:33:00,Orange,Benin,Zero-Rating Bundle,Smart TV,Kids Show,1,50,3.4,9.99,1527,3.18,Medium,0.03,3354,
2026-01-04 05:34:00,Vodacom,Benin,OTT Weekly Pass,Smart TV,Kids Show,1,52,1.24,1.99,1771,2.46,High,0.11,6830,BUFFERING_ERROR
2026-01-04 05:35:00,Orange,Cameroon,Zero-Rating Bundle,Smart TV,Documentary D,1,92,2.85,4.99,2779,2.43,Medium,0.37,8585,LOW_BITRATE
2026-01-04 05:36:00,Moov,Morocco,Zero-Rating Bundle,Smart TV,Sport Live,1,26,0.84,1.99,4921,1.33,High,0.05,5048,
2026-01-04 05:37:00,Vodacom,Rwanda,OTT Weekly Pass,Smart TV,Series A,1,62,5.74,14.99,2107,0.15,Medium,0.39,3949,
2026-01-04 05:38:00,Orange,Benin,Zero-Rating Bundle,Web,Documentary D,1,50,4.76,9.99,4435,0.9,Low,0.14,5599,
2026-01-04 05:39:00,Vodacom,Morocco,Premium Sports Bundle,Web,Kids Show,1,46,7.5,14.99,1788,0.9,Low,0.12,6455,BUFFERING_ERROR
2026-01-04 05:40:00,Airtel,Ivory Coast,OTT Weekly Pass,Web,Documentary D,1,119,5.12,9.99,1207,1.44,Medium,0.02,962,BUFFERING_ERROR
2026-01-04 05:41:00,MTN,Morocco,OTT Weekly Pass,STB,Documentary D,1,1,1.26,1.99,2942,1.83,High,0.36,6255,AUTH_ERROR
2026-01-04 05:42:00,Moov,Rwanda,Premium Sports Bundle,Web,Kids Show,1,87,5.46,9.99,4789,0.48,Medium,0.1,3615,
2026-01-04 05:43:00,MTN,Senegal,Premium Sports Bundle,Smart TV,Sport Live,1,15,10.35,14.99,1547,3.48,Low,0.23,6552,
2026-01-04 05:44:00,Orange,Rwanda,Zero-Rating Bundle,Web,Movie C,1,78,4.21,9.99,3272,3.25,Medium,0.12,4887,
2026-01-04 05:45:00,Orange,Senegal,Family Entertainment,STB,Kids Show,1,103,2.1,4.99,221,1.66,High,0.12,3088,LOW_BITRATE
2026-01-04 05:46:00,Moov,Rwanda,Zero-Rating Bundle,Web,Movie C,1,75,10.3,14.99,4731,0.88,High,0.28,6769,LOW_BITRATE
2026-01-04 05:47:00,MTN,Rwanda,OTT Daily Pass,STB,Series A,1,43,4.95,9.99,2378,2.72,Medium,0.11,5710,AUTH_ERROR
2026-01-04 05:48:00,Orange,Senegal,OTT Weekly Pass,STB,Documentary D,1,24,1.33,1.99,2748,3.24,Low,0.15,4980,AUTH_ERROR
2026-01-04 05:49:00,Airtel,Senegal,Premium Sports Bundle,STB,Series A,1,54,2.76,4.99,3186,2.82,Low,0.09,2922,BUFFERING_ERROR
2026-01-04 05:50:00,MTN,Ivory Coast,Family Entertainment,Web,Documentary D,1,63,6.15,14.99,619,0.35,Medium,0.31,6666,
2026-01-04 05:51:00,MTN,Cameroon,OTT Weekly Pass,Mobile,Kids Show,1,118,6.76,9.99,937,1.31,Low,0.44,5611,LOW_BITRATE
2026-01-04 05:52:00,Vodacom,Senegal,Family Entertainment,Mobile,Sport Live,1,93,3.55,9.99,368,2.91,Low,0.27,8146,AUTH_ERROR
2026-01-04 05:53:00,Moov,Benin,Zero-Rating Bundle,STB,Movie C,1,23,6.72,9.99,964,3.1,Medium,0.14,6038,LOW_BITRATE
2026-01-04 05:54:00,Vodacom,Morocco,OTT Daily Pass,Mobile,Movie C,1,92,5.64,9.99,1078,3.2,High,0.37,976,AUTH_ERROR
2026-01-04 05:55:00,Vodacom,Benin,OTT Daily Pass,Mobile,Documentary D,1,120,1.09,1.99,3601,3.36,Low,0.16,7192,
2026-01-04 05:56:00,MTN,Rwanda,OTT Daily Pass,Mobile,Kids Show,1,74,2.38,4.99,818,0.19,Medium,0.11,5939,BUFFERING_ERROR
2026-01-04 05:57:00,Moov,Senegal,OTT Daily Pass,STB,Series A,1,42,4.6,14.99,3363,3.07,Low,0.35,6208,
2026-01-04 05:58:00,Airtel,Benin,OTT Daily Pass,Mobile,Kids Show,1,78,3.48,9.99,843,0.77,Medium,0.42,5985,
2026-01-04 05:59:00,MTN,Morocco,OTT Weekly Pass,Smart TV,Kids Show,1,98,3.12,4.99,4634,1.73,Low,0.26,7959,
2026-01-04 06:00:00,Airtel,Ivory Coast,OTT Daily Pass,STB,Movie C,1,59,7.27,14.99,4959,0.52,Medium,0.44,598,BUFFERING_ERROR
2026-01-04 06:01:00,Vodacom,Rwanda,OTT Daily Pass,Mobile,Series A,1,90,4.96,14.99,3896,0.21,Low,0.22,8983,
2026-01-04 06:02:00,Orange,Senegal,Zero-Rating Bundle,Mobile,Kids Show,1,67,3.47,9.99,2860,1.43,Medium,0.02,4557,BUFFERING_ERROR
2026-01-04 06:03:00,Vodacom,Senegal,Premium Sports Bundle,Smart TV,Movie C,1,102,0.99,1.99,4487,3.35,Medium,0.24,8004,AUTH_ERROR
2026-01-04 06:04:00,Orange,Benin,Family Entertainment,STB,Series A,1,59,1.05,1.99,743,1.23,High,0.4,7451,
2026-01-04 06:05:00,Orange,Benin,Zero-Rating Bundle,Smart TV,Kids Show,1,39,2.45,4.99,687,1.24,High,0.03,4027,
2026-01-04 06:06:00,Airtel,Rwanda,Zero-Rating Bundle,Web,Kids Show,1,66,5.07,9.99,1168,1.97,Medium,0.11,6096,
2026-01-04 06:07:00,Vodacom,Senegal,OTT Weekly Pass,Smart TV,Series A,1,63,3.4,4.99,338,1.13,Low,0.19,2840,AUTH_ERROR
2026-01-04 06:08:00,Airtel,Benin,Zero-Rating Bundle,STB,Series A,1,67,2.68,4.99,2780,1.0,High,0.15,4713,
2026-01-04 06:09:00,Moov,Rwanda,OTT Daily Pass,STB,Series A,1,118,6.85,9.99,143,0.14,Medium,0.42,6748,BUFFERING_ERROR
2026-01-04 06:10:00,MTN,Ivory Coast,Family Entertainment,STB,Documentary D,1,82,1.9,4.99,1575,0.21,Medium,0.1,3775,
2026-01-04 06:11:00,Vodacom,Ivory Coast,Premium Sports Bundle,Web,Kids Show,1,41,3.22,9.99,1214,1.88,Medium,0.21,5576,
2026-01-04 06:12:00,Vodacom,Ivory Coast,OTT Daily Pass,Web,Movie C,1,35,10.16,14.99,733,1.18,High,0.32,1907,
2026-01-04 06:13:00,Moov,Morocco,Family Entertainment,Web,Series A,1,42,5.27,9.99,4233,1.19,Low,0.1,4553,
2026-01-04 06:14:00,Vodacom,Benin,Family Entertainment,Web,Kids Show,1,15,3.94,9.99,3045,2.7,High,0.06,1358,
2026-01-04 06:15:00,MTN,Ivory Coast,Zero-Rating Bundle,Web,Kids Show,1,14,3.22,4.99,287,3.29,Medium,0.18,3393,
2026-01-04 06:16:00,Orange,Senegal,OTT Weekly Pass,Web,Sport Live,1,55,1.01,1.99,4952,1.53,High,0.26,4140,LOW_BITRATE
2026-01-04 06:17:00,Moov,Morocco,OTT Daily Pass,Web,Sport Live,1,18,4.53,9.99,2547,2.59,Low,0.27,3975,
2026-01-04 06:18:00,Orange,Cameroon,Premium Sports Bundle,Web,Series A,1,102,4.25,9.99,2499,3.44,Medium,0.18,8696,
2026-01-04 06:19:00,Airtel,Benin,Zero-Rating Bundle,Mobile,Series A,1,117,5.37,14.99,1750,3.19,Medium,0.11,2556,
2026-01-04 06:20:00,Moov,Rwanda,Zero-Rating Bundle,Smart TV,Movie C,1,48,2.22,4.99,2788,1.62,High,0.32,3731,
2026-01-04 06:21:00,MTN,Benin,OTT Weekly Pass,Mobile,Movie C,1,100,0.93,1.99,2121,2.09,Low,0.09,3553,
2026-01-04 06:22:00,Airtel,Senegal,OTT Daily Pass,Mobile,Documentary D,1,56,1.92,4.99,851,0.19,Low,0.32,4611,AUTH_ERROR
2026-01-04 06:23:00,MTN,Ivory Coast,OTT Daily Pass,STB,Movie C,1,109,10.45,14.99,1689,0.93,High,0.3,2891,
2026-01-04 06:24:00,MTN,Benin,Zero-Rating Bundle,Web,Movie C,1,20,7.72,14.99,3710,3.23,High,0.13,7027,BUFFERING_ERROR
2026-01-04 06:25:00,Moov,Cameroon,OTT Daily Pass,Mobile,Movie C,1,25,2.73,4.99,4704,0.1,Low,0.15,5763,
2026-01-04 06:26:00,Moov,Benin,OTT Weekly Pass,STB,Kids Show,1,56,3.69,9.99,2883,1.83,Low,0.12,1223,LOW_BITRATE
2026-01-04 06:27:00,Airtel,Senegal,Family Entertainment,STB,Documentary D,1,40,2.67,4.99,3369,2.79,High,0.27,4599,BUFFERING_ERROR
2026-01-04 06:28:00,Orange,Ivory Coast,Premium Sports Bundle,Smart TV,Movie C,1,18,7.45,14.99,4187,0.71,Medium,0.39,2454,
2026-01-04 06:29:00,Vodacom,Ivory Coast,Premium Sports Bundle,Smart TV,Series A,1,48,9.42,14.99,1108,1.42,Medium,0.13,7847,LOW_BITRATE
2026-01-04 06:30:00,Moov,Rwanda,OTT Weekly Pass,STB,Movie C,1,20,7.67,14.99,3881,2.21,Low,0.19,6339,
2026-01-04 06:31:00,Orange,Morocco,OTT Weekly Pass,STB,Sport Live,1,83,3.67,9.99,148,0.33,Medium,0.23,2529,LOW_BITRATE
2026-01-04 06:32:00,Vodacom,Morocco,OTT Daily Pass,STB,Series A,1,68,7.63,14.99,2721,3.06,Low,0.07,1950,BUFFERING_ERROR
2026-01-04 06:33:00,Vodacom,Morocco,Premium Sports Bundle,Mobile,Series A,1,16,0.97,1.99,1634,3.23,Low,0.28,5445,BUFFERING_ERROR
2026-01-04 06:34:00,Moov,Ivory Coast,Premium Sports Bundle,Web,Documentary D,1,75,6.45,9.99,1820,2.27,Low,0.24,8459,BUFFERING_ERROR
2026-01-04 06:35:00,Vodacom,Rwanda,OTT Daily Pass,STB,Sport Live,1,93,1.26,1.99,3545,2.81,Low,0.06,2343,
2026-01-04 06:36:00,Vodacom,Ivory Coast,Family Entertainment,Smart TV,Sport Live,1,75,1.17,1.99,4951,2.92,Medium,0.22,579,
2026-01-04 06:37:00,MTN,Senegal,Zero-Rating Bundle,Mobile,Sport Live,1,81,7.59,14.99,1589,2.16,High,0.17,3942,LOW_BITRATE
2026-01-04 06:38:00,Moov,Cameroon,OTT Daily Pass,Smart TV,Documentary D,1,72,0.8,1.99,2567,3.31,Medium,0.05,4199,
2026-01-04 06:39:00,Airtel,Ivory Coast,Family Entertainment,Smart TV,Documentary D,1,103,9.61,14.99,3397,3.45,Low,0.02,2294,
2026-01-04 06:40:00,Moov,Senegal,OTT Daily Pass,Web,Series A,1,111,5.52,14.99,2325,1.18,Low,0.42,6904,BUFFERING_ERROR
2026-01-04 06:41:00,Vodacom,Benin,Zero-Rating Bundle,STB,Sport Live,1,108,7.63,14.99,2689,2.13,Medium,0.1,6657,BUFFERING_ERROR
2026-01-04 06:42:00,Moov,Benin,Zero-Rating Bundle,STB,Series A,1,1,0.66,1.99,3658,0.88,High,0.26,7131,
2026-01-04 06:43:00,Orange,Senegal,Family Entertainment,Mobile,Movie C,1,93,0.82,1.99,1310,2.38,High,0.29,6150,BUFFERING_ERROR
2026-01-04 06:44:00,Vodacom,Benin,OTT Weekly Pass,Smart TV,Kids Show,1,53,2.22,4.99,2850,2.22,High,0.41,6585,BUFFERING_ERROR
2026-01-04 06:45:00,Moov,Morocco,Family Entertainment,Web,Movie C,1,78,6.93,9.99,4958,3.28,High,0.38,4551,BUFFERING_ERROR
2026-01-04 06:46:00,Airtel,Senegal,OTT Weekly Pass,Web,Sport Live,1,103,9.03,14.99,4674,1.02,High,0.37,2430,
2026-01-04 06:47:00,MTN,Senegal,Family Entertainment,Smart TV,Documentary D,1,10,3.28,4.99,2616,1.79,Medium,0.42,3567,AUTH_ERROR
2026-01-04 06:48:00,Airtel,Ivory Coast,Premium Sports Bundle,Smart TV,Series A,1,56,5.64,14.99,4779,3.45,Low,0.03,2409,AUTH_ERROR
2026-01-04 06:49:00,Orange,Ivory Coast,Zero-Rating Bundle,Smart TV,Documentary D,1,45,1.81,4.99,4655,1.4,High,0.02,8955,
2026-01-04 06:50:00,Airtel,Senegal,Family Entertainment,STB,Series A,1,82,5.81,14.99,3285,2.81,Low,0.16,3651,
2026-01-04 06:51:00,MTN,Cameroon,OTT Daily Pass,Web,Documentary D,1,8,5.32,14.99,2107,2.26,High,0.29,8515,AUTH_ERROR
2026-01-04 06:52:00,Orange,Rwanda,OTT Daily Pass,Smart TV,Series A,1,88,3.02,9.99,404,2.39,Low,0.02,5979,BUFFERING_ERROR
2026-01-04 06:53:00,Moov,Benin,Family Entertainment,Mobile,Movie C,1,42,5.18,9.99,1141,3.35,High,0.29,2383,
2026-01-04 06:54:00,Vodacom,Rwanda,OTT Weekly Pass,Mobile,Sport Live,1,69,3.47,4.99,4242,0.49,Low,0.43,5635,LOW_BITRATE
2026-01-04 06:55:00,Orange,Benin,OTT Daily Pass,Mobile,Sport Live,1,21,6.84,9.99,1363,3.47,Low,0.22,2471,BUFFERING_ERROR
2026-01-04 06:56:00,Airtel,Morocco,Premium Sports Bundle,Web,Kids Show,1,29,3.62,9.99,1383,2.8,Low,0.1,5070,
2026-01-04 06:57:00,Vodacom,Benin,Premium Sports Bundle,Mobile,Series A,1,81,10.36,14.99,1056,1.85,Medium,0.3,8172,
2026-01-04 06:58:00,Vodacom,Ivory Coast,Zero-Rating Bundle,STB,Sport Live,1,78,7.97,14.99,3852,3.39,Low,0.03,4697,
2026-01-04 06:59:00,Orange,Morocco,Family Entertainment,Smart TV,Movie C,1,71,3.46,9.99,1362,0.72,Medium,0.37,4641,
2026-01-04 07:00:00,Vodacom,Morocco,Zero-Rating Bundle,Web,Documentary D,1,80,7.63,14.99,904,1.44,Low,0.1,8123,
2026-01-04 07:01:00,Vodacom,Benin,Zero-Rating Bundle,Smart TV,Movie C,1,54,3.72,9.99,1005,0.84,High,0.02,1697,BUFFERING_ERROR
2026-01-04 07:02:00,Airtel,Cameroon,OTT Daily Pass,STB,Documentary D,1,70,1.16,1.99,4807,0.69,Medium,0.26,4749,
2026-01-04 07:03:00,Orange,Cameroon,OTT Daily Pass,STB,Kids Show,1,61,0.95,1.99,3599,3.18,High,0.25,6071,BUFFERING_ERROR
2026-01-04 07:04:00,Moov,Benin,Zero-Rating Bundle,Mobile,Movie C,1,79,6.35,14.99,2106,0.25,Medium,0.07,6164,
2026-01-04 07:05:00,Moov,Morocco,OTT Weekly Pass,Smart TV,Series A,1,84,3.02,9.99,4386,0.44,Medium,0.26,7688,
2026-01-04 07:06:00,Vodacom,Cameroon,Family Entertainment,Smart TV,Series A,1,71,3.13,4.99,4961,1.82,High,0.12,3261,
2026-01-04 07:07:00,Vodacom,Ivory Coast,Zero-Rating Bundle,Smart TV,Sport Live,1,5,4.58,14.99,4133,2.53,High,0.24,6585,
2026-01-04 07:08:00,Moov,Ivory Coast,Zero-Rating Bundle,Mobile,Kids Show,1,10,2.24,4.99,4422,1.06,Low,0.3,6555,
2026-01-04 07:09:00,Airtel,Cameroon,Zero-Rating Bundle,Smart TV,Kids Show,1,111,2.55,4.99,1607,2.84,High,0.05,5306,
2026-01-04 07:10:00,Airtel,Ivory Coast,Family Entertainment,Web,Series A,1,24,5.51,9.99,355,1.57,Low,0.25,7581,BUFFERING_ERROR
2026-01-04 07:11:00,MTN,Cameroon,OTT Weekly Pass,STB,Sport Live,1,46,3.33,4.99,2639,3.24,Low,0.21,923,
2026-01-04 07:12:00,Airtel,Ivory Coast,OTT Weekly Pass,Mobile,Sport Live,1,8,3.89,9.99,3162,2.18,Low,0.26,922,BUFFERING_ERROR
2026-01-04 07:13:00,MTN,Rwanda,Family Entertainment,Mobile,Sport Live,1,65,2.62,4.99,1278,2.42,Low,0.42,4939,
2026-01-04 07:14:00,Moov,Senegal,Premium Sports Bundle,Web,Sport Live,1,80,4.0,9.99,502,2.11,High,0.06,1627,AUTH_ERROR
2026-01-04 07:15:00,Vodacom,Rwanda,Premium Sports Bundle,Smart TV,Kids Show,1,31,6.14,9.99,2937,1.81,Medium,0.29,8536,
2026-01-04 07:16:00,Orange,Cameroon,Premium Sports Bundle,Web,Sport Live,1,28,2.69,4.99,3525,0.47,Low,0.07,7347,BUFFERING_ERROR
2026-01-04 07:17:00,Orange,Senegal,Zero-Rating Bundle,Web,Kids Show,1,13,0.93,1.99,4099,3.36,Medium,0.17,5442,BUFFERING_ERROR
2026-01-04 07:18:00,Vodacom,Benin,Family Entertainment,Web,Movie C,1,18,3.21,4.99,2308,1.12,Low,0.12,8023,BUFFERING_ERROR
2026-01-04 07:19:00,Orange,Cameroon,OTT Daily Pass,Mobile,Series A,1,99,3.97,9.99,1456,0.84,High,0.18,6006,
2026-01-04 07:20:00,Vodacom,Rwanda,Family Entertainment,Mobile,Series A,1,9,9.49,14.99,2157,2.03,High,0.43,1488,AUTH_ERROR
2026-01-04 07:21:00,Orange,Benin,Zero-Rating Bundle,Smart TV,Kids Show,1,118,1.34,1.99,2337,0.17,Medium,0.11,2059,
2026-01-04 07:22:00,Orange,Morocco,OTT Daily Pass,Web,Series A,1,39,0.72,1.99,2467,0.85,Low,0.11,8493,
2026-01-04 07:23:00,Airtel,Morocco,Premium Sports Bundle,Smart TV,Movie C,1,53,4.86,9.99,278,3.33,Low,0.36,8144,BUFFERING_ERROR
2026-01-04 07:24:00,Moov,Cameroon,Family Entertainment,Mobile,Kids Show,1,76,10.41,14.99,3506,0.17,Medium,0.21,850,
2026-01-04 07:25:00,Airtel,Cameroon,OTT Daily Pass,STB,Sport Live,1,2,6.77,14.99,3296,3.33,High,0.34,8659,
2026-01-04 07:26:00,Vodacom,Senegal,Zero-Rating Bundle,Web,Movie C,1,46,1.18,1.99,2476,1.77,High,0.36,6577,
2026-01-04 07:27:00,Vodacom,Senegal,OTT Weekly Pass,Web,Sport Live,1,105,1.88,4.99,1433,2.19,Medium,0.38,3355,BUFFERING_ERROR
2026-01-04 07:28:00,Vodacom,Ivory Coast,Zero-Rating Bundle,STB,Documentary D,1,77,1.78,4.99,2130,1.56,Medium,0.31,8158,AUTH_ERROR
2026-01-04 07:29:00,MTN,Senegal,Family Entertainment,Smart TV,Documentary D,1,103,0.64,1.99,1866,0.44,Medium,0.29,4281,
2026-01-04 07:30:00,Orange,Benin,OTT Daily Pass,Smart TV,Kids Show,1,28,1.72,4.99,4602,2.04,High,0.1,3701,AUTH_ERROR
2026-01-04 07:31:00,Orange,Morocco,Zero-Rating Bundle,STB,Documentary D,1,120,1.09,1.99,3614,0.93,Medium,0.26,8113,AUTH_ERROR
2026-01-04 07:32:00,Orange,Cameroon,Zero-Rating Bundle,Mobile,Documentary D,1,94,5.94,9.99,4627,2.77,Low,0.16,7814,LOW_BITRATE
2026-01-04 07:33:00,MTN,Rwanda,OTT Daily Pass,Web,Series A,1,114,1.27,1.99,3045,2.58,Low,0.04,6538,
2026-01-04 07:34:00,Vodacom,Benin,Premium Sports Bundle,Web,Documentary D,1,63,10.41,14.99,4051,1.8,Medium,0.02,1715,LOW_BITRATE
2026-01-04 07:35:00,Vodacom,Ivory Coast,OTT Weekly Pass,Smart TV,Sport Live,1,75,8.35,14.99,252,0.41,High,0.23,8285,AUTH_ERROR
2026-01-04 07:36:00,MTN,Morocco,OTT Daily Pass,Smart TV,Documentary D,1,12,4.88,14.99,2705,3.48,Low,0.28,8004,LOW_BITRATE
2026-01-04 07:37:00,Orange,Ivory Coast,Family Entertainment,Smart TV,Movie C,1,30,5.39,9.99,4737,2.65,Low,0.11,8270,AUTH_ERROR
2026-01-04 07:38:00,Vodacom,Cameroon,Premium Sports Bundle,Mobile,Movie C,1,69,6.64,9.99,1503,0.23,Low,0.27,2693,AUTH_ERROR
2026-01-04 07:39:00,Orange,Rwanda,Family Entertainment,Mobile,Movie C,1,6,5.55,9.99,4748,3.18,High,0.21,5879,AUTH_ERROR
2026-01-04 07:40:00,Vodacom,Morocco,Premium Sports Bundle,STB,Sport Live,1,56,0.67,1.99,3897,1.38,High,0.38,7570,
2026-01-04 07:41:00,MTN,Morocco,OTT Daily Pass,Mobile,Series A,1,84,4.18,9.99,3224,0.31,High,0.09,4598,
2026-01-04 07:42:00,Airtel,Rwanda,Premium Sports Bundle,Mobile,Movie C,1,67,8.23,14.99,240,3.23,Low,0.35,1234,BUFFERING_ERROR
2026-01-04 07:43:00,Moov,Rwanda,OTT Daily Pass,Web,Sport Live,1,84,0.94,1.99,2728,0.13,High,0.36,7519,
2026-01-04 07:44:00,Vodacom,Cameroon,OTT Daily Pass,Web,Sport Live,1,101,8.08,14.99,2330,3.03,Low,0.17,8231,AUTH_ERROR
2026-01-04 07:45:00,Orange,Rwanda,OTT Weekly Pass,STB,Documentary D,1,98,9.94,14.99,2211,1.29,Medium,0.39,1552,LOW_BITRATE
2026-01-04 07:46:00,Orange,Senegal,OTT Weekly Pass,STB,Series A,1,116,6.5,9.99,4886,0.42,Low,0.09,4271,BUFFERING_ERROR
2026-01-04 07:47:00,Airtel,Cameroon,OTT Daily Pass,Mobile,Documentary D,1,48,1.2,1.99,4653,1.98,Medium,0.12,4372,LOW_BITRATE
2026-01-04 07:48:00,MTN,Ivory Coast,Premium Sports Bundle,Mobile,Documentary D,1,117,6.57,9.99,3174,2.24,Low,0.3,3357,BUFFERING_ERROR
2026-01-04 07:49:00,Vodacom,Senegal,OTT Weekly Pass,Smart TV,Series A,1,97,6.91,9.99,179,0.94,Medium,0.1,8119,
2026-01-04 07:50:00,Airtel,Rwanda,Premium Sports Bundle,Web,Sport Live,1,25,2.05,4.99,189,2.42,Medium,0.39,8473,
2026-01-04 07:51:00,Moov,Ivory Coast,Family Entertainment,Web,Movie C,1,16,4.73,14.99,196,1.05,Low,0.34,3053,AUTH_ERROR
2026-01-04 07:52:00,Moov,Benin,Zero-Rating Bundle,Mobile,Documentary D,1,60,3.16,4.99,4042,2.36,High,0.07,3508,BUFFERING_ERROR
2026-01-04 07:53:00,MTN,Rwanda,Premium Sports Bundle,Mobile,Documentary D,1,48,8.78,14.99,239,3.23,Low,0.32,4134,AUTH_ERROR
2026-01-04 07:54:00,Vodacom,Rwanda,Zero-Rating Bundle,Web,Sport Live,1,120,3.36,9.99,1599,2.41,Medium,0.25,7473,AUTH_ERROR
2026-01-04 07:55:00,Orange,Morocco,Family Entertainment,Web,Documentary D,1,6,1.02,1.99,1360,0.24,Medium,0.33,7741,AUTH_ERROR
2026-01-04 07:56:00,Airtel,Rwanda,Premium Sports Bundle,STB,Kids Show,1,119,8.63,14.99,735,2.32,Low,0.37,2961,
2026-01-04 07:57:00,MTN,Senegal,Family Entertainment,Smart TV,Sport Live,1,44,5.8,14.99,381,1.46,Medium,0.15,4545,BUFFERING_ERROR
2026-01-04 07:58:00,Moov,Benin,Premium Sports Bundle,Web,Movie C,1,79,4.62,14.99,2290,2.78,Low,0.2,1131,AUTH_ERROR
2026-01-04 07:59:00,Vodacom,Rwanda,Premium Sports Bundle,Smart TV,Documentary D,1,57,7.48,14.99,1805,2.81,Low,0.23,5200,
2026-01-04 08:00:00,Moov,Ivory Coast,OTT Weekly Pass,STB,Movie C,1,95,2.99,4.99,531,2.27,Medium,0.29,4823,
2026-01-04 08:01:00,Orange,Benin,Family Entertainment,Mobile,Series A,1,65,1.15,1.99,4270,2.94,Medium,0.31,2298,
2026-01-04 08:02:00,MTN,Ivory Coast,OTT Daily Pass,Mobile,Movie C,1,103,4.67,14.99,229,2.4,Low,0.18,8032,AUTH_ERROR
2026-01-04 08:03:00,Airtel,Senegal,Zero-Rating Bundle,STB,Movie C,1,12,3.4,4.99,939,2.39,High,0.44,6435,
2026-01-04 08:04:00,Airtel,Morocco,OTT Daily Pass,Smart TV,Documentary D,1,3,1.18,1.99,2910,0.84,Low,0.2,936,
2026-01-04 08:05:00,Orange,Senegal,Family Entertainment,Mobile,Sport Live,1,11,4.78,14.99,1237,2.4,Low,0.21,672,
2026-01-04 08:06:00,Vodacom,Ivory Coast,Premium Sports Bundle,Web,Kids Show,1,59,8.47,14.99,2932,0.55,High,0.44,8724,
2026-01-04 08:07:00,MTN,Benin,OTT Weekly Pass,STB,Movie C,1,86,8.23,14.99,1668,0.1,High,0.32,8534,
2026-01-04 08:08:00,MTN,Cameroon,OTT Weekly Pass,Mobile,Movie C,1,27,1.26,1.99,4404,2.43,High,0.03,8667,
2026-01-04 08:09:00,Airtel,Rwanda,OTT Weekly Pass,STB,Kids Show,1,84,2.55,4.99,1585,3.26,Medium,0.34,7558,AUTH_ERROR
2026-01-04 08:10:00,Moov,Benin,Zero-Rating Bundle,STB,Kids Show,1,96,4.87,9.99,804,0.7,Medium,0.16,8207,
2026-01-04 08:11:00,Airtel,Morocco,Premium Sports Bundle,STB,Documentary D,1,76,1.24,1.99,1551,1.68,Medium,0.26,3708,BUFFERING_ERROR
2026-01-04 08:12:00,Orange,Morocco,OTT Weekly Pass,Mobile,Series A,1,103,6.16,9.99,4773,0.33,Medium,0.34,2631,
2026-01-04 08:13:00,Moov,Senegal,OTT Weekly Pass,Smart TV,Movie C,1,97,1.84,4.99,1764,2.94,High,0.01,2414,
2026-01-04 08:14:00,Airtel,Morocco,OTT Weekly Pass,Web,Documentary D,1,8,3.03,4.99,1318,2.78,Low,0.22,6546,
2026-01-04 08:15:00,Orange,Morocco,Family Entertainment,Smart TV,Documentary D,1,25,5.52,14.99,163,0.23,Low,0.06,6683,BUFFERING_ERROR
2026-01-04 08:16:00,Moov,Morocco,OTT Weekly Pass,Smart TV,Series A,1,72,3.4,9.99,1461,2.62,High,0.44,5430,BUFFERING_ERROR
2026-01-04 08:17:00,Orange,Morocco,OTT Daily Pass,Web,Series A,1,34,6.85,14.99,2613,0.46,Medium,0.13,3432,BUFFERING_ERROR
2026-01-04 08:18:00,Orange,Cameroon,OTT Daily Pass,Web,Kids Show,1,91,5.33,9.99,305,1.19,Medium,0.02,980,BUFFERING_ERROR
2026-01-04 08:19:00,Vodacom,Morocco,Premium Sports Bundle,Mobile,Sport Live,1,6,9.99,14.99,2437,3.4,Low,0.25,1974,
2026-01-04 08:20:00,MTN,Morocco,Family Entertainment,Web,Sport Live,1,108,4.71,9.99,62,1.6,High,0.19,5901,
2026-01-04 08:21:00,MTN,Benin,Zero-Rating Bundle,STB,Documentary D,1,13,1.82,4.99,4837,0.41,Medium,0.3,4940,
2026-01-04 08:22:00,Airtel,Cameroon,OTT Weekly Pass,Web,Sport Live,1,38,8.19,14.99,383,0.27,Medium,0.35,4985,BUFFERING_ERROR
2026-01-04 08:23:00,Moov,Benin,Zero-Rating Bundle,Web,Movie C,1,52,1.74,4.99,3418,1.29,Medium,0.2,6850,
2026-01-04 08:24:00,Moov,Senegal,OTT Weekly Pass,Mobile,Documentary D,1,9,4.89,9.99,3462,1.71,Low,0.15,1190,
2026-01-04 08:25:00,Vodacom,Morocco,Family Entertainment,Web,Series A,1,7,1.33,1.99,2137,0.38,Medium,0.1,7918,AUTH_ERROR
2026-01-04 08:26:00,Vodacom,Rwanda,OTT Weekly Pass,STB,Sport Live,1,67,7.3,14.99,4003,0.38,Medium,0.11,5501,LOW_BITRATE
2026-01-04 08:27:00,Moov,Ivory Coast,OTT Weekly Pass,Mobile,Documentary D,1,9,6.31,9.99,1440,2.89,Low,0.44,4151,
2026-01-04 08:28:00,Orange,Benin,OTT Daily Pass,Smart TV,Kids Show,1,63,0.92,1.99,816,2.07,Medium,0.25,4590,
2026-01-04 08:29:00,Airtel,Rwanda,Zero-Rating Bundle,Web,Kids Show,1,79,1.11,1.99,899,0.81,Medium,0.32,790,LOW_BITRATE
2026-01-04 08:30:00,MTN,Senegal,OTT Weekly Pass,Smart TV,Sport Live,1,16,0.69,1.99,1287,1.31,High,0.32,8580,LOW_BITRATE
2026-01-04 08:31:00,Airtel,Cameroon,OTT Weekly Pass,Web,Documentary D,1,111,1.39,1.99,2547,1.24,Medium,0.22,2000,
2026-01-04 08:32:00,MTN,Ivory Coast,OTT Weekly Pass,Web,Kids Show,1,81,5.95,9.99,1768,1.02,Medium,0.42,7112,
2026-01-04 08:33:00,Moov,Benin,OTT Weekly Pass,STB,Movie C,1,101,6.8,9.99,4183,0.39,High,0.13,5072,AUTH_ERROR
2026-01-04 08:34:00,MTN,Rwanda,Family Entertainment,STB,Kids Show,1,47,4.08,9.99,3507,3.32,Low,0.07,7363,BUFFERING_ERROR
2026-01-04 08:35:00,MTN,Ivory Coast,OTT Weekly Pass,Web,Sport Live,1,98,2.77,4.99,870,2.09,Medium,0.27,3970,LOW_BITRATE
2026-01-04 08:36:00,Vodacom,Morocco,OTT Weekly Pass,Web,Series A,1,64,4.25,9.99,4796,1.35,High,0.23,5140,
2026-01-04 08:37:00,Orange,Cameroon,OTT Weekly Pass,STB,Sport Live,1,56,4.92,9.99,4177,3.31,Medium,0.1,592,
2026-01-04 08:38:00,MTN,Ivory Coast,Zero-Rating Bundle,Smart TV,Series A,1,73,7.04,14.99,3936,1.3,Low,0.3,2838,
2026-01-04 08:39:00,Orange,Ivory Coast,OTT Daily Pass,Mobile,Kids Show,1,31,9.8,14.99,4141,3.35,High,0.08,1077,
2026-01-04 08:40:00,Orange,Rwanda,OTT Weekly Pass,STB,Sport Live,1,48,1.78,4.99,946,2.17,Low,0.44,1358,LOW_BITRATE
2026-01-04 08:41:00,Vodacom,Benin,Family Entertainment,Mobile,Movie C,1,58,3.44,4.99,217,1.03,Medium,0.26,3070,LOW_BITRATE
2026-01-04 08:42:00,Airtel,Rwanda,Premium Sports Bundle,Smart TV,Kids Show,1,99,2.4,4.99,1755,0.88,Low,0.4,3868,AUTH_ERROR
2026-01-04 08:43:00,Vodacom,Rwanda,Family Entertainment,Mobile,Sport Live,1,32,1.25,1.99,2212,0.88,Low,0.15,3515,
2026-01-04 08:44:00,Vodacom,Cameroon,OTT Weekly Pass,STB,Kids Show,1,74,0.86,1.99,3517,0.74,Medium,0.11,811,AUTH_ERROR
2026-01-04 08:45:00,Moov,Senegal,Zero-Rating Bundle,Smart TV,Kids Show,1,20,1.8,4.99,1111,1.09,High,0.02,3473,
2026-01-04 08:46:00,Moov,Morocco,Premium Sports Bundle,Mobile,Series A,1,113,5.85,14.99,1913,2.35,Medium,0.05,2451,BUFFERING_ERROR
2026-01-04 08:47:00,MTN,Benin,Zero-Rating Bundle,STB,Sport Live,1,3,6.85,14.99,4619,1.52,Medium,0.09,1146,
2026-01-04 08:48:00,Vodacom,Cameroon,OTT Weekly Pass,Smart TV,Series A,1,51,4.45,9.99,1329,2.13,Medium,0.44,5815,BUFFERING_ERROR
2026-01-04 08:49:00,MTN,Rwanda,Zero-Rating Bundle,Smart TV,Kids Show,1,38,0.8,1.99,1304,0.78,Low,0.19,928,AUTH_ERROR
2026-01-04 08:50:00,Vodacom,Cameroon,Premium Sports Bundle,Mobile,Kids Show,1,30,2.87,4.99,2179,3.33,High,0.44,8111,
2026-01-04 08:51:00,Moov,Morocco,Premium Sports Bundle,STB,Kids Show,1,78,1.18,1.99,2757,3.04,High,0.11,1297,
2026-01-04 08:52:00,Vodacom,Senegal,OTT Daily Pass,Mobile,Movie C,1,71,8.56,14.99,2023,2.66,Medium,0.12,8456,
2026-01-04 08:53:00,Airtel,Benin,OTT Daily Pass,STB,Series A,1,116,1.14,1.99,272,3.15,High,0.14,2806,
2026-01-04 08:54:00,Moov,Cameroon,OTT Weekly Pass,STB,Series A,1,72,10.1,14.99,5000,2.23,Low,0.01,4281,
2026-01-04 08:55:00,Orange,Cameroon,OTT Daily Pass,Mobile,Movie C,1,83,7.2,14.99,1532,3.12,Low,0.34,8431,LOW_BITRATE
2026-01-04 08:56:00,MTN,Morocco,Family Entertainment,Smart TV,Series A,1,32,3.28,4.99,3886,0.26,High,0.14,2393,AUTH_ERROR
2026-01-04 08:57:00,Airtel,Ivory Coast,Zero-Rating Bundle,Smart TV,Documentary D,1,90,9.03,14.99,285,1.63,Low,0.21,5834,
2026-01-04 08:58:00,Moov,Benin,Zero-Rating Bundle,Web,Kids Show,1,99,3.0,9.99,2282,2.46,Low,0.2,6180,
2026-01-04 08:59:00,MTN,Benin,Premium Sports Bundle,Mobile,Movie C,1,115,10.19,14.99,2318,2.33,Medium,0.35,2255,BUFFERING_ERROR
2026-01-04 09:00:00,Airtel,Cameroon,OTT Daily Pass,Mobile,Series A,1,20,8.08,14.99,690,0.21,Low,0.17,6947,AUTH_ERROR
2026-01-04 09:01:00,Moov,Benin,Premium Sports Bundle,Web,Movie C,1,6,6.1,14.99,2931,1.65,Medium,0.32,5825,
2026-01-04 09:02:00,Vodacom,Ivory Coast,Family Entertainment,STB,Movie C,1,15,9.36,14.99,4378,0.2,High,0.17,3533,LOW_BITRATE
2026-01-04 09:03:00,MTN,Cameroon,Zero-Rating Bundle,STB,Kids Show,1,95,7.95,14.99,2254,1.95,Low,0.41,799,AUTH_ERROR
2026-01-04 09:04:00,Moov,Ivory Coast,Zero-Rating Bundle,Smart TV,Series A,1,17,2.15,4.99,2829,0.2,Medium,0.34,6787,AUTH_ERROR
2026-01-04 09:05:00,Orange,Ivory Coast,Family Entertainment,Web,Series A,1,14,4.18,9.99,4025,3.44,High,0.11,5073,
2026-01-04 09:06:00,Vodacom,Ivory Coast,OTT Daily Pass,Web,Movie C,1,37,3.06,4.99,2173,2.87,High,0.31,4199,
2026-01-04 09:07:00,Vodacom,Ivory Coast,Premium Sports Bundle,Smart TV,Sport Live,1,55,4.36,9.99,1053,2.62,High,0.08,7857,
2026-01-04 09:08:00,Moov,Morocco,OTT Weekly Pass,Mobile,Sport Live,1,85,6.46,14.99,1464,0.45,Medium,0.1,5806,
2026-01-04 09:09:00,Airtel,Senegal,Family Entertainment,Web,Kids Show,1,56,6.78,9.99,2043,1.94,Medium,0.11,7817,
2026-01-04 09:10:00,MTN,Morocco,OTT Daily Pass,STB,Documentary D,1,85,2.49,4.99,735,0.32,Medium,0.4,8945,
2026-01-04 09:11:00,MTN,Ivory Coast,Family Entertainment,Smart TV,Sport Live,1,57,3.32,9.99,3894,2.03,Medium,0.09,8763,
2026-01-04 09:12:00,MTN,Ivory Coast,Zero-Rating Bundle,Mobile,Movie C,1,32,2.72,4.99,1725,2.03,Medium,0.14,2695,BUFFERING_ERROR
2026-01-04 09:13:00,MTN,Cameroon,OTT Daily Pass,STB,Kids Show,1,36,6.46,9.99,4535,2.58,High,0.09,8532,BUFFERING_ERROR
2026-01-04 09:14:00,MTN,Senegal,OTT Daily Pass,Mobile,Documentary D,1,108,7.37,14.99,4394,0.64,Low,0.35,6803,
2026-01-04 09:15:00,Moov,Ivory Coast,Family Entertainment,Mobile,Kids Show,1,21,4.68,9.99,260,1.09,High,0.07,1423,LOW_BITRATE
2026-01-04 09:16:00,MTN,Rwanda,Zero-Rating Bundle,Smart TV,Series A,1,64,1.14,1.99,4922,1.73,Medium,0.35,1954,
2026-01-04 09:17:00,Airtel,Morocco,Family Entertainment,Mobile,Kids Show,1,85,7.2,14.99,4555,2.11,Medium,0.32,5176,
2026-01-04 09:18:00,Moov,Senegal,Zero-Rating Bundle,STB,Kids Show,1,9,1.37,1.99,712,2.72,Medium,0.41,8131,
2026-01-04 09:19:00,Moov,Morocco,OTT Daily Pass,Smart TV,Series A,1,8,6.01,9.99,4896,2.04,Medium,0.39,5262,
2026-01-04 09:20:00,Orange,Senegal,OTT Daily Pass,Mobile,Movie C,1,18,9.63,14.99,4457,1.4,Low,0.44,8497,
2026-01-04 09:21:00,Vodacom,Ivory Coast,OTT Daily Pass,STB,Kids Show,1,102,5.19,9.99,4202,0.56,Medium,0.44,4043,
2026-01-04 09:22:00,Airtel,Morocco,Premium Sports Bundle,Web,Sport Live,1,117,2.69,4.99,905,2.97,High,0.01,4622,
2026-01-04 09:23:00,MTN,Cameroon,Premium Sports Bundle,Smart TV,Documentary D,1,112,6.54,9.99,4293,0.87,Low,0.42,7536,
2026-01-04 09:24:00,Airtel,Senegal,OTT Daily Pass,STB,Movie C,1,70,5.24,9.99,1481,1.76,Low,0.3,2676,LOW_BITRATE
2026-01-04 09:25:00,Airtel,Senegal,OTT Weekly Pass,STB,Sport Live,1,97,9.75,14.99,3526,2.45,High,0.41,8545,
2026-01-04 09:26:00,Orange,Rwanda,Zero-Rating Bundle,Web,Series A,1,20,0.89,1.99,1065,3.39,High,0.34,6835,BUFFERING_ERROR
2026-01-04 09:27:00,Vodacom,Senegal,OTT Weekly Pass,Smart TV,Kids Show,1,52,8.8,14.99,4637,1.03,Medium,0.06,5806,
2026-01-04 09:28:00,Moov,Rwanda,Zero-Rating Bundle,Mobile,Documentary D,1,79,5.92,14.99,3383,1.07,High,0.44,7101,
2026-01-04 09:29:00,MTN,Senegal,Family Entertainment,STB,Sport Live,1,36,3.88,9.99,673,0.25,Medium,0.44,5059,
2026-01-04 09:30:00,Airtel,Ivory Coast,Zero-Rating Bundle,STB,Kids Show,1,38,3.44,4.99,1784,1.48,Low,0.41,1545,
2026-01-04 09:31:00,Moov,Morocco,Zero-Rating Bundle,STB,Sport Live,1,10,6.51,9.99,1172,1.6,Low,0.07,2426,LOW_BITRATE
2026-01-04 09:32:00,Vodacom,Cameroon,OTT Daily Pass,Smart TV,Kids Show,1,23,1.38,1.99,2582,0.48,Low,0.05,4327,
2026-01-04 09:33:00,MTN,Cameroon,Zero-Rating Bundle,Web,Series A,1,29,3.31,4.99,2302,3.11,Low,0.25,2121,LOW_BITRATE
2026-01-04 09:34:00,Vodacom,Ivory Coast,Family Entertainment,Mobile,Movie C,1,23,5.0,9.99,4068,0.79,Low,0.14,6497,AUTH_ERROR
2026-01-04 09:35:00,Orange,Senegal,Family Entertainment,Mobile,Documentary D,1,17,9.6,14.99,606,1.55,Low,0.05,914,
2026-01-04 09:36:00,Orange,Rwanda,OTT Daily Pass,Web,Kids Show,1,13,2.55,4.99,2968,2.14,High,0.12,2544,AUTH_ERROR
2026-01-04 09:37:00,Vodacom,Cameroon,Family Entertainment,Web,Kids Show,1,79,1.18,1.99,1661,0.14,High,0.12,5512,BUFFERING_ERROR
2026-01-04 09:38:00,Moov,Morocco,Zero-Rating Bundle,Smart TV,Documentary D,1,72,5.88,14.99,1906,0.5,Medium,0.1,4119,AUTH_ERROR
2026-01-04 09:39:00,MTN,Senegal,Family Entertainment,Mobile,Series A,1,8,4.87,14.99,352,2.58,Low,0.27,2984,
2026-01-04 09:40:00,Vodacom,Benin,Premium Sports Bundle,Smart TV,Series A,1,72,3.12,4.99,4713,0.42,High,0.07,7188,
2026-01-04 09:41:00,Airtel,Ivory Coast,Premium Sports Bundle,Smart TV,Sport Live,1,59,0.61,1.99,3367,3.27,Low,0.31,4590,
2026-01-04 09:42:00,Moov,Ivory Coast,OTT Daily Pass,Mobile,Documentary D,1,28,3.2,4.99,3230,0.56,Low,0.04,7201,
2026-01-04 09:43:00,Moov,Benin,Premium Sports Bundle,Web,Movie C,1,49,0.89,1.99,67,0.82,Medium,0.44,3441,
2026-01-04 09:44:00,Moov,Ivory Coast,OTT Weekly Pass,Web,Series A,1,47,2.71,4.99,2578,0.81,High,0.13,3012,LOW_BITRATE
2026-01-04 09:45:00,MTN,Benin,Zero-Rating Bundle,Mobile,Series A,1,58,8.52,14.99,3525,0.25,Medium,0.07,1886,
2026-01-04 09:46:00,Airtel,Morocco,Family Entertainment,STB,Series A,1,64,6.46,9.99,1396,1.63,High,0.12,3493,BUFFERING_ERROR
2026-01-04 09:47:00,Vodacom,Rwanda,Premium Sports Bundle,Mobile,Documentary D,1,21,3.28,4.99,2474,3.39,Medium,0.29,2394,
2026-01-04 09:48:00,Moov,Morocco,Premium Sports Bundle,Mobile,Documentary D,1,66,1.24,1.99,3061,3.08,Medium,0.23,2630,LOW_BITRATE
2026-01-04 09:49:00,MTN,Senegal,Family Entertainment,Smart TV,Sport Live,1,120,9.61,14.99,672,0.89,Medium,0.08,1021,AUTH_ERROR
2026-01-04 09:50:00,Orange,Ivory Coast,OTT Weekly Pass,STB,Documentary D,1,107,1.22,1.99,3646,1.82,High,0.19,8477,AUTH_ERROR
2026-01-04 09:51:00,MTN,Benin,Premium Sports Bundle,STB,Documentary D,1,29,0.8,1.99,4270,2.9,Medium,0.17,1848,LOW_BITRATE
2026-01-04 09:52:00,Vodacom,Rwanda,Zero-Rating Bundle,Web,Kids Show,1,12,6.47,9.99,4999,2.99,High,0.42,8700,
2026-01-04 09:53:00,MTN,Cameroon,OTT Weekly Pass,Web,Movie C,1,2,1.2,1.99,3937,0.73,High,0.22,4641,
2026-01-04 09:54:00,Moov,Senegal,Zero-Rating Bundle,Smart TV,Series A,1,115,5.09,14.99,4257,1.64,Low,0.04,7371,
2026-01-04 09:55:00,Vodacom,Benin,Family Entertainment,STB,Sport Live,1,77,5.33,9.99,2219,1.15,Low,0.41,4588,
2026-01-04 09:56:00,Vodacom,Senegal,Family Entertainment,Web,Documentary D,1,113,6.07,9.99,1768,0.27,Low,0.39,6544,
2026-01-04 09:57:00,MTN,Benin,Zero-Rating Bundle,Mobile,Series A,1,79,1.95,4.99,1602,0.73,High,0.2,8086,
2026-01-04 09:58:00,Vodacom,Rwanda,Zero-Rating Bundle,Smart TV,Documentary D,1,6,3.44,9.99,4379,2.88,High,0.4,1679,
2026-01-04 09:59:00,Moov,Benin,Zero-Rating Bundle,Smart TV,Kids Show,1,43,6.35,14.99,4576,2.13,Low,0.26,4344,BUFFERING_ERROR
2026-01-04 10:00:00,MTN,Morocco,Premium Sports Bundle,Mobile,Sport Live,1,79,3.32,9.99,4638,1.41,High,0.37,2268,BUFFERING_ERROR
2026-01-04 10:01:00,Moov,Benin,OTT Weekly Pass,Smart TV,Series A,1,45,0.62,1.99,1078,2.58,Medium,0.38,6898,BUFFERING_ERROR
2026-01-04 10:02:00,MTN,Ivory Coast,Zero-Rating Bundle,Web,Sport Live,1,79,1.59,4.99,4788,0.71,Medium,0.05,1664,AUTH_ERROR
2026-01-04 10:03:00,Orange,Rwanda,Zero-Rating Bundle,Mobile,Documentary D,1,45,1.07,1.99,696,0.98,Low,0.24,768,AUTH_ERROR
2026-01-04 10:04:00,MTN,Ivory Coast,Zero-Rating Bundle,Smart TV,Kids Show,1,62,6.78,14.99,1908,0.33,Low,0.44,6298,LOW_BITRATE
2026-01-04 10:05:00,Vodacom,Benin,Family Entertainment,Mobile,Movie C,1,53,9.98,14.99,577,3.0,High,0.07,7928,AUTH_ERROR
2026-01-04 10:06:00,Vodacom,Rwanda,Premium Sports Bundle,Smart TV,Sport Live,1,65,3.24,4.99,3595,3.14,Low,0.08,7468,
2026-01-04 10:07:00,Airtel,Rwanda,Family Entertainment,Web,Kids Show,1,47,9.81,14.99,3438,3.27,Low,0.36,4630,
2026-01-04 10:08:00,Moov,Ivory Coast,OTT Daily Pass,Mobile,Sport Live,1,93,3.58,9.99,2285,2.15,Low,0.39,8718,
2026-01-04 10:09:00,Orange,Senegal,Family Entertainment,Mobile,Series A,1,34,0.89,1.99,3769,0.48,Medium,0.13,8570,
2026-01-04 10:10:00,Vodacom,Rwanda,Family Entertainment,Mobile,Sport Live,1,98,3.64,9.99,3076,2.02,Medium,0.31,8994,
2026-01-04 10:11:00,Vodacom,Rwanda,OTT Daily Pass,Web,Documentary D,1,75,1.12,1.99,3735,1.95,High,0.43,664,
2026-01-04 10:12:00,Vodacom,Cameroon,OTT Daily Pass,Mobile,Documentary D,1,31,7.45,14.99,125,0.21,High,0.07,8039,
2026-01-04 10:13:00,Airtel,Morocco,Premium Sports Bundle,STB,Series A,1,48,3.24,9.99,925,3.11,High,0.14,4374,AUTH_ERROR
2026-01-04 10:14:00,Orange,Senegal,OTT Weekly Pass,Smart TV,Series A,1,81,1.14,1.99,4288,2.61,High,0.31,8287,
2026-01-04 10:15:00,MTN,Morocco,Premium Sports Bundle,STB,Kids Show,1,85,5.64,9.99,2681,0.46,High,0.19,4018,AUTH_ERROR
2026-01-04 10:16:00,Moov,Benin,OTT Weekly Pass,Smart TV,Series A,1,17,6.03,14.99,1727,2.99,High,0.07,4776,
2026-01-04 10:17:00,Airtel,Senegal,Premium Sports Bundle,Smart TV,Series A,1,98,5.23,9.99,1879,2.4,Low,0.42,996,
2026-01-04 10:18:00,Orange,Senegal,Zero-Rating Bundle,Web,Documentary D,1,48,3.28,4.99,534,0.97,High,0.3,1621,LOW_BITRATE
2026-01-04 10:19:00,Airtel,Senegal,Premium Sports Bundle,Web,Movie C,1,32,10.32,14.99,3224,3.17,Medium,0.03,3049,
2026-01-04 10:20:00,Moov,Ivory Coast,OTT Weekly Pass,STB,Movie C,1,37,3.33,4.99,1247,3.36,Medium,0.35,5160,
2026-01-04 10:21:00,Moov,Senegal,OTT Weekly Pass,Smart TV,Kids Show,1,105,7.25,14.99,1009,0.7,High,0.13,4396,
2026-01-04 10:22:00,Moov,Benin,OTT Daily Pass,Mobile,Kids Show,1,112,3.51,9.99,3862,1.49,Medium,0.38,6136,
2026-01-04 10:23:00,Vodacom,Cameroon,Premium Sports Bundle,Web,Sport Live,1,109,7.46,14.99,685,3.28,Low,0.36,5094,
2026-01-04 10:24:00,Moov,Benin,OTT Weekly Pass,Smart TV,Sport Live,1,23,5.58,9.99,4219,3.1,High,0.3,2937,
2026-01-04 10:25:00,Moov,Morocco,Family Entertainment,Mobile,Movie C,1,91,1.76,4.99,853,3.02,Low,0.17,2319,
2026-01-04 10:26:00,Vodacom,Senegal,Zero-Rating Bundle,Web,Sport Live,1,35,5.25,14.99,2772,1.38,Medium,0.02,754,AUTH_ERROR
2026-01-04 10:27:00,Vodacom,Cameroon,Zero-Rating Bundle,Smart TV,Kids Show,1,55,5.74,14.99,1610,1.27,Low,0.38,4735,
2026-01-04 10:28:00,Vodacom,Morocco,OTT Daily Pass,Web,Sport Live,1,100,6.0,9.99,3496,0.94,Medium,0.06,7753,
2026-01-04 10:29:00,Airtel,Cameroon,Premium Sports Bundle,Smart TV,Movie C,1,57,0.75,1.99,119,3.39,High,0.25,6817,
2026-01-04 10:30:00,MTN,Rwanda,Premium Sports Bundle,STB,Documentary D,1,69,3.33,4.99,165,1.58,Low,0.33,7571,
2026-01-04 10:31:00,MTN,Senegal,OTT Weekly Pass,STB,Documentary D,1,1,1.32,1.99,2513,1.33,Medium,0.41,999,
2026-01-04 10:32:00,Vodacom,Ivory Coast,Premium Sports Bundle,STB,Kids Show,1,52,3.38,9.99,3351,0.73,Low,0.29,7716,AUTH_ERROR
2026-01-04 10:33:00,Moov,Senegal,OTT Weekly Pass,Smart TV,Movie C,1,18,3.3,9.99,438,3.07,Low,0.2,1332,
2026-01-04 10:34:00,Vodacom,Morocco,Zero-Rating Bundle,STB,Series A,1,49,2.6,4.99,1603,1.81,Low,0.03,3795,
2026-01-04 10:35:00,Moov,Rwanda,Zero-Rating Bundle,STB,Movie C,1,87,1.0,1.99,1140,2.57,Medium,0.41,648,LOW_BITRATE
2026-01-04 10:36:00,Vodacom,Morocco,Zero-Rating Bundle,Web,Movie C,1,69,3.45,4.99,3826,0.21,Low,0.28,6589,AUTH_ERROR
2026-01-04 10:37:00,Orange,Cameroon,Zero-Rating Bundle,Smart TV,Sport Live,1,68,1.13,1.99,4805,1.3,Medium,0.44,5260,
2026-01-04 10:38:00,MTN,Ivory Coast,OTT Daily Pass,Smart TV,Movie C,1,6,9.2,14.99,383,1.58,Medium,0.22,3722,
2026-01-04 10:39:00,Orange,Rwanda,Premium Sports Bundle,Smart TV,Movie C,1,70,10.04,14.99,2628,0.77,Low,0.44,6986,LOW_BITRATE
2026-01-04 10:40:00,Vodacom,Senegal,Premium Sports Bundle,Web,Documentary D,1,73,2.47,4.99,3243,0.39,High,0.45,4040,AUTH_ERROR
2026-01-04 10:41:00,Vodacom,Rwanda,Zero-Rating Bundle,Web,Series A,1,95,7.38,14.99,2684,1.9,Medium,0.12,8271,
2026-01-04 10:42:00,Moov,Ivory Coast,Family Entertainment,STB,Movie C,1,17,2.02,4.99,1814,2.18,Medium,0.42,5302,
2026-01-04 10:43:00,Vodacom,Benin,OTT Daily Pass,Smart TV,Documentary D,1,105,2.59,4.99,4172,2.04,High,0.36,3511,BUFFERING_ERROR
2026-01-04 10:44:00,MTN,Ivory Coast,Family Entertainment,Mobile,Movie C,1,25,0.62,1.99,633,1.28,High,0.3,5244,
2026-01-04 10:45:00,Airtel,Rwanda,OTT Daily Pass,Mobile,Series A,1,33,9.41,14.99,1262,3.21,Low,0.16,7270,AUTH_ERROR
2026-01-04 10:46:00,Vodacom,Morocco,OTT Daily Pass,Web,Kids Show,1,112,3.26,4.99,914,1.29,Medium,0.17,5938,BUFFERING_ERROR
2026-01-04 10:47:00,Orange,Benin,OTT Weekly Pass,Mobile,Series A,1,81,5.15,9.99,2718,2.61,Low,0.44,4896,
2026-01-04 10:48:00,Orange,Morocco,Premium Sports Bundle,Smart TV,Kids Show,1,59,1.95,4.99,1831,1.15,Medium,0.31,3267,AUTH_ERROR
2026-01-04 10:49:00,Moov,Morocco,Premium Sports Bundle,Smart TV,Movie C,1,75,1.39,1.99,2776,3.06,Medium,0.41,3093,AUTH_ERROR
2026-01-04 10:50:00,Moov,Benin,OTT Daily Pass,Web,Movie C,1,27,9.27,14.99,222,2.06,Medium,0.43,5368,
2026-01-04 10:51:00,MTN,Benin,OTT Weekly Pass,Smart TV,Kids Show,1,22,9.81,14.99,3680,2.03,Low,0.34,2414,AUTH_ERROR
2026-01-04 10:52:00,Vodacom,Senegal,Premium Sports Bundle,STB,Sport Live,1,62,2.09,4.99,1871,1.63,Medium,0.23,5234,AUTH_ERROR
2026-01-04 10:53:00,Vodacom,Cameroon,Premium Sports Bundle,STB,Movie C,1,115,3.46,9.99,4011,3.48,Low,0.31,5121,BUFFERING_ERROR
2026-01-04 10:54:00,Orange,Morocco,OTT Daily Pass,Web,Sport Live,1,8,1.58,4.99,2924,2.49,High,0.23,8737,LOW_BITRATE
2026-01-04 10:55:00,Airtel,Ivory Coast,Zero-Rating Bundle,STB,Movie C,1,96,0.97,1.99,257,3.21,Low,0.19,6951,LOW_BITRATE
2026-01-04 10:56:00,Moov,Rwanda,Family Entertainment,Mobile,Series A,1,120,1.66,4.99,4112,1.35,Low,0.12,6488,
2026-01-04 10:57:00,Vodacom,Rwanda,OTT Weekly Pass,Web,Kids Show,1,50,1.71,4.99,4089,1.11,High,0.36,4142,
2026-01-04 10:58:00,Airtel,Cameroon,OTT Weekly Pass,Smart TV,Kids Show,1,114,3.36,4.99,1877,1.3,High,0.35,8780,
2026-01-04 10:59:00,Moov,Ivory Coast,Zero-Rating Bundle,Smart TV,Kids Show,1,43,5.68,9.99,953,2.68,Medium,0.43,2780,LOW_BITRATE
2026-01-04 11:00:00,MTN,Morocco,OTT Weekly Pass,Smart TV,Sport Live,1,26,0.98,1.99,2300,1.09,Low,0.31,4518,BUFFERING_ERROR
2026-01-04 11:01:00,Vodacom,Cameroon,Premium Sports Bundle,Web,Series A,1,118,5.96,14.99,1364,2.67,Low,0.37,6342,BUFFERING_ERROR
2026-01-04 11:02:00,MTN,Cameroon,Family Entertainment,Web,Movie C,1,9,0.83,1.99,3828,1.01,High,0.08,3817,BUFFERING_ERROR
2026-01-04 11:03:00,MTN,Cameroon,OTT Daily Pass,Mobile,Kids Show,1,2,4.6,14.99,3306,2.35,Medium,0.39,1457,
2026-01-04 11:04:00,MTN,Rwanda,Zero-Rating Bundle,Mobile,Kids Show,1,33,3.85,9.99,1266,1.29,High,0.13,5516,
2026-01-04 11:05:00,MTN,Ivory Coast,Family Entertainment,STB,Series A,1,94,5.16,9.99,103,0.56,Low,0.17,2751,
2026-01-04 11:06:00,MTN,Morocco,OTT Weekly Pass,Mobile,Series A,1,36,1.3,1.99,1706,3.12,Medium,0.37,8049,
2026-01-04 11:07:00,Airtel,Rwanda,Family Entertainment,Web,Series A,1,56,1.22,1.99,1016,1.84,Medium,0.33,3065,LOW_BITRATE
2026-01-04 11:08:00,Vodacom,Ivory Coast,OTT Daily Pass,STB,Kids Show,1,74,2.16,4.99,2206,1.12,High,0.38,5625,
2026-01-04 11:09:00,Airtel,Senegal,Premium Sports Bundle,Mobile,Kids Show,1,40,6.61,14.99,1512,2.98,Medium,0.18,3121,
2026-01-04 11:10:00,Airtel,Rwanda,Family Entertainment,Smart TV,Sport Live,1,49,5.48,9.99,782,3.28,Low,0.31,7005,
2026-01-04 11:11:00,Airtel,Benin,OTT Weekly Pass,Web,Movie C,1,112,0.89,1.99,4880,3.0,Low,0.11,2511,
2026-01-04 11:12:00,Airtel,Rwanda,OTT Weekly Pass,Web,Series A,1,13,5.84,14.99,4007,2.98,High,0.42,1923,LOW_BITRATE
2026-01-04 11:13:00,Vodacom,Rwanda,OTT Weekly Pass,STB,Documentary D,1,38,3.44,4.99,4237,0.22,High,0.23,4247,
2026-01-04 11:14:00,Airtel,Benin,OTT Daily Pass,Mobile,Sport Live,1,58,10.27,14.99,157,1.41,Low,0.06,8718,
2026-01-04 11:15:00,Airtel,Ivory Coast,Premium Sports Bundle,STB,Sport Live,1,101,0.6,1.99,4141,1.99,Medium,0.09,1172,LOW_BITRATE
2026-01-04 11:16:00,Vodacom,Ivory Coast,Premium Sports Bundle,Smart TV,Series A,1,37,3.12,9.99,2539,0.97,Low,0.31,4429,LOW_BITRATE
2026-01-04 11:17:00,MTN,Rwanda,Family Entertainment,Mobile,Kids Show,1,53,3.2,4.99,2098,2.64,High,0.02,7592,
2026-01-04 11:18:00,MTN,Senegal,OTT Weekly Pass,Web,Series A,1,1,4.49,9.99,2511,1.74,Low,0.22,5002,LOW_BITRATE
2026-01-04 11:19:00,Moov,Rwanda,Family Entertainment,Smart TV,Series A,1,69,0.91,1.99,4817,1.89,Low,0.19,8990,
